# CathayViewer 人名别名表（正名,别名…；可手动编辑，逗号/顿号/分号均可分隔）
(他塔喇)瑭玠,鎮南
(他塔喇)秀寧,松坪,楚翹,琪原
(他塔喇)英德,厚菴
(伊爾根覺羅)文發,依爾根覺羅文發,春圃
(佟佳)齊世武,佟僖齊世武
(包國羅特)成善,成麟,筠溪
(博爾濟吉特)庫魯固木札布,固嚕固木札布,庫魯固木扎布,庫魯固本扎布
(博爾濟吉特)德峯,博羅特德峰,德峰
(博爾濟吉特)明敘,明叙,明昌
(博爾濟吉特)連祥,博爾濟特連祥
(喜塔臘)堃岫,子岩,紫岩
(富察)明善,韞田
(富察)索爾遜,索爾孫
(布庫特)西拉巴雅爾,西喇巴雅爾
(愛新覺羅)寶文,宗室寶文
(愛新覺羅)常明,長明
(愛新覺羅)德培,宗室德培
(愛新覺羅)明善,宗室明善,紅帶子明善,覺羅明善
(愛新覺羅)明志,宗室明志
(愛新覺羅)溥儀,宣統,浩然,耀之
(愛新覺羅)溥金閏,雨樓
(愛新覺羅)玉福,宗室玉福
(愛新覺羅)玉英,宗室玉英
(愛新覺羅)璞良,宗室璞良
(愛新覺羅)英文,宗室英文
(愛新覺羅)載林,宗室載林
(愛新覺羅)鍾霖,季膏,宗室鍾霖,沛東
(札庫塔)書寧阿,扎庫塔書甯阿
(棟佳)陳秉直,司眞
(棟鄂)鄂爾多,敏恪
(漢根呢)明安泰,剛介
(瓜勒佳)色布徵阿,瓜爾佳色布徵阿,色普徵阿
(納喇)卓納,覺羅卓納
(納喇)折庫納,折庫訥
(舒穆魯)色普徵額,壯恪
(蘇完呢瓜爾佳)富銳,瓜爾佳富銳,蘇灣尼瓜爾佳富銳
(覺羅)四明,朗亭,朗停,松山
(覺羅)富興,覺羅富興
(覺羅)清泰,覺羅清泰
(覺羅)祥鼐,覺羅祥奈,覺羅祥鼐
(覺羅)英文,覺羅英文
(覺羅)麟祥,輝山
(費莫)志顏,馨山
(費莫)荊山,端簡
(達胡爾索多爾)西昌阿,胡尔索多尔西昌阿
(郭布勒)果勒敏色,勇恪
(鎖佳)西林泰,德奎
(靉巖覺羅)巢可托,寄齋,巢可託,素侯,綽克托,阿顏覺羅巢可托
(馬佳)席柱,石柱
㬊淵,亞夫,蓮塘
㳺允達,兼之
䣊成,冰壑,憲松
丁一烜,月客
丁三在,不識,善之,子居
丁上之,南他
丁上左,宜之,白丁,竹孫
丁世勲,欽吾
丁世忠,允執
丁世昌,少明,竹坡
丁世雄,少雲
丁丙,丁國典,九思居,善本書室,嘉惠堂,嘉魚,小八千卷樓,師讓盦,延慶堂,後八千卷樓,書庫抱殘生,松夢寮,松存,松生,梅溪書房,樹萱室,正修堂,求己室,田園生,當歸草堂,竹書堂,翠螺仙館,翠螺閣,青門詞隱,風木盦
丁中,汝明,韋軒
丁之栻,次軒,筱川
丁之翰,季藩
丁之鴻,漸齋,素石
丁乾學,天行,文忠
丁亭,蘭穀
丁仁,守寒巢主,輔之,鶴廬
丁仁長,伯厚,潛客
丁仙窈,少姜
丁以忠,南溪,崇義,從義
丁以此,竹筠
丁仲修,敏之
丁伯初,慎之
丁伯杞,元有
丁伯桂,元暉,元輝
丁佑,玄成
丁佛言,松游,邁純
丁佩,步珊
丁佩璐,琢如
丁侃,秉和
丁俊,幼傑
丁俠,彥良,彦良
丁信,誠之
丁倫,子庠
丁倬,秉章
丁傑,秉英
丁傳,希會,魯齋
丁傳甲,貫曾
丁傳靖,秀甫,闇公
丁僟,景昭
丁儒,丁九,九承事郎,學道,維賢
丁儼,主敬
丁元和,淘沙子
丁元復,玉陽,見心
丁元森,石泉
丁元正,輔堂,雲墅
丁元照,子和
丁元福,厚棠
丁元薦,愼所,慎所,長孺
丁兆凱,敬堂,歌堂
丁兆慶,寶書
丁兆祺,丁兆棋
丁先兆,枚卜
丁光偉,雄宙
丁光斗,月印,濟陽
丁光遠,丁光逮
丁克,復之
丁克仁,不憂軒,可宅,茶角,茶軒
丁其譽,天柱
丁劭經,秋齋
丁勝元,雨春
丁午,奚生,頤生
丁南一,宋傑,斗軒
丁南叟,山父
丁取忠,果臣,雲梧
丁可,無可,蟠廬,蟠盧
丁可久,嘉會
丁君望,望生
丁哈八石,文苑
丁哲,以賢
丁啟光,步孟
丁啟濬,丁啟睿,亨文,哲初,硩初
丁啟祥,瑞亭
丁善之,三在,子居
丁善儀,芝仙
丁善寶,六齋,韞山,黻臣
丁善慶,伊甫,伊輔,自菴,養齋
丁善洲,潮齋,瀚齋,翰齋
丁嘉瑋,韞石
丁嘉穀,晉卿
丁嘉葆,真甫,誦孫
丁嘉蓀,誦孫
丁國寶,惟善,菊田
丁國望,子聖
丁國相,爾公
丁國鈞,秉衡
丁培,植卿,蕓石
丁培緒,瑞池
丁培鎰,簡菴,衡齋,默之
丁堯,復之
丁堯相,宗舜
丁報珠,含章
丁墉,倣石,枚卿
丁士一,河峯,河峰,雙硯齋,鶚薦
丁士圭,耐園
丁士涵,剛臣,永之
丁士美,後溪,文恪,邦彥
丁士良,師陳,性存,筱坡
丁壽崑,不虧
丁壽崗,不崩,月軒
丁壽徵,子靜,綺嵐
丁壽恆,叔居,夢星
丁壽昌,頤伯
丁壽泉,子浚,醴澄
丁壽祺,介臣,仲山
丁夢松,仁仲
丁夢陽,開明
丁大全,子萬
丁大松,宜齊,宜齋,雲濟
丁大椿,頤庵
丁天毓,秀夫
丁天鈞,汝蓮
丁天錫,孝先
丁奇琯,雲浦
丁奉,南湖,獻之
丁奎聯,星五
丁好善,士優,東園
丁好寬,希栗,琴易
丁好恕,北麓,子推
丁好禮,敬可
丁如玉,連璧
丁如高,仰之
丁婁明,如晦
丁孕乾,爰大
丁存,性初
丁學易,以堂,以至
丁學輅,員商,昊商,景商,景齋
丁守存,心齋
丁安常,權中
丁安議,丁安義,居中
丁宗,宗山
丁宗旦,思軒
丁宗洛,正叔,瑤泉
丁宗臣,元規
丁宗魏,景舒
丁宜福,慈水,時水
丁宣,丁卜,宗旦
丁家俊,星樵,蘭墅
丁宿,星嚴,星巖
丁寶書,幻道人,蕓軒,雲軒
丁寶楨,十五弗齋,文誠,稚璜,穉璜
丁寶綸,德嘉,溫甫,薇生
丁寶臣,元珍
丁寶銓,衡甫
丁尚友,友善
丁尚虞,員安,履委,履安
丁居實,仲華
丁居易,潛山
丁履恆,冬心,宛芳樓,宛芳閣,寫韻樓,寫韻齋,思賢閣,望雲聽雨山房,東心,若士,道久
丁履端,希呂,鬱慈
丁履豫,叔安
丁山,王之祿
丁峻,潛生
丁峻飛,扶萬
丁崇略,書三
丁崇雅,鹿材,鹿村
丁嵩,鏡人
丁川,大容,東陵
丁巨滄,省齋
丁希亮,少詹
丁希呂,渭叟
丁希孔,顏學
丁師羲,象先
丁師虞,武彜
丁常任,卿季
丁年,伯延,紹南
丁幼嫻,靜芳
丁度,公雅,文簡
丁康臣,道濟
丁廙,敬禮
丁廷彥,濟川
丁廷楗,駿公
丁式度,學裴,心裴
丁弘誨,景呂
丁彥,文博,易齋
丁彥儔,冉垞
丁彥和,暢之
丁彥璜,仲徽,渭叟,默拱翁
丁彥臣,梅花草盦,筱農,脈望館
丁復,仲容
丁徵,允中
丁德孫,惟一
丁德昌,福田
丁德興,武襄,濟國公,黑丁
丁必稱,季言
丁志先,喜仙
丁志夫,剛巽,剛選
丁志振,勖亭
丁志方,貞定
丁思孔,景行,泰岩,泰巖
丁思敬,止安,鶴皋
丁思賢,次修
丁惟寧,養靜
丁惟暄,以舒,碧霄菴
丁惟禔,靜簃
丁惠康,叔雅,惺庵
丁惠馨,行二,郁卿
丁慈,元愷
丁慎儀,佩琳
丁慶鰲,紹仙
丁憲鍾,重甫
丁應奎,圭叟
丁應斗,忠靖,樞卿
丁應桂,叔才
丁應正,東阜
丁應泰,元父
丁應璧,為章
丁應詔,國賓
丁應賓,聘之
丁應鑾,文園
丁應龍,玄津
丁懋儒,聘卿,觀峰
丁懋建,二十,元敬
丁懋遜,允節
丁懌,天放散人,若思
丁懲,啟善
丁成,成甫
丁承衍,定甫
丁承鎬,西盧,西齋
丁振德,堯卿,堯春,蕘詢
丁振鐸,孫伯,巡卿,循卿,振鐸,聲伯
丁授經,緗士,蓮莊
丁政,孟擧
丁敏,巽學
丁敬,丁居士,勝怠老人,孤石山房,孤雲石叟,帶江堂,敬叟,敬老人,敬身,梅農,無不敬齊,無所住庵,玉几翁,玩茶叟,研林,研林勝怠老人,研林漫叟,硯林,硯林外史,苔花老屋,身翁,鈍丁,鈍老,龍泓,龍泓山人,龍泓山館,龍紅居士
丁敬書,榕江
丁文振,酉謙,酉韓,配韓
丁文暹,竹坡
丁文江,在君
丁文浚,心泉
丁文炳,松嚴,松崖,松巖
丁文煜,印唐,藜軒
丁文策,叔范,固庵
丁文蔚,大碧詞人,約卿,藍叔,蘭叔,豹卿,豹興,韻琴
丁文衡,乃淸,公銓,茜園
丁文釗,麗生
丁文鸞,鳴和
丁斌,子存,義門
丁日健,述安
丁日升,曉岑
丁日昌,得恩堂,持靜,持靜齋,淸節堂,百蘭山館,禹生,蕉雨書屋,雨生,雨笙
丁旦,惟寅,海陽
丁昌期,經行先生
丁昌穀,嶲人,雋人
丁明,丁騫,博雅先生,子公,希閔
丁易,雙丸
丁易東,漢臣,用和,石壇
丁春林,鴻橋
丁昶,德輝
丁時,與偕
丁時敏,時敏
丁時發,子章
丁時翰,君翊,愚潭
丁時述,寓隱,汝癡
丁晏,丁宴,儉卿,六藝堂,柘唐,柘堂
丁晞顏,丁希顏,令子
丁普郎,武節,濟陽郡公
丁景林,松階
丁景森,松階
丁暐,桐雲
丁曰健,治臺,知止知足園,述安
丁有煜,個堂,幻壺,麗中
丁朝慶,星垣
丁朝雄,伯宜,維邦
丁木,子植,松山,松山先生
丁本,弘道
丁松,喬山
丁某,時雍
丁柔克,燮甫
丁柷,汝和
丁桂,子香,景顏
丁桐,喈庭,孝繼,學陽
丁楚望,京山
丁榮,宗仁
丁榮祚,蔚岡
丁榮表,樹之
丁榮褧,鑑湖
丁槐,蘅山,虎文,衡三
丁樹棠,治棠
丁權,子卿
丁正中,上卿,素園
丁此召,棠野
丁此呂,右武
丁毓瑛,韞如
丁毓藻,翰泉
丁氏(孫有親妻),月嬙
丁永成,子觀
丁永祚,爾錫,見白
丁汝夔,大章,太章
丁汝昌,禹廷,雨亭
丁汝楷,魯瞻
丁汝蘷,大章
丁汝謙,受齋,子益
丁沂,宗魯
丁注,葆光
丁泰,來公
丁泰亨,巖老
丁泰運,孟尚,忠烈,谷山
丁洪,季學
丁洪疇,禹人
丁浚,湘皋
丁浩,子然,松亭,養吾
丁淑媛,瑤真
丁清,子澄,澹人
丁渙,文伯,濟卿
丁湘,花濃
丁湛,十九,子一,孤山
丁溥,原敬
丁溶,二秋亭,淇泉,秋水
丁潁璞,丁穎璞
丁澎,葯園,藥園,飛濤
丁澤,于澤
丁濟,虛舟
丁瀚,西園,默甫
丁瀠,素涵
丁灝,勖庵
丁焰,君晦,晩軒
丁焴,晦叔
丁煒,問山,澹汝,瞻汝,雁水
丁煥,檜山,用晦
丁照,甌民,藜生
丁熙,守載,桂裳
丁熿,季晦,忠簡,遊軒
丁燮,春圃
丁燾,曙天,雙湖
丁爾俊,堯門
丁爾臧,安珊
丁玉,丁國珍,丁國璽,國珍,國璽
丁玉亨,嘉中,恭安,月峰
丁玉含,蘊卿
丁玉太,和卿
丁玉如,連璧
丁玉藻,採之,西神山人
丁玉蟾,夢仙
丁玘,文珩
丁珉,汝琳,滄洲
丁珝,羽玉,覺民
丁珮,大用
丁琛,子瑜
丁琨,東垣
丁琮,瑤宗,石渠
丁琰,崑圃
丁琳,文善
丁瑜,靜嫻
丁瑞珍,玉五
丁瑤真,淑媛
丁瑮,于瑮
丁璉,玉甫
丁璐,元美
丁璣,玉大,玉夫,補齋
丁璿,大器
丁瓘,希章
丁瓚,敬夫
丁甡,鹿友
丁田樹,芷谿,鏡山,雙桂堂
丁申,禮林,竹舟
丁畹芬,靜蘭
丁白,素絲
丁百川,學海,容溪
丁皁保,鶴亭
丁益金,僲舟
丁盛世,子逢
丁石,菊山逸民,貫道,贯道
丁祖蔭,一行,初我,芝孫
丁福保,梅軒,疇隱居士,詁林精舍,仲祐
丁福申,幼棠,錫丞
丁秀儀,佩瑜
丁秉乾,健堂,竹軒
丁秉彝,訓初
丁稜,子威
丁積,三江漁樵,彥誠
丁立中,和甫,宜堂,禾廬
丁立寅,謙如
丁立幹,桐生,種竹軒,質夫
丁立本,道甫
丁立瀛,麗生
丁立誠,修甫,慕淸,辛老
丁立鈞,叔衡
丁端淑,映然子,玉映
丁端祖,夢閒
丁端袓,夢閑
丁符九,德芝
丁策,嘉猷
丁筠,念慈,竹君,翠寒
丁節,曉園
丁範,師則
丁純,縞仙
丁素娟,丁愫心,仲蘭
丁素心,丁愫
丁紳,大章
丁紹儀,原份,杏舲,杏齡,聽秋山館
丁紹周,亦溪,召南,浮玉山房,濂甫
丁紹德,懋齋,稼軒
丁紹憲,琴士
丁紹美,西文
丁紹軾,文遠
丁經,彝之
丁綬,冠卿,紫珮
丁維,峻防,芷軒
丁維南,良正
丁繁培,溉餘,霽堂
丁繼嗣,十三,國雲,禹門
丁繼祖,念亭
丁美,文彥
丁翥,丹園,金冶
丁耀亢,木雞道人,西生,野鶴
丁耀南,心臣
丁聖時,翼聖
丁肇聖,丁聖肇
丁胤禧,景錫,順庵,顧庵
丁自申,希鄴,明岳,朋嶽,槐江
丁自蘭,清遙
丁至,君益,第萬三,詔老,謙垕
丁致祥,原德,近齋
丁良佐,子循,少堂
丁良嗣,懷甫
丁良翰,佑臣,又陳,竺生
丁芭詒,心翼
丁芳,蓉舫,蘭村
丁芳洲,仲魚,步青
丁芳菼,愛慶
丁芳蘭,均國,春畹
丁芸,墨農,耕彥
丁芸芳,六石,自耕
丁莊,蒞堂,蝶身
丁菁,莪池
丁萬春,同甫
丁蓉綬,竺雲
丁蕙,次蘭,澹園
丁蘊琛,月娟
丁衍璈,少畹
丁袍,天袞
丁袗,德祥
丁觀堂,慎之,拱宸
丁觀夏,又兼
丁誠,子成
丁謂,公言,謂之
丁謙,直翁
丁象震,叔起,春農
丁象鼎,實庵
丁賓,丁賔,改亭,淸惠,禮原,豐原
丁超,朗峯
丁輔,允正
丁辰,麗生
丁述曾,少樵,纘臣
丁逄,端叔
丁逢,端叔
丁逢辰,適之
丁進,印趨
丁遊,國賓,澹齋
丁道昌,立生
丁道蘅,湘雲,香芸
丁遜之,竹樵,謙文
丁邁,子德,德孫,第二十七
丁醕,伯厚
丁里,丁守廉,守廉,殖禮
丁野雲,丁野堂
丁鈺,香溪
丁鉉,用濟,襄愍
丁銳義,伯冕,篁村
丁錟,仲熊,瓮天
丁錦宗,鶴生
丁錦濤,文江,月波
丁錫和,小預
丁錫奎,聚五,虎臣,黼臣
丁錫祜,秩生,蓮舫
丁錫福,味薑,曏卿
丁錫鴻,徐材,徐村
丁鍊,質純
丁鎡,永時
丁鏞,鳳儀
丁鑛,九貢
丁長勝,剛介
丁開,復見
丁開璋,小川
丁陞煥,瑞文
丁隆,時雍
丁隲,公點
丁雄飛,菡生
丁雲祥,秋河
丁雲翰,曉宸,霽園
丁雲路,甫南
丁雲錦,琴泉
丁雲鵬,南羽,聖華,聖華居士
丁靄,和叔
丁靜蘭,畹芬
丁韶,子韶
丁顯,彥偉
丁養元,七吾,子頤
丁養浩,師孟
丁體常,慎五
丁體成,子美
丁魁楚,平粵伯
丁鳳,應韶
丁鳳年,少行,藹臣
丁鳳皋,九軒
丁鳳翔,和軒
丁鳳翱,九軒
丁鳴玉,漱泉
丁鴻儒,仲韜
丁鴻臣,雁亭
丁鴻陽,衡岳
丁鶴年,永庚
丁鶴起,閔菴
丁鹿壽,蘋野,頌良
丁鹿鳴,秋墅,蘋原
丁麟年,幼石,紱臣
丁黼,延溪,恭愍,文伯
七達色,齊達色
万俟卨,元中,元忠,忠靖
万俟紹之,子紹
万俟詠,詞隱,雅言
三壽,聯齋,蓮齋
三寶奴,榮敏
三寶柱,廷珪
三旦八,山堂
三泰,文恭
三音布,子循,竹軒
上官伯圭,敬和
上官儀,游韶
上官凝,成叔
上官周,文佐,竹莊
上官均,彥衡
上官基,子固
上官婉兒,上官昭容,惠文
上官岊,伯升
上官崇,達卿
上官庸,時伯
上官德輿,上官德與,敬夫
上官徽,洵美
上官必克,師善,復之
上官恢,閎中
上官悟,仲達
上官惇,正平
上官惕,子進
上官愔,仲容,仲雍
上官憕,正之,正平
上官應琪,以實
上官懋本,儀卿,蓉湖
上官拯,公濟
上官損,益之
上官政,中容
上官昂,行之
上官正,常淸
上官涣然,文之
上官涣酉,元之
上官渙然,文之
上官渙酉,元之
上官煜,南村,子木
上官煥酉,元之
上官琦,大受
上官璪,伯潤
上官發,元功
上官章,闇然
上官粹中,德厚
上官經,上官徑
上官藎,忠赤,節愍
上官藻,聖發
上官融,仲川
上官謐,安國
上官謨,際亭
上官豫,條山,篠山,蓧山
上官鉉,雲立
上官鉝,三立,松石,松筠,誠正齋,雲立
上官銓,衡父
上官鑒,炳千,金之
上志,宗道
上泰,志同
不忽木,文貞,時用,用臣,靜得
不花,帖木兒
不花帖木兒,德新
不花禿,卜花禿
不蘭奚,賜姓張
不魯古歹,守道
丑厮,靜如
丑的,子元,春野
丑閭,時中
且樂,白瑩
丕爾敦,丕爾墩
世傑班,彥時
世愚,傑峰
世榮,仁甫,耀東
世焜,世琨,顯侯
世祿,漢閣
世臣,嵩喬,木天
丘䱷,丘獻,渭夫
丘一中,履常
丘上卿,陪之
丘世喬,民望
丘世榮,仁里
丘世良,子正
丘丹,丘二十二
丘之奇,邱之奇
丘九仞,時進,百三
丘似我,丘似
丘何,漢規
丘俊,漢英
丘俊孫,德峻,顧之
丘允,執中
丘元鎮,士安
丘元龍,肖翁
丘兆麟,太丘,毛伯,毛信
丘光業,庚村
丘其仁,主靜
丘升,成叔
丘和,國瑞
丘哲,元明
丘唐傑,景文
丘嘉穗,秀瑞
丘園,嶼雪,烏丘山人
丘園卜,枚先
丘坦,長儒,長孺
丘夢周,克明
丘大猷,子訥
丘天祐,恆吉
丘奐,明遠
丘定夫,景游
丘富國,行可
丘履嘉,原禮,存峰
丘山,安重
丘岳,南鎮,子瞻
丘峻,惟渉
丘崇,子陵
丘崈,宗卿,忠定
丘嵩,崇高,嵩高,養心
丘師陶,鈞父
丘度,汝洪
丘弘,寛叔,寬叔,邱弘
丘彝,邱彝
丘從直,安長,正甫
丘微之,夢錫
丘志廣,弘區,粟海,蝶庵
丘慶餘,丘餘慶
丘應方,伯瞻
丘應辰,詠性,詠聖
丘懋煒,以鄂,肯貽
丘承祖,克紹
丘敦,一成,必學齋
丘敷,禹文
丘文學,子晉
丘方,正叔
丘昇,仲韋,查昇
丘時中,拙叟
丘有嵓,孔觀
丘朝俊,叔文
丘楠,彥材
丘橓,懋實,月林先生,簡肅,茂實,邱橓
丘殿愛,國銘
丘民仰,忠節,邱民仰,長白
丘民瞻,天民,為明
丘民範,汝中
丘民貴,仲鶴,伯畏,曾城
丘汝材,德甫
丘汝良,五二,民牧
丘泰,守嚴
丘浙,子東
丘浚,道源
丘漸,子木,木居
丘濬,道源
丘牧,子謙
丘玳,文玉
丘珏,玉甫
丘瑜,德如,鞠懷
丘瑟如,六一
丘璐,仲玉
丘瓚,獻卿
丘畋,聖夫
丘登,明甫
丘相,廷佐
丘省,公省
丘眺,子高
丘石常,子稟,楚村,海石
丘礪,師說
丘祖德,念修,邱祖德
丘福,淇國公
丘禾實,登之
丘秉文,鳴周
丘稅,為高
丘程,富沙,憲古
丘經,正夫
丘維屏,邦士
丘維賢,念先
丘緒,繼先
丘緯,世章
丘義,子野,芹溪,通濟,道濟
丘翔,元鳳
丘耒,少潛
丘膺,公兖,子服
丘茂中,子時
丘茂華,邱茂華
丘葵,吉甫,釣磯翁
丘蘊,懷藝
丘處機,通密,長春子
丘說,丘悅
丘象升,曙戒
丘象隨,季曾,季貞,西軒
丘賁,丘貫
丘輔仁,友文
丘迪,彥啟
丘迪嚞,惠叔
丘道隆,練塘
丘達道,和仲
丘遲,希範
丘鄰察,康僖
丘鍾仁,近夫,顯若
丘鐸,文振
丘陵,志高,芸菴
丘雲章,伯卿
丘雲霄,凌漢,止山
丘霽,時雍
丘預達,若夫,若孚,荊野
丘養浩,以義,集齋
丘騰,子雲
丘高,邱高
丘鬳,臣甫
丘鱗,啟潛,起潛
丘鵬,志弘
丘齊雲,汝謙,謙之
严复,严几道,几道,又陵,尊疑,尺庵
中顒錦,禺山
丹巴多爾濟,丹巴多爾吉
丹忠,額爾德尼濟農
丹達禮,圖南
乃蠻台,忠穆
久住,敬齋
乘著,太質
乙瑄,崇璧
乙邦才,奇山,烈愍
九十,子陽
乞台薩理,通敏
也先不花,文貞
也先帖木兒,有開
也先溥化,西英
也先脫因,仲禮
也兒吉尼,尚文
也帖谷不花,文彬
也憐帖木,文卿
也柳干,桓毅
也速䚟兒,武襄
也速台兒,顯敏
也速歹兒,謙用
也速該,烈祖,神元皇帝
也里不花,仲實
也黑迭兒,忠敏
乾隆,弘历,爱新觉罗·弘历,清高宗
于丕基,廣田
于世燦,日宣,東岩
于之大,乾度,游伯
于之挺,東海
于九思,有卿
于仕廉,元貞,振方
于仙齡,雲溪
于令淓,方石,箕來
于作霖,濰濱,肖形
于修儒,予晉
于偃,攸宜
于元培,澥峯
于元鼎,仲實
于兆,計然
于光,大用
于光華,惺介,晴川
于克家,于克襄
于克明,世彬
于克襄,于克家,蓮亭
于公策,豆廬主人
于其珣,白華,蓉浦
于冕,景瞻
于凌辰,啟運,蓮舫
于則仕,立翁
于博,于愽,于溥
于卿保,邗仙,邗山
于受慶,益齋
于可託,阿輔,龍河
于啟璋,靜媛
于嗣宗,德元
于嗣昌,文侯
于嗣登,岱仙
于嘉玉,疇五
于囗恭,履揖
于國士,秀甫
于坦,尚平
于士恭,履揖
于士琦,景莽,景葊
于士褀,景莽,景葊
于壽昌,湘帆
于大本,德中
于大猷,徽本
于大節,守正
于天經,克孝,敘吾
于奕正,于繼魯,司直,樸園
于孔兼,元時,景素
于學謐,小晉,靖之
于宏毅,浩卿
于宗堯,二巍
于宗潼,梓生,紫笙,西園
于宗瑛,英玉
于宗綬,少亭,紫卿
于定一,謹懷
于宣,世達
于寶之,紹香
于尚範,承範
于尚齡,揚軒,磻溪
于尹躬,于允躬
于岳,孟高
于崇,宗山
于崇敕,丹符
于希明,友諒,曉窗
于庫里恩銘,忠愍,新甫
于庭春,元之
于庭頤,耆英
于廣,天如
于廷寅,十六,曹峯,貳卿
于廷煛,小垣
于廷熊,元仲
于建章,殿侯,殿候
于式枚,文和,晦若,穗生
于從濂,希周,靜專
于德培,修吉
于德文,煥卿
于德昌,子順
于德濬,沁泉
于志可,顯道
于志寧,仲謐
于思某,惟敬
于思緝,一山
于恆吉,叔方
于恕,忠甫
于惟銹,龍川
于愼思,無妄,航隱
于愼行,可遠,文定,無垢
于愼言,冲白,無擇
于慎行,可遠,文定,榖山,榖峰,無垢,無姤,籍見
于慶元,復齋,貞甫
于慶長,庚有
于應雷,震卿
于懋,文勉
于懿,靜宜
于成龍,振甲
于振,鶴泉
于敏中,仲常,叔子,季重,文襄,素餘堂,耐圃,耐園,重常,重棠
于敖,蹈中
于文中,子和,景通
于文濤,少山
于文熙,元敬
于昌嶠,光宇
于昌耀,燕亭
于昌進,湘山
于昌遂,儀卿
于昌麟,壯勇,澄秋
于明,清之
于明寶,賡梅
于易簡,華平
于映垣,子平
于普源,佛舫
于曉霞,綺如
于月卿,蕊生
于有年,前渚,時泰,時秦
于有成,君錫
于朋舉,念劬,襄于
于材,國用
于東昶,湯谷,茲山
于枋,小謝
于格,伯永
于桓,子威
于梅,象明
于業,建公
于榮祖,耀先
于欽,致恭
于步瀛,英伯
于民新,子元
于永清,源潔
于汝錫,元福
于汧,蘆瞻
于沚,芷園
于沛霖,弘仁,陸阿
于泰來,履道
于浚,湘皋
于淵,光藻,邦齊
于清,潤泉
于渶,千水
于湛,瑩中,素齋
于準,世衡
于溱,本淸,東江
于滄瀾,海帆,訒葊
于演,佩遠
于漢翔,岸齋
于漣,桐江
于濆,子漪
于炳文,季文
于為儀,吉庵
于煥之,碧山,菊山
于燾,彭年
于玉立,中甫
于玠,君玉
于玭,册川,子珍
于琇,廷玉
于琨,勝斯,瑤圃
于琮,禮用
于琳,甘山,貞琳
于瑁,朝瑞
于瑢,鳴佩
于瑨,伯玉
于瑱,于達真,子充,子冲,完璞,達眞
于璉,桐江
于璋,文簡
于璠,玉峰
于瓌,匡德
于申,伯厚
于疏枚,卜臣
于登俊,明籲
于相德,梅軒,樹滋
于盼,蘭埜,蘭堂,蘭堃
于睿明,君臨
于知微,辯機
于石,介翁,兩溪,兩溪翁,紫巖
于祁,小宋
于祉,受甫,澹園,燕受
于立,彥成,虛白子
于立政,匡時
于立極,成公
于範,覺甫
于素安,蘭窗
于紹舜,剋承
于翰,思憲
于翼,文若
于耀南,星茹
于耀龍,獻廷
于耿光,景周,覲臣
于聰,十九,士達
于肇甲,五光
于胡魯承齡,叔度,大小雅堂,子久,尊生,淨業漁人,藏庵
于致紳,光廷,曉庵
于良鈞,和齋
于芢,心齋
于芳,鶴仙
于若瀛,子步,念東,文若
于茞,次蘭,茨蘭
于萬川,印波,會一
于蔚華,柏生,次仲
于蔭霖,悚齋,樾亭,次棠,芝塘,鶴皋草堂
于藻,文叔
于蘅霖,子堅,滋磵
于覺世,子先,赤山
于觀文,夢得
于觀貞,樵雲,盥溪
于觀霖,小蓮,慰農
于訓,文敎
于謙,廷益,忠愍,忠肅,節菴,肅愍
于豹文,虹亭
于賁,履謙
于賢,淑獻
于辰,北墅,向之
于逖,于十一
于遂古,前經
于邵,于召,德門,相門
于鄴,武陵
于鈞,石甫
于銘,少彝
于銘書,寶泉,潤齋
于銘訓,帛園,式之
于錦,實甫
于錫田,小蒲,小蓮
于鍾岳,伯英,西笑山房
于鍾霖,幼棠
于鏊,器之,雲心
于鐸,曉亭
于鑾,御君
于長華,田萃
于陽,子美
于隱,希榮
于雯峻,次公
于雲露,南浦
于震,孔安
于霖逢,澤春
于革,去非,竹田
于頎,休明
于頔,于二十九,允元
于養源,小堂
于鬯,醴尊,香草
于鯨,子長
于鰲圖,于鼇圖,伯麟,滄來,習靜軒,薜荔山房,靜夫,鰲頭,鼇圖
于鳳喈,世和
于鳳陽,凡民,梧岡
于鳳韶,訥庵,訥菴
于鵬翰,山白
于默,靜存
于鼎,健園,鏡兆
于鼎培,彝香
于鼎源,立三
于齊慶,海帆
亓珍,亓瑋
五兒,達道
五十六,正卿
五吉,伍吉
五哥,五格
五栻,南軒
五泰,坦園
五魯思不花,仲斌
井在,存士,鐵潭
井大源,汲沾
井奎,聯甫
井度,憲孟
井德用,容輔,鑑峯
井炫文,仙槎
井田,九疇
井睦,方思
井衛垣,御三,衡三
井鍾丹,亓鍾丹
亢先志,竹溪
亢勲,萬園
亢勳,萬園
亢家駿,筠坡,筠波
亢家騄,蘭初
亢思謙,子益,水陽
亢愫,乃心
亢棨森,晉和
亢樹柟,勺山
亢樹滋,倜卿
亢澄,晴溪,清溪,清谿
亦不剌金,仲達
亦思馬因,和卿
亦憐眞,毅齋
亦憐真,仲弘,毅齋
亦憐真班,忠獻
亦福的哈魯丁,忠簡
亦納脫脫,忠獻
亦速歹,鼎安
亦那木都魯明安圖,巴顏
亦都忽立,杏林
京鏜,仲遠,文忠,文穆,莊定
亮保,金臺
什勒春熙,介軒,敬臣
什拉恩特亨額,樸菴
仆固氏(僕固懷恩女),崇徽公主
仇世賢,少泉
仇亮,冥鴻,韞存
仇仙期,雲舉
仇元正,廷錫
仇兆鰲,仇兆鼇,滄柱,知幾,章溪老叟
仇公著,晦之
仇埰,亮卿,述庵
仇士良,匡美
仇夢台,泰符
仇如玉,竹菴
仇德秀,信卿
仇性存,養真
仇悆,泰然
仇惠,澤民
仇成,安慶侯,莊襄
仇成琳,稼坪
仇敏,好古
仇敬,仲立
仇文義,長裕
仇昌祚,振先,漆園
仇樸,仇孝子,時淳
仇氏(仇十洲女),杜陵內史
仇氏(某守廉妻),千光照
仇汝嘉,楙侯
仇汝弼,直卿,真卿,真鄭
仇汝湖,序東,月東
仇汝顯,秉侯,荔甡
仇治,公望
仇清泰,健之
仇濟,公度,如愚
仇濬,公哲
仇炅,文綗
仇炳台,竹屏,笏東,蒙叟
仇繼恆,淶之
仇自奇,子珍,寧庵
仇英,十洲,實夫,實父
仇著,仲約
仇遠,仁父,仁近,山村民,山邨
仇鉞,威寧伯,廷威,武襄
仇鍔,彥中
仇養正,一鷗,蒙士,麗廷
仇鳳翀,羽豐
仇鸞,伯翔,長生
仇麗庚,晴嵐
介一清,子澄
介孝瑹,荊蘊,荊韜
介文,觀生閣主人
介福,受茲,景菴
介錫周,冏卿,鼎卜
他他喇長敘,彜庭
他他拉圖敏,時泉,熙文
他他拉文寧,他塔喇文幹,他塔喇文甯,精勤室,芝厓,芝崖,蔚其,蔚艾,遠皋
他他拉毓科,又坪,條卿
他他拉特依順,他塔拉特依順,鑑堂
他他拉裕泰,他塔喇裕泰,他塔拉裕泰,東岩,東巖,莊毅,餘山
他他拉長善,他塔喇長善,大皿庵主,樂初,玉衡閣,芝隱室
他塔喇塔永寧,塔永凝
他塔喇宜里布,伊里布,宜禮布,武壯
他塔喇玉寧,他塔喇玉凝,他塔拉玉甯
他塔喇英古代,英俄爾岱,英古爾代,英峩岱,英我岱,英額爾岱
他塔喇蘇納海,塔塔喇蘇納海,蘓納海,襄愍
他塔喇達音布,戴穆布
他塔喇阿濟格尼堪,勇敏,武敏,襄寧,阿積格尼堪
他塔拉唐喀祿,他塔喇唐喀祿
他塔拉志銳,伯愚,公穎,廓軒,文貞,窮塞主,薑盦,迂安,迂庵
他塔拉雙福,武烈
付德,隈瞻
仙保,定庵
仙兆恆,道久
仙壽,朗峯
仙鶴林,鳴皋
仝卜年,磵南
仝寅,啟陽,敬菴,景明
仝承慶,彥慶
仝毓賢,貫之
仝軌,平山,車同
代淵,仲顏,蘊之,虛一子
令狐亦岱,太峯
令狐俅,端夫
令狐彰,伯陽
令狐懷斌,全騭
令狐挺,憲周
令狐挻,憲周
令狐揆,子先
令狐整,延保
令狐梅,敬和
令狐楚,令狐四,殻士,白雲孺子
令狐永觀,四貞
令狐璁,仲平,涿軒
令狐紞,垂之
令狐綯,令狐八,子直
令狐緘,識之
令狐造,蒞山
令狐達,雲亭
令狐遠,景劄
仰儒,世用
仰士曾,醉白
仰廷旬,筠石
仰忻,天貺
仰文蔚,國華
仰昇,進卿
仰瞻,宗泰
仲保,斯道
仲周霈,資萬
仲嘉德,咸一,藹梧
仲孫樊,博山,補侯
仲并,彌性
仲延仕,佐臣,瀠波
仲恆,雪亭
仲振奎,春龍,雲澗,雲磵
仲振宜,薌雲
仲振宣,芝雲
仲振履,柘庵,雲江
仲昌,顯夫
仲昰保,友夔,羹梅,翰村
仲本,與立
仲棐,與成
仲永檀,東園,樂園,襄溪,襄西
仲淵,潛老
仲湘,壬甫,子湘,蘭修
仲簡,畏之
仲績塽,雲泉
仲舒,柳青
仲蓮慶,碧香
仲蘭,維馨
仲訥,樸翁
仲貽勤,受之,蓉賓
仲貽笄,玉華
仲貽簪,紫華
仲貽鑾,金城
仲選,思舜
仲鶴慶,品崇
仵墉,崇儒
仵某,願德
仵欽,祖仁
仵正臣,真卿
仵瑜,仲甫,忠父,忠甫,東澥,東澥子
仵盤,艮翁
仵紳,佩之
任䓲,延芳
任一震,東卿
任一鳴,登卿
任一鶚,冲卿,沖卿
任一龍,驤卿
任世熙,穆臣,蓮隱
任中師,大塊翁,安惠,祖聖
任中正,康懿,慶之
任之奇,穎士
任之奎,次璧
任乾元,竹軒
任亨泰,古雍,襄陽任
任仁發,子明,月山
任仕,學優
任仕宏,叔遠
任仰伊,莘田
任伋,任汲,師中
任伯寅,虎卿,運仙
任伯雨,德翁,忠敏
任佃,象虞
任佑觀,利賓,癸秋
任佶,叔正
任俠,五陵
任倫,秉元
任傑,士興
任傳綸,子繹,荊門
任僖,士安,日域
任儀,象之
任元,本初
任元善,東卿,訥庵
任元春,序東
任元濬,四友堂,子深,胡文
任元經,庚堂
任元齡,九如
任兆堅,希庭,文臺,蕡臺
任兆炯,曉村,曉林,照林
任兆麟,任廷麟,心斋,心齋,文田,有竹居,林屋,林屋山人,竹居,邃古堂
任光奇,卓儒,閒叟
任光裕,振寰,節愍
任克溥,海湄,海眉
任公震,子威,子成,子明,虎官,虎臣
任其昌,士言
任凱,捷三
任劭僔,孝和
任勉,近思
任匯,曾卿
任友龍,震卿
任叔英,疎庵,茂淑
任古,信儒,信孺
任可容,子賢
任可澄,誌淸
任啓英,三島,弘甫
任啟運,乾若,淸芬堂,淸芬樓,翼聖,釣臺,釣臺先生
任嘉世,霄峯
任嘉莪,孝庭,樂賢
任器之,國華
任嚴,汝翼
任國均,任國鈞
任國楨,幹臣
任國老,竹塢,雲江,鮐卿,鮐叟
任國選,青萬
任坪,坦公,萊峰
任埅,大仲,愚拙翁,文僖,水村
任埈,松寒,松翰,篁渚
任執中,敬亭
任基振,任綦振
任堂,謹堂
任堇,堇叔,越雋
任報春,竹坪
任塍,秋田
任塾,鶴峯
任增,寓圃,損之,蔚嶺
任壇,廷堅
任士憑,可依
任士林,叔實
任士洪,而毅
任士瑞,廠宜
任大中,子固
任大任,坦齋,鈞衡
任大夏,程大夏
任大椿,子田,幼植,木田,燕禧堂,芝堂,芝田
任天祚,良錫
任天祺,君瑞
任奎,文仲,石門
任奕彌金,衡皋,衡皐
任奕彌金,衡皋
任婉,靜宜
任孜,懋善
任學淵,守訓
任守幹,用汝,遯窩
任守忠,稷臣
任守正,約初
任安上,二痴,澧塘,禮堂
任安國,保廷
任宗器,轂庭
任宗易,從簡
任宗誼,仲宜
任家相,心葵,白甫
任寅,亮夫
任寧,靖之
任寶功,瑤圖
任崧珠,端卿
任布,恭惠,應之
任希夷,伯起,宣憲,宣獻,斯菴
任希祖,元孝
任序,本立
任庚宣,映白
任廣,叔儉
任廣譽,士美
任廷璋,禮南
任廷貴,君爵
任廷贊,文軒
任廷颺,賡六
任式坊,亦春,穀民
任弘,伯容
任弘嘉,丹菽,任宏嘉,素堂,葵尊
任弘望,孝貞,德章,竹室居士
任弘業,開宗
任弘震,淡之,雪柯
任彥安,彥安
任彥常,克齋,吉夫
任從政,子政
任德,馨齋
任德成,象元
任忠,玄泰
任忠厚,正甫
任思正,舒軒
任性之,而聖
任性德,錦然
任悊,四明
任惟一,汝賢
任惟鈞,子範
任惟鳴,章卿
任惠,濟民
任愛,友仁
任愷,樂如
任應南,孤齋
任應徵,德庸
任應烈,武承,處泉
任應龍,敬齋,雲卿
任懋賢,豫圃
任承允,上邽山人,文卿
任承恩,伯卿,畏齋
任承緒,叔卿,繩武
任拱之,公肅
任振世,梅岩
任振龍,羽禎
任採蓮（蘇軾乳母）,采蓮
任攀章,雲亭
任敏道,其易
任敞,扉子
任敬臣,奉古,希古,知古
任文淑,若耶女士
任文溥,匯中,約齊
任文燦,璧東
任文獻,國光
任文薦,遠流
任文遂,思順
任昂,伯顒
任昌詩,翰仙,雅南
任明,尚客
任星咸,拱辰
任春元,錦橋
任春和,旭東
任春祺,玉珠
任昱,則明
任時懋,又新,可軒
任暄猷,美君
任曾貽,淡存
任曾魯,子唯
任會棻,石香
任有後,孝伯,萬休,貞僖
任有齡,夢錫,棠山
任某,任氏,鞏空
任格,大正
任棟,稼民,聖謨
任楓,夢道,木庵
任樞,士均,貞憲
任權,士經,貞憲,靜谷
任步月,紹文,西坪
任武,文叔,武叔
任毓麟,振公
任氏(任高次女),李氏三烈,留哥
任氏(任高長女),幺哥,李氏三烈
任民望,子重
任民育,厚生,時澤
任永全,玄靜
任汝亮,伯寅
任汝賢,君永,君泳,沂公,第八
任沛霖,硯雲
任治,協襄
任泰,亨伯
任洛,仲伊,十二
任洧,淸之
任浣花,任湘芝
任淳,原樸
任淵,子淵
任清漣,秋水
任清祿,廉堂,蘭堂
任湘,蘭因
任源,子望,彭哥,第念三,興祖
任源祥,善權子,息齋,王谷
任溯昉,聞城
任漢,宗海
任潤,海瀾
任澤,天錫,恭僖
任澤和,介子,惠堂,退盦
任濬,文水,鳳梧軒
任瀚,少海
任瀛,登之,驛峰
任炳,星漁
任煇,右庭
任煊義,定遠
任煥奎,仲文,石芝
任熊,渭長,湘浦
任熙弼,亮甫,挹春,止敬
任熙載,勿菴,敬輿
任燁,仲章
任獻夫,安世
任玄,冲遠
任玉卮,任玉邑
任玠,溫如
任玥,少玉,希庵
任琚,佩中,曦園
任瑗,小泉,恕庵,恕菴,東澗,東澗先生
任瑛,憩棠
任璋,香雨
任璜,任黃,北玉
任璡,國器
任環,任寰,復庵,復菴,應乹,應乾
任璽,廷信
任璿,具茨
任用,庭輝
任用中,景真,景虞
任由謙,叔讓,昭簡
任甲第,子薦
任申先,世初
任登,子升
任盡言,元受
任相,興伯
任相元,公輔,孝文,恬軒
任碩齡,汝壽,石江
任祥,瑞卿
任祥麟,又陵,松亭,石卿
任福,壯愍,祐之
任福民,錫之
任禮,僖武,寧遠伯,尚義
任秀祺,評芳
任秉德,心泉
任秉鈞,子衡
任穀,生之
任立,周卿
任端書,念齋,進思
任端良,心莊
任簡,而廉
任紹,任詔,子嚴
任絖,子瀞,忠簡
任維鏜,子揚
任繩祖,松冷
任繩隗,植齋,青標
任繼祖,述之
任續,似之
任義伯,今是堂,季方
任翔,巢阿
任翰伯,南谷,慶翼,景翼
任耜,子良
任聖周,仲思,文敬,鹿門
任肇元,青朱
任舉,勇烈,東園,漢冲
任舜臣,承華
任良,康孟
任良幹,南嶠,直夫
任良弼,廷賛,廷贊
任良才,廷舉
任良貴,子爵
任芳鑑,景星,馨明
任芹,汝獻
任若尹,三若
任英,光弼
任茂松,秀嶺
任荃,景淇,月坡
任華,逸人,野人
任萬化,心原,贊之
任萬民,念岩
任萬里,圖南,梅軒
任著,飛卿
任蒙正,直初,雲湖
任蕃,任翻
任蘊昭,夢檀
任蘭枝,南樓,見南,隨齋,香谷
任蘭生,畹香
任虎臣,武伯,貞簡
任衍,達夫
任袞,子正,棠湖
任觀瀛,泰源
任詡,和仲,高厓
任說,君遇,文靖,竹崖
任誼,才仲
任諒,子諒
任讓,退之
任豫,由道
任貴震,宇恬,鼎卿
任賢佐,子良
任質言,元禮
任贊,希度
任贊化,參之
任起鵬,和麟,春溟
任辰旦,千之,待庵,待菴,韓燦,韓辰旦
任逢,千載
任逢泰,坦然
任連陞,級三,雲軿
任道,守義
任道充,少虛
任道學,用予,養吾
任道遜,克誠,八一居士,坦然居士
任道鎔,勵甫,寄翁,寄鷗,小沅,礪甫,筱沅,陽羨老民,鷗館
任邦彬,近彥,近顏
任郿祐,任郿祜
任重光,退思,靜衫
任金,子金
任鉉,士重,忠簡,愛灘
任銘獻,守愚
任銜惠,湘畹
任銜蕙,湖畹
任錕,謹齋
任錪,寬甫,鳴皐
任錫慶,泉蘇
任鍔,豫齋
任鏜,伯聲,第二,麟行
任鑑,自明
任長慶,雲石
任際科,約亭,聖輔
任際虞,唐臣
任雄,文階
任雲倬,漢卿
任青,任清
任預,瀟瀟庵主人,立凡
任頤,伯年,小樓
任顓,誠之
任風厚,仲禮,淸南
任養心,子誠,正宇
任體莊,子敬
任鳳翔,夔農,馥塘
任鳴陽,儀堂,蔭堂
任鵠,射己
任鵬,培風
任麗金,璿池
伊乘,德載
伊什扎木素,伊什札木素
伊伯熊,臣擧,虛室
伊侃,士剛
伊允楨,樹人,秋浦,雨琴
伊光啟,純仁,開雍
伊克唐阿,信齋,小山
伊克明安恩存,壽卿
伊勒忒樂善,威毅
伊勒忒錫振,次筠
伊喇齊,伊王剌齊
伊圖,交羅伊兔,交羅宜兔,伊兔,宜兔,文僖,覺羅伊圖
伊圖瑪永孔阿,伊圖瑪永魁
伊在庭,繼美
伊太,伊泰
伊子先,介耳,簡庵
伊審徵,申圖
伊尊璐,邃廬
伊巘,允陟,德庵
伊廷莘,耕野
伊念曾,少沂,梅石,銘谷
伊慎,寡悔
伊拉哩法敏,法閔,肇功
伊拉里和舜武,恭慎
伊拉里增祺,瑞堂,簡愨
伊拉里德克金布,勤勇
伊敏生,子蒙,山泉
伊普楚特蘇寧阿,壽泉,迂庵
伊曼,伊滿
伊朝棟,用侯,雲林
伊樂堯,莘耕,遇羹
伊沙爾保年,頤庵,頤葊
伊清河,松坪
伊爾庫勒富尼雅杭阿,富呢雅杭阿
伊爾庫勒瑚寶,伊爾根勒瑚保,伊爾根勒瑚寶,恭恪,瑚保
伊爾根覺羅三寶,文敬
伊爾根覺羅世泰,寄萬卷書屋,寄萬卷樓,心蒔
伊爾根覺羅伊桑阿,文端
伊爾根覺羅伊都立,嘉樂堂,學庭
伊爾根覺羅傅臘塔,傅拉塔,淸端
伊爾根覺羅台費蔭,台斐蔭
伊爾根覺羅喀爾吉善,喀爾繼善,澹園,莊恪
伊爾根覺羅圖魯什,圖魯錫
伊爾根覺羅夸扎,夸札,誇札
伊爾根覺羅定長,伊爾根覺羅定常
伊爾根覺羅寶琳,勤恪,夢蓮,夢遠山人,夢香草堂,知足知不足齋
伊爾根覺羅嵩溥,松溥
伊爾根覺羅巴什泰,巴世泰
伊爾根覺羅巴延珠,佛圓
伊爾根覺羅德光,依爾根覺羅德光
伊爾根覺羅德福,勤肅
伊爾根覺羅恆敬,伊爾根覺羅恆敏,勉亭,恆敏,恆敬
伊爾根覺羅恆祺,依爾根覺羅恆祺,勤敏,子久,恆祺
伊爾根覺羅愛仁,淸恪,靜山
伊爾根覺羅愛新泰,壯勇
伊爾根覺羅慶廉,儉泉,白雲紅樹山房
伊爾根覺羅成格,果庭
伊爾根覺羅扎克當阿,札克當阿
伊爾根覺羅扎郎阿,札郎阿
伊爾根覺羅春山,丹崖,長人
伊爾根覺羅春滿,少珊
伊爾根覺羅札勒杭阿,扎勒杭阿,扎爾杭阿
伊爾根覺羅東純,剛介,恭介,紫來
伊爾根覺羅松溎,壽泉,舒舒覺羅松溎
伊爾根覺羅桂林,壯敏
伊爾根覺羅榮柱,采芝生,鐵齋
伊爾根覺羅武善,伊尔根覺羅武善,烏善
伊爾根覺羅海寧,勤毅
伊爾根覺羅穆精阿,穆精額
伊爾根覺羅耆齡,壽民,居易堂,无悶居士,與天游室,蠖齋,見山樓
伊爾根覺羅莫洛,忠愍
伊爾根覺羅莽鵠立,勤敏,卓然,樹本,莾鵠立
伊爾根覺羅薩哈岱,樗亭,魯望
伊爾根覺羅薩載,誠恪
伊爾根覺羅蘇昌,愨勤
伊爾根覺羅金順,和圃,忠介
伊爾根覺羅長庚,少白,恭厚
伊爾根覺羅阿爾津,端果,阿勒津,阿尔津,阿爾錦
伊爾根覺羅阿肅,敬之,雨齋
伊爾根覺羅隆文,端毅,質存,雲章
伊爾根覺羅顧八代,敬一堂,文端,文起,邗上釣者
伊爾根覺羅顧琮,倚雲閣,混同,玉山,琴軒,用方,靜廉堂,顧鐵牛
伊爾根覺羅鶴年,文勤,芝仙,鳴皋
伊用昌,伊夢昌,伊風子,定億萬兆恆沙軍國主南方赤龍神王
伊祿順,伊祿
伊秉綬,南泉,墨卿,墨庵,所謂伊人,旦似,春及草堂,東鄰叟,留春草堂,秋水,秋水園,組似,西湖長,默庵,默菴
伊立勛,峻齋,熙績
伊篤原,仲根
伊紹煃,文煥
伊紹鑑,曉侶,曉堂,曉潭
伊翹,維楚
伊裡庫,伊里庫
伊辟,盧源,翕庵
伊里布,伊禮布,文敏,莘農,覺羅伊里布
伊鏗額,希甫,景曾,瑟庭
伊闢,盧源,翕庵,翕菴
伊霖,雲巖
伍世熊,兆覲,叔覲
伍什佈,伍什布,烏什布
伍令,二十八,思行
伍仲休,通遠
伍伯思,安行
伍來,吳賚
伍倫敘,樂庭
伍傅沛,果菴,甫田
伍元芝,忻甫,蘭蓀
伍兆燦,受堂,竹因
伍兆鰲,展峯,展峰,綸才
伍先準,則山,湘嵐,華平
伍先輔,樂泉,興甫
伍光建,昭扆
伍光瑜,孚尹,屏秋
伍光紘,藹亭,藹庭
伍典,克從
伍功甫,勛伯,勳伯
伍勒德尼,伍勒德呢,烏勒德呢,烏勒德尼,烏爾德呢,烏爾德尼
伍升,景升
伍可受,以大
伍周,叔度
伍唐,日卿
伍善,元吉
伍士望,景周
伍士鵬,亦芸,亦荟
伍壽世,霽峯
伍夢諧,子蒙
伍奎祥,七橋,西舫
伍子正,適道
伍學純,潤之
伍宇昭,止齋,青望
伍宇澄,既庭
伍守陽,端陽
伍安然,文卿,第六七
伍宗儀,蘭儀,覺夢山人
伍家榕,松文
伍崇曜,伍元薇,浩官,粵雅堂,紫垣,紹榮,良輔,萬松園,遠愛堂
伍希儒,汝真
伍希淵,士淵,孟賢,拙菴
伍希閔,仲孝
伍希齊,十二,孟倫
伍廷芳,伍敘,文爵,秩庸
伍彌泰,伍米泰,文端
伍彌特巴哈布,勤勇
伍彌特希元,贊臣
伍彌特德成額,烏彌特德成額
伍彌特德楞泰,壯果,惇堂,鄂密特
伍彌特蘇冲阿,烏密特蘇沖阿,蘇冲阿,蘇崇阿
伍彩雲,浦巖,繡巖
伍徵,紹庸
伍德彝,懿莊,逸叟,逸莊
伍思韶,九亭,舜成,鴻盤叟
伍性,宗誠
伍恂,子清
伍惟忠,三十,效之
伍懋,深道
伍承欽,式之,退齋
伍拉納,覺羅伍拉納
伍擇之,元賓
伍敏,燮堂
伍文仲,仲成
伍文定,唯泰,忠襄,時太,時泰,松月
伍文炳,積中
伍文煥,在中,象明
伍方,公矩
伍昇,景昇
伍朝樞,梯雲
伍朝賓,介貞
伍杞,卿才
伍概,廷節
伍正阿,懌山
伍民瞻,表臣
伍洪,伯宏,伯弘
伍涵芬,芝軒
伍淡如,晚香
伍湘君,佩霞
伍睿,用思
伍祐,右之,祐之
伍福,天錫
伍禮,天秩
伍秉鏞,序之,東坪
伍秉鑑,平湖,忠誠,慶昌,成之,敦元,沛官,浩官,秉鑒
伍秉鑒,平湖,成之
伍章,端叔
伍章龍,海門
伍符,孚齋,朝信
伍箕,朝輝
伍純忠,純甫
伍紹曾,燕堂,率真子
伍經正,石叟
伍維允,麟孺
伍維寅,淸之,清之
伍總,子壽
伍肇齡,崧生
伍良臣,雲從
伍蘊芬,麗卿
伍袁萃,容庵,寧方,寧芳,聖起,道聚
伍裕,伯饒
伍見獨,居厚
伍誥,純甫
伍讓,子謙
伍起宗,趾薛
伍輔祥,四友,翰屏
伍造爐,弘道,德化
伍達,博純
伍達德,三以
伍達行,拓公
伍金鍔,一卿
伍銓萃,叔葆,榮建
伍錫,康侯
伍鎧,文衞,鴻山
伍長華,實生,愚泉,雲卿
伍雲,光宇,尋樂
伍餘福,君求,疇中
伍驥,弘道,德良,體純,體馴
伍魁孝,肖亭
伍魯興,康伯,蓉湖
伍鼎,凌堂
伍齡安,五靈阿,五齡安,伍靈安
伏衍羲,天一
伯帖木兒,冲霄
伯彥不花的斤,桓敏,蒼巖
伯德履信,順之
伯益赫,康懿
伯篤魯丁,至道
伯都,元獻
伯里閤不花,襄懋
伯顏,九成
伯顏子中,子中,巴延資中
伯顏察兒,忠憲
伯顏察爾,文卿
伯顏帖木兒,元臣
似先義逸,仁休
佀鍾,佀鐘,侶鍾,大器
佀鐘,大器
但存學,宗儒
但宗皐,陶村
但弼,夢岩,肖丞
但明倫,天敘,惇五,敦五,雲湖,題襟館
但貴元,三十四,仁甫
但陞,雲亭
佈彥泰,佈彥
何㮚,文縝
何一泗,衍之
何一舉,德卿
何三畏,士抑
何三省,得人,觀我
何世仁,元長,澹安
何世學,十四,文甫
何世昌,何昌世
何世璂,坦園,桐叔,澹庵,端簡,鐵山
何丙勛,保如,寶書,覲韓
何丙咸,南羲
何中,太虛,養正
何中奮,奎川,奎田,奎由,至田
何中立,莎衣道人,通神先生
何中行,粹甫
何乃容,雅堂
何乃瑩,潤夫
何之傑,伯興,毅庵
何之桂,虹泉
何之𤇍,伯興
何乘龍,徐乘龍
何九思,仲誠
何九達,行可
何井,伯禮,何林,第千十九,茂遠,貫老
何亨升,公美
何京,佩瑤
何亮,文明
何人麒,玉書
何人龍,雨民
何仁山,梅士,菊朋,頤真
何介,介逸
何仕讓,仕讓
何仲諠,何仲宣,何仲誼
何伯祥,世麟,忠毅
何伯謹,誠夫,誠甫
何伸,何俊,抑翁
何作猷,仲秩
何佩玉,塢霞,浣碧,琬碧
何佩珠,天都女史,芷香
何佩芬,吟香,蘭卿
何佳會,達天,達夫
何佾,德獻
何侑,存齋,德器
何俊,士高
何俌,德輔
何俛,太常
何修本,是皆
何倫,宗道,東山
何倬,明夫
何偁,邦美
何偉,汝器
何傅,宗文
何傳中,允彞,執齋,筱復
何傳興,敦詩,筱軒
何儒行,仲景
何允升,吉甫
何允坤,晉思
何允孝,仲友,筆公
何允炘,子光
何允紳,書思
何允魁,克升
何元,叔度,玉屏,琴心
何元庚,淵珊
何元愷,杜卿,荔泉
何元普,篁溪,芝亭,麓生
何元治,平階
何元泰,濟廬,階平
何元烺,硯農,良卿
何元熙,師竹
何元英,蕤音
何元蔚,吟梅
何元述,元孝,小洛,小雒
何元達,顯夫
何元錫,三吾鴻景齋,夢花樓,夢華,夢華館,敬祉,秋神閣,蜨隱,蝶影園,蝶隱,蝶隱園,護經堂
何充,浩然
何兆濓,廉甫
何兆瀛,心庵,心盦,淸耜,老學後盦,通甫,通青,青士,青耜
何兆玉,翼山
何先,謙終
何先覺,民師
何光,昭德
何光儀,禮階,象峰
何光晟,曙亭
何光熊,容谷
何光裕,唐亭,思問
何光遠,輝夫
何光震,華甫
何克靜,堃吉
何兌,中庸何公,太和,龜津,龜津先生
何兑,太和,龜津
何全,原學
何其仁,少麐
何其偉,書田,韋人
何其傑,子倩
何其慧,潼川
何其敬,仲輿,少贄,衡吾
何其清,韻仙
何其睿,克思
何其純,粹甫
何其興,禹修
何其英,瓊玉
何其菼,師韓,葭汀
何其超,古心
何其高,抑之,白坡
何冠英,杰夫
何凌漢,仙槎,雲門
何出光,兆文
何出圖,啟文,見寰
何則賢,三山樵叟,道甫
何剛,僧壽
何剛德,小雅
何剡,楫臣
何劉發,漢卿,竹隱居士
何勉,尚敏,止庵
何勒良,文宰
何勝,斯復
何勝必,威殼心
何勝連,紫雲
何勳,克明
何南一,易初
何南鈺,相文
何占鰲,何占鼇,勤襄
何去非,正通
何又爽,何又塽
何又雄,澹如
何友濟,幹臣
何友玉,玨城
何友聞,益甫
何受,持謙
何召,何兆
何可綱,忠節
何司鐸(IgnaceHo),童司鐸
何吉祥,鑫堂
何同文,藻亭
何君平,少嚴
何吾騶,家岡,龍友
何咸亨,交山,尚德
何咸遂,何咸
何啟,沃生,迪之
何啟南,鯤湖
何啟錕,惕甫,陽甫
何善,惟吉
何善孫,君孫,喜孫
何善甄,和甫
何喬新,廷季,廷秀,文肅,椒丘,椒丘先生
何喬遠,匪莪,稚孝,鏡山先生
何嗣昌,念修
何嗣焜,定庵,梅生,眉孫
何嘉珝,玉羽
何嘉祐,子受
何國宗,約齋,翰如
何國璋,國章,藻卿
何國華,樸峯,樸峰
何國輔,紹寧
何圖哩伊興額,伊淸阿,伊興阿,壯愍,松坪,英升額
何圖哩德英,莊毅
何在永,恬溪
何均,君平
何坤章,朝瑞,梅隱
何坦,少平,文定,西疇
何垕,朝擧,朝舉
何垣,紫庭
何城,叔防,月梧
何執中,伯通,文憲,正獻
何執文,何執德
何培德,開渠
何基,北山,子恭,文定
何堂,琴喦,琴嵒
何堅,南坡
何堯,唐佐
何增元,遜虞
何增筠,小晴,竹卿,震旉
何壁,文徵
何士昂,孟友
何士昭,沿靖大師
何士晉,武莪
何士烈,承武
何士玉,璞山
何士祁,仲京,竹薌
何士良,夢傅,夢傳
何士英,子文
何士蛟,一橋,冀北,羅溪
何士顒,南園
何士麟,肇周
何壽朋,德齡,歸全先生
何夔,叔龍
何夢午,魯佐
何夢桂,岩叟,巖叟,應祈,潛齋,申甫
何夢然,子是
何夢熊,潤崖
何夢牛,恕夫
何夢犇,怒夫,恕夫,第三
何夢瑤,匊芳園,報之,惠門八子,極之,研農,紫棉樓,西池,贊調
何夢益,謙叔
何夢祥,視履
何夢篆,耕遲,賡墀,退夫
何大圭,何大奎,搢之,晉之
何大正,自中
何大猷,少嘉
何大立,菴崖
何大節,立可
何大臨,少叔,才叔
何大褔,介軒
何天啓,義占
何天啟,七十五,義占,羲占,鳳岡
何天寵,昭侯,澹菴
何天球,憲周
何天祥,武曾
何天聲,德載,竹洲
何天衢,在山,緩齋
何天貴,五溥
何天駿,國正
何太庚,吉父,昌海
何太深,淸真大師
何太福,介軒
何太青,樂和,藜閣
何失,得之
何奏成,鳳邨
何奕家,成大,石城
何奕榮,秋巖
何如寵,康侯,文端,芝岳
何如愚,真道
何如漋,建則
何如璋,子峨,子莪,璞山,衍信,袖澥樓
何如申,仲嘉,虛白
何如蘭,苣清,香農
何威鳳,仲儀
何子壽,康伯
何子平,子平
何子明,汝晦
何子榮,榮甫
何子申,祖皋
何子聰,友聞
何子舉,寬居,師尹,文直
何子鋆,仲山,士珍,鍾山
何存斆,念卿
何孟文,夢章
何孟春,子元,文簡,燕泉,燕泉先生
何學成,靜菴
何學林,昌森,茂軒
何學章,綬堂
何學青,羅陽
何宇度,仁仲
何守約,宗臣
何守謙,敦業,竹銘
何安世,仁父,壽翁,景仁,第三六
何安宅,居仁
何安泰,階平
何安然,仁父,壽翁,景仁
何宏,道充
何宏中,定遠,通理
何宏中(何霖父),子宏,梅窗先生
何宗召,胡宗召
何宗寔,一懶翁,誠甫
何宗彥,君美,崑柱,文毅
何宗理,邦治
何宗社,志公
何宗賢,邦憲
何宗韓,嗣藩,對溪,桐藩
何宗頤,洛庵
何官麥,何麥官,莆田
何定漢,鼎臣
何定遠,景懷
何宜,行義
何家琪,吟秋,天根
何家翰,墨卿
何家駒,仲千,春谷
何察,明甫
何實,誠卿
何寬,汝肅
何寵,汝錫
何尊師,尊師
何少直,子質
何尚賢,仰山,汝思,汝恩
何履亨,友敦,翊卿,賢詔
何履仕,叔鍳
何岩,邦鎮
何岳鍾,居貞
何岳齡,衡山
何峻,翹林
何崇光,壽南,延熾,廷熾
何崧泰,松山,駿生
何嵩,與瞻
何巨源,進之
何希之,周佐,存心,自修
何希堯,唐臣,常歡喜居士
何師儉,桐叔,素堂
何師韞,嬾愚,季才
何常,德固
何廣,博之
何廣生,蕓齋,遁翁
何延慶,善伯,寄漚
何廷仁,善山,善山先生,性之
何廷傳,軼才
何廷摸,西舫
何廷煃,川啟,海川,涵川
何廷璠,觀頤
何廷璧,浦園,蒲園
何廷璿,玉相
何廷矩,時振
何廷謙,地山,棣珊
何廷鈺,潤夫
何廷錦,實夫
何廷魁,忠愍,汝謙
何建威,振齋
何建鼇,果毅
何式璜,彞誠,蔚庭
何弘仁,仲淵,何宏仁
何弘敬,子肅
何弘纘,清海
何彤然,弨甫,竹雲
何彤雲,子厚,子縵,賡卿,賡縵堂
何彥,善充
何彥昇,秋輦
何彥猷,叔達
何彥達,月擔
何彬,公度,秋客
何御,範之
何御龍,何銜龍
何復,烈愍,見元,見山,見平,見心,貞子
何德,伏德
何德固,叔堅,梧谿散人
何德峻,白岳,醉石,魯瞻
何德彥,仲弼
何德方,伯直,元方
何德華,宜翁,淸夫,清夫
何德順,崇道大師
何徽照,南屏
何必麟,瑞卿
何志同,彥時
何志璇,琢齋,韞潔
何志璿,韞潔
何忠,廷臣,廷陳,忠節
何忠萬,子淸,蜀州
何忠駿,龍臣
何念祖,聿修
何思,慎之,望山
何思明,惺軒
何思溫,聖客
何思登,一舉
何思謹,仲勉
何思贊,紹襄
何性,同然,彞徵
何性仁,三哥,元習,榮老,第三十三
何恜,何昌,式之,昌國,第壬五二
何恢,茂宏
何恦,至廉
何恪,南湖,茂恭
何悌,順卿
何惟則,何濰,何維
何惟憼,汝一
何惟烈,儒山,子原,述山
何惺,君慄
何愛龍,省南
何愷,君壽
何慎五,松麓
何慎修,子永
何慧生,蓮因
何慶,縁善
何慶修,子勉
何慶元,漱石,積之
何慶恩,何思慶
何慶朝,鳳閣
何慶涵,伯源
何慶祥,晉琴,眉琴
何應奇,遇夫
何應子,奕夫
何應心,筱山,簡卿
何應樞,溪韋
何應瑞,大瀛,聖符
何應祺,子默,鏡海
何應試,君庸
何應酉,方卿
何應駒,研舫
何應鰲,滄持
何應龍,子翔
何懋官,希賢
何成孫,善積
何成浩,璧流
何才价,介人,子藩
何才聳,雅才
何承光,節愍
何承宗,肯堂
何承徵,懿生
何承徽,懿生
何承矩,正則
何承緒,劍秋,芬餘
何承薰,何承勳
何承裕,仕進
何承霖,春海
何抗,彥高
何拜書,敬所,缴所
何振銑,欒甫,法古
何掄,掄仲
何探元,秋槎
何探源,少騫,繡海,衍明
何揚牧,江浦
何撫,庶安
何操敬,主洛
何攀,龍友
何敏,希顏
何敏中,元功
何敏學,時甫
何敬聰,國佐
何敬釗,勉亭
何文信,孟誠
何文哲,子洪
何文季,子友
何文明,哲堂,堯臣
何文極,美中
何文淵,巨川,東園,鈍菴
何文清,問渠,鑒塘
何文瀾,澂齋,蓮仙
何文燿,朗山,熞齋
何文維,衛正
何文綺,扆斯,樸園
何文縉,德章
何文英,邦彥
何文輝,德明,朱文輝,道明,道舍
何文鉽,式公
何文霖,澍蒼
何新之,仲德,橫舟
何方衢,梯雲
何既濟,通甫
何日詔,惠田,惪田
何昌,克昌
何昌世,正卿
何昌槐,蔭軒
何昌言,何善言
何昌辰,何知辰
何昌邦,俊郎,周卿,少傑,第七十一
何明璋,奉直,小琳,曉林
何明睿,靜齋
何明禮,希顏,愚廬
何易謙,損齋,谷嗣
何春,元之
何春景,盱眙二貞女
何昶,日明,蕓莊
何時,了翁,叔驥,堅白道人,應德,第七三
何時化,成之
何晉,德翁
何晫,兩山,念修
何普,德厚
何景崧,又叔,又甫,岳生
何景文,俊翁
何景明,仲默,大復
何景暘,仲升
何景福,介夫
何景韶,仲律
何暄,春谷
何暹,德明
何曇,玉仙,白雲道人
何曰佩,縉華
何曰愈,何愈,存仁堂,存誠齋,德持,涉趣園,退庵,雲畡,雲陔,餘甘園
何曰珮,何曰佩,縉華,蒼水
何月兒,瑤宮
何朔沂,霞泉
何朗,玉山
何朝佐,萃圃
何朝傑,海樵
何朝宗,在吾,學寔
何朝彥,何朝快,復良,瑞堂
何朝恩,南屏,誥卿
何朝柄,埋北
何本恕,近仁
何杏文,梅村
何東序,崇敎,崇教,文欽,肖山
何松,伯固
何松泰,駿生
何枉,淸甫
何果昌,子冲,子沖,瀘孫
何某,大復先生
何栗,文縝
何栻,廉昉,悔餘,蓮舫
何桂清,叢山,根雲
何桂珍,梅因
何桂芬,小亭
何桂芳,樹雲
何桂馨,一山,見復
何棅,涵齋,與偕
何棐,十七,輔之
何棟,伯直,太華
何棟如,充符,在翁,天玉,子極
何棠,二十,愛之
何棨,信卿
何植,剶木
何楚林,樹堂
何楚章,紹德
何楷,典臣
何楷章,式如,慓齋
何榕年,壽愚,蔭南
何榖,幼豐,柳塘
何榘,文度
何榮,耀先
何榮樟,齡喬
何榮烈,煥雲,秋坪
何榮甲,禮棠,醴塘
何榮祖,忠肅,文憲,繼先
何榮緒,紹藏,鴻漵
何槐孫,德孚
何樂善,同人
何樞,拱辰,相山,紫垣
何樵,子野
何樹春,笑山
何次舉,中誼
何欽,無適
何欽承,泰哥,第十四,紹說,通甫
何歆,子敬
何正,立經
何正臣,君美,君表
何武,君公
何殿鼇,金元
何毓光,仲弢,魯齋
何毓福,子秀,崧生,松亭
何毓秀,岱樵,鍾嶽
何氏（積善皇后）,積善太后
何永卓,立三,超伯
何永叔,師皋
何永慶,善夫
何永昌,思敏
何汝岱,宗卿
何汝成,子誠
何汝敷,奏言
何汝枚,子安
何汝翰,崧生,忪僧,耐蓴
何汝霖,商隱
何汝麗,淸父
何江如,永公
何汶,竹莊
何沛,岱雲
何治仁,文治,靖庵先生
何治運,伊舊何父,志賢,誌賢
何治雲,半溪
何沾,宗澤
何洛文,啟圖
何洛書,啟範
何洪,梅境
何洪惠,子吉
何洯,晴江,雍南
何洽,允仁,十八
何洽遠,澤洪
何派行,應克
何海晏,治象
何涉,濟川
何涣,仲浩
何淇,子武
何淑成,伯善
何淑蘋,蘊齋
何淡,中美
何淩漢,仙槎,何凌漢,文安,雲膄山房,雲門
何淮,德淸
何深,傾波
何淳,宗厚
何淳之,仲雅,太吳
何淵,有本
何清輝,益三
何渙,仲浩
何渥,十五,承恩
何湘,仙帆
何湛之,公露,疎園,矩所
何源,幼澄,德源,東吳遺老,賽包家
何源濬,梅符
何溢,處休
何溥,淵若,謙齋
何溯沂,雲泉
何漢,東之
何漢宗,邦本
何潤之,星區
何澄,彥澤,竹鶴老人
何澤,景之
何澤傳,勉承,捧亭
何澤旭,映辰,質軒
何澤著,彤則,邢則
何澹,吉國公,自然
何濟,汝舟
何瀞,源淸
何瀹,叔禹
何灌,仲源
何炌,鳴之
何炳堃,屏守道人,屏珊
何炳松,柏丞,柏臣
何炳魁,輔廷
何為光,宜潛
何烱,怍菴,思黙
何烺,星橋
何焜,翼堂
何焯,屺瞻,屺瞻室,峐瞻,憩閑主人,憩閒老人,承筐書塾,汪何,潤千,無勇,義門,義門先生,茶仙,袖珍曹操,語古小齋,賚研齋,道古齋,開千,香案小吏
何煃,文明,郎峰
何煊,何炳,允彪,寅士
何煌,心友
何煜,章漢
何煟,千之,千子,恭惠,謙之
何煥,星田
何煥文,伯章,柳溪
何煥章,德楨,端甫,筱丞
何煦倫,勉齋
何熊光,孔照,容谷
何熙志,忠遠
何熙績,亮臣,春民
何燦,亦青,藜輝
何燮,中理,烈愍
何爕,中理
何爾泰,昌期,春舫
何爾鈞,培鉁,枚忱
何牧,施牧,贊虞
何玄,何元
何玄之,何元上
何玉如,澹岩
何玉德,彥貴
何玉梁,葦江
何玉瑛,梅鄰
何玉田,成魯
何玘,廷用
何珊,廷佩,廷珮,梅莊
何珖,汝玉
何現圖,伯安,慶淸,星源
何琇,勵庵,君瑑
何琚,佩甫
何琛,廷玉
何琬,子溫
何琮,何環
何琳,豐佩
何瑄,十五,孟煥
何瑋,仲韞,文正
何瑛,器之,桂哥,第十,雲孫
何瑞,景燦,高村
何瑞丹,少直,應時,耐葊
何瑞章,岑堂
何瑞霖,紫瀛
何瑞麟,夢徵
何瑭,文定,柏齋,粹夫
何璋,國珍
何璟,伯玉,小宋,筆餘軒
何璠,石堂,開青
何璵,器之,桂哥,雲孫
何璽,璞園
何璿,四十三,德齊
何瓖,佩之
何瓛徵,公執
何生龍,雲程
何異,同叔,月湖
何登榜,鼇峯
何白,丹丘,旡咎,無咎
何百鈞,何肇鈞,公權
何盛,多子
何盛矩,伯方
何相,元輔
何眞,東莞伯,邦佐
何真,恭靖,拜佐,邦佐
何矞雲,曾園
何知猛,元須
何祉,德徵,長濱
何祖文,子彬
何祥,克齋
何祥書,何祥樞
何祿芳,爾康
何福,寧遠侯
何福咸,受山
何福堃,受軒,壽萱
何福海,鏡波
何福駿,君粲
何禕,元慶
何禮,文敬
何秀棣,岳緣,輝章
何秉杼,星垣
何秉棠,子甘
何秉禮,次全,練甫
何秋濤,一燈書舍,一燈精舍,巨源,海槎,願船
何種相,子宜,襄甫
何穎,仲實
何立,豫甫
何立可,大節
何競,邦直
何節,次達
何簡,弘操
何籀,子初
何粹然,月橋,遂真
何粼泉,岱麓,莘野
何紀堂,山甫,桐蓀
何約,仲博
何純,惟一
何純佑,粹中
何紘,文伯
何紹京,何氏四傑,子愚
何紹基,子貞,峨眉瓦屋,惜味道軒,東洲,東洲居士,東洲草堂,無園,猨叟,猨臂翁,環秀亭,蝯叟,譜軒,鶴鳴軒
何紹堂,承烈,述齋
何紹業,子毅,琴莊,研芸,芸軒
何紹正,繼宗
何紹瑾,蓮友,藹卿
何紹祺,勖潛,勗潛,子敬,蘭谷山人,辛甫
何紹迪,銘菴
何絳,北田,孟門
何經,宗易
何經世,西穎
何經文,友三,無墨
何維墀,曉楓
何維復,可幾
何維柏,何維栢,古林,喬仲,天山草堂,端恪
何維棟,十六觀齋,承運,研蓀,硯生
何維棣,棠孫
何維椅,喬佐
何維樸,晚遂老人,清涼山下轉輪僧,盤梓山房,盤止,磐叟,磐止,秋華居士,詩孫,頤素齋
何綸錦,子襄,雲子
何緒,克承
何緝,子敬
何縉,晉函
何繼之,克肖,述齋
何繼筠,化龍,襲之
何繼高,汝登,泰寧
何美成,彦修
何群,安逸處士,白衣御史,通夫
何義,時宜
何翰曾,西園
何耕,怡菴,道夫
何耿繩,夢泉,正甫,玉民
何聘珍,琮生,聘運
何聯恩,錫之
何聯禧,星伯,蘇孫
何聲灝,伯梁,篔谷
何聲煥,仲呂
何肇楨,儲葊,叔航,景裴
何肇灝,翰滄
何育仁,禾育
何胤光,大次
何自勤,慎甫
何自學,思學
何自明,仲德
何致中,華陽山人,鶴齡
何舜賓,穆之
何良俊,元朗,柘湖居士,符朗,青溪漫士
何良傅,叔毗,叔皮,大壑
何良奎,西園,西驃
何良臣,介立,學古
何芳,玉方,雲舫
何芳騰,韋庵
何若,知白
何若瑤,石卿,群玉
何若瓊,閬霞
何英,梅谷,績中
何英年,菊儕
何茹連,吉萌
何華元,壺九
何萊福,仲採,海如
何萬,一之
何萬選,子淵
何葆麟,悔庵
何蒙,叔正
何蔚文,浪仙,稚玄
何蔚然,素宜
何薳,子楚,子遠,韓青老農
何藗,子薦
何藻翔,歲高
何蘇,南州
何處久,伯可
何處仁,安宅
何處任,仲遠
何處伊,正卿
何處恬,智夫,雲岫
何行,自強
何行芳,瀚川,綺川,緒川
何衍福,眉岡
何衮,師禹
何衷,惟孝
何裕城,惺庵,惺菴,福天
何裕承,小笠
何西堰,希齋
何覲揚,對廷,絜人
何覲楊,何覲揚
何訥,公韓,銘三
何詔,十六,廷綸,石湖
何詢之,衣山
何說,商臣
何説,悦道
何謙,緘仲
何謙泰,何謙恭
何謹順,巽甫,鐵琴
何譔,韋長
何讓,允恭
何豫綸,茘舫
何貴嵩,芸陽
何貴蕃,何桂蕃
何貴高,其超,蕓閣
何賛,尭卿,龍江
何賢,彥哲
何起升,本江
何起鳴,來山,應岐
何起龍,君澤,恕堂先生
何軒舉,倬雲
何輔清,倪齋
何輝寧,甑峰,逵鴻
何輝綬,實甫,春舫
何辰,斗南
何迂叟,次仲
何迪華,棣之
何述,明道
何逄僖,何逢僖,何逢禧,念修,念脩,敬儒
何逄吉,春颿
何通武,文成
何逢僖,念修
何逢原,文瀾
何逢禧,念修,敬儒
何逢青,東禺,棻渠
何連亮,忠寅,紫屏
何逮,思順
何進喜,盱眙二貞女
何逵,擇可
何遂,德之
何運亮,紫屏
何道元,巨淵
何道冲,伯用,何元烺
何道柔,全陽子
何道深,會源
何道生,立之,菊人,蘭士
何道融(凌堅母),處和
何達善,子兼,澹庵
何達聰,世謀,璋南
何遠,澹菴
何遠慶,冕芝,悟雲
何遠鑒,葆山
何適,天台山人,天游
何遵,味淡,孟循,忠節
何遵先,紹庭,葑蒙
何遷,吉陽,懋益,益之
何選,靖卿
何邦憲,宗尹
何邦禮,大中
何郯,聖從
何采,敬與
何金壽,鐵生
何金英,鍊秋
何金藺,相如
何鈞,仲衡
何鉞,勳伯,東谿
何銓,遠齋,選齋
何錚,秋崖,鉄崖,鐵崖
何錞,子端
何錡,皆山
何錫䅠,丞祐,丞祜
何錫禔,承佑,文瀾
何錫章,夢蓮,子寵
何錫金,庚堂
何錫麟,玉溪
何鍹,春谷
何鍾祥,石泉
何鍾蘭,湘洲,馨堂
何鎔,冶亭
何鎬,叔京,臺溪先生
何鎮,真卿
何鏜,振卿
何鏞,國器
何鐘,以宣
何鑄,伯壽,恭敏,敏恭,通惠
何鑑,世充,世光,五山,五峯先生,時光
何鑒,世光
何鑛,子啟
何長敦,厚勉,禮堂,禮門
何長治,橫泖病鴻,補之,鴻舫
何長聚,化井,煥奎,鑫園
何長詔,金門
何開泰,梅生
何閎中,蘧伯,蘧庵
何閱,旗昭,積亭
何陞,文達
何陞連,紫雲
何際可,海崙
何際泰,半千
何際通,月三
何雲,仕龍
何雲翥,次鳳
何雲鴈,春泉,時賓
何震,長卿,雪漁
何震彝,蒼葦,辟非,鬯威
何震龍,子東
何霖,商佐
何青,數峰
何靜芳,素安,蕙仙
何頎,碩甫
何頡,何頡之,斯舉,樗叟
何頤,養正
何顒,孚先,慶孫,第二,紹祖
何顯,繼善
何顯宗,昆謀,麟陽
何顯淑,晦仲
何顯祖,邁公
何飛淵,斐園
何飛熊,健亭,南溪,渭綸
何養恆,子久,心齋
何騤,駿夫
何騰,天喜,慶孫,文虎,第八
何騰蛟,定興伯,忠烈,忠誠,文烈,雲巖,雲從,雲若
何體仁,德元,澬川漁逸
何鮤,子時
何鯉,伯龍
何鯤,小謝,約齋
何鰲,巨卿,次子,沅溪
何鳳,秋梧
何鳳起,文興
何鳴章,文舫,述堯
何鳴鳳,逢原
何鵬九,天墀
何鵬霄,日岸,雲卿
何麐祥,晉琴
何麒,子應
何麓生,蓮因
何麟書,季剛,鴸叟
何黃,靜宜
何鼇,雲持,雲村
何鼎,文鼎
何鼎勳,小塘
何鼎梅,冠英
何龍文,信周
佘允昌,受圓
佘兆鼎,季重,扆凝
佘先舉,至諴,騱樵
佘勉學,東臺,行甫
佘啟祥,春帆
佘嘉詔,彥綸
佘城,笛江
佘夢鯉,有達
佘志貞,嵋洲
佘敬,環溪
佘敬中,子惺
佘文銓,余文銓,次卿,玉衡
佘明志,笑塵子
佘明誌,慈鶴,笑塵子
佘模,範九
佘毅中,內齋,子執
佘瀛,問俄
佘璘,德潤
佘立,季禮
佘翔,宗漢,鳳臺
佘翹,聿雲
佘肇昌,象同,象周
佘自強,健吾
佘艷雪,佘志貞,湄洲
佘華瑞,朏生
佘賢勛,磊霞
佘鳴化,邦儀
余一鰲,影桃盦主,心禪,成之
余一鵬,朝舉
余一龍,汝化
余上華,笙白,芾臣,黼丞,黼臣
余世儒,汝為
余世楠,香林
余世澤,潤夫
余中,正道,行老
余之煥,錦亭
余之禎,善先,曉山
余九谷,石孫,稼甫
余乾耀,元眉
余乾貞,秉智
余亢,拱辰
余京,文圻,文畿
余亮,堯咨
余以增,春屏
余以誠,太宇,孟實
余仲敬,靜學
余仲荀,師醇
余伯寬,景仁
余伯泰,吉父
余伯謹,余伯瑾
余伯達,周臣
余伯麟,茂振
余佐淮,桐峯
余作棟,和夫
余保純,懷冰,祐堂,與屏
余信,彥誠
余倫,公理,祰古先生
余儔,季倫,癡齋
余儼,持敬
余允文,隱之
余元一,景思
余元善,良宗
余元廙,至恭
余元文,仰泉
余元旭,道周
余元煜,曜庭,矅庭
余元璘,秀書,筠谿,藥齋
余元甲,柏岩,茁村,葭白
余元發,永之
余元英,冠羣
余元遴,秀書,筠溪,藥齋
余充,伯光
余充國,漢佐
余兆泰,香谷
余先職,天哀
余光,緝之
余光倬,卓人,幼冰,省來
余光庭,朝美
余光彝,克敘
余光治,午亭
余光耿,介遵,覲文
余克和,清遠,竹香
余克濟,叔濟
余公彥,仲美
余公瑞,鎮臣
余剛,樂山
余卞,洪範
余占江,海門
余及,企和
余受,子中
余司仁,岱嶼
余司韜,君樞
余合中,初泰,子嘉
余名勳,西上
余君壽,錫江,鶴江
余君錫,公疇
余和勲,子厚
余啟元,伯正,伯貞
余啟咸,皆山
余啟昇,杞齋
余啟立,清廉
余善,復初
余善繼,伯賢
余嗣,余嗣復,德紹
余嗣道,子中,子和,秀孫,第朝三
余嘉穀,少佩
余嚞,淡軒,若蒙
余國[⿱木普],寧郇長,雲樵
余國寶,輔廷
余國柱,佺廬,兩石
余國模,協恭
余國禎,劬庵,瑞人
余國賓,三十一,叔賢
余在田,春霆
余坤,子容,小坡
余垓,元暢
余城,笛江
余埥,上田,存齋
余堃,子厚
余堯弼,致勛,致勳
余堯臣,唐卿
余增遠,若水,謙貞
余增雍,清文
余士塛,菊農
余士成,成叟
余士明,子山,益公,第萬七
余士武,起叟,龜叟
余士燮,秉鈞
余士瑮,瑞生,菊農
余士秀,渠石
余士穀,星陔
余士美,實夫
余壹,進道
余壽頤,大顛,天遂
余夔,學夔
余夢璜,復孫,正甫,第五二
余夢蛟,龍門
余夢說,商卿
余夢賜,公玉
余大猷,方叔
余大觀,容若,松坪,松屏
余大雅,正叔
余大鵬,五峯
余天任,子大,退齋
余天佑,孚民
余天迪,惠叔
余天錫,忠惠,淳父,畏齋,純父
余天鵬,圖甫,圜甫
余子俊,余公渠,士英,肅敏
余存庚,存耕
余存諒,誠之
余孟成,振之
余孟麟,伯祥,幼峯
余季方,仲昭
余季芳,子初,桃谷
余學優,重柱
余學古,學道,斯立,第孟四
余學夔,一夔
余學春,二田
余學申,思古
余學益,勝友
余學賢,復初
余守觀,尚賓
余安行,仲勉,勉仲,石月老人
余宋傑,伯秀,國秀
余宏,延之
余宗,伯宗
余宗英,伯雄,毅齋
余定魁,桎村
余宣,旬甫
余家相,亦周,德和
余容光,紫芝處士
余寅,二十二,君房
余寅元,速巖,遽巖
余寬,仲仁
余寶,鈞玉
余寶錕,劍甫,釗爾,釗甫
余尊玉,其人
余尊鄉,元善
余小娥,希謝
余尚楷,表紳
余居寬,厚菴
余履謙,子箴
余岳,泗濱
余峻,午峯
余崇坤,地山,池山
余崇熙,少坡,少波
余崇龜,景望
余崑璠,潤齋
余嵩慶,子澄,梅友,芷苓
余嶙,嵩庵
余嶸,景瞻
余希周,思兼
余希嬰,筠雪
余希聖,岫雲,非非子
余希芬,朗仙
余帝與,錫疇
余席珍,待聘
余常,天常
余幹,樗年
余庭訓,勉齋
余康,時淸
余廷峩,容宣
余廷憲,守經,守軒
余廷標,元功
余廷燦,卿雯,存吾
余廷玘,珮瑲
余廷球,元鳴,玉堂
余廷瓚,伯獻,忠愍
余廷蘭,晴皋,臨江
余弼,相之
余彥廣,德廣
余彥恭,敦禮
余彥明,晉叔
余彥直,叔温
余彪,龍池
余彬,文卿,質夫
余從周,廣魯
余復,子叔
余復升,文秩
余徵,弘貴
余德恬,懷靜,泉溪
余德昌,幼麟
余德理,一齋
余德秀,希真,蔚峰
余德韶,虞岑
余心純,葵明
余志,志學
余志斌,道生
余志賢,晦村
余志鼇,青萬
余忭,士悅
余忱,孚中
余思復,不遠,中村
余思敬,尹東
余思明,俞思明
余思樞,子元
余思詒,易齋,翼齋,雨亭
余思齋,思齋
余性淳,靜昭
余恂,孺子
余恆,時中
余惠迪,元吉
余愭,仲子,勤夫
余慎,梅卿
余慶甫,嶽祥
余慶遠,璟度
余慶長,元亭,庚耦
余應松,小霞
余應桂,二磯
余應球,國器
余應福,芝廷
余應雲,子存,覺園
余應霖,沛生
余應鳳,士韶
余懋中,五十,德懋
余懋孳,舜仲
余懋學,恭穆,行之
余懋官,子佩
余懋支,全之,定宇先生
余懋杞,建偉
余懋棅,舟尹
余懋檣,荊帆
余懋衡,余懋恆,少原,持國
余懋進,用之
余懷,余杜白,廣霞,曼持,曼持老人,曼翁,淡心,漫翁,澹心,無懷,雲壑,鬘持老人,鬘翁,鬟持老人
余成,官臣
余成教,石園,道夫
余成聰,巍軒
余成錫,小均,小筠
余承勛,懋昭
余承柱,丹巖
余持中,袓聖
余振采,誦白
余撰,子春,枳村,詠沂
余敘,仲倫,北罔先生
余敦善,天民
余敬,行簡
余敬中,海鷗
余斂,子容
余文,孟質
余文儀,叔子,嘉樹樓,寶岡
余文光,子良
余文愚,賓林
余文獻,伯初,可徵
余文瑞,一麟
余文蔚,日彰,莪村
余文龍,仲拙
余斗祥,瑞卿
余日孜,寅齋
余日強,伯莊,彥莊,淵默
余日華,君實
余昊,春卿
余昌,正卿,雲澗
余明陞,治生,雲庵
余易,明一
余星旋,景齋
余春照,蘭友,鬱溪
余昭攀,夢符
余昭武,觀成
余昶,下邳郡侯
余時舉,庸之
余時英,寒塘先生,景淳
余時言,知默
余晉芳,子青,春暉老人
余景和,聽鴻
余曰德,午渠,德甫,應舉
余有丁,丙仲,同麓,文敏
余有勲,守成,退圃
余有慶,元善,竹所
余有敬,元禮
余有為,次棠
余朝儀,子威
余朝卿,汝弼
余朝相,君卜,心度
余朝蓋,觀成
余朝貴,鼎臣
余本,松亭
余本實,誠之
余本愚,古香
余本敦,朗山
余杞,仲山
余杲,漢泉
余松,茂老
余枋,榆坡
余林,茂宗
余桂,瓊英
余桂萼,毓蟾
余棐,子忱
余棟,東木
余棨,菱香
余植,士立
余楠,讓生
余楷,壽巖
余榮,翼亭
余樞,謹叔
余樹干,似村
余樾,宏父,梅邊
余欽,敬夫
余止,景山
余正,德載
余正垣,小星
余正徤,乾行,惕齋
余正煥,星堂,章甫
余正酉,秋門
余步雲,紫松
余步鼇,春浦
余毓湘,瀟友
余毓澄,靖瀾
余毓祥,夢岩
余永修,可齋
余永寧,介升,允升
余永淳,厚合,厚含,原含
余永齡,梅村
余汝弼,廷輔
余汝益,伯虞
余沖,雲翼
余治,翼廷,蓮村
余泰來,子閎,素堂
余洙,宗魯
余洪,崇範
余洪恩,子承
余洵,允淸
余淑芳,椒圃
余深,原中,原仲,源仲
余淵,深道
余清,夷老
余湘,士南
余溥,仲傅,余應,第一,逢時
余潔,伯秀
余潛士,時纘,耕村
余澤文,蘇圃,蘇園
余澤春,二田
余澹巖,恆齋
余濂,宗周,宗因
余濟,心淵
余濤,蓴沚,順之
余濬,濬川
余瀚,安直,銀峰
余灝,泰熙
余炎,艾石
余炳燾,仙圃,余廷珍,余棠,吟香,聘三,雲槎
余炳章,琴軒
余炶,義河,體易
余為霖,惕區
余為龍,又光,應庵
余烈,子駿,承謨
余焜,湘麓居士,石莊
余煌,忠節,武貞
余煥文,偉齋,夢傳
余熂,茂本
余熙,晉齋
余熙春,竹筠
余燾,元輔
余爌,北坡,德明,柏坡
余爵,天有,烈愍
余爽,荀龍
余玉成,介石
余玉節,振衡
余玠,義夫
余玿,潤亭,韞石
余珊,德輝,竹城
余珍卿,雲峰
余珍玉,席人
余珏,玉甫
余琦,世徵
余琰,公瑞
余瑞,文瑞
余瑱,俞填,翼愍
余璇,君陵
余璞,良玉
余璣,十四,困學,懋器
余璦,德夫
余璽,世用
余璿,彥衡
余瓗,元眉
余瓚,世用,十三
余用,明卿
余田,舜耕
余甸,田生,甸生
余畟,叔良
余疇若,堯輔
余直方,行父
余省,曾三,魯亭
余祈繁,汝盛
余祐,余祜,子積,訒齋
余祖奭,余祖禹,景召,祖禹
余祖潤,澤農
余祜,子積,認齋
余禎,興邦
余秉清,體乾
余秉芳,宗正
余立政,華南
余立本,敦士
余童,德星,星郎,端蒙,第六十三
余端禮,忠肅,處恭
余端臣,正君,訥庵先生
余範,彝孫
余紉蘭,猗叔
余純似,孝甫,宏齋先生
余素紹,松吾
余紹宋,余廬,寒柯,越園
余紹昶,小湖,小澗,小瀾
余紹書,勖齋,易齋
余紹曾,芝亭
余紹祉,元丘,大疑,子疇,疑庵居士
余紹祖,紹經
余紹袓,光裔
余絢,公素
余統,承之
余經,正公
余經元,冠卿
余經國,伯文
余維翰,卜生,幄籌,穀蓀
余綸,伯綬,岸修
余綿麃,芝田,鼎功
余縉,仲紳,大觀堂,浣公
余繼善,明復
余繼坤,雪筌
余繼城,固菴
余繼昌,荃泉
余繼生,蔭川
余繼登,世用,文恪,雲衢
余罃,宗器
余羨元,不其
余翱,羽皋
余聖言,佘聖言
余聯沅,搢珊,晉珊
余肇康,倦知老人,堯衢,敏誠,敏齋
余肇桐,禹勤
余肇湘,楚帆,茝庵
余肇錫,蕃皋
余胤緖,思孝,愼修先生,玉厓
余致中,和齋
余致研,瞻雲
余良弼,巖起
余良楨,士翼,承溪
余良樞,士中
余良祚,靈承
余良翰,八十三,梅罔,邦憲
余良肱,康臣
余芑舒,息齋
余芳瑤,三湖詩史
余芳舉,乘邦
余英,松齋
余茂,時育
余茂舒,小谷
余菱,鏡香
余萃文,斂齋,星會
余萼銜,少冰,甫來
余蕭客,仲林,古農,盲先生,選音樓,鬼谷子
余藩卿,翰臣
余蘭素,畹香
余虎臣,敬夫
余複,存美
余覺華,榮甫
余觀和,元音,樂齋
余觀國,賓王
余觀復,中行
余觀德,君懷
余誠格,壽平
余謙,嵕山
余謙一,子同
余象斗,佘象斗
余貞,復卿
余貞翠,心冰
余賜,余璀,昆美
余贊,祖聖
余贊年,鼎三
余載,大車
余述祖,紹芳
余逢時,際昌
余逢辰,西堂,鏡淵
余連萼,孚山,惺庵,棣堂
余道生,易昉
余道隆,景在
余適中,南生,理堂
余選恩,綬銓
余重耀,鐵山
余金,貢之
余鈺,琢圃,琢園
余鉦,震埏
余鋟,二十一,文甫
余錫椿,殿采
余鍔,慈柏,起泉,起潛
余鍧,子振
余鎔,成夫
余鎬,周京
余鎮藩,子昭
余鏞,子韶
余鐸,文振
余鑄,子壽
余鑅先,宏田
余鑑龍,雲從
余鑒,涵輝,鏡湖
余鑾,廷儀
余長清,湘槎,相槎
余闈,叔容
余闕,天心,廷心
余陞科,冰壺,水壹,水壺
余隅,克齋,占之,古齋
余際昌,威毅,會亭
余集,孟浩
余雲貞,紉蘭
余震,東卿
余霈元,鷺門
余霖,師愚
余靖,安世
余順,天助
余顯,光大
余顯廷,德臣
余颺,季廬,老鐵,賡之
余養元,食其
余馨,恆若,月橋
余體仁,心畊,心研,心耕
余高,子昂
余鳳喈,梧岡
余鳴雷,長公
余鴻緒,少垣
余鴻賓,六吉
余鵬,摶九,鯤化
余鵬翀,少雲,息六,月村
余鼎,正安
余鼎實,廷和
余龍光,拙庵,燦如,黼山
佛依謨富謙,牧齋,福謙
佛保,佛柱
佛寶柱,佛保住,佛保柱
佛智,佛志
佛爾國保,葆臣,韞之
佛爾國春,石臣,芝圃
佟世思,儼若
佟世雍,熙臣
佟代,佟岱,屯泰
佟佳介福,受慈,受茲,景庵,景菴,野園
佟佳伊勒慎,伊勒深,肅靖
佟佳伊齡阿,精一
佟佳佈勒亨,布勒亨
佟佳卓羅,卓洛,召羅,忠襄
佟佳台斐音保,台裴音保,武愍
佟佳哈克三,哈克山,武毅
佟佳喜明,勤毅
佟佳圖爾炳阿,圖勒炳阿
佟佳夸岱,誇岱
佟佳官保,佟佳關保
佟佳巴漢,巴罕
佟佳巴篤理,巴篤禮,巴篤里,敏壯
佟佳常明,襄恪
佟佳常青,常淸,恭簡
佟佳恭壽,問松
佟佳慶復,慶福,瑞園,邵亭
佟佳扈爾漢,扈爾漢轄,覺羅
佟佳托時,佟佳託時
佟佳文凱,同家文凱
佟佳松壽,忠節,鶴齡
佟佳永慶,敬僖
佟佳永隆,子懋
佟佳法海,悔翁,淵若,青村
佟佳準塔,襄毅
佟佳瑪哈達,馬哈達
佟佳福克精阿,福克金阿
佟佳耆綱,佟濟,蘭舟
佟佳藍拜,冬佳藍拜
佟佳蘇彰阿,蘇章阿
佟佳裕瑞,恪勤
佟佳裕誠,文端
佟佳補熙,佟佳布熙,溫僖
佟佳豐紳,勤襄,瑞庵,襄勤
佟佳達哈塔,達哈他
佟佳達淩阿,武壯,達凌阿
佟佳邁圖,忠毅
佟佳錫特庫,席特庫
佟佳雙成,就園
佟佳齊哴阿,佟嘉齊哴阿
佟保,嶧山,繹山
佟兆寧,敷遠
佟國佐,吉臣
佟國器,滙白
佟國正,[佟佳國正],佟國楨
佟國瑞,輯五
佟國瓏,信侯
佟國維,端純
佟國綱,忠勇
佟國聘,君莘
佟國胤,佟國印
佟圖賴,佟盛年,勤襄
佟在田,筱亭
佟大任,海叔
佟康年,晉公
佟彭年,壽民
佟應龍,司言
佟景文,敬堂,艾生,質夫,鏡汀
佟珍,時貴
佟璋,麗齋
佟義,同義
佟鋐,蔗邨
佟養性,勤惠
佟養真,佟養正,佟養貞,忠烈
佟鳳彩,勤僖,子岡,棲友堂,高岡
來三聘,任卿
來之邵,祖德
來僧,孝則
來儼然,望之
來呂禧,西老
來天球,伯韶,雨山
來宗道,子繇
來復,陽伯
來悅,繹之
來慈,思毓
來擇,無擇,秣陵子
來斯行,槎菴,道之,馬湖
來期鏻,蓉湘
來某,了悟,來氏
來汝賢,子禹,菲泉
來煦,桂堂
來燕禧,周老
來燕雯,對山,拂雲
來獻臣,明之,頤軒
來知德,瞿唐,矣鮮
來秀,子俊,實甫,鑒吾
來經濟,濟時
來維禮,敬輿,椒園
來耀祖,顯宗
來聘,安國
來膺薦,邦賢
來蕃,成夫
來衡,一之
來詔,天書
來誠,元道
來起峻,江皋,魯登
來錫蕃,子庚
來集之,倘湖,元成
來驤,鐵山
來鴻瑨,珄渠,雪珊
來鴻雯,羽上
來鵬,來鵠,鄉校小臣
侍其佃,仲年
侍其曙,景升
侍其氏(侍其軸女),淑媛
侍其沔,國紀,夷晦先生
侍其瑋,良器
侍其鈜,希聲
侍其鑑,彌明
依拉理旌額理,伊拉理旌額理,旌額禮,旌額里
依爾根覺羅愛新保,伊爾根覺羅愛新保
依爾根覺羅成林,伊爾根覺羅成林,成寧
依爾根覺羅連順,捷安
依特墨依特長順,依特長順
侯一元,應乾
侯七乘,仲輅
侯世卿,國輔
侯之緹,陳之緹
侯于唐,廣明,蓮岳
侯于趙,宗度,葵所,葵所先生
侯仲良,師聖,荊門
侯仲震,伯修
侯佺,青溪
侯來旌,穎長
侯偉時,令丘,異度
侯健融,翀菴
侯元棐,兔園,友召
侯元采,文卿
侯兆瑞,輔廷,輯廷
侯先春,元甫,少芝
侯克中,正卿,艮齋
侯列,侯冽
侯剛,乾之
侯友彰,侯友章,夢符
侯叔獻,景仁
侯可,無可
侯名揚,耀先
侯君擢,烈愍,際明
侯周臣,崇峰
侯啟忠,汝弼
侯喜,侯十一,叔起
侯國,千里
侯均,伯仁
侯坤,磐石,竹愚
侯執信,方來
侯執蒲,以康,碧塘
侯堯封,復吾,欽之
侯壽山,靜軒
侯大中,損齋
侯大本,亦農
侯大魁,春山,梅山
侯天祜,伯純
侯奉扆,魯封
侯子,麥又
侯學愈,伯文,戢庵
侯學詩,康衢,葦園,起叔
侯宗秩,樹堂
侯宜正,汝立
侯宣,松林居士
侯家璋,灃南
侯寘,彥周
侯寧,懷德
侯寶三,康侯
侯封公,价藩
侯小雲,綠窗
侯居坤,伯生
侯居艮,伯成
侯屏翰,憲百,敬齋
侯岐曾,文節先生,雍瞻
侯峒曾,廣成,忠潔,忠節,豫瞻,黃成
侯峩,子謙
侯度,憲甫,西湄
侯庭樾,亦農
侯康,晉軒,汝錫
侯康逺,直夫
侯庸,景中
侯延慶,季長,退齋居士
侯廷柱,侯廷桂,子任,密坡
侯廷珮,泰和,長德
侯廷訓,十七,孟學
侯廷鉞,左庭
侯彪,多君子
侯彭老,思孺,醒翁
侯復,祖望
侯必登,懋學
侯志泰,怡堂
侯忠,師正
侯思古,士睿
侯恂,誠之
侯恪,木菴,次子,若木,若樸
侯慶遠,公善
侯應徵,公選
侯懋功,夷門,延賞
侯懷風,若英
侯承恩,孝儀,思谷
侯承慶,燦東,雲巖
侯承祖,懷玉
侯承誥,欽之
侯抒憤,襄山
侯振世,素岩,韓振
侯文熺,浴日,蘅皋
侯文燦,亦園居士,為光
侯方,公矩
侯方域,四憶堂,壯悔堂,朝宗,村西草堂,雜庸堂,雪苑
侯方夏,赤社
侯方岳,仲衡
侯於廷,對之
侯昉,勤補
侯昌銘,箴青
侯明,定夫
侯晉升,德昭
侯晏,彥齊
侯晰,惜軒,粲辰
侯晸,紀之,蛟河散人
侯曦,朝賓,衣澹
侯有功,五十六,思謙
侯有晄,鹿三,麗三
侯材驥,仙舫
侯東萊,儒宗,掖川,道宗
侯杲,仙蓓,霓峰
侯某,老侯
侯桂林,茂庭
侯桐,玉山,葉唐
侯楨,二梅,子勤,誌勤
侯樹銜,介亭
侯氏(侯元禮女),端嚴
侯氏(侯子良女),僧娘
侯氏(侯屺女),羅娘
侯汝承,意圖
侯汝諒,叔貞
侯汸,櫃園,潛確先生,記原
侯泰,侯太,勤貞,順德,順懷
侯洪,有容
侯清耀,仲輝,岳齋
侯溥,雲麓
侯溪,三十八,守止
侯漱蘭,佩香,夢香居士
侯潤,仲璣,十五
侯煒,心聲,景文,石琴
侯玄涵,掌亭,研德
侯玄瀞,智含
侯玉,德潤,梅軒
侯玉輅,昆洲
侯王公,寧南
侯珍,承令,英娘
侯珮,天和,靜溪
侯琫森,緯辰,鐵生
侯瑩光,心垣,星臺,東園
侯璋,璞菴
侯璡,不折腰尚書,廷玉
侯瓚,奉璋
侯甲瀛,一峰,小巢
侯畐,節毅,道子
侯直,公繩
侯相芝,蘭江
侯祁,應文
侯祖德,繩武
侯祝萬,縉堂,躋堂
侯祥,元吉
侯秉義,質甫
侯秩,季常,平丘
侯穆,淸叔
侯紹曾,孝傑
侯紹瀛,東洲
侯綸,廷言
侯緘,世言
侯績,夏士
侯翌,子冲,子翀
侯臣,三十二,仲勳
侯臨,敦夫
侯自明,景德
侯良柱,朝石
侯良翰,筠菴
侯芝,修月閣主人,香葉
侯英,世傑
侯莫陳琰之,智達
侯葆文,真甫,紹村
侯蒙,元功,文穆
侯蓁宜,儷南
侯蟠山,仁圃
侯觀,仕賓
侯詠,子復
侯賓,薌谿
侯賓于,廷美
侯賡成,康田
侯贍,道蔚
侯迺左,黼堂
侯逢丙,唐卿
侯運昌,惠西,敬韋
侯鈞,侯均
侯鉞,義甫
侯銓,梅圃,秉衡
侯錫珵,肇輝,蘊齋,鍾麓
侯錫麟,少靈,絅堂
侯長熺,梅亭
侯開國,大年,鳳阿山房
侯雲松,觀白,貞友,青圃,青甫
侯雲登,梯月
侯震暘,啟東,在觀,得一
侯體隨,從甫
侯高,元覽
侯鳳苞,心齋,舜威
侯麟勛,慎來,漢儀
侯鼐,堯山
俊乂,淑臣,輔廷
俊達,質堂
俎威,元閴
保㞰,允常
保住,保柱
保八,公孟,普菴
保培基,井谷山人,西垣
保壽,慶長
保昌,奎垣,子猷
保極,汝亭
保清,鑑塘
保瑞,蘭階
保甸,君平
保薦,君聘
保鑒,保三,鏡吾,韻青
保𥈠,天與
俞㬎,日絲,蝶君
俞㮚,衹若
俞㯙,方叔,醉翁
俞一貫,原道
俞世基,德仲,書通
俞世寅,曉峰
俞世德,守宗
俞世恩,授之
俞世榮,封三
俞世潔,石坡,與之
俞世銓,信卿,玉衡,野孫
俞之彥,章施
俞之琰,以除
俞之鈺,寶軒
俞乾,一清
俞亨宗,兼善
俞介,仲和
俞仲溫,子玉
俞伯曾,子先,忠景,翠軒
俞佩印,漢符,琴舫
俞俊,尚賢
俞俟,居易
俞偉,仲寬
俞備,幾甫
俞僴,十九,弘毅
俞允文,仲蔚,允執,質甫
俞允若,念鄉,慈嘉,錫公
俞元,長卿
俞元昌,得全
俞元燮,邦亮
俞元璠,魯崖,魯產
俞元膺,元應
俞元良,賡廷
俞充,公達
俞兆岳,五峰,岱禎
俞兆晟,叔穎,叔音
俞兆曾,天文
俞光凝,子前,榮祖,益孫,第三
俞光蕙,滋蘭
俞克堪,用可
俞克振,耕餘
俞公明,俞忱一,則明
俞公淮,佳水
俞公穀,康先
俞冠群,澗南,選卿
俞則全,十一,祖修
俞功懋,又山
俞勉,勉道
俞勛,怡叔
俞化鵬,扶九,青來,青岳
俞南金,國良
俞卿,元公,恕菴
俞厚,德載
俞原,女床山民,宜長,語霜
俞友耀,鎮堂
俞可弘,俞可宏
俞君玉,仲囦,竹所
俞君豋,泰卿,貞節先生
俞君選,憲可,艮軒先生
俞君錫,仲疇,竹屋
俞命胤,胤甫
俞命雄,仲英,晩休亭,溫簡
俞和,敬齋
俞咨益,十二,汝虞
俞咨禹,司平
俞啟桂,小山
俞善衛,原善
俞善麟,元瑞
俞喬,子遷
俞嗣勛,松坪
俞嗣烈,蘭坪
俞嘉勛,德應,德膺,德齋
俞嘉言,彰甫
俞因,季則
俞在,存誠
俞坤,畇原
俞坷,定夫
俞埛,存野
俞培元,小園,魁三
俞堉,容萬,蘅皋
俞塞,吾體,無害
俞增光,謙之
俞士千,吉仲,第千四,紹之
俞士吉,用貞
俞士彥,元夫,耐園灌者
俞士悅,仕朝
俞士棟,學修
俞士章,汝成
俞士英,服膺
俞壽璋,琢吾,達庵
俞壽祺,季眉,考叔
俞壽禎,李眉
俞夏益,士謙,百忍堂
俞夔,舜臣
俞夢傅,圓父
俞大文,仲乙,荔峰
俞大潤,叔戊,蓮士
俞大猷,升于
俞大祺,景維,碪淵,釣叟
俞大謨,安國,安谷,耦生
俞天憤,彩生,採笙
俞天成,惠昭
俞奎垣,叔鸞,襲芸,襲蕓
俞奕曾,仲山,時齋
俞好仁,克己,林溪
俞子良,俞夫子,汝誠
俞孜,景修
俞孟芳,世賢,葉孟芳
俞守曾,子約
俞守道,達卿
俞安期,公臨,羡長
俞宏宦,君相
俞宗斌,長卿
俞宗海,粟廬
俞寬,伯仁
俞寶華,石菌,蓮石,雲莊
俞尚禋,漢遠
俞山,梅莊,積之
俞岳,子駿,少甫,止齋
俞崇,元之
俞崧齡,壽民
俞希哲,天木,子與
俞希魯,用中
俞師魯,唯道
俞庭椿,俞廷椿,壽翁
俞康,大中
俞康直,之彥
俞庸,凝清,子中
俞庸禮,立甫,筠圃
俞廉三,厂異軒,廙仙,廙軒
俞廷元,素蘭
俞廷垣,俞之琰
俞廷掄,桂峯,桂華
俞廷棆,俞廷掄,純植
俞廷棟,松千,永懷
俞廷熙,偉卿,子石,蕙清
俞廷玉,河間郡公
俞廷瑛,小圃,筱甫,紫卿
俞廷舉,一元山人,一園,石村
俞彥,仲茅,李時彥
俞彥明,用晦
俞得一,寧叔,歸窩
俞得儒,大雅
俞復亨,愈復亨
俞德惠,用濟
俞德懋,晉卿
俞德淵,俞登淵,原培,陶泉
俞德濟,公廣
俞德秀,漱珊
俞德藻,質夫
俞德鄰,佩韋,大玉山人,太玉山人,宗大
俞志學,聖階
俞志虞,節愍,華隣,際華
俞思冲,曕白
俞思源,原水,稻薌
俞思穆,星垣
俞恂,子嚴
俞恆,久甫
俞恆治,子安
俞恆澤,楚七
俞恩,江村居士,王錫
俞恭,履謙,桂林
俞意,子誠
俞慶,大有
俞慶和,鳳韶
俞慶恩,鳳賓
俞慶曾,吉初,琴愔
俞憲,岳率,汝成
俞應元,景隆
俞應孚,信之,忠穆,碧梁
俞應符,德瑞,文惠
俞成,元德
俞成慶,開黼,陔譜
俞承德,鳳翰
俞括,資深
俞振才,仲才,振才
俞振翁,邦義
俞振英,仲英
俞撚,惟綺
俞效曾,勉芝
俞敦,崇禮
俞敦培,芝恬,芝田
俞敬,一中,三十三
俞文,懋學
俞文榮,國華
俞文淵,天池
俞文炳,嘉受,堯峯
俞文詔,士麟
俞文豹,文蔚
俞文達,行之
俞日灴,祿昌,鶴亭
俞昆,佑英,裕齋先生
俞昌恕,笠農
俞昌言,楠園,范甄
俞明,滌煩,鏡人
俞明德,在明
俞明詩,麟洲
俞明震,恪士,觚庵
俞易直,平叔
俞昱,宣夏,忝庵
俞時中,器之
俞時及,二十七,伯雨
俞時歆,二十三,伯駿
俞曄,克晦
俞有斐,睍蒼
俞有章,易菴
俞朝妥,寵之,未軒
俞木,嗣祺
俞本,景立
俞東,彥春
俞東枝,岱青,心垣
俞林,壬甫,芝石
俞桂,希郄,晞郄,晞郤
俞梅,大羹
俞梅岑,蕙甯
俞棠,也舟,士介
俞棨,市南,文忠,武仲
俞楷,晚庵,正之,范庵
俞榥,叔典,忠簡,鳳洲
俞樹堂,棣恭
俞樹風,德加,松石
俞樾,中山,右臺仙館,回峰閣,好學為福齋,日損益齋,春在堂,曲園,曲園先生,曲園居士,曲水亭,樂知堂,湖樓,瑞梅軒,福慧樓,第一樓,絢巖,羊朱翁,艮宦,茶香室,茶香說經老人,草草廬,蔭圃,蔭甫,認春軒,賓萌,達齋
俞櫶,晦伯,松汀
俞欽,振恭
俞正燮,四養齋,理初
俞正禧,薌林,鼎初
俞永,嘉言,正學
俞汝器,器之
俞汝尚,仁廓,溪堂居士,退翁
俞汝本,秋農
俞汝梅,羹和,羹祁
俞汝為,元宣
俞汝益,伯虞
俞汝言,右吉,大滌山人
俞汝霖,啓沃,政堂,景安
俞江,原岷,談齋
俞泓,忠穆,松塘,止叔
俞泰,國昌,正齋
俞洪,立可
俞洵慶,溥臣
俞浙,季淵,致曲先生,默翁
俞浚,安平
俞淑貞,冰壺女史,守貞,蘭谷
俞深,濬之
俞淶,巨川
俞源,崙泉,燭溪
俞溥,德洪
俞演,則大
俞漢,仲雲
俞潔己,季清
俞澂,且軒,子清
俞澤,汝霖
俞濯,新谷,汝信
俞瀚,冶村,沛江
俞瀣,忠烈,松菴,淑夫
俞灝,商卿,青松居士
俞炯,明仲,桃園
俞炳輝,樟卿,潞生,鹿笙
俞烈,子駿
俞焜,取斯堂,文節,昆上,雲史
俞焯,俊心,實夫,見嵐
俞煜,省齋
俞熭,任才,克晦,困甫,第三十一
俞燝,宗陽
俞牆,堯夫
俞獻卿,諫臣
俞獻可,昌言
俞玫,佩珣
俞珏,十瑴
俞琨,裕齋
俞琬綸,君宣
俞琰,林屋山人,玉吾,石澗,石澗先生
俞琳,元誨,葛琳
俞瑊,君玉
俞瑒,犀月
俞璋,朝相
俞璟,景明
俞璡,琬君
俞璣,廷美
俞璧,昆庵
俞田增,麗生
俞畢,克成
俞疇,叔惠,惠叔
俞皋,逢伯
俞益謨,嘉言,澹菴,青銅
俞直方,行文
俞相,瑩中
俞相基,公佐,祈招齋
俞相廷,中岳
俞省三,勿齋,月樵
俞省曾,子修,愚谷,拗谷
俞祐,俞祜
俞祿,從學
俞禮,達夫,隨盦
俞禹璣,衡六
俞積治,天成,端初
俞穎達,鳳台
俞穩,宅仁
俞端,公美
俞素,公受
俞紫琳,俞澹,子中,清老
俞紫芝,秀老
俞絳,絳之,肅敏
俞經,勉誠
俞維屏,樹德
俞綱,宗立
俞緯,仲寬
俞繡,緘史
俞繪,愛榴子,本素
俞翼昌,于昭
俞聘,獨孤子,鷹中
俞聞中,夢達
俞肅基,兼山,子恭
俞肇,伯初,復庵
俞肇明,四如
俞肯堂,人表
俞自得,吟隱
俞舉,存厚
俞舜凱,桐孫,第十五,與才,良器
俞舜臣,天錫子,治甫,海峰子
俞舜齟,與才
俞良史,天榮
俞芳蘭,筠亭
俞英,薪傳
俞茂係,唐英
俞茂系,唐英
俞荔,碩卿
俞萬春,仲華,忽雷道人
俞藎,十一,廷臣
俞蘭元,芝盟
俞處俊,師郝
俞處約,夢雲,景孫,瑞兒,第四十九
俞蛟,夢廠,清源
俞觀能,大任
俞誠一,俞公明,俞忱一,則明
俞誦芬,茗溪,鬱蘭
俞諫,二十五,良佐,莊襄
俞諮伯,俞咨伯,禮卿,蒲山
俞謙,謙甫
俞謹,懋庸
俞豐,應南,雲谷老人
俞貞木,有立,貞木
俞起昌,子盛,西湖山人
俞起蛟,芝雲
俞超凡,衣點
俞述祖,紹芳
俞通海,忠烈,碧泉,虢國公
俞通淵,越雟侯
俞通源,南安侯,百川
俞逢辰,舫花
俞道生,元立
俞達,慕真山人,萬通
俞遠,之近,空谷
俞邁生,耐園灌者
俞邦彥,粲英
俞酉發,明叔
俞金,升器,叔器,時齋
俞金鰲,俞金鼇,厚安,厚菴
俞鍔,一粟,則人,劍華
俞鍾穎,君實,城南漁隱
俞鍾綸,幼蘭
俞鍾詒,調卿,調青
俞鍾鑾,次輅,金門,養浩
俞鎔,麓山
俞鎬,孟京
俞鎭,士虞,學村
俞鎭瑢,佩和
俞鎮,伯貞
俞鐘綸,幼蘭
俞鐸,振文
俞鑑,元吉,元器,十八
俞長吉,幾先
俞長城,寧世
俞長孺,觀光
俞長民,吾之
俞長策,陳琛,馭世
俞長贊,子相,子襄
俞陛雲,階青
俞陳琛,夢符
俞際清,朗亭
俞集,汝成
俞集一,大叔
俞雍,文熙
俞雨化,雲從
俞雲,即佛,瘦石
俞震,春泰,春聲,春震
俞霑,時澤
俞靖,俞猷仲,宋祐,西郊
俞靜貞,仙霞
俞韜玉,俞韞玉,隱倩
俞韞玉,隱清
俞顯卿,子如
俞魯瞻,匏村,岱岩
俞鯤化,雲鵬
俞鳳章,九儀,余庵
俞鴻圖,則堂,麐一,麟一
俞鴻慶,伯鈞,劍江,蓮徵
俞鴻漸,儀伯,劍華,澗花
俞鵬,漢遠
俞鵬程,扶九
俞鸞,應和,近河
俞麟年,雅平
俞齊賢,忠夫
信世昌,中隱,雲父,雲甫
信亨祚,光祖
信元瑞,君符,筠甫
信和來,竹颿
修德,敬中
俱海,全真
俺都,成之
倉士琅,率真,貢三
倉景恬,倉景愉,少坪
倉景愉,少平,景則,靜則
倉爾爽,嶲臣
倉聖潢,倬甫,敬亭
倪?,倪阜,舜薰
倪㫤齡,倪襄,玉純
倪㴵,太亨
倪三綬,守秩
倪世安,靜軒
倪中,中愷
倪人坰,次郊
倪人澤,子春,守彞
倪仁吉,凝香子,心惠
倪以仕,時可,玉峰
倪以琮,竹珊
倪俊明,蓼思
倪偁,文舉,綺川
倪傑,葉帆,軼凡
倪允,信仲
倪元坦,畬香,醒吾
倪元寬,洪江
倪元珙,三蘭,賦汝
倪元璐,園客,文正,文貞,玉汝,鴻寶
倪元瓚,獻汝
倪兆禧,醇士
倪光熊,駿桓
倪光薦,允賢,東洲
倪公度,孟容
倪公晦,孟陽
倪公武,孟德
倪凍,霖仲
倪勝生,應熙
倪匡世,永淸,超定
倪千里,起萬
倪南傑,君立
倪占魁,斗星
倪印心,古洲
倪可大,簡伯
倪可與,仲權
倪嗣冲,丹忱
倪嘉慶,雋之
倪國璉,紫珍
倪在田,苕村
倪垕,泰定
倪城,哲夫,大成,質夫
倪士毅,仲弘,道川先生
倪夢商,三占
倪夢庚,蓮仙
倪大伸,藥岡
倪大器,崧山
倪大培,蓼亭,陟瞻
倪大猷,嘉謨
倪天民,秀夫
倪天淵,震亨
倪天澤,濟亨
倪天隱,千乘先生,茅岡
倪婉,菊軒
倪學洙,敏修,蘭畹
倪守中,了然子
倪宗嶽,鎮卿
倪宗正,文忠,本端
倪宗賢,涵初
倪定得,天山
倪寬,不疑,德裕,第八,謀哥
倪寶璜,渭生,載軒
倪寶田,墨耕,默道人
倪小,茁姑
倪少通,子明
倪尚忠,世卿,葵明
倪尚誼,思敬
倪居敬,行簡
倪岳,文敏,文毅,舜咨,靑谿,青谿
倪峻,克明,峻德
倪嵩,中卿
倪師尹,得一
倪師旦,符卿
倪弘昌,茂昆
倪彤書,又鋤,珥臣
倪彬,子文
倪德孺,南州
倪必英,梅九
倪思,文節,正父,正甫,齊齋
倪思寬,存未
倪思淳,懷民
倪思益,受卿,謙菴
倪思齡,澹園,祐三,稚眉
倪恩齡,覃園
倪恩齢,覃園
倪惟欽,俞軒
倪惟諴,和宣,用民
倪憲,時齋,東平
倪應星,象三
倪應淵,耕道
倪應觀,仲明,達甫
倪應頤,壽梅,梅羹,鼎甫
倪懿,藕軒
倪我端,古期,郢客
倪承寬,敬堂,春及堂,餘疆
倪承弼,容齋,馥棠
倪效曾,崖臣
倪敏,時勉
倪教敷,壽芝,文甫
倪敬,汝敬
倪文一,元芳
倪文俊,蠻子
倪文徵,舜平,舜年
倪文蔚,七鳳山樵,兩彊勉齋,小桐蔭閣,茂甫,豹岑,豹臣
倪斯蕙,禹同
倪星垣,蓮舟
倪昭奎,文光
倪晉,康侯
倪晉麟,午橋,小裴
倪普,君澤,希程
倪會鼎,子新,孝靖,孝靖先生,無功
倪月卿,子升
倪望重,仲榮,愚山
倪朝搢,笏山
倪材,長民
倪森,錦堂
倪榮桂,月培,霽軒
倪模,迂存,預掄
倪樸,倪朴,文卿,石陵,石陵先生
倪樹標,卓如
倪民獻,翼周,翼固
倪汝煒,杏堂
倪泉,若水
倪洪,怙老,景夫,景範,第八三
倪涷,雨田,雨田公,霖仲
倪淑,梅軒
倪淑儀,蕙蘭
倪淵,仲深
倪湯,德遠
倪溥,陸溥
倪潤,伯雨
倪澄,昭甫,淵道,第仍一
倪澧,北漁,甘漁
倪濟遠,孟杭,秋查,秋槎
倪濤,山友,崑渠
倪燦,闇公,雁園
倪珏,文玉
倪琇,尚瑩
倪琛,燕琴
倪瑗,公引
倪瑞,文嘉
倪瑞璿,玉英
倪璜,渭濱
倪璣,公在
倪瓚,元鎮,雲林
倪用楫,墨橋
倪用賓,王用賓,重光
倪申之,成山
倪登,彥及
倪登瀛,蓬仙,蠖公
倪祖常,子武
倪禹鈞,和甫
倪稱,文舉,綺川
倪端,仲正
倪端淑,幼端
倪紹先,述之
倪紹岳,晴峯,晴嵐
倪維德,仲賢
倪翼,澹齋,翼卿
倪耘,小圃,芥孫
倪聖生,文在
倪舉,汛之
倪良,大成
倪良曜,孟炎,濂舫
倪良耀,孟炎,濂舫,石輯居士,香修仙館
倪若駒,冀野,慈夢
倪萬斌,諤軒
倪萬春,瑞亭
倪蘊璿,瑤姬
倪蛻,振九,蛻翁
倪衷復,霞山
倪見龍,陳見龍
倪觀瀾,岳方,文淵
倪謙,克讓,文僖,靜存
倪警,新齋
倪議,與道
倪讓,允恭
倪輔,良弼
倪适,石麓
倪進賢,秉忠
倪道原,太初
倪釗,幼迂
倪鏜,仲瑤
倪鏞,廷器
倪長犀,六通
倪閃,則明
倪開先,伯起,伯超
倪阜,東岡,舜薰
倪震,子章
倪霖,宗玉
倪靜,芷軒
倪順,健夫,建夫
倪顒,廷瞻
倪馥,蘊香
倪驤,子舉
倪鳳瀛,侶梧
倪鴻,延年,耘劬,雲癯
倪鶚,子薦
倪黻,汝辨
倫五常,夢臣
倫以訓,彥式,次子,白山
倫以詵,彥群
倫以諒,彥周
倫善,國寶
倫文,紹周
倫文敍,伯疇,迂岡
倫明,哲儒,哲如
倫肇紀,協吾,子修
倫鸞,靈飛
倭仁,艮峰
倭勒蘇克金,莊介
倭昇額,倭陞額
倭星額,厚畬
倭赫,倭和
偉瑟,偉璱
偰伯僚遜,公遠
偰列箎,世德
偰哲篤,世南
偰善著,世文
偰文質,仲彬,忠襄
偰玉立,世玉,止堂,止庵
偰眉壽,天用,恭厚
偰維賢,佑之
偰遜,百僚遜
偰長壽,天民,文良,芸齋
偶桓,武孟,海翁,瞎牛
傅?,子厚,成山
傅一新,孟時,景雲,第大,蕭龍
傅一飛,伯濟
傅上襄,匡山,渡平
傅丕長,延伯,永孚
傅世榕,申甫
傅世煒,鄂伯
傅世綸,紹美,翰仙,鷗村
傅世舟,若霖
傅丞憲,垣西,春陔,禦臺
傅乾,一淸
傅予潤,汝湄
傅交益,交益
傅亨,傅復亨,子通
傅京初,慎庵
傅亶初,上生
傅以忠,葵圃
傅以成,星帆
傅以漸,于磐,御畫樓,御筆樓,於磐,星岩,星巖,貞固齋
傅以禮,小石,戊臣
傅以納,雲樵
傅仲辰,心孺,曉塘,蒼野
傅仲霖,民望
傅伯壽,景仁
傅伯成,忠簡,景初,竹隱
傅伯拱,景陽
傅伸,傅紳
傅佇,凝遠
傅作义,宜生
傅作楫,濟庵,濟慶,雪堂
傅作舟,元濟
傅作雨,元化,楚築
傅作霖,叔甘
傅侁,茂先
傅來鵬,南凕,雲征
傅修,子期
傅傑,虞卿
傅儲,石天
傅允,克誠
傅元直,正夫
傅元順,伯達
傅光,子溫
傅光典,月巖
傅光前,太恆,長孺
傅光宅,伯俊,伯安,金沙居士
傅光相,芸亭
傅光遇,介庵
傅光龍,子才
傅克生,豫江
傅公弼,夢良
傅公讓,子敬
傅冠,元父,元甫,元範,元輔,子京,季庵,寄庵,寄菴,寶綸樓,寶綸閣,忠烈
傅凱,時舉
傅列,力就
傅列張,元素
傅初,元之
傅勉之,第五,興郎,行可,阿興
傅匯,原宗
傅卓然,立齋
傅南喬,梁器
傅南楹,楚堂
傅占衡,平叔,洞虛子
傅卿,獻卿
傅友德,傅有德,武靖,頴國公,頴川侯,麗江王
傅叔,季成
傅叔昂,士修
傅可知,伯求
傅向初,公羽,曲溪
傅君定(字),君定
傅含章,華峯
傅呂,磻溪
傅咸師,德一
傅商弼,汝遇,肖巖
傅商霖,天賚
傅啓敏,修來
傅啟祥,東台
傅啟讓,仲禮
傅嘉年,蓮峯
傅國珍,君聘
傅國英,允若,菊生
傅在智,巖隱
傅均,南橋,成叔
傅垂範,祖德
傅垣,星城,野園
傅培,滋圃,臨川
傅培基,念堂
傅培峰,藕村
傅基賜,仲端,迂齋
傅堯俞,欽之,獻簡
傅增淯,雨農
傅增湘,抱書書屋,書潛氏,沅叔,潤沅,薑庵,藏園,藏園居士,藏園老人,西峰老農,鏡淸齋,長春室,雙鑑樓
傅增濬,仲宣,詠伯,雨農
傅增藻,匯溪,龍溪
傅墨卿,國華
傅壅,仲珍
傅士珍,雪樵
傅士發,君茂
傅士逵,蓮亭,鴻漸
傅壽,靈修
傅壽彤,傅昶,傅華賡,寅叔,淡琴,澹叟,玉叔,青餘
傅夏器,廷璜
傅夢夏,華川
傅夢泉,子淵,曾潭先生,若水
傅夢瓊,清漪
傅大聲,仲廣
傅大詢,公謀,鈴岡
傅大魁,蓉齋
傅好禮,伯恭
傅子雲,季魯,琴山
傅孟春,仁泉,體元
傅學沆,太冲
傅學禮,立之,竹溪
傅學禹,榆溪
傅守謙,嚴吾,濟川
傅安,志道
傅宗善,佑常,少箎
傅宗皋,直甫
傅宗禮,文伯
傅宗龍,仲倫,仲綸,忠壯,括蒼,雲中
傅定,敬子
傅定保,古直,季謨
傅宛,青儒
傅宸楹,文友
傅寅,同叔,杏溪
傅察,公晦,忠肅
傅察博勒霍,富察博勒霍
傅察永祿,富察永祿
傅察良卿,富察良卿,富蔡良卿,賚亭
傅察觀成,富察觀成
傅實,燦輝,璨輝
傅實之,南齋先生,莊父
傅寵,君錫
傅尚文,元質
傅履禮,則庸
傅履階,則及,鳳崙
傅山,不夜庵,不夜庵老人,丹崖子,丹崖翁,九峯,五峰道人,仁仲,傅僑山,傅子,傅真山,傅道人,傅道士,傅道子,傅鼎臣,僑山,僑黃,僑黃之人,僑黃山,僑黃山僑黃老人,僑黃直下,僑黃真人,僑黃老人,公之他,公之佗,公之它,公他,公它,六持,冷雲齋,召道人,嗇廬,土堂,大笑下士,朱衣道人,松僑,松莊,樂飢齋,濁堂老人,猶人,白石道人
傅岱,應谷,江峰
傅峒,陶溪
傅崇中,壹饒
傅崇德,伯文,倪韜,德謙
傅崇明,子達
傅崇黻,懶園居士,本善
傅崧之,宗山
傅崧卿,子駿,樵風
傅嵩炑,華封
傅巖,肖巖
傅巖起,夢臣,正獻
傅希摯,後川,承弼
傅希說,商佐
傅希龍,廷允
傅師孟,民善
傅常,仲常
傅康,仲孚,仲良
傅廷元,殿仙,輝三,輝山
傅廷標,半村,因是
傅廷獻,詹辰
傅廷珠,秋浦
傅廷理,懋点
傅廷鉞,寧遠
傅弘烈,仲謀,傅宏烈,忠毅,竹君
傅弘祖,謙宇
傅彥瑞,嗣筱,子振
傅德,富德
傅德臨,咸九
傅忠信,德先
傅思仁,臨溪
傅思明,遠甫
傅思諫,庭芝
傅思齊,至之
傅性喆,敏水
傅性敏,惟學
傅恪,傅格
傅惟肖,應求
傅感丁,雨臣
傅慈祥,良弼
傅慶貽,有積,積所
傅應時,以田,章士
傅應期,愧石
傅應禎,公善,思善,愼所
傅應詔,起巖
傅扆,彤臣,淸槻堂,荔農,蘭生,麗農
傅承樾,伯蔭
傅振海,曉淵
傅振邦,剛勇
傅敏,富敏
傅文,公器
傅文昭,光亭
傅文炳,小岩,蔚如
傅文用,三翁
傅文藻,二十四,宗理
傅斯年,孟真
傅斯懌,用之,豫齋
傅斯琮,伯器
傅斯瑄,仲藻,戒庵
傅新德,元明,商盤,文恪,明甫
傅日,午侯
傅日炯,中黃
傅明應,國卿
傅昱,彥晦
傅時望,仲瞻
傅景錞,桂園
傅景鏵,柱圖
傅晰川,旭昭
傅朝佑,右君
傅朝宗,德連,碭旋
傅杰,才甫,材甫
傅林,樾堂
傅桐,味琴,梧生
傅桐豫,吟梅,生茂
傅梅,元鼎
傅梯,青階
傅棠,石坡,繼夏
傅森,商霖
傅椿年,莊叟
傅楨,紹說
傅楫,元通
傅概,平叔
傅樹棠,愛林,蔭亭
傅樹森,菴雨
傅檝,定濟,廷濟
傅權,傅拳,東巖先生,次道
傅氏(潘思周妻),傅五芳
傅氏(路伯達妻),成德夫人
傅永綍,西齊
傅求,命之
傅汎際,體齋
傅汝修,正庭
傅汝功,建堂
傅汝梅,履中,羹堂
傅汝為,于宣
傅汝礪,若金
傅汝翼,文如
傅汝舟,丁戊山人,木虛,磊老,虛木
傅汝霖,雨三
傅汶,元魯
傅泰儀,鳳岡
傅泰煓,朗如
傅泰翀,舒鴻,舒鵬
傅洪,希遠
傅淇,元瞻
傅淑訓,咨伯,啟昧,白雲山房
傅淦,毅齋,篁山
傅淩,春泉
傅清,仲素
傅清樾,滋圃,玆圃,玆雨
傅渚,子淵
傅源,本清,翠峯
傅漢章,倬甫,又橋
傅潚,子澄
傅潢,星北,松眉
傅潮,曰會
傅潽,答泉,答洤
傅澤洪,怡園,穉君,育甫,育菴
傅澤淵,泉庵
傅瀚,文穆,曰川,體齋
傅炯,朝晉
傅為棟,巖叟
傅為竚,嘉言
傅為詝,傅為佇,傅為竚,傅為箸,傅為言一,傅為貯,嘉言,巖溪,藏密,藏密齋,謹齋
傅為霖,朗山,潤生
傅烈,承仲
傅烱,朝晉,石淵
傅煜,傅黯
傅熊湘,君劍,文渠,鈍安
傅燮詷,去異,浣嵐
傅燮鼎,我泉,筆可,鐵椽
傅爾申,謝侯
傅玉潤,玉潤
傅玉良,玉良
傅王露,玉笥,石畬老農,良木,閬林
傅珏,仲溫
傅珪,北潭,文毅,邦瑞
傅珮,朝鳴,虛巖
傅琰,季珪
傅瑾,公寶
傅璋,峩山
傅瓊,君寶
傅登榮,喆祥
傅皓,孔暘,暘坡居士
傅相殷,乃風,惟肖
傅眉,壽髦,竹嶺,須男
傅知柔,德潛
傅碧來,北錀,蓬嵐
傅碩存,澗泉,邁亭
傅福(鄭欽妻),世昌
傅禮,公緒
傅禮陶,文昉,文舫
傅秉清,懿幹,懿軒
傅秉鑒,曉湖,蘅唐
傅穉,漢儒
傅立,初菴,文懿,權甫
傅第元,梅畆
傅箕,拱辰
傅箕孺,帝良
傅紫璘,傅榮芝,雲裳
傅紹岩,梅根,潙陀
傅綬,東堂
傅維枟,培公,宵影,衛濱
傅維森,子丹
傅維烈,熙之
傅維祐,受之
傅維鱗,傅維楨,傅維禎,傅維麟,四思堂,掌雷,掌靁,歉齋,長雷,飛睹
傅綱,大常
傅繡芸,瑤卿女史
傅繩勛,古樹,和軒,接武,秋屏
傅繹,少鳧,巽生
傅羹梅,商岩
傅習,二十八,本學
傅翕,傅大士,善慧,善慧大士,東陽大士,玄風,雙林大士
傅翼,仲翔
傅耆,伯壽,伯成
傅肖形,夢徵,起巖
傅自修,勤道
傅自得,幼安,西園
傅自銘,小軨,心芝,新之
傅致柔,守剛
傅興祖,景場,景揚,景易
傅舟,子楫
傅良弼,安道
傅良諌,以信
傅芷,升可
傅若金,汝礪,與礪
傅若雨,雨亭
傅范淑,黎癡
傅茱娥,佩萸
傅華桂,心槑,心滐
傅華清,梅嶺
傅萬積,嶢山
傅著,則明
傅蒙,景初,與軒
傅蕙,珮珊
傅薇龍,雨巖
傅藻,伯長
傅蘭泰,夢巖
傅行,德方
傅行簡,居敬,敬父
傅觀光,友賢,竹坪,賓卿
傅觀海,星源,澄濤
傅訓,蘭泉
傅詩,雅三
傅誠,至叔,雪澗
傅諒友,冲益,沖益
傅諮,季揆
傅諴,友叔
傅謷,傅謸
傅證,邦彥,邦齋
傅譽蓀,久馨,蕙友
傅貴全,子初
傅賚弼,樹南
傅起岩,信甫,吉民
傅起巖,用卿
傅迪吉,五馬,石公
傅述鐘,直庭,紹先
傅進,仲與
傅遇年,硯農,靜延
傅遊藝,元綜
傅道統,寅脩,承宇
傅遜,士凱
傅野,景文
傅金,汝礪
傅金娥,佩環
傅金鎔,化從,良冶
傅金鐸,振之,景陸
傅金鑒,亦徵,諭度,齡度
傅銓彥,明明
傅錕,金坡,養鋒
傅錫疇,子范
傅錫祺,鶴亭
傅錫綸,星巖
傅鍾濤,劍秋,築山
傅鍾琭,德如
傅鎮,國鼎,近山
傅鑰,希準
傅鑾,成山
傅閻,士開
傅隱蘭,文卿
傅雨,奉峨
傅雱,彥濟
傅雲颺,菊農
傅雲龍,不易介齋,味腴山館,懋元,懋垣,籑喜廬,纂喜廬
傅霄,子昂
傅震,遠齋
傅霈,兆野,應霑
傅霖,小坪
傅靖,傅淸,熙菴,穆如
傅靜芬,夢遠
傅韶,德音
傅頤,傅頥,少崖,師正,觀蒙
傅顯,襄勤
傅馴,心齋,鑒川
傅魁,卓園
傅鳳翔,德輝,應臺
傅鳴會,汝嘉
傅鶚,文瑞
傅鼎銓,惟源
傅鼐,天和
傎宗燿,慎宗燿
傑烈,襄毅
傳國賓,上舍
僕慶孫,養君
僕散禿哥,萬虎將軍
僕散翰文,行之
僧家奴,元卿
儀克中,協一,墨農
儀智,居眞,居真,文簡
儀銘,子新,忠襄
儒林,子為
儒芳,心芝,蘭階,馨之
儲企范,天章
儲元升,儀羽,凱庭
儲兆豐,惇夫,茗坡
儲光羲,儲十二
儲其材,德華,碧山
儲南,光遠
儲右文,素田,雲章
儲善慶,長能
儲善閎,大聲,抑庵,穎亭
儲嗣恩,介補
儲嘉珩,太璞
儲國秀,材文,理所先生
儲國鈞,倚樓,石亭,長源
儲在文,中子,待園,禮執
儲士,兼周
儲夏書,培齊,培齋
儲大文,六雅,樊桐逸士,畫山
儲奇,允文,湖西芳圃
儲學洙,祝鈞
儲寶書,玉森,詵岡
儲巏,文懿,柴墟,靜夫
儲廷機,君宜
儲廷英,松友
儲徵甲,紀堂
儲惇叙,彥倫,敦敘
儲惇敘,彥倫
儲惠,秀中
儲慧,嘯凰
儲憲良,麗江
儲懋,世績,澹菴
儲懋端,孔規,象岩
儲懋遠,羽程,醇庵
儲振,玉依
儲掌文,曰虞,越漁,雲溪
儲方慶,長能
儲昱,芋西,麗中
儲晉觀,寬夫
儲曾,留日,觀我
儲材,世資
儲欣,同人,在陸
儲泳,文卿,華谷
儲洵,平甫
儲潤書,旅農,玉琴
儲燧,敬輿
儲瓘,文懿,柴墟,靜夫
儲用,行之
儲知行,仍叔
儲福,貞義
儲秀,子竟
儲秘書,玉函,緘石,華嶼
儲能謙,有大
儲良材,邦掄
儲芝,五採,梅隱
儲裕立,鶴樵
儲貞慶,雪持
儲進,升之
儲開濟,容泉
儲雄文,水榭,汜雲
儲鬱文,允弢,補齋
儲鳳瀛,印波,翔甫,蔭高
儲麟趾,履醇,梅夫,梅夫先生,釗復,雙樹軒,黼齋
儲鼎泰,恆夫
儲龍光,子賓
兀伯都剌,唐臣
兀奴,國器
兀尊德,連峯
兀扎拉巴圖,武節
兀扎拉文麟,瑞圃
兀煥勛,子炳
兀納古赤,承道
兀良合台,武毅
兀都帶,忠簡
兀顏思忠,子中
兀顏思敬,子敬,齊東野老
兀顏綱,仲常
元亨,利甫
元亮,克昭
元令仲,陁利
元以鍾,秀山
元修,孝武皇帝,武帝
元倬,俊伯
元偉,獻道
元兢,思敬
元公瑾,如珪
元則,注詳
元劭,孝宣皇帝
元勇,世武
元勛,不伐,元勳
元勰,文穆皇帝,肅祖
元友讓,浯溪山客
元叔康,仲和,和仲
元吉,文中
元善見,孝靜皇帝,靜帝
元夢麟,孝憲,竹西,龍歟
元天錫,子正,耘谷
元奉宗,知禮
元好問,裕之,遺山
元子攸,孝莊皇帝,敬宗,莊帝
元孝然,子順,文靖
元守直,良弼
元宏延,孝文皇帝,文帝,高祖
元宗簡,元八,居敬
元寶矩,文帝,文皇帝
元展成,允修,芝亭
元希古,希古
元庠,僖靖
元從政,元德善
元德善,克一
元德昭,元德照,名遠,明遠,貞正
元德秀,元魯山,文行先生,紫芝
元必勝,謙仲
元忠,正甫
元思明,顯卿
元恪,世宗,宣武帝,宣武皇帝
元恭,節閔皇帝
元悰,誠甫
元愉,文景皇帝
元懷,武穆皇帝
元成謨,景範
元振澤,施甫
元斗杓,子建,忠翼,灘叟,灘翁
元昊,子虛,觀瀾,貞簡,霧巷
元明善,復初,文敏
元景,靈景
元智威,景略
元曄,長廣王
元朗,安定王
元松壽,文定
元某,莫之
元欽,廢帝
元氏,淳一
元氏(元懷式女),陁利
元氏(元晟女),洞靈
元沖甲,忠肅
元泰定帝,泰定帝
元海,休則
元淮,國泉,水鏡
元混,太初
元溥,元簿,泉卿,泉興,耘軒
元溫,守誠
元瀞,天鏡,樸隱
元玄慶,玄慶
元瑛,思亮
元璹,仁伯,元燾
元瓌,弘淸
元甫崙,壽翁
元秬,元度
元稹,元九,元才子,威明,微之
元章,松厓,載求
元紹京,齊老
元結,元子,次山,浪士,漫叟,漫郎,猗玗子,聱叟
元絳,厚之,章簡
元繼蔡,壽甫
元罕,客子
元羽,先帝
元翊,孝明皇帝,明帝,肅宗
元膺祐,建南
元良,鳴喜
元萬石,君玉,孤山
元萬頃,北門學士
元蘋,佛力
元融,元季川
元袞,山甫
元裕男,寬甫,忠肅
元詡,肅宗
元豪,仲英,忠壯
元貢,器之,孝靖
元買得,買得
元質,文剛
元載,元三,公輔
元達,元守旻
元郇,慕周
元重華,長卿
元銓,韻波
元隱知敏,仲和
元集虛,元十八
元順帝,昭聖衍孝皇帝,順宗
元默,中象
充善,純皇帝
兆佳伍忠阿,卓峰
兆佳德成,勤僖
兆佳瑪爾漢,恭勤,馬爾漢
兆佳翁阿岱,翁阿代
兆佳蟒吉兔,仁義將軍,莽依圖,蟒吉圖,襄壯
兆佳達珠瑚,襄敏,達諸護
兆德,兆得,昭德
兆穆德珠布,襄恪
兆莫忒富森布,兆謨特富森布
先南巽,先南,少英,第一,肖嚴,肖巖
先著,染庵,渭求,迂甫
光懋,吾山,子英
光時亨,含萬,羽聖
光熙,裕之
光绪,载湉,爱新觉罗·载湉,清德宗
光聰誠,存之
光聰諧,律元,律原,有不為齋,栗原,栗園,栗園先生,稼墨軒
光進瑗,仲昭
光開霽,夢巢,孟超
克什克特恩文瑞,果毅
克什布,潤民
克勒特積福,吉福,集福
克明,華廷
克明額,峻齋
克蒙額,盛齋
党中疇,易甫,誠寰
党以平,守衡,頴東
党以讓,克公
党光嗣,明遠
党威,忠烈,振宇,振玉
党居易,仍姜,子庸,黨居易
党崇雅,于姜,黨崇雅
党愛,黨愛
党慶奎,月樵,萃華
党成,冰壑,憲公
党承志,汝孝,牧川
党承賜,汝錫,繁舟
党步衢,星階,雲峰
党湛,兩一,子澄
党獻壽,仁山,南村,鏡錄
党緒,汝承
党聲振,丕承
党聲震,白厓
党覲文,蔭圃
党還醇,子真,子貞,忠節
党馨,忠庵
全伯英,文平
全何孫,行可
全元發,菊坡
全元立,九山,汝德,汝禮,金元立
全元鈞,瑞芝
全克恒,德久,德古,虯川
全國祥,竹軒
全士錡,仲榮,鑒三
全天敘,幼度,玄洲
全子才,全子材
全岳柱,兼山,止所
全崇仁,壽山
全彭齡,叔老,松亭
全思誠,希賢
全慶,小汀
全普庵撒里,儆哀,子仁
全智,克明
全書,吟園
全有亨,叔嘉,義敏,鶴松
全楙績,庶熙
全永佐,龍溪,龍谿
全沛豐,晴波
全淡真,菊如
全瀅,澤甫
全琮,君寶
全璞,輝山
全璧,全泉翁,君復,君玉,泉翁,遯初子
全璲,東玉
全祖望,全補,十二雷茶竈,孤山社,小泉翁,春草園,榭山,篁庵,紹衣,紹裔,謝山,阿補,雙韭山房,雙韭山民,鮚埼亭,鮚埼亭長
全秉忠,碩甫
全紹聞,玉亭
全美閒,吾衛,葦翁
全賜,厚甫
全鈺,子鎔,礪臣
全馥,子修
全魁,斗南
全齢,霽峯
八兒思不花,元凱
八剌,國寶
八十二,壽峯
八察脫忽鄰,莊靖
八資剌,思齊
八達里,巴達禮
八鄰,伯亮
八里顏,政卿
公一揚,子舉
公乘億,壽仙,壽山
公勉仁,尚德
公大有,顯道
公孫輔,翼之
公家臣,共父,共甫,東塘
公峩,公峨,公莪
公春,伯震,恭泰
公父歜,文伯
公躋奎,瑞文
公阿代,鞏阿代
公鼐,孝與,懷孺,文介,調槐
六十,子約
六承如,德只
六相,劉相,劉祥
关羽,云长,关云长,关公,关帝,武圣,美髯公,汉寿亭侯
具[⿱宀勉],之進,草堂
具仁垕,仲載,忠武,柳浦
具仁墍,季依,忠簡
具仁文,忠莊,睡翁,章叔
具仁熙,忠卿
具元一,汝先
具喜,愼叔,淸溪
具壽永,眉叔
具壽福,伯凝,屛菴,挺之,睡齋
具壽聃,天老
具宏,仁甫,忠穆,群山
具宬,元裕,忠肅,草塘
具容,大受,楮島,竹窓
具寭,汝愼
具思孟,八谷,文懿,景時
具思稷,元養
具思顔,仲愚
具文信,可立,襄平
具瑩,瑩然,竹牖
具生吉祥,板的達撒哈失里
具益亨,士謙,賞農亭
具繼禹,丕述,睡菴
具義剛,子和,海門
具致寬,忠烈,而栗
具譓,智仲,蹈海亭
具鎰,重卿
具鳳瑞,景憲,景輝,洛洲
具鳳齡,文端,景瑞,柏潭
具鴻,文節,松隱
具鼎勳,子受
冀傑,忠壯
冀元亨,惟乾,闇齋
冀元春,太祣
冀光祚,奕軒
冀唐封,桐生
冀如錫,公冶,鎔我
冀崇暉,庭倩
冀州煜,盛斯
冀州熤,盛斯
冀紹芳,傚曾
冀綺,文華
冀蘭泰,芳田,芳舟
冀逢慶,吉軒
冀鍊,純夫
冀霖,雨亭
冀體,洺環,肖甫
冉哲,尚彜,尚彝
冉夢松,貴卿
冉崇禮,季周,村南
冉廣椿,壽堂
冉徽之,子美,察乞,祖郎,第一,美梁
冉正鏞,緝齋
冉琇,溫季
冉瑛,晦卿
冉繼志,孝隆
冉覲祖,寄願堂,永先,永光,蟫庵,蟫菴
冒丹書,卯君,青若
冒俊,文葸,文蕙,碧纕
冒保泰,小蘭,文川
冒嘉穗,珠山,穀梁
冒廣生,疚斎,鈍宦,鶴亭
冒德娟,嬿婉
冒愈昌,伯麐
冒政,有恆
冒文蘅,珮卿
冒春榮,含山,寒山,葚原
冒樹楷,子端
冒禹書,玉簡
冒芬,伯蘭
冒裔,爰及
冒褒,無譽,鑄錯
冒襄,匿峰廬,四公子,寒碧堂,小三吾,小浯溪,巢民,影梅庵,得全堂,染香閣,梅塘,樸巢,樸庵,樸廬,樸菴,水繪園,洗池,深翠山房,湘中閣,潛孝先生,玉帶橋,蘭言影梅盦,辟疆,逸園,鑄錯軒,闢疆,香儷園
冒起宗,宗起,嵩少
冒超處,處冲
冒鸞,廷和,得菴,復齋,東皋
冠儉,約之
冯国璋,冯华甫,华甫
冯玉祥,冯焕章,焕章,基督将军,倒戈将军
况于梧,汝材
况國奇,子常
况孜,時敏
况思文,原道
况文,應奎
况暹,鼎元
况澄,仲源
况琛,宗魯
况璟,汝明
况眞,彥珍
况逵,肩吾
况鍾,伯律
冷一聘,隱吾
冷世修,世務,慶兒,第四十四,良器,餘慶
冷世光,冷面御史,慶孫,福子,福字,第四十一,賓王
冷世務,冷世修,良器
冷亨龍,子立
冷公相,梅軒居士
冷善良,丹園
冷士嵋,又湄,秋江埜史
冷守中,天祐
冷宗昱,理亭
冷庸,用和
冷忞,德明,秋崖
冷應澂,公定,覺齋
冷文英,子華
冷曦,景暘
冷煌,炳藜,蕓軒
冷燿,懷遠
冷玉娟,冷玉香,珊珊
冷珂,鳴叔
冷說,起巖
冷謙,啟敬,起敬,龍陽子
冷起元,繼貞
冷遂南,光遠
冷開泰,霞洋
冷開甲,乙桂
冷頤孫,正叔
冷鼎亨,羅南,鎮雄,鳳翽山房
冼倬邦,錫儀,雲樵
冼國幹,三山
冼寶幹,雪耕
冼尚文,質夫
冼憲祖,懋章,翼周
冼斌,雲樵
冼芳梅,月鋤
凃世名,嘉新
凃以輈,溣壯,溣莊,瀚莊
凃來奉,來鳳
凃來輔,錦堂
凃傳德,伯音
凃元琪,存甫
凃嘉會,君履
凃基,秋圃
凃大謨,南亭
凃宗濬,恭襄,明豐,鏡原,鏡源
凃應元,英叔
凃文光,煥庭
凃樹馨,小山
凃用賓,晉卿
凃耀庚,禮臣
凃賢彭,壽山,松年
凌㫰,祥伯
凌䫦德,怡堂
凌世御,書巢
凌世忠,愛疇
凌世韶,官球,汭沙,蒼舒
凌介禧,少茗,香南
凌克貞,淩克貞,渝安
凌其榜,小海,廿海
凌其模,范甫
凌准,宗一
凌凱德,怡堂
凌卿雲,晴霄,瑞嵐
凌和鈞,與權,衡甫
凌哲,元亮,榴園
凌唐佐,公弼
凌嗣音,存彜,孟昭
凌嘉印,文衡
凌嘉恪,胤三
凌嘉藻,采湘
凌坮,書裳
凌堃,仲訥,厚堂
凌士鏞,南聲
凌壽柏,新甫
凌壽相,新甫
凌大信,孚尹,恂齋
凌奉揚,蔥發,蕙叢
凌奎,景纏
凌奎文,謙齋
凌如煥,新齋,榆山,琢成
凌子任,肩吾,覺菴
凌子儉,仲廣
凌存淳,竹軒,鯤游
凌學攽,伯升,溉泉
凌安瀾,雪槎
凌宗載,敬輿
凌寶樞,密之,拱辰
凌寶樹,敏之,蔭午
凌封祝,正衡
凌岳,維岳
凌嵒,山英,石泉
凌希惠,季和,水西道人
凌廣赤,凌江,心培,表光
凌廷堪,仲子,杞菊軒,校禮堂,次仲,淩廷堪
凌廸知,凌迪知,稚德,穉哲,繹泉
凌彝銘,鏡涵
凌彭年,荷生,菁臣
凌德,信翁
凌德霈,餋齋
凌心垣,存厚,東藩
凌志珪,子遺,桐叔,竹泉
凌忠鎮,定甫,芑孫
凌愈,彥道
凌應揆,端以
凌應豹,大文
凌懋翁,師德
凌戡,公濟
凌揚藻,藥洲,譽劍
凌攀,彥冲
凌文,從周
凌文淵,植支,直支
凌文獻,士賢
凌斐然,竹坡
凌昕,升伯
凌映斗,雲亭
凌時中,德庸,石巖
凌晏如,安然
凌景夏,季文
凌曙,子升,曉樓
凌東京,伯宸
凌楷,端甫
凌樹屏,保釐,緘亭
凌樹棠,棣生
凌汝志,道山,雲鵠
凌沖,和中
凌泗,磬生,齗仲
凌泰來,芝厓,芝崖
凌泰封,東園
凌浩,直翁,真翁
凌淦,礪生,退庵
凌準,宗一
凌漢,斗南,淩漢
凌潤,元性
凌瀚,巖亭子,德容
凌烈,維盛
凌烺,秀嚴,秀巖,秀敷,秀鑑
凌焜,葵庵
凌煜,伯炎,耀生
凌煥,子章
凌燽,凌濤
凌琯,惟和
凌登瀛,元學
凌登龍,顯夫
凌盛儀,容衆,鏞仲
凌相,忠甫,芹溪
凌祉媛,茝媛,茝沅
凌福彭,潤臺
凌稚隆,以棟,磊泉
凌立,子中
凌立仁,笠人
凌端,叔平,履初
凌策,子奇
凌約言,季默,藻泉
凌紹雯,子文
凌緯,景文,菊山
凌義渠,忠介,忠淸,茗柯,駿甫
凌芬,少舟,蔭棠
凌萬頃,叔度,松臞
凌行均,聽五,韻士
凌行堂,仲升,湖蓀
凌西峰,申亭
凌詠,達夫
凌輝,邦輝
凌迪知,凌迪和
凌邦奇,正伯
凌錦,日章
凌錦章,心濯,濯之,雲卿
凌鎬,西京
凌雲,十齋,澹癯,髭放
凌雲升,為章
凌雲翰,五雲
凌雲翼,汝成,洋山
凌霄,一飛,芝泉
凌震,時東,練溪
凌霞,塵遺,子與,病鶴
凌飛閣,尚卿
凌駉,井心,雲翔,龍翰
凌魚,滄洲
凌鳴喈,泊齋,體元
凌鶴嗚,庚生,焜生
凌鶴遠,秋起
凌鶴鳴,焜生,載萬
出科聯,叔渠
刁克崇,敦修
刁再濂,靜之
刁包,刁基,希聖堂,文孝先生,潛室,潛室亭,潛室齋,用六居士,肥遯亭,蒙吉
刁君績,君績
刁彥能,德明
刁承祖,步武
刁時中,俊卿
刁約,景純
刁素雲,紅薇
刁紡,經臣
刁綈,公綽
刁經裕,通甫
刁衎,元賓
刁通,叔達
刁銳,雲江
刑孔陽,公照
刘备,玄德,刘玄德,昭烈帝,先主
初之樸,懋堂
初喬齡,景房
初學易,時卿
初彭齡,紹祖,遂初堂,頤園,頤堂
初才,用之
初暐,坦之
初杲,啟昭
初灝,永淸
初虞世,和甫
初言,幼嘉
初辛,初簿,東山
別之傑,宋才
別兒怯不花,大用,忠宣
別文榽,東和,霽林
別湜,景甫
別羅沙,彥誠
利元吉,文伯
利慥,處厚
利振綱,立齋
利瑪竇,西泰
利登,履道,碧澗
利翥,彥祥
利金榜,慶峯
别文榽,東和,霽林
到彥之,道豫
剌真,安僖
剌馬丹,德方
剌馬當,文郁,雲林子
剛毅,子良
劇可久,尚賢
劉㫤,叔通
劉㻬,琢山
劉䋲爵,悟軒
劉䘏方,稷卿
劉䢰,松菴
劉一中,貫道
劉一儒,孟眞,孟真,學孔,小魯,莊介
劉一夔,典一,屺園
劉一孚,貞甫
劉一桂,抑圭,沚芬,紫棻
劉一檜,士奇
劉一止,苕溪,行簡
劉一正,體道
劉一瀾,子觀
劉一焜,元丙,石閭
劉一燝,季晦,文端
劉一燫,孟緝
劉一爌,著泉
劉一相,維衡,頃陽
劉一飛,景翔,溪山
劉一麟,子仁,雪山
劉一龍,于田,時齋
劉丁,先庚
劉三傑,漢臣
劉三元,劉三光
劉三吾,三老,劉如孫,劉崑,劉昆孫,坦坦翁,坦坦齋,坦甫,坦翁,坦齋,如孫
劉三宅,可任
劉三才,子極
劉三柱,煥堂,燮堂
劉三樂,子性,眞田
劉三畏,少欽,方嵎
劉三益,巽大
劉三章,逸仙
劉三策,叔簡,烈愍
劉三英,邦彥,醒我
劉三辰,舜揚
劉三達,又孟
劉不息,觀海,體道
劉不溢,謙甫
劉不顯,華堂
劉世亨,以進
劉世享,覺悟
劉世仲,殿塤
劉世傅,紹薪,紹齋
劉世傑,起亭
劉世勣,菊農
劉世南,景虞
劉世坤,同秀
劉世埏,敬脩
劉世培,植圃
劉世學,石屏
劉世安,文思,靜皆
劉世寧,乾齋,劉世甯,匡宇,幹霽,幹齋
劉世揚,實夫,實甫,平嵩
劉世斗,大祈,恥人
劉世昌,仲積,驪峯
劉世曾,胤甫,鳳坪
劉世棕,錦門
劉世棟,鶴亨,鶴亭
劉世標,鎮門
劉世永,叔訓
劉世澤,受愷
劉世熼,叔子
劉世珍,武夷
劉世珩,楚白
劉世用,汝賢,祿軒
劉世盛,子謙
劉世科,健菴,劉四科,希哲
劉世綸,伯序
劉世芳,頴生
劉世英,爾藴,爾蘊
劉世謩,仿魏,蓼野
劉世讜,步辛,餘齋
劉世豪,徤菴
劉世賞,功甫
劉世賢,希孟
劉世魁,伯春
劉世鵾,北生
劉世鼎,新之
劉世龍,劉義節
劉丙,劉炳
劉丙炎,雲田
劉中,庸道
劉中乙,恆軒
劉中孚,志行
劉中度,東山,璧臣
劉中敷,劉中孚,永孚
劉中柱,砥瀾,禹峰
劉中禮,子威
劉中立,健甫,徤甫,禹坪
劉中策,劉綸襄,次方
劉中藻,洞山,薦叔
劉乂,彭城子
劉之來,冉仙,劉之萊
劉之傑,朱才
劉之勃,劉之鳳
劉之宗,宗弘
劉之彬,樸民,藻泉
劉之琪,竟凡,竟幾
劉之紀,綱甫
劉之綸,元誠,與鷗
劉之萊,冉仙
劉之蒙,淑正
劉之邵,仲美
劉之銳,亦醇
劉之錧,鍵宗
劉之鳳,雝鳴
劉之龍,起潛
劉乙,子真
劉乙青,藜菴
劉九垓,天遊
劉九容,慎卿,榆泉
劉九嶷,岳生
劉九澤,汝濟
劉九章,公儀
劉乾,仲坤
劉乾亨,汝嘉
劉事義,伯宜
劉于,允恭
劉于潯,于淳,于湻,傑宜,養素
劉五諱,夢鳳
劉亨,康侯
劉亨叔,訥軒
劉亨地,載人
劉亨起,德田,鶴田
劉享,文潛
劉亮,文如
劉亮藻,素農
劉人傑,德萬
劉人彥,碩夫
劉人熙,更生,艮生,蔚廬
劉人睿,鏡川
劉人駿,牧村,鷓洞
劉仁,元善
劉仁壽,壽可,後溪
劉仁宅,廣居
劉仁本,德玄
劉仁芳,壽山
劉仁貴,亦齋,輔棠
劉仁軌,文獻,正則
劉介,師惠
劉介齡,少脩
劉仍祖,乃翁,芷洲
劉仔肩,汝弼
劉仕,以學
劉仕瞻,澹峰
劉仕貆,伯貞,悠然,悠然先生
劉仕賢,以道,仰峯
劉仕階,以學
劉仕龍,劉士龍,時甫,武節
劉仙,蕊珠
劉仙倫,劉儗,叔儗,招山
劉仝子,劉仝祖
劉代英,勵卿,笏珊
劉令右,伊只
劉令嫻,劉三娘
劉令猷,辰告
劉令譽,止庵
劉以化,崇菴,敦甫
劉以垂,成堂
劉以平,體衡
劉以忠,澤先
劉以森,轉華
劉以正,四俄,四儀,巴儀
劉以煥,十九,完自,章卿
劉以節,叔度,我松
劉以貴,滄嵐
劉仰,希哲,梧岡
劉仲,孟英
劉仲官,建齋
劉仲撫,梅村
劉仲文,劉長者
劉仲楷,范堂
劉仲武,威肅,子文
劉仲質,文質
劉仲釗,元之,藉山
劉任,體仁
劉任治,篤棐
劉企埰,味顛,與權
劉伊,牧皋,素園,莘儒
劉伯傑,巨卿
劉伯完,觀靜
劉伯川,十五,東之
劉伯愚,千之
劉伯文,政平
劉伯林,忠順
劉伯欽,子敬
劉伯正,直卿
劉伯淵,巨川
劉伯熊,元朝,劉伯龍,東溪
劉伯熙,善甫,房山
劉伯爕,元甫,小鶴
劉伯生,大鶴,寓愛,性甫
劉伯秀,毓之
劉伯縉,薦卿
劉伯翁,劉大
劉伯芙,石吾
劉伯芻,素芝
劉伯英,育才,華庵
劉伯證,證甫
劉伯躍,起之
劉伯輝,皖春
劉伯雍,劉欣,如璋
劉伯顏,伯敬
劉伸,弘宇
劉似祖,即翁,蘭皋
劉佃,仲有
劉位坦,寬夫
劉佐,邦寧
劉佐堯,璧臣
劉佑,邦甯
劉作,保靚,賢勵
劉作元,良輔
劉作梁,木生
劉作樑,木生,虛巖
劉作肅,敬亭
劉佳,德甫,眉士
劉佳引,劉佳胤
劉佳珍,聘廷,裕堂
劉侃,存菴
劉侗,同人
劉依之,泳之
劉俁,碩翁
劉俊,廷秀
劉俊揚,宅三,萍溪,韻軒
劉俌,玄同
劉保,孝順皇帝,敬宗,順帝
劉保勳,修業
劉保真,雲孫
劉保義,劉侍讀,劉保乂
劉信,朋節
劉信國,匡居
劉俣,碩翁
劉修,予吉
劉修己,以敬,櫟亭
劉俸,玆廉
劉倓,允叔,閬風居士
劉倩玉,伯琛
劉倫正,理敘
劉倬,原檢
劉倬雲,季槱,樸堂
劉偁,伯可
劉偉,介菴
劉偉甫,少奇
劉健,劉徤,希賢,文靖,晦菴
劉傅,師正
劉傅福,雅賓
劉傑,朝用
劉備,昭烈皇帝,烈祖
劉傳,月川,良習
劉傳楨,守齋,文楠
劉傳瑩,實甫,椒雲,茮雲,蕉雲
劉傳福,康百,雅賓
劉傳薪,石樵
劉僎,昭憲皇帝,翼祖
劉僧,彥達
劉僩,寬夫
劉儀,震川
劉儀鳳,紹美,韶美
劉儁,劉雋,子士,子奇,愍節,節愍
劉儉,宗禹
劉儒,子醇,黃溪
劉儒道,惟中
劉儲秀,士奇
劉儲鯤,培南
劉儼,慎菴
劉允,厚中
劉允中,菊農
劉允圻,坤甫
劉允孝,果恪
劉允恭,毅如,謙甫
劉允浩,僇生
劉允濟,全之
劉允迪,德華
劉元,仁甫
劉元亨,子嘉
劉元亮,菊農,陶庵
劉元儒,慕堂
劉元凱,舜舉
劉元剛,南夫,南強,容齋
劉元勛,介庵,漢臣
劉元勳,介菴
劉元化,季雅,斗杓
劉元卿,旋宇,瀘瀟,調父
劉元吉,芝圃
劉元孺,季木,慕堂
劉元尚,元尚
劉元弼,伯良
劉元徵,亦如
劉元恩,子敬,英仲
劉元慧,子濬
劉元振,仲擧
劉元浩,靜岩
劉元淑,劉元叔
劉元濟,劉允濟
劉元燮,夢調,孟調,寒香草堂,梅垞,理齋,耨學齋
劉元爽,元爽
劉元珍,伯先
劉元琬,石芝
劉元瑜,君玉
劉元祀,殷年,誠齋
劉元福,慧生
劉元聲,鈞樂
劉元芝,秀生
劉元誠,思九,赤帆
劉元超,元超
劉元達,羽臣,翌臣
劉元震,元東,復齋,文莊,衍亨
劉元霖,元澤,无澤,用齋
劉元音,南屏
劉元高,仲山
劉元鼎,禹臣
劉元齡,房伯
劉元齢,房伯
劉元龍,别村
劉充,恭擴
劉兆元,笑石
劉兆嘏,研農,純夫
劉兆基,柏堂,陌堂
劉兆桐,壁臣
劉兆泰,廣堂,賡堂
劉兆登,定甫
劉兆霖,南臣,甬臣,雨臣
劉兆麒,瑞圖
劉兆麟,聖瑞
劉兆龍,五雲,六禦
劉先,始宗
劉先春,伯陽
劉光,鶴林
劉光三,乙垣,屺南,顯庵
劉光世,平叔,楊國公,武僖
劉光先,鳴善
劉光叔,景實
劉光國,汝觀
劉光大,宏甫
劉光復,敦甫,見初,貞一
劉光文,亦齋,繼純
劉光斗,訒惠
劉光昱,伯陽
劉光暉,實齋,晴虛
劉光書,茗柯
劉光棟,晉川
劉光潤,仲謙,葆田
劉光濟,憲謙
劉光熙,恬山
劉光甲,殿三
劉光祖,蓉塘,遠峰
劉光祚,鴻基
劉光第,裴村
劉光篔,竹君,蘭村
劉光蕡,古愚,煥唐
劉光表,聖章,虛室
劉光袓,後溪,德修
劉光謨,文卿
劉光逮,學川
劉光遠,子旭
劉光閭,擎宇
劉光震,肩吾
劉克,南皋,子至
劉克剛,處和
劉克功,嶺夫,益夫,盗夫
劉克基,輔臣
劉克學,子行
劉克寬,仲栗
劉克復,仁叔
劉克暉,暉堂
劉克正,懋一
劉克永,子修
劉克良,仲武,武毅
劉克莊,劉灼,後村,後村居士,文定,潛夫
劉克遜,無競,西墅
劉克邁,乙徵,予山,訓圃
劉八威,朝右
劉公予,君錫
劉公彥,彥輔
劉公特,宋輔,廷俊,明甫,第三十二
劉公言,德白
劉公輿,劉公興,劉十五
劉其年,亦迦,子曼,芝泉
劉其旋,川南
劉典,伯敬,克菴,剋盦,果敏
劉典藻,少泉
劉兼濟,寶臣
劉冀,堯京
劉冉,孝綽,阿士
劉冔,仲源
劉冕,星翥,秉齋
劉冰,比德
劉冲善,化吾,性如
劉凍,汝宗
劉几,伯壽,玉華庵主
劉凡,元歎
劉凯,角不
劉函綱,冠三,史林
劉初,令始
劉初吉,曦園
劉則和,至樂
劉則禮,景淵
劉剛中,德言,琴軒,近仁
劉劗田,掌夫,樂鄉
劉功,勤軒
劉功樹,良卿
劉勃,仲安
劉勉,仲勉
劉勉之,白水,簡肅,致中,草堂
劉勝,慕潔
劉勝京,勝京
劉勝孫,尚嗣
劉勰,彥和,慧地
劉勳,耀南
劉勷,南沚,思贊
劉勺,盛叔
劉化彪,炳峯
劉升,陟遐
劉午道,君玉,德之,正則,第二
劉協,孝獻皇帝,愍帝,獻帝
劉南,午莊
劉南呂,師尚,文慎
劉南洲,澤湘
劉南甫,山立,月間
劉南金,獻卿
劉卜,雲吉
劉卞功,子民,高尚先生
劉印庚,尹甫
劉卿,德懋
劉卿月,士元
劉厚南,子固,寶山
劉原俊,用章
劉原弼,良輔
劉原淥,劉源淥,崑石,昆石,直齋
劉原起,子正
劉去病,泰夫
劉去過,更莽,更葊
劉參,功定
劉友,夔仲
劉友仁,是成,涵江
劉友桂,厚堂
劉友益,水窗,益友
劉友瞻,紹長
劉友諒,貞一
劉友龍,夔伫
劉叔侃,子如
劉叔向,滋蘭
劉叔子,君舉
劉叔枚,惟吉
劉叔正,桂林
劉叔溫,慈川逸民
劉叔鼇,而強
劉取仁,樸臣
劉受,子中,竹山
劉古臣,希古
劉召揚,卣於
劉可,以中
劉可仕,桂林,樂丘翁,達仲
劉可培,元贊,阮山
劉可大,匯理,會理,鹿柴
劉可成,美之
劉可毅,劉毓麟,葆真
劉台,是閒,衛仲
劉吉,循理
劉吉和,中節
劉同,伯詢
劉同升,孝則,文忠,晉卿
劉同纓,冕垂,武烈,淸溪
劉名廷,桂園,桂題
劉名義,近宜
劉名譽,嘉樹
劉名鋒,寶吾
劉向,子政,更生
劉君擧,季賢
劉君賢,文定
劉君輔,安林,翰功,黑虎
劉吟,嵐峯
劉含芳,薌林
劉吳龍,平田,平目,昌聞,淸愨,紹周,紹文,紹聞
劉命清,穆叔,虎溪
劉命赤,子嘗
劉和,信受
劉和叔,劉和仲,咸臨
劉咸,士皆,虛菴
劉咸榮,豫波
劉咸炘,宥齋,鑒泉
劉咸賓,制遠
劉哲,公望
劉唐稽,林宗
劉唐老,壽臣
劉商,子夏
劉商衡,紹美
劉問陶,友菊,海門,笙伯,良甫
劉啟,孝景皇帝,景帝
劉啟元,乾初
劉啟同,晉山
劉啟彤,丹廷,鄲亭
劉啟彬,嘯放,文圃,筱舫
劉啟瑞,正卿,震青
劉啟甲,訥庵,賜侯
劉啟端,愐盦,正卿
劉啟襄,少棠,幹臣
劉善元,體軒
劉善寂,承慶
劉善慶,祐之
劉善懋,仁山,劉完公
劉善謨,岐圃,岐圖
劉善錫,仁召
劉喜海,三巴子,來鳳堂,吉甫,味精書屋,嘉蔭簃,燕亭,燕庭
劉喬,于僊
劉喬齡,如南
劉嗚盛,湾貞,灣貞
劉嗛,光遠
劉嗣季,子荷
劉嗣富,彥佐,鐵文
劉嗣慶,繼先
劉嗣綰,醇甫
劉嗣美,心周,爾涵
劉嘉嗣,以興,宜軒
劉嘉斌,蔚如
劉嘉正,立中
劉嘉猷,芷鴻
劉嘉琛,幼樵,賡南
劉嘉祥,雲五
劉嘉穎,實甫
劉嘉言,孔彰
劉嘉譽,劉岡,德稱
劉四愚,惺庵
劉因,夢吉,夢驥,文靖,靜修
劉因之,偶因道人,偶峰
劉固,永貞
劉國任,五草
劉國傑,子良
劉國勲,番蒼,霽葊,霽蒼
劉國屏,康菴
劉國柱,擎宇
劉國楨,幹臣
劉國永,靜軒
劉國清,紹義
劉國煊,青照
劉國筠,壽雲
劉國翼,輔堂,鵬雲
劉國能,闖塌天
劉國興,振宇
劉國英,靈松
劉國銘,復陽
劉國鎮,文鼎
劉國鏞,景陽
劉國香,堯臣
劉國黻,禹美
劉國齢,松喬,松齋
劉圖南,程甫
劉在京,野師
劉在朝,廣乘,長孺
劉圻,子洛,甸伯
劉均,雨畇
劉均元,玉調
劉坊,秀英,鰲石
劉坤,資生
劉坤一,峴莊,忠誠,補過齋
劉坤洪,壽春
劉坤璘,翰園,西航
劉坦,履泰,醴泉
劉坦之,平子
劉坦孫,貫夫
劉垌,特林
劉垓,達可
劉垕,伯醇,靜齋
劉垿,松崟
劉城,廷高
劉埜,子彥
劉域,大中
劉埥,原圃,暢亭
劉埴,梧川
劉執中,仲和
劉執玉,復燕,恩茗
劉培,蔭軒
劉培元,壯愨,植庵
劉培慶,錫山,錫田
劉培煦,伯黍,伯齋
劉培芬,子江,誦華
劉培鍈,韻泉
劉基,張宜
劉基定,子復,復園
劉基寧,廉泉,次立
劉堃,固山
劉堧,公坦,小齋
劉堪,子輿
劉堯卿,宗舜
劉堯夫,劉單,淳叟,醇叟
劉堯晦,凝齋,君納
劉堯枝,根生
劉塏,爽亭
劉塙,冲倩,靜主
劉填,仲撫
劉塾,汝學
劉墀,學臣
劉墉,勗齋,崇如,文淸,日觀峰道人,木庵,木菴,石庵,石菴,長腳石庵,青原,香巖
劉增,益仲
劉增發,又丞,文丞
劉增貴,榮之
劉墫,松崦
劉壎,子長,水村,水雲村,起潛
劉壐,信夫
劉士,尚志
劉士亨,希賢
劉士偲,子怡
劉士元,伯儒
劉士壯,石庵,穉公
劉士奇,邦正
劉士弘,士弘
劉士忠,純卿
劉士斗,映薇,瞻甫
劉士瀛,滄洲
劉士瑗,允玉,抑亭
劉士璋,三湖漁人,南赤
劉士環,仁師
劉士禎,須彌
劉士聰,子順,蓬聞
劉士英,仲發,安節先生
劉士表,叔正,桂林翁
劉士逵,伯鴻,漸齋,百七
劉士銘,鼎彞
劉士驥,允良,祝陽
劉士龍,宓城
劉壬,戒亭,源深
劉壽,子修,易湖
劉壽愻,叔順
劉壽曾,博雅堂,恭甫,芝雲
劉壽萱,劉蔭
劉夏,簡卿
劉夔,舜弼,黃巖
劉夔生,海容
劉夙,賓之
劉夢元,伯始
劉夢周,心江,東化
劉夢孺,滸軒
劉夢桂,九畹,雲嶺
劉夢浩,漢臣
劉夢熊,伯祥
劉夢生,季說
劉夢蘭,伯徵,穆占,覺香
劉夢說,肖翁
劉夢謙,吉生
劉夢騂,安國,用可,第十八
劉夢麟,瑞圃
劉大中,忠肅,立道
劉大儒,士雅
劉大典,貽軒
劉大千,廣生
劉大受,子可
劉大同,季從
劉大夏,十一,忠宣,時雍,東山,東山先生
劉大定,龔大定
劉大容,雲門
劉大實,子虛
劉大年,方白
劉大彬,玉虛子
劉大慤,慕宗
劉大懿,堅雅,葦閒,葦間,葦間人,葦間居士
劉大成,先己,耐村
劉大文,炳也
劉大有,第二十五
劉大本,其淵
劉大櫆,南堂,大魁,才父,才甫,方劉姚,海峯,海峰,畊南,耕南
劉大武,定甫
劉大煒,序東
劉大猷,克敬
劉大直,岷川,養浩
劉大章,章山
劉大紳,寄庵,寄菴,潭西,青天
劉大聲,和卿
劉大觀,松嵐,正孚
劉大謨,孔緒
劉大辨,劉大辯
劉大遺,廷植
劉大鏞,省庵
劉大音,韶父
劉大鵬,友鳳,臥虎山人
劉大鼎,錫九
劉天乙,伯應
劉天和,春和,松石,莊襄,養和
劉天孚,忠毅,裕民
劉天定,德用
劉天廸,雲閑
劉天成,一齋,乙齋,含元,綿潭山館
劉天授,可全,右洲,沙溪
劉天斗,龍文
劉天榮,一峯
劉天民,函山,希尹
劉天炎,筠軒
劉天益,劉忠益,謙中
劉天祐,祐之
劉天秩,克讓
劉天衢,一登
劉天錫,禹元
劉天駟,季騧,忠烈
劉天麒,仁徵
劉天麟,君瑞
劉太垣,劉大垣
劉太真,仲適
劉奇,問之
劉奇秀,幼成
劉奉世,仲馮
劉奉璋,我山,誌宜
劉奎,幼文
劉奎辰,樞垣,錦章
劉奕,元承,十七
劉奕煜,炳文,藜軒
劉奭,孝元皇帝,高宗
劉奮庸,書川,試可
劉奮熙,振翼,汝賢,筱岩
劉好禮,敬之
劉如寵,介卿,應沙
劉如心,松友
劉如意,趙王
劉如愚,明遠
劉如晏,愧嬰
劉如漢,倬章,卓如,雙山
劉如璋,子玉
劉如臯,德卿
劉始恢,价人
劉媛,玄真
劉子,行遼
劉子仁,孝和
劉子俊,民章
劉子厲,克溫
劉子壯,克猷,剋猷,稚川
劉子實,茂夫
劉子寰,圻夫,圻父,篁塛翁,篁栗翁
劉子延,體仁
劉子敬,劉禄
劉子昂,仲謙
劉子晉(字),子晉
劉子杜,幼陵
劉子楨,清源
劉子榮,鏡珊
劉子欽,密菴
劉子正,坦公
劉子武,能臣
劉子浚,孝泉
劉子澄,清叔
劉子煥,文卿,筱泉
劉子玠,君鍚,立齋
劉子立,以中
劉子章,豹南,道闇
劉子羽,彥修,忠定,忠穆
劉子翬,屏山,彥冲,文靖
劉子翼,劉四,小心
劉子肅,敬之
劉子興,賓之
劉子英,擢五,樸庵
劉子華,昭父,昭甫,華二
劉子薦,貢伯
劉子鍾,廷振
劉子青,顯仁
劉孔中,藥生
劉孔和,節之
劉孔文,望雲
劉孔暉,默菴
劉孔當,任之,喜聞
劉存仁,念莪,炯甫,蘧園
劉存厚,仲山,剛愍
劉存德,志仁
劉存業,可大,簡菴
劉存義,敬仲,漢樓,漢樓先生,質卿
劉孚,誠之
劉孚京,求放心齋,繡巖,鎬仲
劉孚翊,綸閣,鶴伯
劉孜,師侃
劉孝,子仁
劉孝友,堅父
劉孝恭,行先
劉孝韙,正夫
劉孟,子賢
劉孟容,公度
劉孟雍,熙以
劉孟雷,靜之
劉季三,忠毅
劉季偉,存齋
劉季孫,景文
劉季山,艮夫
劉季清,士廉
劉季箎,韶以
劉季裴,僧朝,少度,第十九,蔡驥
劉季道,宜正
劉季雲,劉季虞,少揚
劉孫孫,仲安,劉靜
劉學健,剛臣
劉學厚,敦甫,載葊
劉學易,木名村,道甫
劉學曾,唯一
劉學朱,述亭,道明
劉學池,丹峯,天漢
劉學洙,素川,遜五
劉學濤,匯川
劉學瀾,綠漪,觀亭
劉學箕,方是閒居士,種春子,習之
劉學裘,傅之
劉學詢,問芻,澤文
劉學謙,地山,益齋,退庵
劉學雅,正之
劉宅俊,悌堂,愷生
劉宇,伯大
劉宇亮,季龍,蓬玄
劉宇昌,叔午,次言
劉宇曜,叔定,如健
劉宇清,鏡余,鏡海
劉守仁,與居
劉守助,輔臣
劉守忠,高節
劉守恭,克敬
劉守泰,交甫
劉守節,三豬
劉守良,君遂
劉守謙,謙甫
劉守讓,謙甫
劉守達,應徵
劉安,以靜
劉安上,元禮
劉安世,世臣,二六,十二,平叔,淸純先生,第三十二
劉安止,中行
劉安濤,禹平,禺平
劉安瀾,紫回
劉安禮,元素
劉安科,少希,蔭堂
劉安節,元承
劉完澤,完甫
劉宏,簡諒
劉宏基,潤伯
劉宏愚,克明
劉宏武,晴川
劉宏譽,永生
劉宓,德義
劉宗傑,唐輔
劉宗向,寅先,盅園,靜誠
劉宗周,克念,克念子,劉憲章,忠介,忠正,忠端,念台,念臺,念臺先生,正義,蕺山,蕺山先生,起東
劉宗岱,伯東
劉宗弼,丞直,空同雪樵
劉宗成,念修,荷衣,默存
劉宗森,東堂,東笙
劉宗標,海臣
劉宗沅,芷汀
劉宗泗,磬濱
劉宗浩,直甫
劉宗澍,依仁
劉宗澻,翰圃,翰園
劉宗秀,君實
劉宗藩,巽吉,巽堂
劉宗說,傅之
劉宗諫,子忠
劉宗賢,次頤
劉宗錫,禹廷,蘭廷
劉宗韓,重題
劉宗魏,友韓,文韓,柚航,雲門
劉定,能靜
劉定之,主靜,保齋,呆齋,文安
劉定京,功清,功靖
劉定國,劉是,去非
劉定昌,邦泰
劉定榮,耀廷
劉定裕,仲容,谷仁
劉定逌,敘臣
劉宛華,落霞山下女子
劉宜,順齋
劉宜之,行可
劉宣,應召,文懿,紹和,靜齋
劉宣子,昭叔
劉宣猷,順齋
劉宦,士晉
劉宬,孟容
劉宰,平國,文淸,漫塘病叟
劉家幹,楨齋
劉家斌,蔚如
劉家柱,卓然
劉家模,楷堂
劉家珍,席待,鹿沙
劉家謀,仲為,芑川
劉家逵,仲鴻,退翁
劉容,仲寬,拙齋
劉宿光,應臺
劉寀,君疇
劉寂,無聲
劉寅,景甤
劉寅之,主敬
劉寅浚,亮勛,嘉予
劉密,霞夫
劉富,文華
劉富槐,樹聲,璱園,龍伯
劉寓生,奇進
劉寔,明可
劉寛,敬齋
劉實,從義
劉寧,士安
劉寧止,無虞
劉寬,慈裕
劉寯,振道,華嚴先生
劉寵,祖榮
劉寶,令金
劉寶森,書渠,永錫
劉寶楠,孝獻先生,念樓,楚楨
劉寶樹,幼度
劉寶第,松坪
劉封典,譽亭
劉將孫,尚友
劉尊五,敬安,敬菴
劉尊師,紫微
劉尊德,敬一
劉尚倫,佩五,筱村
劉尚志,景孟,汝立,行甫
劉尚惠,子元
劉尚文,文仲
劉尚樸,太卿,生白
劉尚義,伯正
劉尚質,賓卿
劉尹衡,平叔,莘麓
劉居之,寬夫
劉居正,安行
劉履,坦之,草澤閒民,草澤間民
劉履中,坦然
劉履安,幼芳,竹坪
劉履恂,迪九,雲陔
劉履旋,旋九,素隅
劉履祥,幼成
劉履芬,彥淸,泖生,漚夢
劉屺,季瞻
劉岊,季儀,成鳳,第一
劉岌,凌雲
劉岑,堅香
劉岡梧,嘯竹,攀榮
劉岩,大山,月丹,無垢
劉岱,宗望
劉岳,昭輔
劉岳昭,藎臣
劉岳申,申齋,高仲
劉岳雲,佛卿,佛青
劉峆,嵐峯
劉峨,先資,劉峩,宜軒,恪簡
劉峩,先資,劉峨,宜軒,恪簡,直軒
劉峴,仁伯
劉峻,劉孝標
劉崇,世祖,神武皇帝
劉崇之,志夫,文忠,智夫,智父,瑞樟
劉崇嗣,崇嗣
劉崇文,素先
劉崇斌,春舫
劉崇望,希徒
劉崇照,挺廬,楚鄉
劉崇熙,楚香
劉崇禮,厚山
劉崇遠,金華子
劉崇魯,郊文
劉崇龜,子長
劉崐,劉崑,太陽老人,景東,玉昆,西來,韞齋
劉崑,隱之
劉崑玉,晴川
劉崙,山甫
劉崟,子嵩
劉崧,劉楚,子高,恭介,槎翁
劉崧屏,武林
劉崧英,墨泉,少文,筱雲,謇公
劉崧駿,子藜,聽襄,遹高
劉嵒,魯詹
劉嵓,彥瞻
劉嵩,高祖
劉嵩齡,洵直
劉嵩齢,鶴莊
劉嶠,子淵
劉嶤,象謙
劉嶷,孟方,忠惠,黑馬
劉嶽,仰止,十五
劉嶽昭,藎臣,靜臣
劉巖,劉陟,劉龑
劉巗,大山
劉巨川,居厚
劉巽權,味農,武更,脊生
劉布,時服
劉布春,青園
劉希仁,居厚,居垕
劉希孟,醇甫
劉希慶,應吉,村隱
劉希政,昧三
劉希文,若范
劉希旦,天驥,德卿,第六,駿郎
劉希曾,意城
劉希洛,豫川
劉希深,審淵
劉希稷,農卿
劉希簡,以順,蓼渠
劉希華,楚臺
劉希賢,仲愚,木石
劉希龍,汝言
劉師,懷則
劉師中,珏孫,瑞生,靜可,非可
劉師亮,夔南
劉師培,左盦,申叔
劉師尹,堯咨
劉師恕,秘書,艾堂,補齋,賜榖堂,錦榖堂
劉師愈,道甫
劉師正,安退處士
劉師洛,篠坪
劉師稷,之佐
劉師贄,景宣
劉師道,宗聖,損之
劉師陶,少樵,滄霞
劉師陸,青園
劉師頴,方囘,方回
劉師魯,仲唯
劉常,子中
劉常德,元善,雨峰
劉幕,用植
劉干,知退
劉平,士衡,壯武
劉平仲,明觀
劉并,清叔
劉幹,孟楨
劉幼發,伯秀,第千三
劉幼鍾,安士
劉幽求,劉大,文獻
劉序,元禮
劉庚,公恆
劉庚金,奇相
劉庠,養吾
劉度,叔憲
劉庭式,得之
劉庭揚,叔休,慶哥,第二十六,餘慶
劉庭直,約齋
劉庭老,季齡
劉庭芝,劉希夷
劉庭芥,介徵
劉庭蕙,惠徵
劉康,瞿若
劉康夫,公南
劉康明,坤寧
劉康祉,以吉,玄受
劉庸,定理
劉廉,守廉,延慶,無上道
劉廌,士端
劉廓,公藴
劉廣,符博
劉廣國,寶生
劉廣祖,曠觀
劉廣聰,靜庵
劉廣衡,克平
劉廣譽,令聞
劉延世,王盂,述之
劉延壽,長年
劉延宇,贊明
劉延芳,芝圃
劉廷俊,半山,芸圃
劉廷信,廷玉
劉廷傳,惟中,維中
劉廷僖,自怡
劉廷儀,二十,汝修
劉廷元,直指
劉廷恕,仁齋
劉廷敕,崇恩,野川
劉廷斌,人楷
劉廷枚,叔濤,慊齋,贊虞
劉廷桂,初陽
劉廷梁,子作,退室
劉廷梅,同野,與和
劉廷棟,霞文
劉廷棨,戟門,漢符
劉廷楠,讓木,雲岡
劉廷榆,孟白,星實
劉廷標,玉存,霞起
劉廷樸,仲實,質軒
劉廷檢,子恭
劉廷琇,廷玉
劉廷琛,幼雲,潛樓
劉廷琦,劉庭琦
劉廷琮,繹堂
劉廷璣,在園,玉衡,葛莊
劉廷瓚,宗敬
劉廷直,浩齋先生,諤卿,養浩
劉廷章,建綸,蕓圃
劉廷策,以楊
劉廷範,弦齋,汝顏
劉廷簠,器重
劉廷臣,伯鄰,白石
劉廷舉,直卿
劉廷蘭,國徵,紉華
劉廷襄,恪齋
劉廷訓,式柏
劉廷誥,二十一,汝欽
劉廷譲,瑤圃
劉廷讓,光乂,光義,劉光義,劉庭讓
劉廷贊,西崑
劉廷輔,以徳,石峯
劉廷鉞,乙青,凌霄
劉廷鏡,梅蓀
劉廷鑒,保三,應照
劉廷鑾,輿父
劉建,懋中,茂中
劉建中,棠邨
劉建侯,孫卿,象卿,豫卿
劉建庚,剋長,西堂,西有
劉建志,雲燦
劉建良,鄭三
劉建韶,剋和,聞石
劉弇,偉明
劉弈,曉崖,野塘
劉式,叔度
劉式訓,箏笙,紫箴
劉引之,浮生子,翼亭
劉弗陵,孝昭皇帝,昭帝
劉弘,師仁
劉弘寶,公可,台巖
劉弘復,劉彝復
劉弘緒,劉宏緒
劉弘規,弘規,本名湛然,賜名弘規
劉弘遇,宏遇
劉弘道,志甫,筆山
劉弢,公輔
劉強學,行父,退庵
劉強甫,元思
劉弼,邦直
劉彌正,退翁,退齋
劉彌邵,壽翁,習靜
劉彝,執中
劉彞,惇倫
劉彤,旭日
劉彥之,彥之
劉彥和,元豫
劉彥宏,先覺,劉溥
劉彥弼,英臣
劉彥文,子章
劉彥登,允升
劉彥矩,芷裳,雉常
劉彥舉,士用
劉彥適,立道
劉彧,太宗,明皇帝
劉彬,伯菴
劉彬士,筠圃,筱圃,輔文,雲圃
劉彬華,藻林
劉彭壽,壽翁
劉彭年,省菴
劉彰,微之
劉彰寬,慎齋
劉彰寶,慎齋
劉得,彥本
劉得寬,幼平
劉得珠,甘泉
劉得遇,肯堂
劉從乂,劉熧
劉從學,屏山,時敏
劉從廣,景元,良惠
劉從德,康懷
劉從愷,舜卿
劉從正,端士
劉從稷,賢卿
劉從竹,友直
劉從龍,子雨
劉復,無咎
劉復亨,武宣,誠之
劉復初,貽哲
劉徵桂,月樵
劉徵紀,芷村
劉德,處行
劉德儀,雨亭
劉德元,壽翁
劉德卲,雲心
劉德培,篤甫
劉德威,志某,脩自
劉德崇,悔齋,梅齋
劉德師,仁楷
劉德常,德常
劉德成,景祥
劉德敷,文橋
劉德新,時敏
劉德明,仍卿
劉德昭,冀滋,蓂滋
劉德智,彥明
劉德淵,仲淵
劉德溫,淸惠,純甫
劉德潤,澍原
劉德禮,子深,敬叔
劉德秀,仲洪,退軒
劉德芳,純菴
劉德裕,奪秀
劉德謙,曉滄
劉德輝,吉堂
劉德遇,傲韶
劉德鈞,懷京,雨軒
劉德馨,一山,文泉
劉徹,世宗,孝武皇帝,武帝
劉心,劉愨,唐巖,致卿
劉心台,星三
劉心學,兼山,近思
劉心源,幼丹
劉心珤,心白
劉必宏,崇道
劉必成,景萬,與謀
劉必昌,文祉
劉必賢,天佑
劉必達,士徵
劉必選,青錢
劉必顯,玉溪
劉志,寧卿
劉志伊,可任
劉志壽,伯齡
劉志學,師孔,秋圃
劉志德,仰吾
劉志方,端夫
劉志業,可大,平江
劉志沂,愛曾,春軒
劉志源,淸冷子
劉志真,子常,純熙子
劉志行,梅南
劉志選,可選
劉忠,良臣
劉忠嗣,性之
劉忠器,世用
劉忠孝,忠孝
劉忭,劉汴
劉忱,明復
劉念,克甫
劉念典,學亭
劉忽里罕,子毅
劉思中,子睿
劉思友,益夫
劉思唐,尚友,西崖
劉思問,汝知,紫山
劉思忠,劉師忠,敬夫
劉思恭,安道
劉思敬,純之
劉思明,伯庸
劉思理,台天
劉思瑜,伯美
劉思禮,季和
劉思義,青巖
劉思翥,子芸
劉思誨,忠甫
劉思賢,七峯,用賓
劉思輯,篤公
劉思進,信卿
劉思齊,蛻齋
劉性,粹衷
劉性之,子仁
劉性傳,士原
劉恆,以貞
劉恆德,其占,楚臺
劉恕,寛仁,寬仁
劉恢,志道
劉恩,以忠
劉恩溥,博泉
劉恩第,承鳳
劉恩黻,新甫,麐楥
劉恭,敬之
劉恭冕,公俛,勉齋,叔俛,叔甫,廣經室
劉悅,以貞
劉惔,謹齋,養明
劉惟學,靜修先生
劉惟思,良貴
劉惟正,無惑
劉惟肅,庭威
劉惟謙,劉惟敬
劉惟輔,忠烈
劉惠人,子良
劉惠喬,應遷
劉愈,牖愚,紹韓
劉愈修,敦秩
劉愈奇,會遠
劉愉,濬軒
劉意,悟靈
劉愚,天下第一愚人,庸夫
劉愛娥,素樓
劉愷,承華
劉愼行,劉晟
劉愿,恭叔
劉慈孚,午亭,雲閒子
劉慎,進獻
劉慎詒,遜甫
劉慤,唐巖,致卿
劉慥,介亭,君碩,君顧
劉慧娟,幻花女史,湘舲
劉慧遠,謹齋
劉慶,本善
劉慶元,正凝,餘亭
劉慶凱,紹陽,顓夫
劉慶祥,玉溪
劉慶藻,右申
劉慶袓,紹遠
劉慶雲,瑞軒
劉慶餘,善堂,琪峯
劉憲,祖文
劉憲寵,十一,抑之,行素
劉憲章,澹安,端甫
劉應仙,數峰
劉應元,子春
劉應同,春卿
劉應子,劉應之
劉應峯,少衡,養旦
劉應授,以中,石竹
劉應時,子易
劉應月,銀蟾
劉應望,思儼
劉應李,劉棨,希泌,省軒
劉應東,震之
劉應沐,君溢
劉應炳,丙孫,煥卿,第貴六,震孫
劉應熊,體陽
劉應登,堯咨
劉應秋,兌陽,士和,文節
劉應箕,維南
劉應節,子和,季和,白川
劉應老,泄伯,第端三,絏伯,雅老
劉應舉,卿輔
劉應賓,元禎,平山堂,思皇,雪山堂
劉應起,時可
劉應辛,劉應星,子材,第六十二
劉應遇,念劬,玉庸
劉應道,玄壽
劉應雄,青原
劉應雷,汝豫
劉應霖,小峯
劉應鳳,克舉,堯擧,書台,書臺,翼甫
劉應鸞,野亭
劉應麒,道徵
劉應龍,在田,文見
劉應龜,元益,元義,山南
劉懋,勉之
劉懋中,可參
劉懋功,子謙,錫三
劉懋勳,放菴,麟伯
劉懋夏,公蕃
劉懋彝,稚恭
劉懋暲,渭川
劉懋照,旭菴,爾徹
劉懷,一巢
劉懷志,貞儒
劉懷恕,士行
劉懷經,叔理
劉懿芝,紫山
劉成,瑞卿
劉成德,潤之
劉成志,笏菴
劉成忠,子恕
劉成林,兿園,藝園
劉成治,廣如
劉成穆,嘉壽,玄倩
劉成美,大卿
劉成義,集士
劉成萬,元圃
劉成誦,子彥,濬泉,藹亭
劉成道,擇之
劉成駒,任亭,馭遠
劉戡之,元定,石華
劉戩,劉希戩
劉戬,伯景
劉才,子才,廣恩伯
劉才邵,檆溪,美中
劉承,樸谿
劉承吉,介石
劉承寬,子容
劉承寵,子中,麟石
劉承弼,彥純,西溪
劉承本,仰孺,茗圃
劉承漢,延宗
劉承烈,紹堂
劉承珪,劉承規,大方,忠肅
劉承直,宗弼,崆峒雪樵,崇弼
劉承矩,匠門,恕庵
劉承祐,隱帝
劉承祖,詒孫
劉承考,序思,臥麓先生
劉承輙,劉承諏
劉承鈞,孝和皇帝,睿宗
劉承銓,蓮峯
劉拯,彥修
劉拱,持道
劉拱辰,伯瑗,星平,柏源
劉持中,遵道
劉振世,節愍
劉振中,午天,定之,愛痴
劉振之,冰壺,廣文,忠烈,氷壺,而強,而强
劉振基,克成
劉振智,虛谷
劉振鏞,曉山,曠山
劉振龍,省齋
劉挺,咸卓
劉捷,月三
劉掄英,小棠
劉掞,文白
劉揆,季文
劉揚廷,諫堂,諫棠
劉揚祖,介白散人,宏宗
劉搢,子方
劉摯,忠肅,莘老
劉攜,六察
劉攬,士周
劉攽,公非,戇父,貢父
劉放,儀父
劉政,弘矩
劉效曾,東皋,爾思
劉效祖,仲修,念菴
劉敎,見川
劉敏,德柔,有功
劉敏中,中庵,文簡,端甫
劉敏寬,伯功
劉敏求,好古,松菊老人
劉敔,仲和
劉敞,仙庵,孟義,文僖
劉敞王,拱辰
劉敦,處厚
劉敦元,子仁,桐溪笠叟
劉敦紀,叔修,有堂
劉敦華,子春
劉敦行,名實
劉敦謹,厚之,少莊
劉敬,子欽
劉敬禳,正康
劉整,武仲,武敏
劉敷,叔榮
劉敷仁,濟甫
劉斁,思父
劉斅,于學,學古
劉文,德逸
劉文光,月山
劉文博,才卿
劉文卿,傒如
劉文夑,理臣
劉文如,書之,靜香居士
劉文寵,元錫
劉文彥,子美
劉文徵,懋學
劉文德,遠度
劉文徽,予受,淑庵,荷池
劉文敏,兩峯,宜充,直充
劉文海,翰臣
劉文淇,孟瞻
劉文炤,雪舫
劉文炯,肖山
劉文炳,忠壯,忠果,洪筠,淇筠
劉文煥,世英
劉文熙,惺庵,惺菴
劉文理,敬之
劉文瑞,廷麟
劉文甲,友瑞,友端,思孫,第仲九
劉文禮,君防
劉文義,義卿
劉文耀,劉文燿,忠果
劉文華,清署
劉文蔚,豹君
劉文裕,以寧
劉文質,彬卿
劉文郁,從周
劉文陶,書亭
劉文麟,仁甫,仙樵
劉文龍,銘三
劉斌,簡齋
劉斗鳳,友梧
劉斯唻,太容,文修
劉斯增,仍素,石生
劉斯嵋,彌三,彌山,眉生
劉斯潔,原靜,莪山
劉斯濯,儒新
劉斯琦,其奇
劉斯裕,芝崖,芝星
劉斯譽,芝崖
劉斯陛,士雲
劉方,元卿
劉方岳,尊五
劉方溥,鑑瑭
劉方烜,半巖
劉方玉,琢堂
劉方翼,夢弼
劉方興,龍山
劉方藹,劉方靄,濟美
劉方軻,宗魯,毓眉
劉方輔,輔之
劉於潯,傑宜
劉於義,劉于義,喻旃,文恪,蔚岡
劉日升,扶生,明自,爾湛
劉日暘,汝藎
劉日曦,馭初
劉旦,燕王
劉早,思舜
劉旭,伯亨
劉旻,劉崇
劉昂,德祖,恭僖皇帝
劉昇,彥昇,懶雲
劉昇朝,昇朝
劉昉,少卿
劉昊,孟元
劉昌,劉丹,彦宏
劉昌五,文偉,辛昌五
劉昌仁,伯陽
劉昌岳,峻卿,春濤
劉昌正,芝亭
劉昌祚,鴻業
劉昌臣,山癯
劉昌裔,光後
劉昌言,禹度
劉昌詩,興伯
劉明,廉夫,樗菴
劉明學,致齋
劉明德,作霖
劉易,性初,蘭雪子
劉易從,簡之
劉昕,海門
劉星煒,印于,圃三,思補堂,映榆
劉映丹,慕韓
劉映華,實谷,成蹊
劉春,緝昭
劉春煦,和鵬
劉春鋒,玉房
劉春霖,潤琴
劉昫,耀遠
劉昭,仲賢,巽二
劉昭文,汝簡
劉昭禹,休明
劉昮,守岑
劉是,劉定國,去非
劉昱,景陽
劉昺,晉初
劉昺燮,仙航,俊拔
劉昺珥,悅喬
劉時,本升
劉時中,仲謹
劉時斅,用行,素菴
劉時明,幼文
劉時望,傅霖
劉時秋,義甫
劉時習,說道
劉時華,寶泉,廷材
劉時進,子亨
劉晃,劉冕
劉晉,康侯
劉晉之,明季
劉晉棠,雨屏
劉晉藻,子表
劉晏,仲安
劉晙,三益
劉晟,景隆
劉景(愼行父),劉可大
劉景元,太初
劉景向,邃真
劉景堯,定一
劉景宇,參之
劉景宸,垕安
劉景寅,仲賓
劉景明,景明
劉景星,景升
劉景榮,君佩
劉景沂,劉素沂,同仁
劉景熙,好愚,浩如,濃溪
劉景石,文瑞,文靖
劉景福,介菴
劉景翔,溪山
劉景耀,嵩曙,景曜
劉景華,松泉
劉景韶,子成,白川
劉智才,智才
劉暉,景融
劉暉吉,勤圃,蘭圃
劉暌度,劉聧度,子睽
劉暐,大於,旦兮
劉曄,劉煜
劉曉,伯光,百光
劉曙,公旦,公曰
劉曦,玉暉
劉曰佺,勿仙
劉曰寧,員嶠,幼安,文簡,雲居,雲嶠
劉曰材,汝成
劉曰桂,汝芳
劉曰梧,斗陽,陽生
劉曰煃,新菴
劉曰睿,汝思
劉更生,炎弼
劉書傳,怡園
劉書年,仙石,有雲,竹史
劉書林,西園
劉書棠,茶村
劉書榮,茶村
劉書雲,研舫,縵卿
劉曾,榕樓
劉曾撰,芙孫,詠如
劉曾璇,蔭渠
劉曾璈,諧雲
劉曾騄,夢緣,驤臣
劉最,孟齋,振廷
劉會,嘉會
劉月娟,瑤仙
劉有光,筱莊,謙山
劉有勛,陶阜
劉有定,晉元
劉有年,大有
劉有慶,芸軒
劉有成,景用
劉有源,仲開,崐海
劉有誠,存甫
劉有銘,緘三,蔗圃,鐫三,鐫山
劉朔,復之
劉望之,一厓,商林
劉望齡,百朋
劉朝佐,道卿
劉朝噩,念南,賢之,質之
劉朝宗,肖韓
劉朝玉,君佩
劉朝瑞,雨村
劉朝鎔,金三
劉本,東旭
劉本仁,起元
劉本原,仲原
劉本唐,亦陶
劉本植,厚培,樹人,稚屏
劉本沛,雨若
劉本澄,馥泉
劉本煜,曉初
劉材,汝成,湖山
劉杜業,若洲
劉杞,松雲
劉杭,貽屏,霞舫
劉東,元昭
劉東星,子明,晉川,莊靖
劉東生,春山
劉東甲,梅村,槑梅,槑邨,罧邨,霖邨
劉杲,世熙
劉松,鶴來
劉松山,壽卿,忠壯
劉松老,榮祖
劉林立,友石
劉林青,慕暉,經雪
劉果,木齋
劉果實,師退,提因
劉枝延,竹坡
劉枝彥,竹坡
劉枟,文中,澹齋
劉柄輝,香雪
劉某,金霞
劉某某,劉賽
劉柟,希呂,百斯
劉柬,仲寬
劉栖梧,彥保
劉栖楚,善保
劉校,南潀,孝毅,宇夏,宗夏,宗道,忠毅
劉校之,中壘,書堂,書臺
劉栢,劉柏
劉格,道純
劉桂堉,星岑
劉桂娥,月仙,月纖
劉桂年,樹君
劉桂文,雲坳
劉桂榮,劉源嶓,次源,馨山
劉桐,世材
劉桓,殿虎
劉梁,廷材
劉梁楨,玉栗
劉梅,訓夫
劉梅開,心齋
劉梧,劉敔
劉梭之,劉枝之
劉棐,仲忱
劉棟,曰隆
劉棠,思召
劉棠蔭,曉耘
劉棣威,萊閣
劉棨,弢子,青岑
劉森,曾鏊
劉植,成道,漁屋
劉植卿,眉川
劉椿,劉椿年
劉楗,公愚,玉壘,玉罍,端敏,雙鶴堂
劉楚先,子良,文恪,衡野
劉楚英,湘蕓,香鄖
劉楚蘭,深林,芳叟
劉楨,維周
劉業廣,慵庵,爾勤
劉楷,于端
劉榆生,星伯,榮喬,稚柳
劉榘,仲則,文肅,求齋
劉榛,山蔚,董園
劉榮,劉江,廣寧伯,忠武
劉榮亮,采堂
劉榮嗣,敬仲
劉榮熙,春臺,緝堂
劉榮玠,介佩,南屏,錫亭
劉榮祖,繼善
劉榮黼,怡雲老人,春舫
劉槃,克用
劉槩,劉概,平甫,忠質
劉樞,星旋,鴻甫
劉模,禹門
劉樳,建侯,連侯
劉樸,華甫
劉樹勲,竹塘
劉樹堂,劉樹棠,師竹軒,景韓
劉樹屏,葆良
劉樹本,根也
劉樹森,葆田
劉樹鵬,月巖,翼清
劉樽,元器
劉橒,懷遠
劉機,似虞,省度
劉檝,岸先
劉檟,三十六,元美
劉權之,德輿,文恪,雲房
劉欒,汝喬
劉次昌,坦園
劉次春,雁山
劉次源,毅民,畢容
劉次莊,中叟,戲魚翁
劉欣,孝哀皇帝
劉欽,仲賢
劉欽鄰,隣臣
劉欽順,體乾
劉正,忠宣,淸卿
劉正之,子正
劉正亨,謙夫
劉正品,瑞亭,貢三
劉正夫,德初,文憲
劉正宗,中軒,可宗,御墨樓,憲石,逋齋
劉正慧,愚溪
劉正敩,學半,玉峰
劉正潤,濟遠
劉正衡,元定,思石
劉正誼,戒謀
劉步庭,瀛川
劉步蟾,子香
劉步駰,章侯
劉武,士憲
劉武元,明靖,鎮藩
劉武周,定楊可汗
劉武臣,希召
劉殿元,斌亭
劉殿衡,玉伯
劉殿颺,廣堂,慶堂
劉毅,希樂
劉毓崧,伯山,松厓,松崖,柏山,毓嵩
劉毓敏,易農,遜之
劉毓桂,月齋
劉毓楠,南卿
劉毓熿,寅旭
劉毓琪,東美
劉毓盤,子庚
劉毓磻,渭川
劉氏,娘子
劉氏(劉從乂女),性忠
劉氏(劉德章女),定師
劉氏(劉徹女),光贊
劉氏(劉神女),娘娘
劉氏(李克用妻),秦國夫人
劉氏(杜羔妻),劉氏
劉氏(王咸妻),南陽公主
劉氏(王希淮妻),第行四十五
劉氏(許古妻),貞潔
劉氏(趙恆皇后),章獻,莊獻
劉氏(趙煦妻),元符皇后,昭懷
劉氏（肅明順聖皇后）,肅明皇后,肅明順圣皇后
劉民先,聖仕,聖任
劉民覺,莘材
劉永,吉甫
劉永之,仲修,山陰道士
劉永乾,健菴
劉永亨,子嘉
劉永利,珂冷,義之
劉永圖,季懷
劉永基,忠毅,止菴,特倩
劉永壽,長庚
劉永寧,以德
劉永年,君錫,昌齡,景烈,莊恪
劉永泰,又玄,大來
劉永滇,滇生
劉永澄,清之,練江
劉永祚,叔遠
劉永禎,紫涵
劉永福,劉義,淵亭
劉永紹,繼重
劉永通,弘濟
劉永銓,中衡
劉永錫,剩菴,欽爾,爾欽,賸庵
劉永鑑,慕堂
劉汀,叔南
劉汋,伯繩,貞孝,遯齋
劉汝器,菽原,重彞
劉汝寬,肅侯
劉汝康,濟甫
劉汝桂,攀甫
劉汝楠,南郭,孟材
劉汝沂,怡亭
劉汝淑,慎之
劉汝源,匯江,堰江
劉汝為,廷宣
劉汝皋,蘭溪
劉汝祺,術農
劉汝立,學禮
劉汝舟,端父
劉汝藻,湘南
劉汝訢,怡亭,澹園
劉汝謩,古三,潔士,賡虞
劉汝進,山翁
劉汝鈞,君鼎,蒙山
劉汝錫,南墅
劉汝霖,潤蒼,雨生
劉汝靖,安之
劉汝鶴,松年
劉江,練洲
劉汲,忠介,直夫
劉汶,師魯
劉沂,文因
劉沂春,泗哲,魯菴
劉沄,舊村,閒之
劉沅,止唐,止堂
劉沆,忍亭,社村,靖然
劉沇,濟源
劉沐,淵伯
劉沐霖,弼臣
劉沔,子汪
劉沙剌班,伯溫,學齋
劉沛然,伯雨,潤生
劉沬,季新
劉沭,季新
劉治平,子均,心芝
劉泉,一清
劉泌,鄴侯
劉泗道,杏垞
劉泥清,藜青
劉注東,思禹
劉泮,汝化
劉泰,必康
劉泰祥,紫峰
劉泳,光大
劉泳之,彥冲,梁壑
劉洍,劉茞,劉菃,劉蒞,惟馨
劉洎,思道
劉洙,道源
劉洛生,希程
劉洞,劉夜坐
劉洪,元卓
劉洪度,嚴庵,柯園,爾侯
劉洪烈,果育老人,聘之
劉洪簡,敬甫,艾畦
劉洪謨,士術,惟後
劉洵,繪水
劉洵直,子浩
劉洽,百禮
劉浙,宗岱
劉浚,孝德先生,恆南
劉浡,自裕
劉浦,荻江
劉浩,無竭
劉海,宗海
劉海涵,怡宣
劉海鰲,仙洲,曉瀾
劉浹,宗說
劉涇,叔淸,次山
劉涇檝,景卿
劉涓,德原,金涓
劉涣,凝之
劉涵,觀海
劉淇,南泉,南泉山侶,武仲,衛園,龍田
劉淑,寒河漁侶,文如
劉淑唐,養沖
劉淑媛,娟娟
劉淑愈,亦韓
劉淑慧,守拙
劉淑曾,婉媛
劉淑相,東巖,養忠
劉淑秀,慎勗
劉淑章,修文,霞客
劉淑英,個山,木平,靜婉
劉淑頤,百年
劉淛,匡南,君東,約堂,約堂先生,約我
劉淦,竹溪
劉淮,東之
劉淮夫,長源
劉深,源長
劉深成,廉卿,義軒
劉淳,尚質
劉淳一,徵垣
劉淵,學海,象環
劉淵泉,希登
劉淵然,大眞人,高道
劉混康,葆真冲和先生
劉清,作庵,泳斯,潑墨山人
劉清之,子澄,靜春先生
劉清夫,靜甫
劉清泰,劉朝卿,蓉舫
劉清祥,溪子,雲千,雲干
劉清華,菊莊
劉清韻,古香,東海女史
劉渙,仲景
劉渠,淸甫
劉渡,卜洲
劉渤,文甫
劉渭,元渤
劉渶浰,德言
劉渷,囗囗
劉渾,休淵
劉渾孫,厚存
劉湄,岸淮,正林,芷林
劉湍,文祖,明元皇帝
劉湘,荊川
劉湘煃,允恭
劉湛,秋江
劉湜,劉瑅
劉湲,靜淵
劉溎年,樹君
劉溎焴,徵梅,星岑,東生
劉源,濬之
劉源崐,筱邨,鴻軒
劉源巘,百泉
劉源淥,昆石,直齋
劉源深,少卿,潛翁,醉侯
劉源清,東圃,汝澄
劉源澄,劍津
劉源濬,曉川,禹卿
劉源灝,曉瀛,澗泉,鑑泉,鑒泉
劉源長,介祉
劉準,仲謀,順皇帝
劉溟蘭,墨卿
劉溢,彥庵
劉溥,公濟
劉溫,溫甫
劉溫伯,春卿
劉溫叟,永齡
劉溱,子杠
劉溶,春渚
劉滁,全因,安兒,豐國
劉滂,伯雨,四十二,重菴
劉滄,蘊靈
劉滋,香雨
劉滋生,碩田
劉滬,子濬
劉演,文敷
劉漢中,勃安,拙安
劉漢傳,世卿,全歸居士,第三,習甫
劉漢儀,山甫
劉漢儒,文卿
劉漢卿,上於,依思
劉漢弻,正甫
劉漢美,榆園
劉漢雄,玉川
劉漪,漁村,錦江
劉漳,允濟,永濟
劉潛,孔昭
劉潛之,句農,沁庵
劉潤,東里
劉潤珩,礪吾
劉潮,主信
劉潯,鏡河
劉潲瑟,芳英
劉潺,宗瀾
劉澂,澗薌,蒔蘅
劉澄,本清
劉澄亮,彥明
劉澄甫,子靜
劉澍,汝霖
劉澐,巨波
劉澣,自新
劉澤宏,仁山,西泉
劉澤民,朝佐
劉澤清,東平侯,鶴洲
劉澤湘,今希,釣月老人
劉澤芳,德馨
劉澯,海門
劉澹然,安道
劉濂,宗周
劉濖,六峰,芳皋
劉濚,清伯
劉濟,澤民
劉濟寬,公定
劉濟川,劍青,說岩
劉濠,凌登,浚登
劉濤,德潤
劉濩,聲之
劉濬,休明
劉濱,竹居
劉瀚,樗菴,約之
劉瀛,厚瓊,耕雲
劉瀾,安東
劉灌,惠民
劉灝,若千
劉灣,靈源
劉灼,慧菴
劉炅,晦伯,瞻華
劉炌,元白,六十七,熙臺山人
劉炎,撝堂
劉炟,孝章皇帝,章帝,肅宗
劉炯,浦西
劉炳,矗峰
劉炳勛,伯純,雩農
劉炳文,景明
劉炳然,藜閣
劉炳照,光珊,柏蔭,語石
劉炳青,書圃,藜軒
劉為楫,時用,濟滄
劉烈,建之,挺之
劉烈女,朝邑三烈
劉烒,珵圃,誠甫
劉烜,巽行,瀛坡
劉烺,兩己,季聲
劉焀,介達,玉笥,電仲
劉焌,雲門
劉焕,章仲
劉焜,子湘
劉焞,文潛
劉無極,晞顏
劉焵,晴峯,晴峰
劉煇,玉函,西山
劉煊,十一,用光
劉煒,愚山,明子
劉煒華,子皋,懷祖
劉煓,石篦,石麓
劉煜,養雲
劉煟,淑規
劉煥,永和,蘭亭
劉煥彩,照基
劉煥章,彥真
劉煥糸攵,藹如
劉煥衢,頌臣
劉煦,和庵,小白
劉照,用晦
劉照書,雨村
劉熇,德輝
劉熙,傑雍
劉熙劭,克宣
劉熙古,義淳
劉熙祚,仲緝,忠毅,思劬
劉熙載,伯簡,寤厓,寤厓子,庸齋,融齋
劉燁,耀卿
劉燁然,文光
劉燕翼,襄孫
劉燕譽,恃源,樹香
劉燦,韜士
劉燦明,用晦
劉燧叔,用齋
劉燾,仁甫,帶川
劉燾孫,長吾
劉燿堃,景揚
劉燿東,啟後亭長,曾佑,疚庼居士,祝群,葆申
劉燿藜,翰青
劉燿采,午霞
劉爆,彥正
劉爚,文簡,晦伯,雲莊先生
劉爟煇,二青
劉爵,子修,陽湖
劉爾炘,又寬,曉嵐,果齋
劉爾牧,堯麓,成卿
劉爾郊,子野
劉牧,先之,牧之,長民
劉獬,去邪
劉獻之,君獻
劉獻廷,君賢,廣陽子,繼莊
劉玄芝,秀生
劉玄豹,玄豹
劉玉,仲璽,毅敏
劉玉亭,敏嫻
劉玉成,自復,谷濂
劉玉汝,成之
劉玉泉,輝庭
劉玉湛,輝山,露亭
劉玉珂,越翹
劉玉豐,瑞庵
劉玉麟,麐兆
劉王璦,穀峯
劉玘,仲玉
劉玨,兩玉,木容
劉玭,十一,求素,雙林
劉玶,七者翁,平父,平甫
劉珂,公佩
劉珊,介純,海樹
劉珍,金寶
劉珍玉,欽我
劉珏,益亭,輝堂
劉珖,闌嵎
劉珙,廷獻
劉珝,叔溫,古直,文和,東劉先生
劉珠,海翁,福井
劉珣,道章
劉珩,文鳴
劉珪,小胡
劉珮,象德
劉珵,超宗
劉珷,次珣
劉珽,君搢,方庵
劉現,朝紳
劉球,兩溪,廷振,忠愍,忠毅,文愍,永樂,求樂,祭忠臺
劉琅,五川,玉山,玉川
劉理,美玉
劉理之,叔如,秩卿
劉理順,復禮,文正,文烈,湛六
劉琛,廷獻
劉琠,章聖皇帝,顯祖
劉琢,幼雲
劉琥,國禮
劉琦,農坡
劉琨,韞齋
劉琪,德卿
劉琪棻,湘石,雲峰
劉琬,茂貞
劉琬懷,撰芳,韞如
劉琮,慶先
劉琮玉,潤芳
劉琯,子佩
劉琰,介菴,公琬
劉琴,松雪
劉琴宰,單父,季齋
劉瑀,汝器
劉瑄,宗器
劉瑊,玉儔
劉瑋,公奇
劉瑗,劉媛
劉瑜,貴卿
劉瑞,五淸,五淸主人,五淸先生,德夫,德符,文肅,東溪
劉瑞培,子澄
劉瑞桐,丹谷
劉瑞梮,丹谷
劉瑞璘,琅坡,紹聞
劉瑞祺,伯符,景臣,謹丞
劉瑞芬,芝田,青山,養雲山莊
劉瑤,潤夫
劉瑧,均容
劉瑶,德華
劉瑾,元忠
劉璉,宗華
劉璋,君寶
劉璋壽,倬卿
劉璐,研莊
劉璞,柘山
劉璟,時瑩
劉璠,劉蟠
劉璣,榮亭
劉璧,朝完
劉璪,德章
劉璲,士約
劉璹,君玉
劉璽,國符,雙泉
劉璿,如璿
劉瓊,蒼莽
劉瓚,容五
劉瓛,廷珍
劉甄,和父
劉生中,性宇
劉生和,仲協,環江
劉生慧,少園
劉生辰,通伯
劉用中,道行
劉用和,煦堂
劉用行,聖與
劉用賚,迪庵
劉用錫,麗泉
劉用霖,雨田,雨甲
劉甫,嶽卿
劉甫生,錢甫生
劉田,仲龍
劉田殖,培園
劉由孫,傑夫,環岫
劉甲,師文,淸忠,淸惠
劉畊孫,存吾
劉略,野夫
劉畬,伯修
劉畬德,余田
劉異,成伯,成季
劉畿,子京,朝宗,羽泉
劉疇徵,怡雲
劉登,升道,昇道
劉登庸,行可
劉登貴,顯甫
劉登辰,規甫
劉發,三齋
劉發岐,文治,飴原
劉發恆,立齋
劉發祥,華庭
劉百祿,受之
劉皓,商父
劉盈,孝惠皇帝,惠帝
劉益,十二,謙之
劉益之,仲益
劉益謙,恭甫
劉益錢,小奴
劉盛之,文郁
劉盛堂,剋升,鳳生
劉盛藻,子務
劉相,文範
劉省勛,時功,黼廷
劉眘儀,慎儀
劉眘虛,全乙,劉大
劉真,天錫
劉睃,三益,三齋
劉睿,文通
劉瞻,巖老,攖寧居士
劉瞻榕,南榮,於根,榿林
劉瞻漢,叔南
劉矞祺,雲樵,髯樵
劉知信,至誠
劉知己,仲常
劉知幾,劉五,子玄
劉知昌,劉知白
劉知至,伯時
劉知變,與權
劉知過,與幾,與機
劉知遠,劉暠,睿文聖武昭肅孝皇帝,高祖
劉矩,仲方
劉砥,存菴,履之
劉硯畬,訓三
劉碧,映清
劉碩輔,孟輿
劉確,堅士
劉磐,衎公
劉礪,在軒,用之
劉祁,友奚
劉祉,沈亭
劉祐,伯祖
劉祖任,心尹,木庵
劉祖向,直孺
劉祖啟,顯之
劉祖尹,怡堂
劉祖慶,筱卿,筱珊
劉祖滿,蘭雪
劉祖脩,汝敬
劉祚全,純嘏
劉祚遠,子延
劉祜,劉祐,叔修,拙齋,淑脩
劉祝永,子貞
劉祥,孝先
劉祥南,南瑞
劉祺,以介
劉祿,后峯,惟學
劉禋,節愍,誠吾
劉禎慶,劉徵慶
劉福,順夫
劉福姚,伯崇
劉禔,十一,持美
劉禕之,希美
劉禧,以穀
劉禧延,辰孫
劉禪,孝懷皇帝
劉禮,子厚
劉禮奎,南宮,燮堂,竹笑
劉禮淞,松泉
劉禹,希儉
劉禹謨,平甫
劉禹錫,秋平
劉秀,世祖,光武帝,光武皇帝
劉秀之,道寶
劉秉仁,子元
劉秉厚,仁山
劉秉哲,鑑堂
劉秉志,石持
劉秉忠,仲晦,文正,文貞,藏春散人
劉秉恕,文定,長卿
劉秉恬,德引,竹軒
劉秉憻,秀田,雲懋,雲樵,雲熙
劉秉文,舍章
劉秉林,崑圃
劉秉權,仲經,曉晴
劉秉琳,崑圃,昆圃,藜照堂
劉秉璋,仲良,文莊,習靜園
劉秉監,印山,遵敎
劉秉直,淸臣
劉秉衡,耕亭,莘農
劉秉鈞,叔衡,近溪
劉秉鉞,駿聲
劉秉銓,鑒塘
劉秉鑑,遵敎
劉秩,伯序,伯敘
劉種之,存子,檀橋,蓮勺
劉稱,務敎,季子,拙菴
劉穀,原實
劉穀孫,式甫,石芙
劉穆,公岸
劉積義,正夫,麥川
劉穎,時秀
劉穩,朝重
劉立,斯立
劉立中,致和
劉立之,宗禮
劉立言,禹昌
劉竑,伯慶
劉竟中,子庸
劉竟成,志卿
劉章,德潤
劉章夫,倬卿
劉端,劉復,季莊,性初
劉端祥,靜齋
劉端芳,湖璉
劉竹,守節
劉符,端期
劉符丹,柳溪,鍾璜
劉策,尚謨
劉策先,甲三
劉筠,子儀,文恭
劉節,介夫
劉範,邦式
劉篤康,筱山
劉簡,惟嚴
劉籈,和父
劉粲,休明
劉紀,振之
劉紀明,景暉
劉約,博之
劉純,君錫,義壯
劉純仁,景范
劉純煒,仰仲,霽庵
劉紘,三十三,景瞻
劉素,文之,靜虛
劉素存,丹丞,春仙
劉索,仲孚
劉細君,右夫人
劉紳,佩教
劉紹,劉子憲
劉紹向,定叔,漢卿
劉紹寬,厚莊,次饒
劉紹恤,十三,汝欽,瀟湘
劉紹攽,九畹,瀛賓,繼貢
劉紹文,昀谷
劉紹曾,念卿,進之
劉紹玄,顯之
劉紹瑨,穆亭
劉紹統,疊峯
劉紹能,及之
劉組會,承菴
劉絢,質夫
劉統,龍泉
劉統勳,劉統勛,延淸,延清,延青,文正,爾鈍,邇鈍
劉絳,宅中
劉綋,子遠
劉綎,子綬,忠壯,忠烈,省吾
劉經,貞甫
劉經傳,石渠
劉經緯,洪湫,道甫
劉經裕,小村
劉綜,居正
劉維,九澤
劉維嵩,鎮中
劉維烈,惠公,毅庵
劉維禎,瑞公,魯庵
劉維禴,子孚
劉維翰,墨莊,笠漁
劉維藩,傑人
劉綮,仲亭,仲孚
劉綱,秉常
劉綸,大本
劉綺,文先
劉綺梅,香雪
劉綿祚,季延
劉緒,劉漵
劉緯,東華
劉縉,匏寄子
劉績,用熙
劉繇,正禮
劉繩武,善堂
劉繪,士章
劉繹,詹巖
劉繹如,成叔
劉繼,纉緒
劉繼元,英武皇帝
劉繼善,元卿
劉繼增,寄漚,梁漁,石香
劉繼寬,無閡先生,致明
劉繼恆,漢溶
劉繼恩,廢帝少平皇帝
劉繼文,永謨,節齊
劉繼昌,念生
劉繼樑,雲揚,雲楊,雲陽
劉繼瑚,居賢,居閔
劉繼相,雪湖
劉繼祖,大秀
劉繼祿,承德
劉繼美,念修
劉繼聖,衍泗
劉繼遠,仁宇
劉纓,與淸,鐵柯
劉纘,孝質皇帝,質帝
劉美,懋實
劉義,喬林,立夫,笠夫
劉義夫,義夫
劉義度,劉義叟
劉義隆,太祖,文皇帝
劉羲仲,壯輿,漫浪翁
劉羲叟,仲更
劉羽國,辰熙
劉羽翔,雲程
劉翀,蔭舉
劉翊宸,劉承實,遁庵,遯菴,雲樵
劉翊清,輔臣
劉翔,虛谷
劉翰,武子
劉翰良,靜庵
劉翰華,實齋,寶齋
劉翰藻,墨卿,敏慧
劉翲,于翰
劉翹,孝皇帝
劉翼,心如,躔文,躔父
劉翼之,梅齋,輔廷
劉翼明,子羽,鏡庵
劉翽,仲儀
劉翾,惟翰
劉耀,耀卿
劉耀增,廉丞
劉耀庚,甲甫,申甫,西峯,里甫
劉耀林,春亭
劉耀椿,臞鶴,莊年
劉耀煇,二青
劉而位,希泉,爾爵
劉耐,叔曏,敏庵
劉耕,遵益
劉聖波,文瀾
劉聚,本仁
劉聦,達夫
劉聰,明卿
劉聲琦,少芸
劉肅,敬之
劉肇,和帝,孝和皇帝,穆宗
劉肇勣,子膚
劉肇勷,子讓
劉肇國,阮仙
劉肇基,忠烈,鼎維
劉肇棠,蔭南
劉肇紳,默園
劉肇邦,止齋
劉肇銓,允齊
劉肇鑑,鏡古
劉肇隅,廉生,淡園居士
劉肯堂,月山
劉胤,嗣宗
劉胤桂,公振
劉脫歡,武桓
劉臣,惟馨
劉臨孫,楫庵,繼令
劉自,劉堯咨,從聖
劉自化,伯時
劉自存,體心
劉自強,體乾
劉自政,通之
劉自潔,南村,恆叔
劉自然,伯純,小塏
劉自立,樹堂,靜山
劉自竑,任先,僧如,劉自紘
劉自誠,宗道
劉自貴,從聖
劉臬,五泉,憲甫
劉至健,嘉禾
劉至喜,慶農,玉延
劉至柔,歸正
劉至浩,懷韶
劉至臨,茂之
劉致,時中,逋齋
劉致一,必純
劉致中,大本
劉臺,國基,子畏,毅思
劉臺拱,子階,江山令,江嶺,端臨
劉臻,宣摯,漢聖
劉興元,乾一,嵋村
劉興宗,子昂
劉興樾,梧孫,海嶽行唫客,蔭喬
劉興權,執夫,執未
劉興甫,周士
劉興藻,少泉
劉興袓,孝先
劉舉賢,于賓
劉舜儀,湘雲
劉舜卿,希元,毅敏
劉航,仲通
劉良,質臣
劉良佐,明輔
劉良寅,賓臣
劉良弼,賚卿
劉良貴,貴德
劉良駒,叔干,星房
劉良駟,穆生,述舫
劉芑,資中
劉芝,采之
劉芬,世馨
劉芮,子駒,順寧
劉芳,彌章
劉芳世,彥度
劉芳名,孝五,忠肅
劉芳喆,宣人
劉芳年,寓莊
劉芳春,熙壽,熙臺,熙齋
劉芳時,馨谷
劉芳潤,元方,玉窓
劉芳節,元度,聖達
劉芳聲,何實
劉芳譽,實甫
劉芳躅,增美
劉芸,衡圃
劉芹,子獻
劉苣,絮庭
劉若宜,宜之,泰齋
劉若川,劉武,定功,朝宗
劉若曾,仲魯
劉若水,澹齋
劉若沖,叔謙
劉若濟,七民,君用
劉若璪,黼庭
劉若虛,叔揚,叔陽
劉若鼐,敬菴,爾梅
劉英,萬夫
劉英媛,臨川長公主
劉英發,漢叟
劉英鋒,偉山
劉茂實,元弼
劉茂林,子本
劉茂貞,子松
劉茝,惟馨
劉荀,子卿
劉莊,孝明皇帝,明帝,顯宗
劉莊孫,樗園,正仲
劉莊年,躍椿
劉菏,月潭
劉華,志尹
劉華峯,西屏,西峯
劉華甫,華甫,行宜
劉華翰,實齋,寶齋
劉萍,遇亭,選亭
劉萬程,星敷,鵬翀
劉萬青,鍾山
劉萬頃,憲翁,所存
劉葆萱,芝亭
劉葵,効忠
劉蒙,資深
劉蒙叟,道民
劉蒙慶,茂先,雲茅居士
劉蒙正,聖功
劉蒼,伯春
劉蓀芳,航石
劉蓉,蕊仙
劉蔭,弘基
劉蔭椿,子年
劉蔭樞,劉應樞,喬南,宜夏軒,相斗,秉燭子,高南,龍門先生
劉蔭章,越堂
劉蕃,君卿
劉蕃卿,子才,默齋
劉蕡,去華,去革
劉薦,士端
劉藍,子青
劉藎,迪誠
劉藜光,照卿,耀樞
劉藻,劉玉麟,素存,蘇村,鑑人,鹿吝兆,麐兆,麟兆
劉蘇,玉生,玉立
劉蘊輝,玉生
劉蘩榮,涧芳
劉蘭,紉秋
劉蘭敏,立齋,蕙田
劉蘭榭,復亭
劉蘭芬,子芳
劉蘭馨,南陔,映青,綺石
劉虎,伯林
劉處約,景仁
劉虞夔,和宇,直卿
劉虢瑞,光袓
劉虬,公潛
劉蛟,雲友
劉蛻,復愚
劉融,伯熙
劉蟠,士龍
劉行素,易甫
劉行義,伊人,天達
劉衍祚,淑嗣
劉衎,元宗,孝平皇帝
劉衡,六九,劉大鑼,劉榕,劉瑢,劉璿,告之以有過之軒,廉舫,簾舫,蘊聲,蘊馨,訒堂
劉衡詔,勝三,聘三
劉衢,劉孝子
劉袤,廷延
劉裁,汝成
劉裕,德輿,武帝,武皇帝,高祖,齊奴
劉裕新,鼎巖
劉裕陞,捷三
劉裧,德輝
劉裴,劉斐
劉褒,伯寵,春卿,梅山老人
劉規,應乾
劉規甫,劉得吉
劉觀,尚賔
劉觀光,名園,子賓
劉觀渡,範九,銘九
劉觀藻,玉叔
劉言史,劉棗強
劉訒,思存,春岡
劉訓,忠言
劉訢,月坡
劉訥,仁寰,拱北
劉訪,聘斯
劉詒慎,遜甫,龍慧
劉詔陞,研莊
劉詡,劉翊
劉詢,中宗,孝宣皇帝,宣帝
劉詧,昭遠
劉詩,古愚,松坪,興齋
劉詮,宋衡
劉詵,桂翁,桂隱
劉誠,伯實
劉誠之,子開
劉誠倬,曲齋,穉筠
劉説,劉悦
劉誼,宜菴,淦山,淦川,金川
劉談,再平
劉談經,辨之[弘齊]
劉諒,簡章
劉諧,宏源,弘原,鳳和
劉諭,偕立
劉諶,承芳
劉謐,成式
劉謙,惟恭
劉謙亨,汝撝
劉謙吉,訒菴
劉謙夫,謙夫
劉謙終,恭叔,恭靖
劉謨,應咨
劉謹,惟勤,維勤
劉謹之,樸夫,退谷
劉譽,永美
劉讓,撝謙
劉讜,知言
劉谷萬,粒民
劉豐衍,霽崖
劉象,劉仙掌
劉象恆,峩圃
劉象益,損齋
劉象謙,牧庵,虛谷
劉豫,彥游,彥由,曹王
劉豫師,矩門,錫之,雲奚
劉豳,完璧,琬亭
劉貞,劉真
劉貞吉,許仲
劉貫道,仲賢
劉貴曾,少崖,良甫
劉貺,劉三,惠卿
劉貽慶,天錫
劉貽謨,西三
劉賁,炳文
劉賓,廷臣
劉賜琦,企韓,拙農,琪函
劉賡,維嵩白雲子
劉賡琛,石四
劉賢,時舉
劉賢佑,自天
劉質,曰彬
劉質甫,去華
劉贄,子禮,西塘
劉贊,稼莊
劉起元,劉廷偉
劉起宗,初泉,宗之
劉起振,穎之
劉起晦,啓晦,建翁
劉起蒙,養之
劉起鳳,韶九
劉超,虎竹
劉越,子長
劉跂,學易先生,斯立
劉跛子,劉山老,野夫
劉躍雲,伏先,服先,貽拙齋,青垣
劉軫,德輿
劉軻,希仁,湓納
劉載,德輿
劉輔,建堂
劉輔漢,君佐
劉輝,玉涵
劉輝祖,北固
劉輿,辛皋
劉辯,少帝,弘農懷王,弘農王
劉辰,伯靜
劉辰秀,淸流三烈
劉辰翁,士遠
劉迂,巢松,漫翁
劉迅,挺卿,捷卿
劉近臣,亦棐,霍童
劉迥,陽卿
劉迪,梅潭
劉迪簡,邁生
劉述,繼先
劉述祖,善夫,蓬澤
劉逈,維中
劉通,弘易
劉逢,劉達
劉逢原,資深
劉逢愷,策齋,虞讓
劉逢泰,玉亭
劉逢祖,介繁
劉逢祿,思誤居士,申受,申甫
劉連捷,勇介,南雲
劉連穀,五畦,玉畦
劉連陞,劉連濟
劉進,史皇孫,悼皇考
劉進昌,升蘭,升衢,竹衡
劉進明,曰起,譽卿
劉逴俊,遐矚
劉逵,公路,公達
劉逵選,紫麓
劉運,尊元
劉運鮒,西臨
劉過,更齋,益翁
劉遐亮,執葊
劉道,子弘
劉道一,炳生,鋤非
劉道亨,仰岡,時濟
劉道寧,真常子
劉道深,公原,鷗翁
劉道立,成己
劉道隆,起南,麟原
劉達夫,宣子
劉達泉,淼生
劉遜,時讓
劉遵,慧明
劉遵僑,子奇,子寄
劉遵和,子中,崮源,春白
劉遵海,溟觀,聿南
劉遵禮,魯卿
劉遵陸,澗楠
劉選,子銓
劉遼,海達
劉邊,近道
劉邦,太祖,高皇帝,高祖
劉邦光,國華
劉邦彥,心農
劉邦棟,雲松
劉邦槐,小峰,蔭人
劉邦美,才卿,樂庵
劉邦翰,子宣
劉邦采,君亮,師泉先生
劉邦鼎,石臣
劉邵,德翁
劉郁,仲文
劉郇膏,松岩,松巖,蘇生
劉鄘,君美
劉鄴,漢藩
劉醇驥,千里,廓庵
劉采,安峯,汝質,端簡,與質
劉重慶,幼孫,耳枝
劉重昭,季宣
劉重進,劉晏僧
劉重麟,仁趾
劉金,子南
劉金殿,鳳宣
劉金省,納菴,纳菴
劉金聲,振玉,鶴汀
劉金路,得輿
劉金錫,淦亭
劉釗,時勉
劉釪,仗和,伏和,季子
劉鈁,南金,長子
劉鈍,望脩
劉鈐,秘之
劉鈖,玉堂
劉鈗,汝中,汝忠,西橋
劉鈞,子平
劉鈞貽,涵芝,蘭谷
劉鈺,世美
劉鈺成,剋振,德聲,瞻坡
劉鉉,十五,滄源,玉卿
劉鉞,廷肅
劉鉦,劉鎮,慎恪
劉銑,蔗園
劉銓,真孺
劉銓珍,環山
劉銘傳,壯肅,大潛山人,大潛山房,盤亭,省三
劉銘本,心源,西園
劉銘誌,盼遂
劉鋆,檢亭,筆仙,酉門
劉鋒,琯臣,試吾
劉鋹,劉繼興
劉錄,世臣,亭湖,景賢
劉錡,信叔,武忠,武穆
劉錦棠,毅齋,襄勤
劉錦榮,耀廷,錫綬
劉錦藻,澄如
劉錫,德純
劉錫五,受茲,誠齋
劉錫元,冲甫,玉受
劉錫勇,待廬,研芬,蔬叟
劉錫友,漱蘭,義群
劉錫嘏,純齋
劉錫彤,翰臣
劉錫方,大齋
劉錫淮,定丹
劉錫疇,壽芙
劉錫祺,壽岩
劉錫禹,秋平,秋忆
劉錫純,亦齋
劉錫絪,繡峯
劉錫麟,荊翹,香雪海人
劉錫齢,鶴亭
劉鍇,用甫
劉鍔,宗榮,快軒
劉鍾敏,務原,務源
劉鍾祥,乙藜,履元
劉鍾蓉,集裳
劉鍾龢,季平,離垢
劉鎔,叔冶
劉鎡,伏時
劉鎧,蓮生
劉鎬,京周
劉鎮,雅居
劉鎮崧,松山
劉鎮竇,楚善
劉鎮藩,屏山,節愍,長白
劉鎮鼎,辛畬
劉鎰,兼萬
劉鏜,子鳴
劉鏞,劉墉
劉鏡,叔光
劉鐘芳,秀夫
劉鐶之,佩循,信芳,文恭,沁芳,珮循,環之,百畫百硯之齋
劉鐸,以道
劉鑄,季冶
劉鑑,汝照
劉鑒,惠叔
劉鑣,六真居士,長馭
劉鑾,公禦,殿傳
劉鑾基,友山
劉長佑,印渠,子默,武慎,爾眷,蔭渠
劉長卿,劉八,文房
劉長慶,凝吉
劉長春,存仁
劉長松,參崖
劉長發,永存
劉長祺,延堂
劉長福,曼容
劉長華,品芬,滌浮居士
劉長輔,孟質
劉長駒,惶房
劉開,孟塗,孟涂,方來,明東,東明
劉開兆,肇啟,蕓庵,靜觀
劉開煌,省吾,省梧
劉開第,鑾坡,雲莊
劉閔,子賢
劉閴,靜叔
劉闢,太初
劉阿克當阿,厚菴
劉阿減,劉阿緘
劉阿爾泰,忠武
劉陶,仲防
劉陽,一舒,三五
劉隅,叔正,範東
劉隆,尚文
劉隆卿,際所
劉隆瑞,梅國先生,立賢
劉際可,禮卿
劉際唐,子遇,素庵
劉隨,仲豫
劉隹珍,裕堂
劉雁題,仙圃
劉雄,仲威
劉集勛,昆墀,鶴田
劉雍,堯臣
劉雍鑒,慕堂
劉雙保,台壁,合璧,知音
劉雙曜,郎亭
劉雯,漢章
劉雯曠,去嬉
劉雲,鳳岡先生
劉雲槐,青里
劉雲溪,敏伯
劉雲瓊,檻花居士,籬石,靜娟
劉雲章,石橋,縵卿
劉震,孟男
劉震坤,厚齊
劉震孫,朔齋,長卿,長翁
劉震霆,聲甫
劉霈,永溥,雲樵
劉霖,時沛
劉霞光,曙初
劉霦,潛夫
劉靄慈,墨濂
劉靈簫,筠湘
劉青照,乙資
劉青芝,實夫,江村,芳草
劉青蓮,華岳,藕船
劉青藜,乙觀
劉青霞,嘯林
劉靖,星階
劉靖之,子和,孝敬先生
劉靜宜,梅娥
劉鞏,得天
劉韐,仲偃,忠顯
劉韙,國瑞,天錫,石麟,第小三
劉韜瑞,南村
劉韞,仲固,秀野
劉韶,松峯
劉韻,繡琴,贈梅
劉韻珂,次白,玉坡,荷樵
劉順,壯靖
劉順徵,懋承
劉順昌,九來,雲將
劉頗,保極
劉頴,時秀,洪齋
劉頷,子誠,忠烈
劉顏,子望,明道先生
劉顓,公益
劉顔,子望
劉願,恭叔
劉顯,光祖
劉顯恭,雲峯
劉顯曾,橙浦,誠甫
劉顯績,元公
劉顯貴,元伯
劉飛,竹莊
劉養充,以道,十七
劉養吉,脩仲
劉養微,敬伯
劉養志,希尹
劉養晦,雪樵
劉養直,壽泉,敬夫
劉餋鋒,玉屏
劉餗,鼎卿
劉餘,魯恭王
劉餘慶,善初,小蘋,芷庭
劉餘祐,中徽,五孺,濱宛,燕香居士,燕香齋,玉吾,申徵
劉餘繩,鶴山
劉餘謨,劉徐謨,灊柱
劉首昂,閬客
劉香,素蘭
劉駕,司南
劉駿,世祖,孝武皇帝
劉騤,劉暌
劉騭,劉隲
劉騰霄,子翀
劉騰鴻,峙蘅,武烈
劉騰鶴,傑人
劉驁,孝成皇帝,統宗
劉驤,伯揚
劉驤雲,銘竹
劉驥,德良
劉體乾,健之
劉體仁,七頌堂,公勇,公甬戈,十才子,莊庵,蒲庵,辟園,韻石齋
劉體元,德先
劉體升,德中
劉體舒,雲岩
劉體道,親正
劉體重,子厚,梅坪,青溪
劉體青,劉淢
劉高越,穩齋
劉髦,孟恂,石潭先生
劉魁,士元
劉魯,希曾,省軒
劉魯仁,劉維仁
劉魯檜,潤山
劉魯生,希孔
劉鳳,鳴岐
劉鳳儀,北村,天瑞
劉鳳山,勤節,禹門
劉鳳朝,尭臣
劉鳳池,文甫
劉鳳瑑,石四,石門
劉鳳瑞,桐圃
劉鳳翔,仲集
劉鳳翰,笙樵,藝林
劉鳳苞,採九,毓秀
劉鳳華,吉梧,海珊
劉鳳誥,丞牧,存悔齋,承牧,無廬,無虛,薇園,金門
劉鳳階,桐岡
劉鳳霄,韻騫
劉鳳韶,汝成
劉鳳齡,竹筠
劉鳴玉,鳳岡
劉鳴瑞,子風
劉鳴皋,慈鶴
劉鳴謙,地山
劉鳴陽,應明
劉鴻,七星居士,雲表
劉鴻儒,四留堂,寶笏堂,魯一
劉鴻勲,敬堂
劉鴻志,丹書
劉鴻瀚,文軒
劉鴻盤,蘇嵐
劉鴻翥,漢儀
劉鴻翱,劉鴻翺,次白,綠野齋,蜚英,黃葉老人
劉鴻訓,靑岳,默承
劉鴻誥,綸宣
劉鴻逵,子儀,雲衢
劉鵬,圖南
劉鵬翕,雲展
劉鵬鳴,振霄,舒翹
劉鶚,公約,補殘,鐵翁,鐵雲
劉鶩,孝成皇帝
劉鶴,廪菴,潔菴
劉鹿鳴,子示
劉麟,景祥
劉麟應,顯人
劉麟珵,恪亭,楚璧
劉麟瑞,如村
劉黃中,師厚
劉黃裳,太景,玄子
劉黻,東齋
劉黼,廷章
劉鼇,怡園
劉鼎,促器
劉鼎孫,伯鎮
劉鼎玉,溫如
劉鼎臣,拙齋,調元
劉鼒,毅吉
劉齊,存軒,言潔
劉齊昂,祜豐
劉齊法,近川
劉齊潯,子澂,本咸
劉齊賢,景山
劉齊銜,冰如
劉龍,文安,紫巖,舜卿
劉龍光,前川
劉龍發,登父
劉龐,豐叔
劉龑,劉陟
劉龜年,且老
力起,振之
力鈞,軒舉,醫隱
努尔哈赤,太祖,承天廣運聖德神功肇紀立極仁孝睿武端毅欽安弘文定業高皇帝
努葉勒春升保,春生保
勃羅帖穆爾,一齋,存中
勒伯勒東,勒伯勒東德加理尼阿爾伯依都額爾
勒德洪,覺羅勒德洪
勒方錡,太素齋,少仲,悟九
勒深之,元俠,公遂,省旃
勒璽,荊玉
勒箴言,贊廷,醒齋
勗實帶,及之,西齋
勞乃宣,季瑄,榘齋,玉初,矩齋,矩齋學人,韌叟,韌盦,韌盦老人
勞乃寬,偶庵
勞之辨,介岩,介巖,介庵,書升
勞俶融,卷星,古愚
勞先泰,靜菴
勞勳成,介甫
勞史,餘山,餘山先生,麟書
勞啟揚,于庭,子庭,宇庭,干庭
勞堪,任之,廬岳
勞孝輿,孝於,巨峰,惠門八子,惠門四君子,臣峰,阮齋
勞崇光,常惺惺齋,文毅,辛皆,辛陔,辛階
勞文桂,月移
勞格,保文,季言
勞權,平甫,蟫隱,顨卿
勞永嘉,金粟
勞淑靜,岫娛
勞潼,潤之,潤芝,莪野,莪野先生
勞玭,汝明
勞琰,寶崖
勞純一,安歧
勞紹科,東泉,獻伯
勞肇光,少薌
勞若華,蕙楊
勞蓉君,採卿,鏡香
勞蓮君,瓣香
勞迺超,仰東,卿東,祁東
勞遜志,惟敏
勞鉞,廷器
勞鼎勛,勉臣
勵世馨,誦芬
勵守謙,子大,檢之,自牧,雙淸老人
勵宗萬,滋大,衣園
勵廷儀,令式,南湖,南胡,文恭
勵德興,鑑齋
勵杜訥,文恪,杜訥,松喬堂,澹園,近公
勾令玄,勾居士
勾印,叔明,曉哥,曉孫
勾昌泰,句昌泰,熙載
勾龍如淵,行父,行甫
勾龍庭實,君貺
勾龍雱,元量
勾龍震,元度
勾龍驥,文舉
包世榮,季懷
包世臣,倦翁,安吳先生,小倦游閣外史,慎伯,慎齋,白門倦游閣外史,目伯,誠伯
包乾,元夫
包仁義,廣大
包令儀,肅之
包何,幼嗣
包佶,包七,幼正
包叔蘊,靜趣
包因器,君用
包國泰,執之
包國璋,圭山,體醇
包均,午橋
包士曾,心山,省三
包壯行,為圃,石圃老人,稚修
包大成,展齋,汝藩
包大爟,十二,舉之
包太隆,昌延
包孝,元愛,十二,吳石
包宏,用夫
包宗經,伯琴,迺畬
包定,定之
包家丞,興寶
包容德,子成
包履吉,蕉舫,補園
包履常,適可
包希魯,魯伯
包府,孝伯,季伯,第八,義仲,肅哥
包廷藻,南澗,文叔
包思富,永佑
包恢,宏父,宏甫,宏齋,文肅
包應登,涵所,稺升
包應豐,鹿中
包應麟,子瑞
包括,銀河
包拯,包公,包孝肃,包青天,包希仁,孝肅,希仁
包捷,驚幾
包揚,克堂,顯道
包敬堂,升矣,果峰
包整,南堂
包文,載道
包文元,君重
包文達,行甫
包昂,顒叟
包有輝,實夫,寧夫
包榮父,景仁
包橒,德文
包檉芳,十二,子柳,端溪,起春
包欣芳,怡汀,雲皋
包永昌,世卿,西圃
包汴,元京,十四
包泰和,曉扶
包涇,東伯
包淮,仲邳
包漙,十四,民敬
包澤,東川,民望
包煒,含章,怡堂
包爾庚,長明
包玉,連城
包琰,小峯
包祚永,存齋,美存,美成
包祥麟,厚村,振若
包禾,子穎
包秉德,即山,飲和
包穎,包潁
包端,元圃
包筠,聳亭
包節,元達,蒙泉
包約,詳道
包翬,沖卿
包舜英,佩芳
包良佐,克忠
包莘,尹耕
包蘭瑛,佩棻,者香
包融,包二
包衎,彥孝
包裕,好問,小包
包詠,義脩
包諤,直臣
包謙,益之
包貴,老包
包道成,妙行先生
包遜,敏道
包金枝,新桂,鐵喦
包雲龍,包德,景翔,第萬七,自德
包韞珍,亭玉,包蘊貞,菊籬
包順,俞龍珂
包鴻逵,儀甫,振瑞
包鼎,汝調
包鼐,汝和
匡慶榆,星階
匡時相,燮堂
匡源,鶴泉
匡翼之,敬敷
匡蘭馨,石江
匡鐸,松野,淑敎,淑教
匹婁德臣,孝先
區仕衡,九峰先生,邦銓
區作霖,雲甫
區大倫,孝先,端溪,羅陽
區大登,孕月,望月,朵月
區宗初,蓉生
區建學,筱原
區拔熙,理魁,緝堂
區文治,亦蘇
區望濂,善普
區正,本中
區海,朝宗,歐海
區湛森,翅亨,鵬霄
區為樑,棟臣
區燦如,晦亭,梅亭
區玉,廷璋
區璵,良玉
區益,叔謙
區行,中行
區賢,德夫
區適,正叔,登洲
區適子,正叔,登洲,良玉
區錫朋,劭忠,義軒
區震,敘安,靜軒
區龍禎,凡蘧,象先
千奴,景憲
千宗瑛,紫亭
千廷煚,干廷煚
千藻,坦園,黼德
千鳳韶,訥庵
升允,吉甫,素庵
升寅,晉齋,賓初,賓旭
升泰,竹珊
卓世彥,邦美
卓人月,珂月
卓佳文祥,卓佳文祺,武毅
卓傑,梁父
卓元規,大正
卓元龜,大年
卓先,進之
卓克,伯仁
卓冠,卓聖惠,安民,第三,聖倫,聖惠
卓厚,德載
卓厚繕,勁甫
卓台辰,仲弼
卓右龍,帝弼
卓夢卿,景說
卓夢呂,周翰
卓天錫,純嘏
卓存,叔義
卓孝復,巴園,毅齋,芝南
卓寶藏,芸生
卓居傅,起巖
卓山甫,仲山
卓庶,幾仲
卓彜,靜岩,靜巖
卓彝,靜岩
卓得慶,卓德慶,善夫,樂山
卓愼,係危,子幾,文貞,竹亭,謙夫
卓應,熊叔
卓成大,器之
卓敬,忠貞,惟恭,維恭
卓明卿,澂甫
卓景濂,友蓮
卓枟,午生,寉溪
卓橒,鶴溪
卓毅夫,彥仁
卓津,少淸,少清
卓洵,士直
卓炎子,起晦
卓熙泰,耐菴
卓燕祥,雙成
卓燦,文瑛
卓爾,見可
卓爾堪,子任,寶香山人,鹿墟
卓爾康,修餘堂,去病,農山
卓特升泰,恭勤,竹珊
卓特富俊,文誠,松岩,松巖
卓特有泰,夢琴
卓特阿濟拜,忠勤
卓獻夫,彥翼
卓玘,磯石
卓珣,士直
卓琮,廷瑞
卓璨,卓燦,文瑛
卓田,稼翁,西山
卓發之,左車,蓮旬
卓石,起甫
卓祐之,長吉
卓秉恬,文端,晴波,枕善書屋,海帆,海颿,靜波,靜遠
卓迪,民逸
卓長齡,蔗村
卓駿,君驥
卓麟異,子孟
南世健,伯順
南世周,仁父,松坡
南乙蕃,敬烈
南九明,寓菴,箕瑞
南九萬,文忠,美齋,藥泉,雲路
南二星,仲輝,宜拙,章簡
南仝,以正,汾涯,鐵面御史
南以信,直谷,自有
南以恭,以敬,子安,雪蓑
南以興,城隱,士豪,忠壯
南以雄,市北,敵萬,文貞
南企仲,伯墀,子及
南兆,吉甫
南光發,璞予
南卓,昭嗣
南啓夏,養伯,龜峯
南在,忠景,敬之,龜亭
南堯民,思尹
南壽,仁夫
南夢賚,仲遵
南大吉,元善,瑞泉
南天漢,孤巖,章宇
南孝溫,伯恭,文貞,最樂堂,杏雨,碧沙,秋江
南孝義,仲柔,志素齋
南孟夏,施伯,東郊
南宫燦,叔獻,楓溪
南宫覲,希元
南宮文信,子中,懶心齋
南宮鈺,汝常,滄洲
南宮靖一,仲清,仲靖,跋山主人
南尚文,仲善,雙湖
南就明,季良,藥坡
南居益,二太,思受
南居磐,仲安
南師古,格庵
南延年,壽伯,忠壯
南廷縉,梨亭,肅甫
南弼文,操菴
南彥經,時甫,東岡
南心恭,伯容,訥齋
南怡,忠武
南憲仲,子章
南應雲,灌園,致遠,菊窓,蘭齋
南應龍,二樂堂,景霖
南懷仁,佛迪南特斯阜泌斯脫,勤敏,勳卿,敦伯
南斗瞻,汝昻,醒窩
南日廷,臨野
南昌齡,念貽
南昱,時芳
南智,忠簡,智叔
南暉,昭簡
南朝英,進之
南正重,伯珍,碁峰
南武星,仲武
南漢,天章,秦川
南瑾,季献
南省身,日三
南秀文,敬齋,景素,景質
南翧,伯圖,滄溟
南老星,明瑞,雲谷
南致元,仁卿,琴軒
南致利,義仲,賁趾
南致勤,勤之,武襄
南袞,士華,文景,止亭,知足堂
南褒,士美,知止堂
南誾,剛武
南趎,仙隱,季應,西溪
南軒,叔後
南逢吉,元命,元貞,姜泉
南道振,仲玉,弄丸齋
南邦化,以德
南金,世寶,楚重,渭陽
南釗,休亭,希古
南銑,大夢,晦谷,澤之,貞敏
南鏜,彥聲
南鵬,騰霄
南龍翼,壺谷,雲卿
博卿額,虛宥
博史克多山,饒峰
博和里塔勒岱,勇壯,博和哩塔勒岱,塔勒代
博啟,繪亭
博明,晰齋,貴明
博桂,小山
博爾朮,武忠
博爾濟吉特伊什扎木蘇,伊什扎木蘓,伊什札木蘇,博爾吉濟特伊什扎木蘇
博爾濟吉特伯彥訥謨祜,伯彥諾謨祜,布彥訥謨呼
博爾濟吉特保恆,保恆,桓靖,艾峰
博爾濟吉特僧格林沁,僧王
博爾濟吉特博迪蘇,祿菴
博爾濟吉特古爾布什,固爾布什,敏襄,青卓理克圖,青卓禮克圖,顧爾布錫
博爾濟吉特哲哲,孝端文皇后,孝端正敬仁懿哲順慈僖莊敏輔天協聖文皇后
博爾濟吉特喀蘭圖,壯敏,敏壯
博爾濟吉特善慶,樂亭,樂齋,錫餘
博爾濟吉特多爾濟那木凱,多爾濟納木凱,多爾濟那穆凱
博爾濟吉特岳興阿,剛介,剛節,岱青
博爾濟吉特布爾喀圖,岱達爾漢,布爾哈圖,布爾哈都,布爾噶都
博爾濟吉特弼喇什,畢喇希
博爾濟吉特德勒克多爾濟,威勤
博爾濟吉特德勒克色楞,德勒克策楞,德勒色楞
博爾濟吉特德參濟旺,德參濟王
博爾濟吉特德建,博爾濟吉特德保住
博爾濟吉特德穆圖,德墨圖,德木圖
博爾濟吉特恩格德爾,端順
博爾濟吉特恩齡,恩麟,楚湘,述園
博爾濟吉特恭鍹,聲雲,靄音
博爾濟吉特恭鏜,振魁
博爾濟吉特惠豐,恪慎
博爾濟吉特慶麟,慶林
博爾濟吉特扎拉芬,札拉芬,武介
博爾濟吉特扎木素,札木素
博爾濟吉特托渾布,子元,安敦,愛山,瑞榴堂,瑞留堂
博爾濟吉特文俊,博爾吉濟特文俊
博爾濟吉特文孚,文敬,秋潭
博爾濟吉特昂洪,達爾漢和碩奇,達爾漢和碩齊
博爾濟吉特明安,忠順,恭誠
博爾濟吉特果勒敏,杏岑
博爾濟吉特查克丹,敏恪
博爾濟吉特棍楚克策楞,簡愨
博爾濟吉特武納格,吳內格,吳訥里,巴克什,武訥格
博爾濟吉特氏(寨桑女),博爾濟錦氏,孝莊仁宣誠憲恭懿至德純徽翊天啟聖文皇后,孝莊文皇后,昭聖慈壽恭簡安懿章慶敦惠溫莊康和仁宣弘靖太皇太后
博爾濟吉特沙爾布,沙理布,沙禮布,襄壯
博爾濟吉特班第,義烈
博爾濟吉特琦善,文勤,靜庵
博爾濟吉特瑞洵,信夫,坦園,天乞居士,天乞老人,散木居,景甦,景蘇,覺遲,退厂
博爾濟吉特瑞澂,心如,恕齋,莘儒
博爾濟吉特畢力克圖,恪僖
博爾濟吉特穆赫林,末赫林
博爾濟吉特策凌,策棱,策淩,超勇襄親王
博爾濟吉特策拔克,策巴克
博爾濟吉特索特那木多布齋,博爾濟錦氏郡王索特納木多布濟,索特納木多布濟,索特納木多布齊,索特納木多布齋
博爾濟吉特綳楚克車林,彭楚克車林,朋楚克車林
博爾濟吉特綸布多爾濟,倫布多爾濟,綸佈多爾濟
博爾濟吉特羅密,羅米
博爾濟吉特色布騰巴勒珠爾,科爾沁和碩毅親王,色卜謄巴勒珠爾,色卜騰巴勒珠爾,色卜騰巴爾珠爾,色布騰巴爾珠爾,色布騰珠爾布納,色布騰班朱爾,色布騰班珠爾
博爾濟吉特色爾格克,勤敏,塞爾格,塞爾格克,色爾格
博爾濟吉特裕謙,勉益齋,博爾濟吉特裕泰,舒亭,舒亮,衣谷,靖節,魯山
博爾濟吉特那彥圖,巨父,巨甫,鉅甫
博爾濟吉特那遜蘭保,蓮友
博爾濟吉特鄂爾哲伊特穆爾額爾克巴拜,鄂勒哲依忒木爾額爾克巴拜,鄂勒哲依特穆爾額爾克巴拜,鄂勒哲特穆爾額爾克巴拜,鄂勒追特穆爾額爾克巴拜,鄂爾哲特穆爾額爾克巴拜,鄂爾遮特木爾額爾克巴拜,額爾追特穆爾額爾克巴拜
博爾濟吉特鄂齊爾,俄齊爾,勤恪
博爾濟吉特鄂齊爾桑,俄奇爾桑,俄齊爾桑
博爾濟吉特錫縝,厚安,厚庵,子默,後言弇,淥矼,渌矼,退復軒,錫淳,錫純
博爾濟吉特錫霖,武烈
博爾濟吉特阿拉善,阿喇善
博爾濟吉特韋陀保,博爾集吉特韋陀保,韋佗保
博爾濟吉特額爾克戴青,勤良,額爾克代青,額爾克岱青
博爾濟吉特額琳奇岱青,勤良,峩爾克奇代青,額林臣代青,額爾克代青
博爾濟吉特齊墨克圖,奇墨克圖,齊默克圖
博爾濟錦多羅機打喇罕,博爾濟吉特,多爾機達爾漢,多爾濟達爾漢,多爾濟達爾罕,順僖
博爾都,問亭,大文,東皋漁父
博爾錦吉陞阿,智亭
博理察,忠毅
博羅歡,武穆
博羅特圖伽布,肅慎
博裕特鳳寶,子丹,定甫,悟軒
博迪蘇,露菴
博通阿,充一
博郭羅特博勒忠阿,博勒莊阿
博顏歹,士貞
博顏達,孝友
博麟,覺羅博麟
卜世臣,大荒
卜世藩,蕓庵,藏叟,韻荃山人
卜之先,無味子,無知子,知幾
卜二南,南仲,太始
卜俊民,方嘉
卜元簡,延休
卜元英,彥才
卜兆麟,聖游
卜則巍,應天
卜同,從大
卜大同,吉夫,監泉
卜大有,謙夫
卜大順,信夫,簠泉,達夫
卜天璋,君璋,正獻
卜娛,清姒
卜宗洛,長醉翁
卜寧一,中三,五峰,念辛
卜局寬,樹堂
卜履吉,訥齋
卜强本,卜僵本
卜彥達賴,布彥達賴
卜惟吉,椒塢
卜憐吉歹,忠武
卜文煥,嵩生,若泉
卜景超,其旋
卜曰謀,子嘉
卜源,蒼文
卜燕賓,樂嘉,鹿笙
卜璀,無質
卜璠,惟卿,樸庵
卜相,夢良
卜花朮,忠節
卜萬,節愍
卜葆鈖,尹甫,達庵
卜詢,子安
卜起元,潛莊,貞甫
卜鑑,明卿
卜陳彝,聲陔,陳之儀
卜雲吉,谷似
卜韞,蕙姬
卜顏帖木兒,仲賢
卞三元,公餘,恪敏,月華,桂林
卞三畏,仲華
卞三近,梧亭,誠之
卞乃譝,小疋
卞亨良,亨之
卞仲良,春堂
卞偉,子充
卞元虎,仲文
卞南仲,應午,月溪
卞嘉宷,爾靖
卞圜,卞夫子,子東,子車
卞士雲,光河,卞榮賢,季華,竹辰
卞夢珏,元文,玄文,篆生
卞夢鈺,卞鈺,玄文,篆生
卞大亨,嘉甫,松隱,松隱居士
卞季良,巨卿,文肅,春亭
卞寶第,頌臣
卞履文,坦叔
卞德基,卞儉基
卞思敏,行甫
卞思義,宜之
卞懷詔,小和
卞成溫,壺巖,汝潤
卞承憲,惺銘
卞文瑜,潤甫
卞斌,叔均,雅堂,靜樂軒
卞時煥,輝卿
卞景福,仲申,栢陰
卞榮,華伯
卞榮洙,聖波
卞樹毓,培基
卞氏(陳仲孫妻),壽安縣君
卞永寧,是亭
卞永譽,仙客,仙容,令之,合之,式古堂,會之
卞煥文,孕靈,醉夫,靈孕
卞獻,三一山人,八溪後人,寓慵,時哉,雙翼
卞珏,仲寶,仲玉
卞瑄,子玉
卞璽,荊璞
卞維城,擁百,玉生,雨帆
卞萃文,孚升,遜齋
卞萼南,振寰,耕仙
卞衮,垂象
卞袞,垂象,大蟲
卞諲,十一,寅之
卞諶,信卿
卞謨正,海嶼,繼皋
卞賽,玉京道人
卞錫,叔孝,穎山
卞鐡山,耕崖
卞長勝,燮堂
卞鼒,小吾
卦爾察德明,端勤
卬白蘭,印白蘭,幽谷
印啟,佑之
印康祚,印川
印憲曾,昭復
印憲會,淞汀
印應飛,德遠
印照,匯淙,菽園
印白蘭,幽谷
印粲,印崇粲
印銘祚,織簾
印鴻經,彞堂,章夫
危㫃,於幰
危之安,竹君
危亦林,達齋
危原道,言齋
危和,應祥,蟾塘,閒靜居士
危固,堅道
危孝先,簡言
危嶽,繼申
危復之,見心,貞伯,貞白先生
危拱辰,輝卿
危映奎,嘯竹,魯野
危昭德,子恭
危永吉,德祥
危煥樞,子政,白門
危璪,祿蟾
危瓛,朝獻
危祐,危佑,夢弼
危稹,威科,巽齋,逢吉,驪塘
危素,太樸,雲林
危行,世隆
危言,踐堂
危貞昉,孟陽
危龍友,致堯
卲津,元通
卲猷,陳之
卻永,世延,隱懷,龍泉
卿彬,永瞻,雅林
卿悅,嵩年
卿文瑞,孺賢
卿祖一,六成
卿祖培,敦夫,滋圃,錫祚
厚慶,齋祥
原一魁,仲文
原傑,子英,襄敏
原寀,次寮
原峰峻,坦齋,級雲
原峰萊,蓬仙
原廷銘,仲勛
原惟楨,齊山,齋山
原應三,亦阿,溯伊
原捷,獻之
原步顏,薪齋
原潔,本澄
原秉衷,天敘
原衷戴,念聖
原軒,公載
厲世昌,周鼎
厲乃慶,篤卿
厲仲方,約甫
厲元吉,半村,旡咎,無咎
厲同勛,冠卿,茶心
厲嘉修,石孫
厲士貞,厲世貞
厲德斯,直方
厲志,心甫,駭谷
厲恩官,研秋,硯秋,錫功
厲文翁,厲髯翁,小山居士,聖錫,髯翁
厲昇,文振,雪菴
厲昌謨,望所
厲曾鋐,聲遠
厲汝進,子修,子脩,文峰
厲汪,萬頃
厲秀芳,實夫,惕齋
厲邦俊,元明
厲雲官,伯符,鳧庵
厲鶚,大鴻,太鴻,樊榭,樊榭山民
及宦,二河,士顯
及雨,潤礎
叔孫元功(字),元功
受慶,次農
叚䛵,心川
叚以敬,順章
叚可政,星舟
叚嘉謨,襄亭
叚夢日,景光
叚彥魁,虎臣
叚志佺,松原,松廩
叚應紳,扶亭,秋亭
叚承實,芳山
叚承恩,午峯,德夫
叚暄,燮廷
叚東暹,子升
叚梲堂,召瑞,召貽
叚榮德,華輔
叚正邦,蘭之
叚汝霖,澤凡
叚湘,圖書
叚琪,仙圃,仙圖
叚祚,天錫
叚耀宗,蔭園
叚起瑞,楫五,輯五,靄亭
叚逢藻,萍香
叚鑂,文貴
叚體乾,健亭
叚麟,吉金
叢中芷,方林,沅有,芥園
叢儀鳳,閬仙
叢克敬,祇公
叢壇,杏莊,石泉
叢大為,堯山
叢希聖,太初
叢文蔚,玉臺,豹卿
叢淙,石甫
叢澍,汝霖
叢祁志,舒卿
叢蔭坤,邃衷
叢蘭,半山,廷秀
古一忱,丹錦
古世淳,太素
古世紳,敬存
古之琮,梅岑
古之賢,士希
古其然,體成
古弘節,大量
古應芬,勷勤,湘芹
古成之,亞奭
古摯,通老
古文炳,仲毨
古樸,文質,素軒
古洵直,夢符
古炳乾,海初
古篤魯丁,志道
古院香,約瀾
古革,仲通
古韻,幼谿
句中正,坦然
句印,叔明,曉哥,曉孫,第一
句友于,信卿
句希中,襄臣
句希仲,衮臣,袞臣
句濤,景山
句煒,唐孫,西卿
句龍傳,明甫
句龍如淵,行父
句龍庭實,君貺
句龍惠夫,德方
句龍樑,持國
句龍權,持正
句龍雱,元量,松壽,第四
句龍震,佛喜,元度,喜佛,第六三
句龍驤,應祖,文擧,文舉,第崇一,羅漢保
只兒哈郎,襄愍
召蟒塔度腊,召蟒塔度臘
可頻瑜,何頻瑜
台斐音,雨亭
台柏紱,綬卿,繡麟
史一經,君牧,研餘
史久立,學禮
史之選,凱軒,少蕓
史乗古,爾力
史于光,中裕
史亞卿,景聖
史仲先,臥雲
史伯璿,文璣
史佩瑲,鸞坡
史佾孫,列父
史俊,邦彥
史信,安期
史修,仲煇
史傑,偉堂
史傳遠,壯猷
史允中,心源
史允琦,蒿子
史元亨,太初
史元熙,良明
史元美,平實
史兆斗,辰伯
史兆麟,鹿園
史光奎,春坡
史光簡,魯泉
史克寬,松園,生原
史克恭,子敬
史全義,漢英
史公亮,云莊叟,少弼,雲莊叟
史公珽,搢叟,蓬廬處士
史冊,義維
史功舉,士行
史効,廷忠
史務本,子樸
史勝德,智斌
史勝書,荻洲,鐵腳道人
史匡翰,元輔,史翰
史博,約之
史可法,史閣部,忠正,忠靖,憲之,道鄰,道隣
史可程,蘧庵
史可蘇,更生
史可觀,瞻容
史吉徵,惠修
史君寶,史君實
史周沅,南瀾,芬遠
史哺,史晡,阿史那睞
史唐卿,景裴
史啟明,文起
史善法,醜仁
史善言,指遠
史善載,叔輿,史善戰,松舟
史善長,春林
史嗣元,懋宗
史嘉,宗彝,宗燮
史國乾,哲夫,蟄夫
史國琛,怡秋,獻甫
史國華,濟寰
史國輔,吉士
史在慧,俊之
史在甲,慎齋,甡忠
史在魯,景尼
史坦,履仲
史垂譽,望之,龍門
史堪,載之
史堯俟,伯振,明甫
史堯弼,唐英,蓮峰先生
史堯輔,充甫
史夏隆,趾祥
史夔,冑司
史夢琦,仲韓,卓峯,卓峰
史夢聰,竹房
史夢蘭,硯農,香厓,香崖
史夢蛟,竹房
史大亨,史太亨
史大成,及超
史大方,符昭
史天倪,和甫
史天安,全甫
史天應,伯謙
史天澤,忠武,潤甫
史天秣,蘭嫣
史夬,剛中,第三十七,繁郎,茂卿
史奕昂,吉甫,抑堂,頡甫
史奕楠,新儒
史奕環,恬安
史奕簪,朋九
史孔吉,亦步,敬勝
史孝咸,子虛,拙修
史孝復,子復
史孝本,仁之
史孝章,得仁
史孟俊,傑先
史孟和,熙臺,護元
史孟麟,啟新先生,玉池,際明
史季溫,子威
史學,文鑑
史學遷,武林
史宅之,恭惠
史宇之,子發
史守之,子仁,碧沚
史守文,孟博
史守道,孟傳
史安,志靜
史安之,子田
史宗垣,維城
史宗悅,漢書
史官,秉衡
史定之,子應,月湖漁老
史家修,量才
史容,公儀,薌室居士
史寶臣,國卿
史尚轍,素載
史履晉,康侯
史峑,綺文
史崇洵,魯齋
史崧壽,儼慈
史嵩之,子由,子申,忠簡,莊肅
史巖之,子尹
史序,正倫
史庭,南山
史延珪,貴質
史廷煇,可亭
史廷華,噴雲,廣雲
史建中,岳生
史建瑭,國寶
史弘蘊,史宏蘊
史弼,企愚
史彌堅,固叔,忠宣,滄州,滄洲,開叔
史彌大,方叔,獻文
史彌寧,安卿,清叔
史彌忠,文靖,自齋,良叔
史彌林,和旨
史彌正,瑞叔
史彌遠,同叔,忠獻
史彌鞏,南叔,獨善
史彪古,煥章,褧庵,贛章
史彬,絕學先生
史彬光,束亭,涑亭
史待賓,待賓
史後,巽仲,知山
史復善,季因,雅堂
史循,公序
史德勝,耀甫
史德歸,處厚
史徽,東美,洵美
史徽孫,猶父
史志經,天緯
史忠,廷直,癡翁,端本
史念徵,敘時,覺庵
史念祖,俞俞子,俞俞齋,弢園,繩之
史思兼,季有,第敬二
史思敬,直卿
史思明,史窣干
史思禮,伯珪
史恩培,惺史,竹孫,葵盦
史悠厚,夷淸,芩賓,閬仙
史悠咸,澤山
史惟良,顯夫
史懋祖,時可
史懋蘭,薌譜
史扶,瀘南詩老,翊正
史承謙,位存,蘭浦
史敏,德敏
史敏中,遜卿
史敬武,彥剛
史敬程,直齋
史文卿,景炎
史文彬,元章
史文龍,應霖
史斑,橘南
史方,正臣
史旌直,丹西
史旌賢,廷徵
史昌壽,味若
史明俊,毅齊,毅齋
史明雋,毅齋
史春荃,栘村,馨吾
史是觀,理齋
史晉伯,昭父
史景仁,元甫,玄圃
史書,獻忠
史書昌,二昌
史有光,問樵,然冰
史有輝,星湖,青嵐
史朝宜,方齋,直之
史朝寀,升之
史朝富,節之
史朝賓,應之,觀吾
史朝鉉,貫之
史朝錄,登之
史木,繼道
史杠,柔明,橘齋
史杶,壽卿,子功,椿孫,第六大
史松老,喬年
史某,史光祖
史格,晉明,裕齋
史桂芳,惺堂,景實
史梓芳,景賢
史梧,文材
史棣,子華,潛齋
史棣卿,景華
史楫,大濟
史榮,史闕文,吾梅,漢桓,竹東,陶陶軒,雪汀,雪汀老人
史榮椿,忠壯
史標,顯城
史樞,子明
史樟,散仙
史樸,文輔,竹友,蘭畦
史檟,子美,孝美
史權,伯衡,武穆
史次星,右章,和叔
史正志,吳門老圃,志道,柳溪釣翁,樂閑居士,樂閒居士
史正義,苕湄,雲麓
史毓光,麗明
史永壽,仁夫
史永安,磐石
史永寧,惟一
史永直,雙鶴
史汝楫,南塘,治川,靜香
史汪翂,子儀,彭麓
史泰,將九
史泳,水東先生,自亨
史洪喜,彬之
史洪淦,東渭
史浚,堯翁
史浩,忠定,文惠,直翁,真隱居士
史淳,史澄,澄園,穆堂
史溥,渭東,澗東
史溱,藕齋,蘊齊,蘊齋
史漸,鴻漸
史潤辭,堅叔
史澄,澄園,穆堂
史濟莊,敬之
史濟道,子希
史炤,子熙
史炳,恆齋
史烜,正明
史煒,闇章
史燧,旭初
史燿,奐卿,義襄
史猶興,傑齋,若豪
史猶龍,友雲
史玄,弱翁
史玉印,印玉
史珍,廷玉
史珥,彤右
史琰,炎玉
史琳,元瑞,天瑞,符瑞
史瑤卿,玉亭
史瓘,德輝
史用誠,君諒
史申義,叔時,史伸,蕉隱,蕉飲
史登善,岸舟
史直臣,子忠,鶴峰
史祐,理堂,禮堂
史祥,君瑞
史祺孫,大年
史福泉,雨香
史福貞,芙珍
史秉直,洵侯
史稷,虞卿
史稽古,心堯
史積容,文量,柘溪
史積山,西蒙
史積新,振齋,炳甫
史積琦,德璋,德章,栗齋
史積璟,德純,潤齋
史立模,十七,季弘,雁峯
史立誠,克明
史策先,吟舟,寄雲館
史筠,湘霞,石門女史
史筠娥,湘霞
史簡,公鑒
史紀夏,登齋
史紹登,倬雲
史紹聞,訥堂
史經臣,彦輔
史緒任,小周,荷樵
史繩武,正翁
史繩祖,長慶
史繼志,思善
史繼澤,沛初,潤甫
史繼辰,念橋,應之
史繼階,聯雲
史繼鰌,矢如,耿存
史義遵,拙圃
史肎之,史肯之
史育之,子報
史胡炎,光文
史胤庚,二為
史臣堯,帝輔
史至馴,佳若
史致仁,靜山
史致信,石漁
史致儼,問山,容莊,望之,榕莊老人,樗叟,樗壽山房,樗翁
史致光,剡師,漁村,葆甫
史致康,書屏
史致文,奎垣
史致準,伯平
史致瀛,雲槎
史致燦,星如,里如
史致祥,蘭階
史致華,碩田
史致蕃,椒園,菽圃
史致誥,申甫
史致諤,士良,子愚,耜梁,鐵生
史良佐,借山,禹臣
史芳,世馨
史芳卿,季敷
史若訥,子敏
史英,庸菴,廷珍
史蒙卿,景召,景正,果齋,靜淸,靜淸處士
史蘭,廷芳
史虛白,冲靖先生
史蟠,伯劭,補堂
史行簡,居敬
史褀孫,大年
史褒,嘉之
史褒善,南渠,文直,沱村
史要典,維世
史記功,史紀功
史記勳,稽叔
史記言,司直
史詔,八行先生,升之
史評,松軒,蘅塘,衡堂
史詠,永言
史詡,克敏
史調,勻五,復齋,雲臺山人
史謙,昭和,牧庵,鳳山
史謹,公敏,公謹,吳門野樵
史譜,溧源,琴堂,荔園,蔭堂
史象晉,允土
史貽直,儆弦,家弦,敬弦,文靖,浮翠亭,鐵崖,鐵巖
史貽謨,又襄,怵堂,賡載,酉山
史贊舜,元亮
史起曾,尊聞
史起蟄,德龍
史載德,惟一
史迅,抑之
史通,子深
史進道,道遠
史逸裘,省齋
史道,克弘,鹿野
史道善,止亭,芷亭
史道德,萬安
史達祖,梅溪,邦卿
史遹定,幼潤
史邈,守易,江東夫子
史邕,史松
史邦直,敬司
史邦載,元熙
史郁,文卿
史量才,家修,量才
史鈞,雙川
史鈳,汝和
史錦,存素
史錫耀,景貽
史鐸,振之
史鑄,愚齋,顏甫
史鑑,明古,西村
史鑒宗,繩遠,遠公
史長昆,子裕
史長禧,松亭
史闕疑,子慎
史際,恭甫,燕峯,玉陽
史雋之,子聲,石隱
史震林,公度,梧岡
史靜,琴仙
史韋卿,景賢
史顏節,睿容
史颺廷,虞賡
史駉孫,東父
史高先,夢斗,紹卿
史魯,宗道,首山子
史鳳,史鳳姬,宣城妓
史鳳輝,南如
史鳴皋,史鳴臯,歷亭,笠亭,荀鶴,荀龍
史鵬,雲飛
史鶴齡,子修
史麟書,奉春,奉雲
右鏡潢,星渚
司九經,聖典
司五教,敬先,烈愍
司允德,執中
司居敬,仲可
司庠,公序,立齋
司廙,彥恭
司徒修,則廬,則盧
司徒昭,子春,子臨
司徒照,子臨,芝鄰,芷舲,藏舲
司徒緒,伯芬
司徒緒昌,伯芬
司憲,憲國,晉臺
司振漢,倬雲
司某論,伏願
司楫,濟民
司汝霖,傅野,傳野,汝霖,澤民
司溫靖,共臣
司百職,元亮
司福,希謙
司空儉,慶山
司空圖,知非子,耐辱居士,表聖
司空曙,司空十四,文初,文明
司諫,信夫,直庭
司迪,允吉
司鉉,鼎臣
司鏜,振之,月泉
司馬丕,千齡,哀帝,哀皇帝
司馬京,亢宗
司馬亮,信之
司馬伋,季思
司馬儼,季若
司馬元,茂善
司馬元禮,元禮
司馬光,君實,文正,涑水先生,溫公,溫國公,迂叟,迂夫
司馬初,元甫
司馬垔,通伯
司馬奕,襲美,龔美
司馬子如,遵業
司馬子巳,叔原
司馬宣,周卿
司馬富,希道
司馬寔,仁最
司馬岳,世同,康帝,康皇帝
司馬師,世宗,景皇帝
司馬康,公休
司馬德,安帝,安皇帝,德宗
司馬德文,恭帝,恭皇帝
司馬恂,伯如,恂如
司馬懿,宣皇帝,高祖
司馬承禎,子微,白雲子,貞一先生
司馬括,子開
司馬方,思之
司馬旦,伯康
司馬昭,太祖,文皇帝
司馬昱,太宗,簡文帝,簡文皇帝,道萬
司馬曜,孝武帝,孝武皇帝,昌明,烈宗
司馬棫,才叔
司馬植,子立
司馬業,孝愍皇帝,彥旗,愍帝
司馬槐,端衡
司馬槱,才仲
司馬樸,忠潔,文季
司馬池,和中
司馬泰,西虹,魯瞻
司馬灝文,杜灝文
司馬炎,世祖,安世,武帝,武皇帝
司馬熾,孝懷皇帝,懷帝,豐度
司馬爽,成德
司馬相,邦柱
司馬睿,中宗,元皇帝
司馬祉,敬甫
司馬稟,從之
司馬章,晦之
司馬紹,明帝,明皇帝,肅宗,肅祖,道畿
司馬耽,孝宗,彭祖,穆帝,穆皇帝
司馬育,龢之
司馬興,文達
司馬良,希祖
司馬衍,世根,成帝,成皇帝,顯宗
司馬衷,孝惠皇帝,惠帝,正度
司馬袞,補之
司馬裔,承之
司馬詮,元衡
司馬諮,嘉謀,嘉謨
司馬軫,式古,端齋
司馬述,遵古
司馬通國,武子
司馬逸容,司馬逸客
司馬道,安師
司馬遵,正節
司馬遷,子長
司馬采,於湘
司馬里,昭遠
司馬駚,蘊亭
司馬駛,蘊亭
司馬騊,溶川,雲皋
司馬齊,居德
司马迁,子长,太史公,史迁
司鴻博,遠涵
司鴻溥,遠涵
合不勒,功哲皇帝,宣祖
合剌普華,忠愍
合折兒,莊襄
吉人,惟正
吉來獻,子欽
吉修孝,彞先,潁谷
吉允迪,太邱
吉再,再父,冶隱,忠節,金烏山人
吉勒章阿,六謙
吉可久,以德
吉同鈞,鐵石,頑固山人
吉城,曾甫,鳳池
吉士,周吉士
吉士安,仁甫
吉士璜,黼堂
吉夢熊,毅揚,渭崖,研經堂
吉夢蘭,會亭
吉大同,伯從
吉大文,少史
吉大泰,彙徵
吉彥英,晉嘺,晉嶠,晉曦
吉德明,冀德明
吉惠,澤民
吉慶,覺羅吉慶
吉懷惲,崇東
吉昇,覺羅吉昇
吉明,曉帆
吉時,惟可
吉柱,藹如
吉棠,思召
吉正常,瀛帆
吉渾,玄成
吉澄,靜甫
吉濳,吉播
吉燦升,劍華
吉珠,夜光
吉皎,吉旼
吉祥,履安
吉立永謙,吉立特永謙
吉紮時,宜菴
吉紳,書雲,薆萱
吉致孺,處香
吉誨,士可
吉達善,子兼,茶農
吉鍾穎,秋丞,薌畦,鄉圃
吉長清,涑川,蓮舫,鏡潭
吉雅謨丁,元德
同同,同初
同恕,寬甫,文貞,榘菴
同掞奎,允中,星岳,龍皋
同搢,欽夫
同源,子淸,白同源
同瑞,輯五
同裕,問之,秋田
吐萬緒,長緒
向?,巨源
向一陽,汝葵
向世永,如山
向仲堪,元仲
向伯奮,元伯
向信,秉誠
向傳範,仲模,惠節
向僎,良佐
向億,喬年
向允中,子常
向兆麟,石村
向光振,伯羽
向公慶,元卿
向公援,伯劭
向古,書友
向國庠,謹齋
向在江,南宗
向士凯,鳳山
向士璧,君玉
向大傑,于之,千之
向大觀,望湄,薖舫
向子忞,宣卿
向子莘,天民
向子諲,伯恭
向子韶,和卿,忠毅
向存大,如舜
向宗厚,履方
向宗哲,汝賢
向宗回,子發,榮縱
向宗旦,公美
向宗良,景弼
向宗道,元伯
向寶,克忠,向珤,束菴,疏菴
向尚哲,楓橋
向師棣,伯常
向平,坦夫
向拱,星民
向敏中,常之,文簡
向敬,行簡
向文璽,國信
向日丹,懷赤
向日正,一存,乙齋
向日紅,懷蓋,葵卿
向日貞,一存
向時,惟中
向東,紹明
向楷,仰山
向榮,至德
向樸,惠莊,莊惠,遵博,遵尃
向機,吉先
向氏(趙頊皇后),欽聖憲肅
向沈,深之
向洪舉,德秀,淸老,第四,道兒
向洪邁,二十一,景臯,胡洪邁
向浯,伯元,伯源
向淇,子瞻
向滈,豐之
向澣,節之
向澹,伯海
向熙敬,琴齋
向燾,靜安,靜菴
向璿,惕齋,荊山
向程,三十五,宗洛
向經,審理,審禮
向綜,君章
向翀,九霄
向英,文傑
向貞,向真
向騤,宋保,第十三,道保,駿夫
向魁,星五
向鴻翥,小華山子
君不花,忠襄
吳㻞,十三,汝文
吳㻦,天目山人,貴叔
吳䎖,扶九
吳䎘,天坡,肅羽
吳䎙,聾齋,肅憲,賓羽
吳一介,元石,菲菴
吳一儒,小陵,望魯
吳一夔,一方
吳一嵩,仰亭,位中,剋非
吳一本,仲立
吳一枝,香國
吳一渙,君綸
吳一瀾,汝觀
吳一琨,孝順先生,衷璞
吳一琴,子淸
吳一蜚,恕菴,漢章
吳一諤,二安,毅庵
吳一貫,道夫
吳一騏,駕六
吳一鳴,伯大,定齋
吳一鵬,南大,南夫,文端,白樓,白樓先生
吳一默,聘三
吳三桂,安阜園,長伯,長白
吳三樂,子有
吳三畏,日寅
吳三益,受元
吳丕績,懋功
吳丕顯,希光
吳世仁,浣素
吳世佑,鬉雲
吳世修,子昌
吳世傑,萬子
吳世宣,湘圃,湘浦
吳世尚,六書
吳世延,季叟,延之
吳世忠,三十八,懋卿,懋貞,西陀
吳世才,德全,玄靜
吳世昌,伯京,寓齋
吳世榮,克仁
吳世樊,昆山
吳世澄,茂夫
吳世澤,宗仁,鼇江
吳世熊,子梅,紫湄
吳世燕,北庭
吳世燾,幼日
吳世美,尊五
吳世良,元良
吳世英,緒昌
吳世賓,汝嘉
吳世雄,威南,雨鑾
吳世顯,彥章,水西
吳世騰,伯起
吳世鳴,忠翊吳公
吳丙,景南
吳丙成,德瑞
吳丙湘,次瀟,滇生,進泉
吳中,孟庸
吳中傑,子厚,鶴遷
吳中傳,汝和
吳中奇,安行,瘦夫
吳中復,仲庶
吳中明,左海,知常
吳中立,公度
吳中蕃,大身,崧生,滋大
吳中行,子道,復菴
吳中謙,惟柄
吳中順,勉齋
吳中黃,子發
吳丹,吳七,真存
吳丹峰,元宸
吳乃希,喻唐
吳之佳,公美,吳中三諫,虛臺
吳之俊,瘦生,秀升
吳之嚴,悍齊
吳之巽,先之
吳之彥,世美
吳之振,孟舉,黃葉村農
吳之望,京江,民表
吳之桐,幼珊
吳之楠,吳之南
吳之淳,錞和,鱸鄉
吳之湄,心禪,臨洲
吳之珍,西灄,貞吉
吳之珖,玉峯
吳之瑜,孚尹
吳之甲,元秉,玆勉,茲勉
吳之章,松若,槎叟
吳之紀,大章
吳之美,學周
吳之舉,大魁,寒唫
吳之英,伯朅,西蒙愚者
吳之葵,吳之藝
吳之輔,竹屏
吳之道,伯成,第千九,逢原
吳之選,君奉,君舉,志尹,第三四,選公
吳之駿,損齋,瑤驂
吳之騄,耳公,達菴
吳之驥,展其
吳之鯨,伯霖
吳之鵬,汝南
吳之麟,仁齊
吳之龍,容宇,汝陽
吳乘業,子立
吳乘權,楚材
吳九思,柏隱
吳九經,子誠
吳九齡,景文
吳于中,于中
吳于宣,南嶼
吳于詩,以興
吳交如,亨會
吳亦且,復齊,復齋
吳亦日,復齋
吳亦皁,復齋
吳亦蘇,眉峯,眉峰
吳亦見,復齋
吳亨,道夫
吳京,朝卿
吳亮,明卿,蟾心
吳亮中,寅仲,易安
吳亮嗣,明仲
吳亮思,幼睿
吳亮祖,南香,雨香
吳亮采,熙載
吳人紀,肇英
吳仁,靜翁
吳仁傑,望雲
吳仁度,繼疎
吳仁彬,明叔
吳仁榮,彥欣,晉彥
吳仁璧,廷寶
吳介,子正
吳仕,克學,頤山
吳仕偉,世美
吳仕潮,小韓,秋齋,韓若,鳳浦
吳仕舜,伯俞
吳仕詮,子用
吳仕銓,公擇
吳令,信之
吳令儀,棣倩
吳令升,偉明
吳令祥,令祥
吳以且,復齋
吳以奎,支川,贇仲
吳以寧,寧之
吳以志,咫聞,木堂
吳以早,復齋
吳以翼,于敍
吳以諴,古音
吳以辰,雲甫
吳仰賢,牧騶,萃思,魯儒
吳仲,應和
吳仲基,叔行
吳仲珠,純夫
吳仲生,景張
吳仲禮,思立
吳仲虎,公炳
吳仲達,仲容
吳任棠,提可
吳任聖,以重
吳任臣,征鳴,征鴻,徵鴻,志伊,托園,爾器,託園,誌伊
吳企寬,洛生
吳伯亨,子貞
吳伯凱,虞賓
吳伯成,文甫,樂溪
吳伯敬,恭安
吳伯武,德甫
吳伯海,滄浪
吳伯紹,伯玉
吳伯通,原明
吳伸,仲舉
吳佃,書山
吳佐璜,叔渭,子銘
吳佑,漢卿
吳作式,邦範
吳作肱,君舉
吳作賓,吝周,客周
吳作霖,可園,雨來
吳佩孚,子玉
吳佩瑤,意珠
吳佩陶,楊湖,鴻逵
吳佶,克正
吳來亨,康侯
吳來儀,丹崖
吳來朋,友文
吳來玉,清映
吳來紱,雨蒼
吳來臣,進公
吳便,廷言
吳俊,奕千
吳俊升,興權
吳保初,君遂,彥復,癭公
吳保善,君淑
吳保楨,莘農
吳保泰,南池,和庵,和菴
吳保華,佩瓊,玉如
吳保齡,佑之,吳葆齡,慎餘
吳信,思復,柚庄
吳信中,閱甫,靄人
吳信父,實夫
吳修,修人,吉祥居,子修,子思,子脩,思亭,文善,筠哥,筠奴
吳修月,繡月
吳修祜,杏墅,穎士
吳俯,伯昂
吳倜,公度
吳倧,尚賢
吳倩,子英
吳倪,恖和
吳倫,子常
吳倬,克大
吳偉,彦能
吳偉明,元昭
吳偉業,大雲居士,梅村,梅村道人,灌道人,灌隱,灌隱人,飼鶴軒,駿公,鹿樵溪舍,鹿樵生
吳健,子强,德溪
吳健章,健彰,爽官,道普
吳偰,舜鄰
吳傅,吳傳,淸叟,清叟
吳傑,世英
吳傳,淸叟
吳傳紱,仲先,麟洲
吳傳綺,季白
吳僅,庶幾
吳儀,德隅
吳億,大年
吳億齡,大年,文肅,晩翠
吳儆,吳偁,恭父,文肅,益恭,竹洲
吳儒宗,景舒
吳儒慶,大醇,竹齋
吳儼,克温,克溫,寗菴,文肅,甯菴
吳允彬,叔章
吳允徠,仲遠
吳允禎,天祐
吳允誠,吳把都帖木兒,平章把都帖木兒,忠壯,忠莊,恭順伯,把都帖木兒
吳允諧,晩雲,汝和
吳允謙,土塘,忠簡,楸灘,汝益
吳允輝,蘊石
吳元,又于
吳元亨,子正
吳元俊,千之,鹿泉
吳元吉,蓮舟
吳元善,體仁
吳元奎,瞻五
吳元子,子嗣
吳元安,葆光堂,虛直齋
吳元復,山謙
吳元德,師善
吳元慶,履旋,柳塘
吳元扆,君華,忠惠
吳元淨,妙明
吳元滿,敬甫
吳元潛,贊心,鏡心
吳元潤,謝堂
吳元炳,子建
吳元玠,闇之
吳元珪,君璋,忠簡
吳元瑜,公品,公器
吳元璧,君錫
吳元祥,陶兀居士
吳元禧,承保,葆山
吳元禮,經百
吳元範,吳光範
吳元美,仲實,仲寶
吳元臣,澹遠
吳元英,仲雄
吳元衡,季公
吳元載,吳光載
吳元輔,吳光輔,正臣
吳元鏡,仲祥
吳元韜,畧臣
吳元齡,品峯,品峰
吳元龍,德全
吳充,冲卿,正憲,正獻,沖卿
吳兆,非熊
吳兆基,翠峰,貞甫
吳兆宗,履吉,巽夫
吳兆宮,文夏
吳兆寬,宏人
吳兆封,仲侯,牛山
吳兆揚,不波
吳兆新,待丹
吳兆昇,庚華,集潭
吳兆梅,友竹,萬傑
吳兆棠,石芸
吳兆棨,次符
吳兆榴,賓皋
吳兆泰,中履,心荄,星階,階平
吳兆澧,稼軒
吳兆熙,筱山
吳兆騫,漢槎
吳兆魁,福山,經元
吳兆麟,亦吾,書瑞,筠軒
吳先舉,環江
吳光,長庚
吳光堯,蓂階
吳光奎,聚垣
吳光廷,瑞崖
吳光德,星垣
吳光悦,吳廷燮,星一,瑞芝堂,見樓
吳光瀚,斗槎,星海
吳光祖,述伯
吳光禮,德謙,溥淵
吳光耀,華峰
吳光華,居易,颺廷
吳光鎬,士銓,西渠
吳光龍,荀長
吳克俊,晚遂老人,菊坡,蔗翁
吳克傳,少亭
吳克勤,僖敏,遵化伯
吳克己,復之,鎧庵
吳克忠,松泉
吳克恭,寅夫
吳克昌,偉生,祉蕃
吳克明,孝英
吳克棻,泊亭,雨亭
吳克珍,聘卿
吳克諧,南泉,夔庵
吳克讓,漚放老人,筱莊
吳兌,君澤,環洲
吳兢,子兢
吳全節,成季,看雲道人,閒閒
吳全繢,修己
吳全義,玄初
吳公懋,敏功
吳公才,公材,德充
吳公擇,公擇
吳公洋,川至
吳公瑾,小崧
吳公誠,君與
吳公逸,無逸
吳公達,致中
吳公鉞,元佐
吳六奇,忠孝堂,葛如,鑑伯,鑒伯,順恪
吳六鼇,抃堂
吳其彥,美存
吳其泰,一蒂十七實齋,小蝸廬,希郭,橘生,紅豆山房,自求齋
吳其濬,哲甫,季深,瀹齋,雩婁農
吳其烈,嗣光
吳其珍,懷卿
吳其貴,偉爵,儼五
吳其雙,傑士,秀士
吳其馴,永調
吳具慶,俟齋,餘也
吳再,仲可
吳冰仙,瘦梅
吳冲,友竹
吳凌,金藻,香霞
吳凝,永清
吳凱,台伯,開遠伯
吳初牧,冠雅,寄天
吳利見,宜孫,第十五,義卿,聖逢,舜達
吳則禮,北湖居士,子副
吳剛中,景和,蘭埜
吳剛思,修蟾
吳勢卿,安道,雨岩,雨巖
吳勤,匡山樵者,孟勤,田翁,由翁
吳化,敦之,曲蘿
吳化敏,功迅
吳化龍,伯秀,漢翔
吳匯,會川
吳千仞,儀之
吳升,潛道
吳升東,巢薇
吳升秀,階易
吳卓,山立
吳卓信,立峰,頊儒
吳南,宜之
吳南壽,南壽
吳南岱,泰巖
吳博古,敏叔
吳卜雄,震一
吳占魁,庚莊
吳卯,修月,繡月
吳卿,更生
吳卿弼,伯明,岩夫,滌庵
吳厚,德載
吳厚若,仲詩
吳原,道本
吳及,幾道
吳友仕,西屏
吳友篪,編山
吳友羲,際宇
吳友聞,季益
吳叔告,君謀
吳叔潤,子愉
吳受福,介茲,琎仙,芥子
吳受竹,吳愛竹
吳受藻,擷蘅
吳古懷,三湖散人,弗如
吳可,思道
吳可傳,少亭
吳可孫,聖可
吳可箕,豹文
吳可行,子言,長子
吳可讀,冶樵,吳樵,攜雪堂,柳堂,筆諫堂
吳可馴,南驥,驥調
吳台,雅齋
吳吉人,吳杰
吳吉士,藹亭,譪亭,靄亭
吳吉曜,廷暉
吳同春,伯與
吳同甲,棣軒
吳同盛,修平
吳名揚,叔瞻
吳名琅,照庭
吳名馨,畹滋
吳名鳳,伯翔,竹庵
吳吐鳳,東皋
吳君庸,伯起
吳君泰,天樞
吳周,歸父
吳周卿,憲甫
吳周楨,觀洲
吳命峻,保卿
吳和翀,畿霄,鶴霄
吳咨,哂予,聖俞,適園
吳品山,子雲
吳品珩,佩萬,佩蒽,佩蔥
吳哲,克明
吳唐林,子高,晉壬,蒼緣
吳啓昆,宥函
吳啟元,霞槎裏人,青霞
吳啟宗,百屏
吳啟昆,佑咸,宥函,新亭
吳啟賢,樨雲,穉雲
吳啟驊,聽松
吳善,元夫,南洲
吳善言,子遠
吳善餘,仁直
吳嗣富,鄭公
吳嗣復,昌卿
吳嗣湖,景五
吳嗣爵,尊一,樹屏,澹軒
吳嘉,吉甫
吳嘉善,子登,白芙堂
吳嘉會,南野,惟禮
吳嘉材,子樸
吳嘉枚,介庵,個臣
吳嘉洤,清如
吳嘉猷,友如
吳嘉瑞,雁舟
吳嘉紀,賓賢,野人
吳嘉聰,惟德,鴈山
吳嘉胤,吳嘉允,繩如
吳嘉言,梅坡
吳嘉貞,源長
吳嘉賓,子序
吳嘉驥,耐庵,龍媒
吳嚞,吉甫
吳嚴,懷峰
吳國仕,秀升,長谷
吳國俊,伯均
吳國倫,南嶽山人,川樓,後七子,明卿,明可
吳國傑,純祜
吳國寶,懋賢
吳國對,玉隨
吳國廷,江村,用卿
吳國柱,象九
吳國榛,一蘧居士,有山,聲孫
吳國獻,仲賢,漁隱
吳國珍,子聘,席儒
吳國珙,大玉
吳國琦,公良,雪厓
吳國相,楹甫
吳國章,佑文
吳國華,寶卿
吳國鈞,佩生,蔭祿
吳國鎮,吳道鎔
吳國霖,春霈,澤波
吳國鼎,玉鉉
吳國龍,玉騧
吳圭,彥成
吳均,叔庠
吳坤,振華
吳坤修,三恥齋,半畝園,子厚,竹匯,竹莊,緖歲寒緣館
吳坤元,璞玉,至士
吳坦,履侯
吳坦安,南皋,蘭皋
吳坰,季野
吳垂烈,蘭谷
吳垕,從禮
吳垕子,君載
吳垣,雲岩,雲嶷
吳城,尚忠,思菴
吳執中,子權
吳執御,君駕,朗公
吳執忠,匪公
吳培原,晴川,晴村
吳培棠,耐沉
吳培源,岵瞻,蒙泉
吳堂,廷器
吳堅,匏伯,鐵梅
吳堯仁,彦性
吳堯弼,宗舜
吳堯臣,師錫
吳塤,仲和
吳墀,次周
吳墇,南玉
吳增達,棣齋,鴻舉
吳墮,粉蓮
吳士伸,季舒
吳士俊,敬夫,藹卿
吳士元,來復
吳士冠,相如
吳士功,凌雲,建猷,惟亮,淩雲,湛山
吳士升,敏齋,敬齋
吳士參,季典,季興
吳士品,孟修
吳士坤,柔嘉,靜閑
吳士堅,中確,二涪
吳士奇,廷洲,恆初,無奇
吳士平,貞之
吳士愷,惺初
吳士模,晉望,西齋
吳士武,吳世武
吳士烈,東屏,汝超
吳士玉,吷劍,文恪,荊山,蘭藻堂
吳士琦,玉山
吳士瑞,我雲
吳士真,湘卿
吳士矩,吳十一,方之
吳士秀,季毓,鈍夫,鈍夫先生
吳士端,季方,榘亭
吳士萱,夢舟,蔭雲
吳士謹,維慎
吳士超,符亭
吳士邁,退庵
吳士錡,南賓,慮齋
吳士鑑,九鐘精舍,九鐘老人,公察,千千吉軒,含嘉室,含英,炯齋,絅齋,進思,飛虹戴鰲之間寓廬
吳士鑒,公詧,式溪,絅齋
吳士驂,少愚
吳士魁,聚之
吳士龍,子雲
吳壽寬,敬旉
吳壽平,格齋
吳壽康,雲田
吳壽昌,泰交,蓉塘
吳壽橒,賡堂
吳壽民,仲仁,南山
吳壽齡,恭甫,眉卿
吳壽齢,靜軒
吳夢寅,弁玉
吳夢弼,商霖
吳夢暘,允兆
吳夢桂,丹木
吳夢炎,南窗,文英
吳夢熊,應望
吳夢翔,居翼
吳大亨,淸逸,閒雲
吳大受,子惇,牧園
吳大如,會九
吳大寬,德陽
吳大山,州來
吳大廷,彤雲
吳大志,士修
吳大愛,人同
吳大成,子集
吳大斌,叔和
吳大明,立道
吳大有,元亨
吳大本,性夫
吳大根,培卿,澹人
吳大澂,三百古鉥齋,二十八將軍印齋,二田居士,二舊居,五十八璧六十四琮七十二圭精舍,兩壺盦,兩秦鼎室,八虎符齋,十二金符齋,十六金符齋,十圭山房,十將軍印齋,十銅鼓齋,千鉥齋,吳大淳,寶六瑞齋,寶秦權齋,師籀堂,恆軒,愙齋,攀古樓,梅竹雙淸館,止敬,止敬堂,淸卿,清卿,漢石經室,玉佛盦,玉琯山房,瑞芝堂,瑤琴仙館,白雲山樵,白雲病叟,百二長生館,百宋陶齋,簠齋,辟雍明堂鏡室,鄭龕,鏡室,雙瓴居
吳大照,雪門,雲門
吳大生,乾齋
吳大纘,介石,子孝
吳大臨,致之
吳大衡,正之,誼卿
吳天仁,樂山
吳天壽,平格,平甫
吳天常,希全
吳天成,才甫
吳天洪,元卿
吳天球,伯玉
吳天祐,吉甫
吳天祚,南園
吳天秩,平甫
吳天錫,禹疇,純齋
吳天駟,君任
吳太元,一翁
吳太冲,息心窩,窞泉頭陀,舀泉頭陀,若谷,默寘,默真
吳太初,象先
吳太素,松齋,秀章
吳奇勳,柱臣
吳奎,文肅,長文
吳奕,世于,敏所
吳奕輝,曉峯
吳如彬,均若
吳如愚,子發,準齋
吳如霖,濟生,靜遠
吳始壽,德而,水邨
吳始復,仲初,休谷
吳娟,眉生,麋仙
吳娟娟,群玉山人
吳婉宜,月蕖,荇芳
吳婉容,景昭
吳婉玉,瑤華
吳媛,素雲
吳子上,子上
吳子儀,伯夔
吳子光,蕓閣,鐵梅
吳子孝,海峯,純叔,龍峯
吳子淇,一靖,三岡
吳子源,子發
吳子灝,梁如
吳子玉,瑞榖
吳子良,明輔,荊溪
吳子金,維良
吳子雲,五崖,霞蒸
吳子韶,維成
吳子騏,九逵
吳孔嘉,元會,天石
吳孔性,粹卿
吳存,宗性
吳存真,聖傳
吳存禮,立庵
吳存義,和甫,榴實山莊,荔棠
吳孚先,小菊
吳孝先,謙仲
吳孝光,弘濟
吳孝基,冶皋,治皋
吳孝宗,子經,子繼
吳孝本,道峯
吳孝祥,英子
吳孝鈺,伯常
吳孝銘,伯新
吳孝顯,季揚
吳孟堅,子班,小山
吳孟明,文徵
吳孟祺,元壽
吳孟銘,仲珍
吳季子,節卿,裕軒
吳孳昌,震凡
吳學,原思
吳學曾,寯川,海如
吳學淳,厚蔭,又廬,樸農
吳學瀚,廣思,澹園
吳學瑜,純齋,翰枚
吳學素,位貞
吳學詩,伯興
吳孺子,元鐵道人,少君,懶和尚,破瓢道人,赤松山道士
吳守,化卿
吳守信,芳汀,芳江
吳守寀,含一
吳守忠,愛子
吳守盈,春塘,桃巖,謙仲
吳守紀,邦正
吳守約,六橋,卿父
吳守貞,夫定
吳安,安平伯
吳安中,德固
吳安國,挺菴,文仲
吳安朝,元鎮
吳安民,惠卿
吳安詩,傳正
吳宏,仲遠
吳宏初,慎旃
吳宏密,慎夫
吳宏洛,瑞生
吳宏猷,月樵
吳宏章,景南
吳宗,宗正
吳宗元,筠西,長卿
吳宗周,文甫
吳宗堯,仁叔,謙菴
吳宗愛,絳雪
吳宗文,詠雪居士
吳宗漢,廣平
吳宗濂,挹淸,挹芬,景周
吳宗熹,伯焜
吳宗玉,斯旗
吳宗虞,長夏
吳宗衍,春圃
吳宗豐,揆俞
吳宗達,上宇,文端,靑門
吳宗鯉,學亭
吳定,子得
吳定翁,仲谷,北齋先生
吳定邦,英彦,貞武,退全堂
吳宜暄,和仲
吳宣,師尼
吳宰,君輔
吳家位,銘壽
吳家懋,菊湖
吳家楣,蓮齋
吳家榜,朝傑
吳家經,禮天
吳家駒,月凡
吳家騏,晉綺,晚楓,駿起
吳寅,時正
吳密,安之
吳富春,牧亭
吳寧,元侶
吳寬,二匏,谼芍
吳寳秀,汝珍
吳寵,俊卿,十九
吳寶三,康之,鞠隱
吳寶信,叔誠
吳寶儉,禮園
吳寶儒,叔武
吳寶恕,子實
吳寶書,松厓,籜仙
吳寶潤,虹川
吳寶矩,慈陰,毅諳
吳寶芝,玉生
吳寶鎔,去愎,蔗農
吳小姑,海山仙人
吳小娥,臥雲女史
吳少蓮,萍舸
吳尚友,竹林
吳尚恭,子寅
吳尚滋,仲明
吳尚熹,吳尚喜,小荷
吳尚知,曉園,覺凡
吳尚輔,國材
吳尚雯,祀堂
吳居仁,溫父
吳居厚,吳居實,敦老
吳居正,端學
吳居澳,肇斐,鏡泉
吳居閔,芝圃
吳層雲,鶴橋
吳履,德基
吳履中,暄山,玄汭
吳履墀,菊坡
吳履泰,君安,茹原
吳山,岩子,文如
吳山(卞琳妻),岩子,巖子
吳山濤,塞翁,岱觀
吳岱章,峙青,魯詹
吳岱齡,崧山
吳峋,庾生,繡峰
吳峻,一峰,黼仙
吳崇偉,庭孫
吳崇呂,鶴仙
吳崇文,允敬
吳崇禮,彬卿
吳崇階,殿臣
吳崑,天柱
吳崧,中望
吳嵩,中立
吳嵩梁,子山,於山,石溪老漁,石溪舫,聽香館,蓮花博士,蘭雪,詩佛,詩夢草堂,香蘇山館
吳嵩泰,少秋,岱雲
吳嶰竹,筠仙
吳嶸,介如,石齋
吳嶽,符五
吳嶽秀,幼鍾
吳巖,瞻之
吳巽,晉卿
吳希召,汝奭
吳希吉,吉之,鞱庵
吳希周,汝旦
吳希孟,子醇,龍津
吳希文,五岳
吳希汴,克素
吳希聖,再希
吳希説,希説吕
吳希賢,希賢,汝賢
吳希道,得原,明谷
吳希遠,伯強
吳希鄂,葦青,韡卿
吳希顏,季淵
吳希顔,景愚
吳師之,蘭生,蘭畦
吳師仁,坦求
吳師孟,醇翁
吳師尹,莘樂
吳師服,夢得
吳師正,表臣
吳師祁,子選,小京,杏生
吳師禮,安仲
吳師貞,雨吉
吳師道,正傳
吳師韜,師韞,慧庵
吳幬,令德,保郎,第十七,聖遠
吳干,無求
吳年,古春,雪庭
吳幵,正仲
吳幾復,辨叔
吳序賓,介之
吳庚,少蘭,空山人
吳庚枚,春麓,登虞
吳度,叔子
吳庭昌,禹聞
吳庭芝,重卿
吳庭輝,振行,正行
吳康圻,漁亭
吳康壽,又樂
吳康承,素畹
吳康甫,廷康
吳庸,子實
吳廉,介夫,我齋
吳廣熙,績咸,雲門
吳廣霈,劍華,瀚壽
吳延壽,梅塘
吳延棟,木天
吳延熙,徐延熙,敬齋,銘佩,鳴佩,鳴珮
吳延貴,子良
吳廷,在千
吳廷佐,渭起,莘廬
吳廷偉,端人
吳廷傑,邁斯
吳廷光,維賢
吳廷剛,壯勤
吳廷實,邦贄
吳廷康,康甫,賛府
吳廷揆,賓門
吳廷擧,吳廷舉,東湖,淸惠,獻臣
吳廷斌,贊臣
吳廷棟,彥甫,拙修,拙修老人,竹如,靜照軒
吳廷楨,山掄
吳廷溥,仁波,雨人
吳廷煥,斗文
吳廷燮,吳光悅,見樓
吳廷珆,琢亭
吳廷珍,叔琪,士儒
吳廷琛,棣華,震南
吳廷用,廷用
吳廷祚,慶之
吳廷秀,省懷,蕡斯
吳廷翰,崧伯,嵩柏,蘇原
吳廷舉,清惠,獻臣
吳廷芝,重卿
吳廷芬,蕙吟,誦淸
吳廷華,中林,吳蘭芳,東壁
吳廷蘭,伯秀
吳廷詢,東美,樗原,藕花居士
吳廷試,壽臣,濤臣
吳廷謨,孟嘉
吳廷贊,登瑤,鑒庵
吳廷輔,渭南
吳廷選,戛韶
吳廷鍈,修五
吳廷雲,叔韓,白漚
吳廷香,奉璋,蘭軒
吳廸,啟之
吳建中,子大
吳式敏,春巢,遜甫
吳式芬,子苾,誦孫,逢昌,陶嘉書屋,雙虞壺齋
吳式釗,刓其
吳引孫,有福讀書齋,福茨
吳引祚,嵋崧,楊引祚,湄崧
吳弘安,定辭
吳弘濟,春陽,海洲
吳弘道,仁卿,克齋
吳彤,文明
吳彥夔,吳真,第九,節夫,節父,道士
吳彥方,吳彥芳
吳彥申,聖時
吳彥芳,延祖
吳彥華,汝和
吳彬,文仲
吳待問,子禮
吳待聘,少尹
吳得勝,鶴田
吳從周,文卿
吳從善,彥澤,無箸居士
吳從姬,良才
吳從憲,惟時
吳從義,歲清,節愍,裕強
吳從魯,襄敏,金堂
吳從鵬,象先
吳從龍,希德
吳復,子中
吳復一,元符,心庵
吳復古,子野,遠游
吳復增,成七
吳復子,君陽
吳徵,待秋,悲盦,抱絹居士
吳徵鰲,曉洀,松年,述蔭
吳徵鼇,吳徵鰲
吳德信,成友,誠友
吳德先,捷登,葆真
吳德功,汝新,立軒
吳德夫,季德
吳德徵,宣三
吳德新,止善
吳德旋,仲倫,初月樓,安蔬居士,德旋
吳德暄,旭初
吳德泰,竹泉
吳德洪,吳洪德,長翁
吳德清,湛溪,秋航
吳德溥,時可
吳德澍,甫生,雨生
吳德章,煥其
吳德翼,孟肩
吳德襄,偁三,筍樵
吳德貞,鶴卿
吳德鄘,吳庸,遵眾
吳德鎮,寅升,淸藩
吳德鴻,儀可
吳徹,文通,詭譎秀才
吳必大,伯豐
吳必孝,純卿
吳必達,材卿
吳必顯,寒潭主人,德純,恆菴
吳志,味道
吳志健,恆齊
吳志明,朗軒
吳志淳,主一
吳志灝,方程
吳志鴻,沁可
吳忠,彥中
吳忠孺,孝卿
吳忱,永誠
吳念恆,滋山,玆山,莪山
吳思,子正
吳思學,叔敏
吳思德,峻明
吳思敬,德欽
吳思沐,新之
吳思睿,淵道,第季二
吳思陸,華峯
吳思齊,全歸子,子善
吳怡,和庵,和菴
吳性,定甫,寓菴
吳性成,復齋,近之
吳性敏,脩來
吳性純,文錫
吳性誠,樸庵
吳恂,德夫
吳恆,望雲,蘭貞
吳恆宣,來旬,鬱州山人
吳恒,望雲,蘭貞
吳恕恆,寶山
吳恩,德勤
吳恩棠,召對,還君,還翁
吳恩棨,梅溪
吳恩熙,定甫,涵青,覺遲
吳恩蕃,子女,子文
吳恩詔,仲延
吳恩韶,春甫,訥人
吳恭之,叔惠
吳恭亨,岩村,彈赦,悔晦
吳恭祖,景莊,正肅
吳悌,思誠,文莊,疎山,疏山先生,踈山
吳情,以中,澤峯
吳惇,履貞,硯雲
吳惎,吳氏
吳惟信,仲孚
吳惟深,子靜,青可
吳惟誠,士明
吳惠,溶川
吳惠元,霖宇
吳惠子,石泉
吳愈,惟謙,遯菴
吳愈聖,梅麓
吳愚,希顏
吳感,應之
吳愨,德榖
吳慈鶴,均皋,巢松
吳慎,厚安,蕅庵
吳慕廉,訒庵
吳慰曾,子安,福田
吳慶坻,子修,子脩,敬彊,稼如
吳慶恩,蓋山
吳慶期,令奕
吳慶熙,德明,樟南山人
吳慶燾,孤淸居士,寬仲,文鹿
吳慶祥,遜來,頌雲
吳慶雲,浣雲
吳憬平,南洲
吳憲,文度
吳應元,善伯
吳應剛,月亭
吳應台,伯能
吳應和,子安,榕園
吳應咸,吳潜
吳應坎,星拱
吳應奎,孟才
吳應寬,聽濤
吳應庚,屺瞻
吳應成,梅堂
吳應揚,星樓,禮臣
吳應旻,庚符,爾瞻,鶴石
吳應昌,德符
吳應明,以誠,仲卿,懷溪
吳應時,問樵,朝俊
吳應枚,小穎
吳應棻,小眉,應楨,東井書屋,眉庵,青瑤草堂,青靈山人
吳應泰,虞尊
吳應澍,西山
吳應炎,養晦
吳應箕,忠節,樓山,樓山堂,次尾,風之
吳應芳,南丘,文譽
吳應蓮,映川,藻湘
吳應賓,尚之,觀我
吳應賢,定夫
吳應連,元春
吳應選,周虛,安倩
吳應鵬,圖南
吳應鼇,藥圃
吳應龍,雲翔
吳懋,德懋,高河
吳懋仁,愷幹,體乾
吳懋忠,君諒
吳懋政,維風,蘭陔
吳懋清,澄觀,迴溪
吳懋祺,一芝,鶴舲
吳懋謙,六益,豫章
吳懷寶,晉齋
吳懷清,蓮溪
吳懷玉,虛谷
吳懷賢,齊仲
吳懷鳳,梧閣
吳懿德,夏卿
吳成,山則
吳成九,和仲,耕岩
吳成周,瀍西,煥洛,芭溪
吳成基,星垣
吳成學,觀音菴,雪菴
吳成楚,淸林,雲岩
吳成熙,保貞,先諒,繹如
吳戭,冲和先生,叔才
吳扎庫武拉禪,吳喇禪,烏拉庫武拉禪
吳扎庫洪尼雅喀,烏拉庫洪尼雅喀
吳扎拉豐紳,漢文
吳承仕,展城,檢齋,絸齋
吳承勳,子述
吳承勵,懋叔
吳承寵,竹綎,竹迪
吳承恩,射陽山人,汝忠
吳承曾,卜笠,小麓
吳承柴,繼高
吳承泌,希白
吳承烈,西全,西畬
吳承燾,仁甫
吳承瑛,素嚴,紫巖
吳承璐,廣盦
吳承端,立山
吳承芳,蘭畦
吳拜,覺羅吳拜
吳拱,襄烈
吳拱之,宗象
吳拱極,松崖,疇中
吳拱辰,望之
吳振,振之,竹嶼
吳振勃,容如,筠齋,興孟
吳振周,起王
吳振域,晴崖
吳振棫,仲耒芸,仲耘,仲雲,修餘老人,再翁,周翁,宜甫,毅甫,花宜館,養吉齋
吳振臣,南榮,蘇還
吳振起,卿雲
吳挺,仲烈,武穆
吳挺一,斗南,龜沙
吳挺昌,季文
吳挺緯,君瑞,東沙,瑞章
吳捧日,秀麓,秀麗,若岱
吳掄蘭,東庭
吳掌珠,罕珍
吳揚,仲修
吳撝謙,汝則
吳擇仁,智夫
吳擴,子充
吳攀龍,元登,晉齋
吳政祥,春舫
吳敎,省私
吳敏,思德,海舟
吳敏功,膚公
吳敏含,辨可
吳敏樹,九江樓,北渚亭,半舫齋,南屏,南屏先生,南屏山齋,定香室,本深,柈湖,柈湖漁叟,樂山翁,樊圃,聽雨樓,鶴茗堂
吳教傳,汝範
吳敦,敉公,闇章
吳敦培,厚田
吳敦義,宜齋
吳敬,孟寅
吳敬修,菊農
吳敬恆,薆亭
吳敬本,道生
吳敬梓,敏軒,文木,文木山房,文木老人,秦淮寓客
吳敬泴,道生
吳敬義,德州
吳敬羲,孟暘,薇客,駕六
吳文,克章
吳文之,與成
吳文企,屋菴老人,幼如,白雪,絮菴
吳文佳,士望,士美,鳳泉
吳文元,善長
吳文光,德明
吳文南,白洋
吳文卿,墨齋
吳文壽,景南
吳文媛,亞蘭,愚愚氏
吳文度,憲之
吳文彥,德美
吳文徵,遠齋
吳文林,森堂
吳文柔,昭質
吳文梓,子喬
吳文泰,文度
吳文洲,憶松,憶淞
吳文淑,偶仙
吳文溥,博如,澹川
吳文潛,元翰
吳文炎,麟章
吳文炳,元質
吳文煒,儀漢,山帶
吳文煥,劍虹
吳文照,褧堂,香竺
吳文燦,元質,涵初
吳文玉,德溫
吳文翰,西園
吳文英,小呂
吳文華,子彬,客所,容所,小江,襄惠
吳文誼,宜甫
吳文讓,毅愍,遜齋
吳文起,子瑜,鶴岑
吳文鍍,牧堂
吳文鎔,文節,新鋙,甄甫,竹孫,雲巢
吳文震,谹發
吳文鳳,闇齋
吳文龍,毅齋
吳斐,昌文
吳斑,文南,見一
吳斗寅,元徵,忠貞,陽谷
吳斯壁,崑岡
吳斯溥,西垣
吳方,季仁
吳方子,以直
吳方慶,少琳
吳方淮,匯東
吳日升,曉帆,照葵
吳日孜,愷若
吳日藻,魚依
吳旭,初暘,初陽
吳旻,仁夫
吳旼,和卿
吳昂,南溪,德翼
吳昂駒,千仲
吳昆田,伯海,吳大田,吳崑田,漱六山房,稼軒,雲圃
吳昇,東陽
吳昉,彥昭
吳昊,成之
吳昌,寧蒼,竹軒
吳昌卿,昌卿
吳昌嗣,日燦,日繁,日象
吳昌壽,仁甫,少村,少邨,心邨
吳昌文,修之
吳昌時,來之
吳昌碩,倉石,缶廬,苦鐵
吳昌祚,爾熾
吳昌裔,季允,季永,忠肅
吳昌齡,京少
吳明廣,貽燕
吳明煌,星宇
吳明鑑,春圃
吳易,日生,長興伯
吳易峰,方泰
吳易簡,敬南
吳昕,吳樹本,子貞,楚頌
吳昜,惕齋,日生
吳星環,吟僊
吳星耀,映魁
吳映,景齊
吳映白,隆文
吳映若,朗淸,梅軒
吳春枝,元萼,梅穀,梅谷
吳春照,子撰
吳春祥,慶百,星叟
吳昭,彥融
吳昶,伯明
吳昺,永年,頵山
吳時,伸道
吳時亮,汝弼
吳時來,忠恪,悟齋,惟修,文恪,維修,維脩
吳時德,不官,明之
吳時撤,茂宏
吳時英,伯舉
吳時行,兩洲山人,與偕
吳時顯,元明
吳晃,仙臺
吳晉,三接
吳晉卿,君錫
吳晉夔,性齋,聯笙
吳晉德,則明,養恬主人
吳晉錫,燕勒,茲受
吳晞甫,吉父
吳晟,梅原,麗正
吳景,景如
吳景伯,季甲,昌孫,第萬一,金淵,隆叔
吳景先,希元
吳景奎,文可
吳景旭,仁山,又旦,旦生
吳景果,半淞,旭初
吳景桂,心宇
吳景濂,蓮伯,述唐
吳景祉,二來
吳景辰,應之
吳景道,士冗殳心僖
吳景鸞,仲祥,仲祥(仲翔),仲翔
吳智,汝哲
吳暇,彥明
吳暠,元白
吳暢春,梅初
吳暹,鶿田
吳暻,元朗,西齋
吳暾,朝陽
吳曄,庭琨
吳曇素,雯華
吳曉秋,憐儂
吳曰愼,徽仲,敬庵,靜菴
吳曰鼎,古亭,射陽湖識字漁翁
吳書升,蓂秀
吳曹直,以巽
吳曾,虎臣
吳曾源,九珠,伯淵,守經
吳曾甲,子銘
吳曾祺,翼亭
吳曾英,會耆,東軒
吳會,慶伯,獨足先生
吳月娥,雉城
吳有定,帝謨,次皋,第三
吳有容,曙樓
吳有德,君懷
吳有性,又可
吳有成,叔立
吳有斐,墨濤
吳有榆,蒼培
吳有貴,斯和
吳朋中,吴朋澧
吳朏,冰蟾子,凝真,華生
吳朔,初白,小我
吳望曾,小舟,熊侯
吳朝儀,子敬
吳朝鳳,三十一,鳴仲
吳期炤,問源,闇夫
吳本,中立
吳本固,道深
吳本植,篤生
吳本泰,梅里,美子,若子,藥師
吳本漢,夲漢
吳本立,菽原
吳本錫,汝蕃,舊浦
吳杉,少幹,第九,茂卿,鄭哥
吳李芳,茂生
吳材,半塘,宜用
吳東發,侃叔,蕓父
吳杲卿,仲明
吳松年,公叔
吳松龍,第二十二,茂如
吳枝,延孝
吳柏,柏舟
吳某（吳良孫）,廉譽
吳柔勝,勝之,正肅
吳查拉吳麟,子瑞,晚亭,黍谷山房,黍谷山樵
吳柱,吳桂
吳栻,屈于
吳格,之平
吳桂丹,秋舫,萬程
吳桂森,叔美,覲華
吳桂芳,伯子
吳桓,建侯
吳桴,才叔
吳梅,瞿安,霜厓
吳梅卿,淸叔,清叔
吳棐龍,補堂,輔臣
吳棟,子村
吳棠,仲仙,仲宣,仲軒,勤惠,望三益齋,棣華
吳棣,薁穠
吳棫,才老
吳森,以時
吳森劄,文照
吳森札,文照,瀟湘居士
吳椀桃,倚雲
吳椿,壽卿
吳楚,方叔
吳楚奇,南英
吳楚材,仰止,國賢
吳楚椿,西嶺
吳楚雄,平軒
吳楠,子山
吳楫,公濟,悅齋
吳業,吳秉禮,子鈞
吳業龍,補堂
吳楶,直翁
吳楷,允式,泰軒
吳概,子直
吳榕,子充
吳榘,一齋,規父
吳榜,雲谷
吳榮,仰山
吳榮光,伯榮,可庵,可盦,吳燎光,平帖齋,念初思滿齋,拜經老人,殿垣,石雲山人,筠淸館,絳玉舫,綠伽南館,荷屋,賜玉福堂
吳榮奎,星舟
吳榮讓,子隱
吳榴閣,允宜
吳槃,景碩
吳構,吳備
吳槐炳,植亭,耀垣
吳槩,君平
吳樂賓,鹿坪
吳樑,戟門
吳樓,用觀
吳標,錦霞
吳模,偉人
吳樸,華甫
吳樹,蕓閣,貞生
吳樹德,懋亭,葆初,雲笠
吳樹梅,燮臣,爕臣
吳樹棠,潤蒼
吳樹棻,栘縣,栘香,簃湘,郁卿,鬱卿
吳樹秉,懿齋
吳樹聲,筱亭,鼎堂
吳樹萱,壽庭,春暉
吳樹誠,芋生
吳樾,孟俠
吳橐,亦虛
吳機,子發
吳檄,用宣
吳檉,緒思
吳檜,成甫
吳檟,偉持
吳檠,岑華,青然
吳檢,玉書
吳權,巽行
吳欣曾,貴卿
吳欽,禹鄰
吳正,希純
吳正丙,吳正南
吳正卿,太素,素臣
吳正子,西泉
吳正已,身之
吳正志,之矩,徹如先生
吳正治,庚庵,文僖,當世,賡庵
吳正肅,僑楊女史,靜嫻
吳步雲,乙峯
吳步韓,小岩,錦堂
吳武陵,吳侃
吳歷,三巴,吳啟歷,吳子歷,墨井道人,桃溪居士,漁山,西滿沙勿略
吳殳,修齡,吳喬
吳殿錫,榮甫
吳毅,學海先生,尚志
吳毓奇,文耀
吳毓嵩,獄生
吳毓庭,梓林
吳毓梅,和亭
吳毓滋,潤之
吳毓珍,伯英
吳毓篪,仲庭
吳毓芳,子藝,潤六
吳毓英,式似,王毓吳,鞠人
吳毓蓀,意蘭
吳毓蓮,愛周
吳毓蘭,香畹
吳毓金,位西,有庚
吳毓鈞,鏘如
吳氏,榮思
吳氏(汪某妻),棲梧閣主人
吳氏(蔣橋妻),火裡雙蓮
吳氏(邵以嵩妻),火裡雙蓮
吳氏（吳良孫女）,敬勝
吳氏（章仇玄素妻）,勃海夫人
吳氏（章敬皇后）,章敬太后
吳氏（趙構妻）,憲聖,憲聖慈烈
吳民秉,七泉,士泉
吳永,松期老人,石癯
吳永功,克遂
吳永和,惠之,渼陂
吳永孕,繩甫,耐翁
吳永德,星海
吳永汝,小法
吳永清,禮齋
吳永申,罄宜
吳永綏,邵菴
吳永綬,端甫
吳永胤,繩甫,耐翁
吳永述,六吉
吳汝,國棟
吳汝倫,文敘,震華
吳汝式,伯成
吳汝新,勉之
吳汝穏,隆甫
吳汝純,斂葊,熙甫
吳汝綸,摯父,摯甫,矮棔居,至父
吳汝繩,詒甫
吳汝芝,佩香
吳汝謙,尊光,素庵
吳江,從岷,與齋
吳江照,曉峯
吳汲,進仲
吳沂,浴曾
吳沃堯,我佛山人,趼人
吳沄,玉佃
吳沆,仲亢
吳沈,原伯
吳沉,吳沈,浚仲,濬之,濬仲
吳沖,一飛
吳治,孝甫
吳治塏,芝圃
吳法會,力園,宗則
吳泰,時雍
吳泰來,吳太來
吳泰周,文孝,道長,醉夢軒
吳泰峯,麓山
吳泰徵,與交
吳泰連,厚峯,謂大
吳泳,克東
吳洞明,芝坡
吳津,仲登
吳洪,禹疇,立齋
吳洪德,長翁
吳洪績,崇緒,柱寰
吳洸,德強
吳洹,北山,聖基
吳洽林,壬甫
吳浚,良五,菊如
吳浚宣,子郊,紫茮
吳浤,來鼎
吳浩,大成,養浩
吳海,仲本
吳海鏊,霽陽
吳涑,擊存,溫叟
吳涵,匪菴,容大
吳涵虛,含靈,吳猱
吳淇,伯其,冉渠
吳淑,艾夫
吳淑儀,逸香
吳淑升,允卿,君階
吳淑娟,杏芬老人
吳淑娥,仙芝
吳淑巽,君嘉,柔卿
吳淑慎,琴齋
吳淞,半江
吳淩雲,吳凌雲,客槎,得青
吳淮,經國
吳淳,厚伯
吳淳夫,十二,吳奇逢,當時,練石
吳淳齡,泩川,淮川
吳淵,本深
吳添麒,廷瑞
吳清,行旻
吳清文,雙五,雙玉
吳清漣,文波,漪河
吳清瑞,學澄
吳清皋,小谷,鳴九
吳清蓮,佩雲,菡生
吳清蕙,佩湘,建之
吳清藻,蘭谷
吳清鵬,桯九,程九,笏庵,西榖,西穀,西谷
吳渭,淸翁,潛齋
吳湘,九帆
吳湛,慎旃
吳湜,一淸
吳湳,吳邦治
吳源,棨臣
吳溥,公濟
吳溥德,孟修
吳溶,和甫
吳滔,伯滔,疏林,鐵夫
吳滸,率正
吳演,慶長
吳演成,訪箕
吳漢傑,景良
吳漢章,景雲,曇雲
吳漢聲,採人,莽廬
吳漢英,歸去老人,長卿
吳漳,清甫
吳漸,吳興仁,德進,東齋,興仁,茂榮
吳潁芳,臨江鄉人,西林
吳潔恆,運舫
吳潛,蔵伯
吳潤,公澤
吳潮,述韓
吳澄,伯清,幼清,文正,草廬先生
吳澋,文煥
吳澐,錦川
吳澤,叔霖
吳澥,德深
吳澮,原深,源深,雙白居士
吳激,彥高
吳濂,印溪,溢海
吳濚,吳濤,子量
吳濟,巨川,廉靜
吳濟源,賢桂,賢槎
吳濤,柱中
吳濬,潮源
吳濬源,惺堂
吳濯泗,仲培
吳瀚,受夫,耐菴
吳瀛,萃夫
吳灝,巨源
吳灴,仕伯
吳炎,如晦,媿庵,愧庵,赤民,赤溟,顯庚
吳炫,樂泉
吳炯,懷野
吳炳,可先,石渠
吳炳庶,朝徵
吳炳權,醖香,醞香
吳炳祥,吉府,怡廬
吳炳若,文炳
吳為楫,嘯雲
吳為義,敏圃,敏園
吳烜,旭臨,鑑庵,鑑菴,鑒庵
吳烺,杉亭,荀叔
吳焜,子曜,鶴舫
吳焯,啟明
吳焱,用晦
吳煇文,實卿
吳煊,退庵
吳煌甲,愉之
吳煒,粲叟
吳煜三,泰來
吳煥,士輝,雪厓
吳煥彩,屺來,蘊之
吳煦,春池,曉帆,荔影
吳照,照南,白盦,白翁
吳熊,劍舟,梅顛,耳山
吳熊光,望崑,望昆,槐江
吳熙,仲雍
吳熙曾,穆齋,緝文
吳熙祿,芝田,莘田
吳熙蘭,香山
吳熙載,吳廷颺,晚學居士,熙載,讓之
吳燊,與權,警覽先生
吳燓仁,體乾
吳燕紹,寄荃,繼全
吳燠,春卿
吳燦,吳銑,德先,晦可,第百七
吳燦如,杏墅
吳燦西,毅齋,蓮峰
吳燧,茂先,茂新,警齋
吳燧初,丹書
吳燾,承禧
吳爚文,文璞,樸存,樸庭
吳爾壎,介子,以白
吳爾愿,伯涵
吳爾慶,吉雲
吳爾戶,吳爾祜
吳爾芳,苣佩
吳爾襄,贊公
吳爾貞,靜軒
吳特,吳曾,士傑,曾子,第九十七
吳犖,卓人
吳獬,子長,鳳孫
吳獵,德夫,文定,畏齋
吳獻台,啟袞
吳玄石,吳雯淸
吳玉,廷獻
吳玉搢,吳玉瑨,山夫,藉五,鈍根老人
吳玉文,瑤章
吳玉昆,筱山
吳玉榮,世重,王玉榮
吳玉綸,廷五,廷韓,滋德堂,蓼園,香亭
吳玉鎔,大冶,稻孫
吳玉音,珮環
吳玉麟,協書,素村
吳玖,秀珍
吳玘,仲玉
吳玙,瑟甫,瑟若,鬱離子
吳玠,晉卿,武安,涪王
吳玭,榮甫,聖山
吳珂鳴,新方,畊方
吳珉,廷振
吳珊,季瑚
吳珍,席賓
吳珍重,仲威
吳珏,栖玉,穉玉,竝山,西玉
吳珙,景文
吳珤卿,士輝
吳珪,子琳
吳珫,五隱,太古居,汝秀,甘泉子
吳珵,元玉,石居,符玉
吳珽,恭僖
吳球,明農,研農
吳琇,越石
吳琚,吳七郡王,居父,忠惠,雲壑
吳琛,景良
吳琠,吳典,學齋
吳琢,玉成
吳琦,汝器
吳琨,石生,頑若
吳琪,皇階
吳琪滋,在庵
吳琬,德圭
吳琮,峻季
吳琯,邦爕
吳琰,子玉,有恩
吳琳,孟珪
吳琴仙,韻梅
吳琴修,華瑛
吳瑄,元恪,易巒
吳瑗,文清,梁溪女史
吳瑛,譫如
吳瑞,德徵
吳瑞徵,輯五
吳瑞焉,吳瑞馬
吳瑞登,雲卿
吳瑤華,月池
吳瑭,鞠通
吳瑾,士喻
吳璁,世振
吳璇,玄珠
吳璉,宗器,百倉
吳璋,文瓚
吳璘,廷潤
吳璜,宗渭
吳璞,元美,第一
吳璟,粲玉,西峰
吳璠,朝用
吳璣,友松
吳璥,崧圃,式如,楞芳齋,菘圃
吳璧,星纏
吳璧光,次東
吳璪,滌玄
吳璲,襄雲
吳璹,令玉,寧老,第十九,聖玉
吳璽,信玉
吳璿,宗虞
吳瓊,五山
吳瓊仙,子佩
吳瓌,仲偉
吳瓘,瑩之,竹莊
吳瓚,美中
吳瓛,惟貢
吳甘來,和受,忠節,莊介,葦菴
吳甡,柴菴,紫庵,耑愚,鹿友
吳用先,本如,體中
吳用宜,南滇
吳甫,杜陵
吳甫生,宣臣
吳申,惠姬
吳甸,志堂,禹南
吳甸華,南畇
吳畦,正祥
吳當,伯尚
吳當可,時甫
吳畹香,蘭若
吳疇五,杏婉
吳登三,仰齋
吳登紅,友鴻
吳登選,汝賢,瀛樵
吳發,伯韞
吳百朋,九十九,堯山,惟錫,維錫
吳百齡,德耉,默齋
吳皋,舜舉
吳皎臨,玉樹
吳盈,五十八,子持
吳盈安,彥恭
吳益,永貞
吳益懋,仲謙
吳益煥,時晦
吳盛藻,觀莊
吳直,德剛
吳直方,行可
吳相,麟山
吳省欽,充之,冲之,有欽,沖之,白華
吳省蘭,泉之,稷堂,聽彜堂
吳眞,秉誠
吳真,秉誠
吳真子,克齋
吳睿,孟思,雲濤散人
吳瞻,琇並
吳瞻泰,東岩,東巖,艮齋
吳瞻淇,漪堂
吳石,季明
吳碧,玉娟
吳祐,伯宗,吳佑,吳祏,東吳先生
吳祕,君謨
吳祖修,慎思
吳祖昌,澄甫,繩甫,鄂秀
吳祖椿,柚農,莊壽
吳祖錫,佩遠,吳鉏,稽田
吳祚,天錫
吳祥,祥之,負暄堂
吳祥霖,伯肅,儼若
吳祥麟,雪初,雪村
吳祺,貴德
吳祿貞,綬卿
吳禄午,季亨
吳禋,克誠
吳禎,元吉
吳福,吉甫
吳福之,公介,叔子
吳福保,備卿,桂孫,疇衍
吳福元,善叟
吳福孫,子善
吳福年,竹崖,竹巖,竹言,築巖
吳福田,魯舟
吳禧,祐卿
吳禮,貴和
吳禮之,子和,順受老人
吳禮嘉,會之
吳秀,越賢
吳秀淑,懶卿,玉枝
吳秀良,肖山,肖生
吳秉信,信叟
吳秉彝,仲常
吳秉道,彥弘
吳秋音,桂粟,飛鴻
吳秦言,午橋
吳程,伯章
吳稚,和中
吳稟,可中
吳種芳,瘦梅
吳稷,士馨
吳稼竳,翁晉
吳穀,子玉
吳穆,金波
吳穎,吴潁
吳穎芳,臨江鄉人,西林
吳立,十二,大本
吳立崇,子翔
吳立循,漢良
吳立綱,康甫
吳章,成南,成甫
吳章祁,小宋
吳竣,汝完,竹南
吳童,求叔
吳端,令儀
吳端升,申錫
吳端淑,秀嫗
吳端甫,冠卿,畹淸
吳竱,敬甫,麟洲
吳竿,允成
吳筠,介臣
吳筠孫,叔堅,竹樓
吳箎,吳篪,退耕思補之軒
吳箕,嗣之
吳箭南,筠中
吳節,直卿
吳範,端翁
吳簡,次狂
吳簡言,若訥
吳紀,肇修
吳紀林,梓材,楚山
吳紉蘭,又佩
吳純,正齋
吳素,貞白
吳素修,守清,月波
吳紫筠,均如
吳紱,方來,泊村
吳紹,汝復
吳紹古,子嗣
吳紹吉,燮堂
吳紹昌,有聲
吳紹正,則之,煥卿
吳紹泰,可堂
吳紹澤,惠川
吳紹澯,吳紹燦
吳紹灝,儷雲
吳紹煜,德甫,松屏
吳紹燦,澄野,蘇泉
吳紹芳,述亭,遠亭
吳紹詩,二南,恭定,蟻園
吳紺珠,簫伍
吳給,敦仁
吳絪,子進
吳統持,吳純持,巨手
吳絲,黃絹
吳絳仙,崆峒夫人
吳綃,素公,素君
吳綏,罄宜,韓章
吳經,潄六
吳經世,捧日,秋樵
吳經琳,西崑
吳綠蘭,幽芳
吳綡,時冕
吳綬,伯垂
吳綬詔,淡人,澹人,青紆,韋齋
吳維京,十七,樞季
吳維佐,咨亮
吳維城,徹園
吳維嶽,吳惟嶽,峻伯,霽寰
吳維英,國華
吳維藩,福侯,筱梧
吳維鑑,肇熙,肇觀
吳維震,屺堂,東長
吳維魁,元甫
吳綱,号蒙,號蒙
吳綸,大本,心遠居士
吳綸彰,緯文,鴻友,鴻文
吳綺,繡君
吳綽,主寬
吳緯炳,經才,貞木
吳縉,雲卿
吳縝,廷珍
吳績凝,湘蕓
吳繡,冰香
吳繡珠,蘊吉
吳繩曾,墨賓,正齋
吳繩顯,印山,文川
吳繹,思可
吳繹思,繹思
吳繼善,志衍
吳繼志,述夫
吳繼昌,述之
吳繼武,震之
吳纉姬,緒三
吳續,光紹
吳罄宜,韻仙
吳罈,覃兮
吳美德,實軒
吳美秀,渾和
吳義培,集生
吳義堃,籧仙,蘧仙
吳羽文,長卿
吳翀霄,一齋
吳翊,弼甫,月岡,默齋
吳翊寅,孟棐,遁庵
吳翌,晦叔,澄齋
吳翌鳳,伊仲,枚庵,漫士
吳翔,惟正
吳翠環,碧玉
吳翮,百千堂,逸少
吳翰,晚廬,水樵,鱸鄉
吳翰嗣,子修
吳翰詞,二十一,子修,子脩
吳耒,伯耕
吳聖楫,石舟,雪巖
吳聘九,待齋
吳聞禮,筠心
吳聯奎,星奏,輝五
吳聯珠,珍茲
吳聯祥,雲千
吳肅,伯恭
吳肅公,晴岩,街南,雨若
吳肇,友山
吳肇嘉,中懿,元況,君夏
吳肇東,守初
吳肇煜,吳肇玉
吳肇豳,允孝
吳肖縈,君婉
吳育,山子,艾齋
吳能,用剛
吳臣輔,潘之
吳自中,益欽,耨齋
吳自亮,孟明
吳自峒,伯高
吳自新,中和山人,伯恆,韞菴
吳自治,襄平
吳自然,誼甫,雁峰隱人
吳自牧,益謙,靜庵
吳自福,梅澗
吳自肅,克菴
吳自高,若山
吳至,中山,道卿
吳致堯,恪文,聖任
吳舂,以容,十九
吳與,吳于庭
吳與喬,松伍,益齋,砥山
吳與弼,子傅,子傳,康齋,康齋先生
吳與權,周輔
吳與言,志說
吳興宗,子善
吳興武,質生
吳興祚,伯成,留村,留邨
吳興臣,竹盧
吳興讓,竹林
吳興龍,雲夫
吳舉,子庸
吳舒帷,齊儒
吳舜,子華
吳舜擧,子華
吳舜鄰,元愷
吳舜龍,元友
吳航,公濟,汝楫
吳良,良卿
吳良仕,仲侯
吳良弼,仰說,光輔,第一
吳良貴,君玉
吳良輔,遂卿
吳良驥,德昭,德稱,明叔,第三
吳艾生,引之
吳芑,彥周,産周
吳芝瑛,紫英
吳芬,酉書
吳芳,若英
吳芳吉,白屋,碧柳
吳芳培,雲樵,雲樵先生,霽菲,靈霏
吳芳堪,勖堂,旭堂
吳芳慧,律銓,瑤階
吳芳春,梅峯
吳芳珍,韻卿,韻梅
吳芳華,彥因
吳芳薰,瑤階
吳芸孫,馥山
吳芸華,小茶,石溪漁女
吳芾,湘南
吳苑,楞香,鱗潭
吳苣,珮鑲,紉之
吳苣椿,淑洲
吳若,秀海
吳若冰,瑩仙
吳若準,子萊,次平
吳若貞,雲隱居士
吳若雲,瓊華女史,絳衣,香城
吳英,士傑
吳英樾,子略,西橋
吳英玉,玉泉
吳英發,德華,慶孫,慶老,第萬二
吳英達,孔培,義山
吳茂孫,松坪
吳茂春,純菴,純齋
吳茂林,樹堂
吳茂祉,東白
吳茝,孟嘉
吳茝春,吳茝椿,淑洲
吳茹,汝弼
吳荃,次修,隱遊
吳荔娘,絳卿
吳莊,半園,友篁
吳莘,商卿
吳菘,綺園
吳華,越垞
吳華孫,冠山
吳華年,俊峯,峻峯,峻峰,朵仙
吳菼,伊村,稚湖,龍為
吳萃元,爵一,鰲峯
吳萊,深褭山道人,淵穎先生,立夫,貞文
吳萬春,普仁
吳萬椿,交來,文來
吳萬福,忠愍,振寰
吳葆晉,佶人,紅生
吳葆真,樸安,樸葊
吳葵,景陽
吳蒂元,槐卿,槐鄉,爵標,香樹
吳蒙,正夫
吳蓋,叔平
吳蔚,深道
吳蔚元,劍門,我才,蔚文
吳蔚光,哲甫,執虛,竹橋
吳蔚起,篁村
吳蔭培,少渠
吳蔭暄,名芳
吳蔭棠,安伯,愛伯
吳蕃,彦弼
吳蕃昌,仲木
吳蕊,翹仙
吳蕊先,絳珠
吳蕙,佩芳
吳蕙貞,冠秋
吳蕡,成之
吳蕣,子華
吳藩,价甫
吳藻,玉岑子,蘋香
吳蘂,與權,警覽先生
吳蘇沐特恩,烏蘇沐特恩
吳蘭,卿佩,欽佩
吳蘭修,石華
吳蘭孫,雲璽
吳蘭庭,二吳,千一叟,南霅草堂,吳蘭亭,胥石,虛若,鎮南
吳蘭徵,夢湘,軼燕
吳蘭澤,慧娟
吳蘭瀔,合亭
吳蘭畹,宛之
吳虎臣,道威
吳處厚,伯固
吳虞,又陵,幼陵
吳虞廷,耕山
吳號,文瑞
吳蚊,文山
吳融,若川
吳行健,文菴,汝強
吳行可,見父,見甫
吳衍,子蕃
吳衡照,夏治,子律
吳表臣,正仲,湛然,湛然居士
吳袞,士工
吳裕,天弘
吳裕中,敬菴,磊石
吳補生,希仲
吳褲,惟貢
吳襄,七雲,匏夫,懸水,文簡,輯耘,錫水堂
吳西川,梅龍,蜀江
吳覃詔,鴻霈
吳見思,齊賢
吳規臣,蜚卿,飛卿
吳覲光,吳勤光,蝶莊
吳覺,子覺,孔昭,遯翁,遯齋
吳觀,叔大
吳觀善,思賢,東臯隱者
吳觀岱,念康,潔翁
吳觀敬,坦生
吳觀海,匯川
吳觀禮,圭盦,子儁,茝畯
吳觀萬,亨壽
吳訥,克敏
吳詗,文溫,月叟
吳詠,永言
吳誠,士立
吳誠若,叔有
吳說,傅朋,練塘
吳説,吴悦
吳誾,朝言,高山
吳諮,周朋
吳謂,浩然
吳謙,敬夫,知足庵,貞簡
吳謙之,益卿,益鄉
吳謙吉,六皆,六若
吳謙牧,裒仲,誌仁
吳謙鋕,吳謙志
吳講,介唐,省齋
吳謹中,省齋
吳讓,克讓
吳讓恆,立言
吳谷,芃黍
吳谷善,美之
吳谷賢,賓之
吳象寬,居之,芝園
吳豫,場圃,場圃處士,正甫
吳貞,碧草
吳貞度,靜庵
吳貞毓,元聲,文忠
吳貞閨,首良
吳貢琛,元剛,元圃
吳貫林,元用
吳貴,守之
吳貽詠,吳貽永,惠連
吳賀,三蓼,汝佐
吳資深,友梅,逢原
吳賓於,惺齋,觀田
吳賓旭,江帆
吳賜,希貢
吳賜玉,烈愍,輯五
吳賡枚,春麓
吳贄,蘇嶺
吳贇,鳳堂
吳贊,偉卿,廷紾,廷鉁,彥懷,惠欽
吳贊誠,存甫,春帆,春颿
吳赫,倭赫
吳起孫,誠甫
吳起鳳,丹山
吳超,華越
吳超群,元理
吳越彥,季舒
吳躍,雲叔
吳軨,吴軫
吳軾,承之,鴻藻
吳載勛,慕渠
吳載堅,節齋
吳輔,鼎臣
吳輔堯,唐卿
吳輦,欽爵
吳輯,瑞甫
吳轅,子庸
吳轍,宗正
吳辯,君德
吳辯叔,辯叔
吳辰子,君明
吳農祥,愛百,慶百,星叟
吳迂,仲迂,可堂
吳近,宣靖
吳近仁,柳原
吳迪,心玉道人,惠齋,泰之
吳迪哲,如岳,安仁
吳适,幼洪
吳逢春,子沐
吳逢甲,曉芙,蘊生
吳逢聖,眉爽,鐵儂
吳進,揖堂,瓞村
吳進義,壯愨,子恆
吳逵,十二,近光,雲泉
吳遁,雲交
吳遂初,景山
吳遇龍,子雲
吳運樞,璿堂,荊山
吳過,檢之
吳遐齡,子久
吳道,真常
吳道一,西坡,貫之
吳道來,子綏
吳道光,孚伯,日鑄
吳道南,宗甫
吳道卿,公輔,名輔
吳道宏,文博
吳道寧,澹園
吳道彰,德圃,衛圃
吳道昌,全甫
吳道明,行甫
吳道正,節愍
吳道源,本立
吳道濂,果齋,里齋
吳道煌,瑤如
吳道直,太恆,敬甫
吳道行,名世
吳道觀,夔田
吳道邇,學平
吳道鎔,淡盦,玉臣,用晦
吳達,近光
吳達亨,六莊
吳達可,叔行,吳安老,安節
吳達德,懷新,研田
吳達濟,季輝,忠烈,秋潭
吳達觀,仲朗
吳遜,守謙
吳遠,惟明
吳適,幼淇,靜齋
吳遵,公路
吳遵晦,明仲
吳遵路,安道
吳邃,朗涵
吳邦佩,幼蘭,紉蘭
吳邦偉,軼容
吳邦基,履德
吳邦奇,汝才
吳邦彥,聖甫
吳邦慶,景唐,霽峰
吳邦楨,子寧
吳邦泰,春熙
吳邦璿,睿玉
吳邦輔,元素
吳邵,鼎臣
吳邵年,朝孫,第三九,聞叔,華老
吳郁,文盛
吳郁生,伯唐,蔚若,鈍齋
吳郡,武寧,雲士
吳里,處仁,逸民
吳重周,子厚,野隱
吳重熹,仲怡,仲懌,仲飴,吳重憙,夢舸,石蓮,石蓮老人,石蓮軒,石蓮闇,蓼舸
吳金,礪伯
吳金臺,雲仙
吳釗,對揚,席釗
吳釴,鼎儀
吳釿,振道,第十六
吳鈐樂,天和
吳鈞,元播
吳鈞才,懺情
吳鈺,寶山,式如
吳鉉,元鼎
吳鉏,佩遠,嵇田
吳鉞,宿威
吳銓,容齋,探梅山房,潢川書屋,璜川,璜川吳氏,璜川書屋,遂初園
吳銓文,吳遇,行甫
吳銘道,古雪山民,復古,草衣山人
吳銳,慕泉,東服
吳鋆,汝礪
吳鋌,耶溪
吳錂,若金
吳錠,叔寶
吳錡,劍秋,棟臣
吳錦蘇,蕙窗
吳錫,用庶
吳錫三,壽明,壽朋,靜明
吳錫寬,栗夫,粟夫
吳錫寯,幼窳,紹珊
吳錫岱,魯瞻
吳錫珍,聘丞
吳錫璋,乾廷,聘侯
吳錫疇,壽田,清田,濤田
吳錫祺,介福
吳錫章,吳錫璋
吳錫綬,紫卿
吳錫芳,萼千
吳錫蕃,載之
吳錫麒,三影樓,佇月樓,夢煙舫,有正味齋,榖人,聖徵,谷人
吳錫麟,上騏,竹泉
吳錫齡,純甫
吳鍈,子彥
吳鍾善,元甫,守硯庵主,頑陀
吳鍾巒,峻伯,巒稚,巒穉,忠烈,稚巒,霞舟
吳鍾慧,素軒
吳鍾英,汲深
吳鍾駿,夝舫,崧甫,師漢齋,悟雲書屋,欥聲,耽聲
吳鎡,時可
吳鎬,宗周
吳鎮,少岷
吳鎮兗,濟平
吳鎰,子萬
吳鏊,抃山
吳鏌,利用
吳鏘,文緯
吳鏞,翼韶
吳鐄,半山,石鍾山人,聲之
吳鐸,南窗
吳鑄,鼎吾
吳鑑,省己
吳鑑全,觀灡,觀獨
吳鑛,天朗
吳鑠,衢尊
吳鑾,器川
吳長庚,少白
吳長慶,小軒,武壯,筱軒
吳長榮,木欣,青立
吳長瑞,藹堂
吳開,來儒
吳開先,烈愍
吳開治,平輿
吳開陽,瑤階,秋垣
吳閏孫,君定
吳閬,崙上
吳閱,廷簡
吳闓生,北江,辟疆
吳阿衡,忠毅,隆徽
吳附鳳,子韶
吳陳勛,樹棠,琴逸
吳陳枕,敷求
吳陳權,子衡
吳陵,昭武
吳隆元,易齋,炳儀
吳階,古茨,次升,禮石
吳際可,文甫
吳隱,潛泉,石潛,遁庵
吳雄,文英
吳雄飛,次翁
吳雅永來,烏雅永來
吳雅雙德,武佳雙德
吳雋,廷彥
吳雍,子中
吳雙德,麗明
吳雙禧,雙喜
吳雯,天章,學無學人,徵君,玉溪生,玉澗子,蓮洋
吳雯清,魚山
吳雯炯,鏡秋
吳雯華,曇素
吳雲,從龍
吳雲山,蒼伯
吳雲岫,遠平
吳雲嵩,壽山
吳雲步,吳步雲
吳雲濤,吳云濤
吳雲照,小山
吳雲間,原峯,虎峯
吳雲龍,叔霖
吳雷奮,君崇
吳雷嫫,次城
吳震,聖動
吳震文,吳震交
吳震方,青壇
吳震生,吳宸生
吳霖,烈愍
吳霖世,葯房
吳霞舉,孟陽,默堂,默室
吳靄,廷俊
吳靈英,季發
吳靜,定生
吳靜婉,曇道人
吳靜珠,淑仙
吳靜閨,珮典
吳非玉,吳元玉,得瑩
吳革,恕齋,時夫,淸惠
吳鞏,書岑,樸亭,漢亭
吳韋,山帶,虎泉
吳韻真,影珊
吳韻鏗,純石
吳順之,伯思,伯恩
吳順卿,順姑
吳順子,叔升
吳頡,子蒼
吳頡鴻,嘉之,笛江
吳頤,錫唐
吳頤吉,少溪
吳顒若,伯顒
吳顧,瑞卿
吳顯,起潛
吳顯德,臺卿
吳風翔,天瓢子,遙吟,雪門
吳飛九,鯤南
吳飛英,德華
吳養原,思澄
吳餘慶,彥積
吳馥,分月
吳駒,彥驤
吳駿,晞遠
吳駿昌,藕峰
吳騏,日千,鎧龍
吳騫,樂園,益存
吳騵,文英
吳驤,天驥
吳驥,既閑
吳驥伯,仲良
吳高,尚志,江陰侯
吳高增,敬齋,玉亭,繼長
吳魁麟,仁甫
吳魯,宣國,慕橋,迂客
吳魯布舒庫,剛壯,布書庫,烏魯布舒庫
吳鯨,龍化
吳鰲,近龍
吳鳳來,世培
吳鳳儀,淑英,香楣
吳鳳咸,海豐
吳鳳柱,勇恪
吳鳳祥,春梧
吳鳳笙,嶟谷,嶰谷
吳鳳翔,紫庭
吳鳳翥,青于
吳鳳藻,丹山,實士,桐花,翔士,蓉圃,蓉浦
吳鳳鳴,蓮漪,蓮蔣
吳鳴捷,友聲,蔗鄉
吳鳴珂,新方
吳鳴謙,受亭
吳鳴鈞,振豐,雲璈
吳鳴鏞,雲十
吳鳴麒,小圃主人,麟伯
吳鴻,子翔
吳鴻基,孟遴,岩舫
吳鴻恩,春海,澤民
吳鴻惠,春泉
吳鴻懋,春霖
吳鴻昌,右泉,石泉
吳鴻洙,文衢,鳳城
吳鴻璧,樸齋,瑤田,臞仙
吳鴻甲,唱初,昶仙,羅賓
吳鴻章,煥臣
吳鴻綸,儒卿
吳鴻詔,暉宇
吳鵬,孔騰
吳鵬南,省旃
吳鶚,戢庵
吳鶴齡,亦荀
吳麐,堯圃,粟原
吳麗珍,蘭仙
吳麟,苕源
吳麟徵,來皇,忠節,磊齋,聖生,貞肅
吳麟珠,友石
吳麟瑞,在賢,思王,秋浦
吳黃,文裳
吳默,因之,鐵漢
吳點,聖與
吳黼,成章
吳黼藻,蕭史,雲乾
吳鼎,支離子,泉亭,維新
吳鼎元,仲牧,宇成
吳鼎昌,仲銘,嗣捷,新之,新元
吳鼎玫,霜崖
吳鼎芳,凝父,唵囕,大香
吳鼎雯,雲圃
吳鼐,恭堯,虎頭
吳鼒,南禺山樵,及之,及鼒,夕葵書屋,山尊,抑庵,抑菴,達園,鉏菜叟
吳龍,劉龍
吳龍徵,應圖
吳龍應,飛淵
吳龍翰,古梅,式賢,武賢
吳龍見,恂士
吳龍起,仲應
吳龍錫,懷萬
吴佩孚,子玉,吴玉帅,玉帅,孚威将军,孚威
吴惠,孟仁
吴敬梓,敏轩,粒民,文木老人
吴昌,昌伯
吴英,石林
吾也兒,忠勇
吾冔,文山先生,景端,默齋
吾德明,左芬
吾應麒,文瑞
吾紳,叔縉
吾翯,十九,廷介
吾衍,吾丘衍,子行,竹房,貞伯處士,貞白,貞白先生
吾謹,惟可
呂?,伯充,文穆
呂㦂,秉子
呂㳘,簡肅,蒙甫
呂一靜,子正
呂一鳳,舜卿
呂三才,自參
呂不用,則耕,則行,必用,石鼓山聾
呂世宜,不翁,可合,西村
呂中,中甫,敬伯
呂中律,億之
呂之屏,惟範
呂之幹,思黃
呂之樸,抱經
呂九成,字宗
呂乾健,天常
呂五音,正伯
呂人龍,首之,鳳山
呂仁,山甫,敬仲
呂仲甫,穆仲
呂价,思善
呂伯奪,忠甫
呂伯奮,忠甫
呂伯平,星階
呂伯誾,正之
呂佑,國弼
呂佩瑀,亦琚,玉莊
呂佩芬,呂珮芬,小蘇,筱蘇
呂佺孫,元相,堯仙,蘭溪,運甓軒
呂倌孫,蘭舫
呂偉標,果齋,錦元
呂偉濟,補泉
呂偉鈺,式如
呂傑,廷臣
呂傳愷,曉叔
呂傳檍,久香
呂傳誥,星使,蕉雨
呂元夫,仲仁
呂元恩,璧傳,輯五
呂元愷,才甫
呂元瑞,雲臺
呂元音,節之
呂兆熊,宗望,渭陽
呂兆虞,濟衢
呂兆龍,御堂,禦堂
呂光亨,嘉仲,守一,禮齋
呂光午,四峯
呂光復,丙純,石農
呂光洵,信卿,十九,沃洲
呂光濵,和賔
呂光辰,俠迦,緒承
呂克勤,勉夫
呂克成,世德
呂公孺,稚卿
呂公弼,寶臣,惠穆
呂公滋,樹村
呂公綽,仲祐,仲裕
呂公著,晦叔,正獻
呂其錦,蓮仲
呂冲之,大老
呂凝之,澤父
呂切問,舜從
呂勝之,敬從,澄洲
呂勝己,季克,渭川
呂升,德升
呂升卿,明甫
呂午,伯可,竹坡
呂南公,次儒,灌園
呂占建,春山
呂卣,宜中
呂原,敬菴,文懿,逢原
呂又新,囈語老人,學山
呂及之,周輔
呂友德,子益
呂叔素,呂鎖住
呂合剌,忠惠
呂同老,和甫,紫雲
呂向,呂四,子回
呂和,克中
呂和問,節夫
呂和筠,六符
呂和鍾,大呂
呂咸,宗顯
呂商隱,周輔,義父
呂喬年,子巽,巽伯
呂嗣慶,昌齡
呂嘉問,望之
呂嘉坊,硯田
呂嘉言,小圃
呂囦,希顏,希顔,復菴
呂坤,九十四,叔簡,心吾,新吾,李坤
呂坤德,靜齋
呂堂壽,介眉,樂山,菜圃
呂堅,介卿,嶺南四家,石帆,石颿
呂堅中,崇實,景實
呂塘,桐軒
呂增輝,玉山
呂士元,佐堯
呂士昌,子弼
呂士榮,茂叔
呂士淑,允夫
呂士淳,小滄
呂士龍,兼濟
呂夏卿,縉叔
呂夔,祖邦
呂夔友,子韶
呂夢飛,小萊,獻堂,註江
呂大信,大彭
呂大倫,時敘
呂大同,逢吉
呂大器,儼若,先自,文肅
呂大圭,圭叔,樸卿
呂大夔,拙庵,調三
呂大川,中原
呂大忠,晉伯,進伯
呂大猷,允升
呂大老,渭叟,聖遇,鑑湖
呂大臨,與叔,芸閣先生
呂大鈞,京兆先生,和叔
呂大防,微仲,徵仲,正愍
呂天祚,大呂
呂天祺,吉卿
呂天章,以成
呂天策,呂詔君,彥發
呂天芹,魯軒
呂夷簡,坦夫,文靖
呂好問,舜徒
呂子桂,公攀
呂子珊,大士
呂子珏,呂子玉,孟巌
呂子班,仲英
呂孔良,子性
呂孝祥,仲平
呂守曾,待孫,松坪
呂宗傑,志剛
呂宗儒,汝為
呂宗元,仁甫
呂宗望,太叔
呂定,仲安
呂宜之,明善
呂宣問,季通
呂宣曾,伊蔚,揚祖,柏岩
呂宮,蒼忱,金門,長音
呂寅伯,寅伯
呂尚傅,端峰
呂履恆,元素,坦庵,坦菴,月巖
呂岐鳳,桐岡
呂岳,第四十六,高仰
呂岳自,怡白,雲莊
呂崇修,展成,筠浦
呂崇烈,伯承,見齋
呂巖,呂帝,呂祖,回仙,洞賓,純陽子,純陽演政警化孚佑帝君,純陽祖師
呂希周,師旦
呂希哲,原明,滎陽先生
呂希純,子進
呂希績,紀常
呂希聖,景山
呂希述,傳叟
呂希道,景純,熙道
呂師召,一山
呂師夔,虞卿,道山
呂師張,留卿
呂師愈,少韓
呂師著,客星,謫名
呂師說,肖卿
呂師譲,謙夫
呂常心,九栢,秉之
呂序程,秋丞,秋塍,賓鴻
呂庭栩,宛溪
呂廕,承之
呂廣問,仁甫
呂延年,伯愚
呂廷揚,對宸
呂廷樺,少舫
呂廷章,字三,德煥
呂廷輝,健庵,茗薌居士
呂廷鑄,相臣
呂廷雲,嵋瞻
呂建伊,權臣,耀臣
呂弗,康田
呂弸中,仁武
呂彥直,仲宜,右愚
呂律,元洲,庚六
呂從慶,豐溪漁叟
呂復,仲善,文恭,易窻
呂德,伯亨
呂德芝,時素
呂德茂,茂卿
呂德裕,文饒
呂必重,大而
呂志伊,俠少,天民,旭初
呂志元,竟成,鏡澄,鰲峰
呂志恆,立吾
呂忱中,偉信
呂思恭,禮夫
呂思禮,思禮
呂思誠,仲實,忠肅
呂恂,瑟堂
呂恆,德常
呂恕,希仁
呂恩湛,麗堂
呂恭,呂宗禮,敬叔,宗禮
呂惠卿,吉甫
呂愿中,叔恭
呂慎,幽谷野人,誠之
呂慎多,減之
呂慰曾,衛生
呂慶麟,符卿
呂憲瑞,芝岩,輯堂
呂應樞,星垣,星桓
呂應祥,子和,龍山
呂應蛟,西庵
呂懷,健乾,六十八,巾石,汝德,汝愚
呂懷健,乾齋,思順
呂戭,景武
呂承娧,子兌
呂承婍,子奇
呂承恩,對山
呂承源,根腴,玉泉,瑞柏園主人
呂承綺,子奇
呂承蛻,子兌
呂承麟,允祥
呂振,仞千
呂振聲,少甫,少補,少輔
呂振鏞,玉泉
呂挺生,芝圃
呂撫,遠父
呂敏,志學,無礙居士
呂敦愈,燮唐
呂敬,仲禮
呂敬甫,信夫
呂文仲,子臧,子誠
呂文德,景修,武忠
呂文昇,七義士
呂文櫺,無晦,用晦
呂文櫻,西園
呂文煥,常山
呂文燧,用明
呂文福,壽卿
呂文老,澹翁
呂文輔,九峯,九峰
呂新周,嶰谷
呂旦,寅伯
呂旻,仁甫
呂昇,明遠
呂昌,好隆
呂昌辰,伯熙
呂昌際,峰亭,萊園
呂星垣,叔訥,叔諾,應尾,映薇,毗陵七才子,毘陵七子,湘皋,白雲草堂
呂春余,漱香
呂昭,三廉宦,克明
呂時中,以道,潭西,道夫
呂時修,誠齋
呂晉夫,晉夫
呂晟,十五,景熙
呂景初,冲之
呂景端,幼舲,藥禪,蟄庵
呂景蕙,若蘇,鏇友
呂曾,省吾,石軒
呂曾榯,少鵬
呂朋,志同
呂朝恩,庭佐
呂朝瑞,九霞,廷雲,輯侯
呂朝颺,蓉塘
呂本,南渠,後屏,文安,期斎,李本,汝立
呂本中,呂大中,大中,居仁,文淸,東萊先生,西垣
呂枋,汝芳
呂某,玄爽
呂柟,仲木,文簡,涇野
呂栗,士寬
呂桂,文桂
呂桭,仞千,呂振
呂棐,元忱
呂森,伯仁,柏銘
呂椿,之壽
呂楠,雪洲
呂榮,勳心
呂榮元,襄壯
呂榮祖,景初
呂榮祺,春甫
呂樁,之壽
呂機,審言
呂權,子義
呂欽問,知止
呂正,孟端
呂正義,梅溪
呂正音,五正,夢軒先生
呂殊,愚叔,愚牧,敏齋
呂毖,桴庵,貞九
呂民順,國安
呂永蓮,頌宜
呂江,叔濟,叔齋,四平
呂汲,仲修,水西翁
呂汶,魯東
呂沅,君夢
呂沆,叔朝
呂沖之,大老
呂法曾,力園,宗則
呂法泗,鴻渡
呂洙,宗魯
呂洪,大正
呂浣,筱君,聽秋主人
呂浩,文瀚
呂海寰,又伯,惺齋,敬輿,鏡如,鏡宇
呂清,時山,鏡泉
呂温,化光,和叔
呂渭,惟淸
呂渭孫,希祖
呂渭良,善哉
呂湘,惠如,賢鐘,雲英
呂源(呂升卿子),成之
呂源(呂師愈子),子中
呂溥,公甫,竹溪
呂溫,化光,化光(和叔),呂八,和叔
呂溱,濟叔
呂滎,慎明
呂漢,朝宗
呂潚,呂溥
呂潛,愧軒,時見
呂潤蕃,友徐,孝衍
呂濟,安世
呂濱老,呂渭老,聖求
呂炅,呂二,子元
呂炎,德明
呂炤林,炳之,繡峰
呂炯,文昭
呂烱,心文
呂焯,文華
呂煥,德遠
呂熙,壽姜
呂熾,克昌,闇齋,雙桂軒
呂燕謀,季良
呂燾,德昭,月坡
呂燿,思晦
呂燿煒,孟武
呂爚,柏庵,栢菴,蓼懷
呂爾徵,子久,東江
呂爾禧,滌園,皆孚
呂猶龍,雨村
呂獻,丕之,丕文,甲軒
呂玉,以修
呂玉涵,志養
呂玉肩,志函
呂玉麟,繡緩,鄰臺
呂珍,國寶
呂珏,佩雙
呂珮芬,季蘭,曉初,筱蘇
呂琛,景運
呂琰,德文
呂瑚,三十九,東溪,汝器
呂瑛,靜儀
呂瑞玉,潤峯
呂瑭,桐軒
呂璋,廷圭
呂璜,月滄
呂璠,美堂
呂璹,季玉
呂用中,敦智
呂由誠,子明
呂留良,不昧,不遠復堂,二妙亭,何求老人,光倫,南陽村翁,可耐,呂光綸,呂光輪,呂耐可,天孟樓,天蓋樓,寶誥堂,恥齋,晚村,晚邨,東莊,用晦,莊生,蔭芳園,風雨庵
呂畹蘭,韻玉
呂益,伯謙,梅菴
呂盛,文郁
呂直之,道夫
呂相曾,緩臣
呂碧城,寶蓮居士,明因,曼智,聖因,蘭淸,賢錫,遁天
呂祉,安老
呂祐,伯通
呂祐之,元吉
呂祐吉,尙夫,癡溪,稚溪
呂祖儉,大愚,子約
呂祖忞,君勉
呂祖望,培祉
呂祖泰,泰然
呂祖謙,伯恭,東萊先生
呂祖輝,杏標
呂祚德,錫馨
呂祥齢,椿園
呂福,清岩
呂禧,丹棱,本善
呂秀,思玄
呂秉南,景陽
呂秉彜,性之,靜軒
呂秉鈞,倚平
呂秩,仲平
呂程,宗洛
呂稠福,祐甫
呂種玉,煙民,藍衍
呂稱,仲父,樗谷,靖平
呂稽中,德元
呂穆,宗文
呂章成,裁之
呂童,邦用
呂竦,士瞻
呂端,松岩
呂範,子衡
呂紀,廷振,樂愚
呂紹端,冕士
呂紹賢,油如,沺如,細如
呂紹遲,誠齋
呂經,九川,呂経,道夫,道甫
呂維祮,泰孺
呂維祺,介孺,忠節,明德先生,豫石
呂維袺,泰孺
呂綸,君言,觀復
呂緝熙,敬甫
呂繼儒,明谷
呂繼楩,思楙
呂纘組,修祉,峻發
呂美蓀,仲素,淸揚,眉孫,眉生,賢鈖,齊州女布衣
呂義山,子居
呂翀,天翰
呂翰周,崧甫
呂耀斗,庭芷
呂耀曾,宗華,樸岩,樸巖
呂聖宗,書田
呂聖齊,希天,雲浦,靖惠
呂聲,廷和
呂聲之,大亨
呂肅,伯剛
呂肇堂,服田
呂肯堂,子建,東皋
呂胤昌,玉繩
呂興周,維師
呂興道,藏虛
呂良佐,璜溪處士,輔之
呂良弼,輔之
呂良才,賢甫
呂芬,藕塘
呂芳貞,韞清
呂若愚,可明
呂華賓,鹿門,麓門
呂葆中,冰蕸,吾研齋,呂公忠,恥齋,无黨,明農草堂,無黨,講習堂
呂蒙正,文穆
呂藿,忱卿
呂虛夷,嗇齋,與之
呂行中,聖與
呂行端,張仵
呂裕安,叔昆
呂補袞,翰公
呂襄袞,亮公
呂規,正臣
呂觀,呂鳳茵
呂言,伯時
呂詵,宗道
呂誠,誠孚
呂誨,文靖,獻可
呂調羹,夢卿
呂調陽,和卿,文簡,豫所
呂謙,和之
呂謙恆,天益
呂讓,遜叔
呂讚,廷揚
呂貴實,石室,若虛
呂買,世留
呂賢,邦佑
呂賢基,文節,羲音,鶴田
呂賢滿,坤秀,昆秀
呂賢鍾,惠如,淸揚
呂贊陽,燮甫
呂起猷,六松,徽之
呂述,修業
呂逢時,原道
呂逸,韻清
呂道,君道
呂遜,子謙
呂邦俊,子梅,行之
呂邦耀,玄韜
呂郁,伯文
呂采芙,擷芬,擷芳
呂采芝,嘉華
呂重庚,九山,申伯
呂金魁,玉堂
呂銘,允銘
呂錦文,壽裳,簡卿,絅齋
呂錫齢,葉九
呂鏜,廷韶
呂鐸,文振
呂鑑衡,秉鈞
呂鑒鍠,嘉樹,海珊
呂長勝,舉臣
呂長發,祥齋
呂防,大防
呂陟,昇卿
呂陶,元鈞,淨德
呂陽,調陽
呂隆,仲昌
呂際虞,帝臣
呂雯,天章
呂雲從,孚遠
呂雲棟,瑤圃
呂雲槺,瑤圃
呂雲錦,霞章
呂震,克聲,淸惠
呂震名,建勛,栘村,茶村
呂霜,以墨
呂靖,叔共,谷盈子
呂韶,協六,虞亭
呂頤浩,元直,忠穆
呂顒,幼誠
呂顧崧,曉亭
呂顯崧,曉亭
呂顯祖,慈園
呂飛鵬,程九,雲裏,雲里
呂餘慶,呂胤
呂高,山甫,思抑,江峯
呂鯤,龍山
呂鳳,二十七,好儀
呂鳳岐,瑞田,石柱山農
呂鳳梧,葉雍
呂鳴珂,聲甫,蒼南
呂鴻經,芥青
呂鵬,搏萬
呂鶴麟,翼卿
呂默,圭三
呂鼐臣,叔榆
呂龍光,慕津
呈麟,玉書,紱堂
呢瑪奇呢瑪善,勤襄
呢瑪奇達三泰,呢瑪奇達音泰,壯節
周(王＋季),季玉
周?,瑞臣,范周
周㻾,國器
周一夔,以韶
周一德,剋協,旦復
周一梧,懷白
周一清,廉夫
周一經,三十八,子明
周一鵬,圖南
周三燮,南卿,芙生
周丕灃,南溪,春帆,東瀛
周丕謨,弘如,賡三
周世修,純德
周世冕,蓮浦,蓮舫
周世宜,淑儀
周世昭,景服
周世棠,和卿,石虞
周世樟,安素,章成
周世求,潛夫
周世澂,孟輿,虔生
周世發,石濤
周世科,仲登
周世緒,叔曼
周世績,治揚
周世耀,筱風
周世臣,穎侯
周世英,幼千,耆園
周世遠,子道
周世遴,伯譽
周世選,文賢,衞陽
周世鵬,南皐,巽翁,愼齋,文敏,景游,武陵道人
周丙榮,子善,樹華
周中,雞峯
周中孚,信之,鄭堂
周中鋐,子振,念吾
周之冕,文伯
周之域,朗山
周之基,季卿
周之墉,西樵
周之夔,章甫
周之屛,伯卿,周之屏,鶴皋
周之彥,諸峯,靜峯
周之方,在卿,希硜子
周之桂,二峯,二峰
周之楨,貞木
周之楷,式軒,慕蘭
周之深,德源
周之琦,心日齋,日新齋,晚香室,稚圭,穉圭,耕樵,退庵
周之璵,玉鳧
周之璿,敬可
周之甦,更生
周之禧,子敬
周之美,彥聖
周之翰,子宣
周之茂,松如
周之訓,忠烈,日台,日臺,無逸,節愍
周之輪,景玉
周之道,覺民
周之鈞,京土
周之錦,黼堂
周之鎂,研芬
周之麟,紫芝,通園
周之鼎,和台,定甫
周九臯,翀明
周九齡,景張
周二南,汝為
周二學,幼聞,晚菘,藥坡
周于德,兩參
周五瑞,周瑞五
周亨,子貞
周亨升,德遠
周亨明,維生
周京,子依
周亭,周亨
周亮,尚寅,岐麓
周亮工,偶遂堂,元亮,因樹屋,恕老堂,暓公,櫟下先生,櫟下老人,櫟園,櫟老,減齋,笠僧,緘齋,褒庵,諫工,賴古堂,適園,鍼齋,長眉公,陶庵
周亮武,笠功
周亮節,靖公
周亮采,秉臣
周人驥,紫昂,芷囊,蓮峰,香遠堂
周人龍,春泉,紫垣
周仁,義卿
周仁壽,敬甫
周仁榮,月巖,本心
周介,公瑾,叔謹,葉介
周仔肩,本道
周仕,草岡
周仕議,弼軒
周令德,憲太
周令樹,拙庵
周以典,六虛
周以勳,次立
周以敬,十五,用涵
周以炘,雅三
周以豐,少蓮,熾昌
周以道,復翁,復齋
周仲,信父
周仲仿,慕堂
周仲卿,次和
周仲墀,雪樵
周仲士,純所
周仲姬,二如,淑和
周仲芳,繼遠
周任,以仁
周伯熊,武伯
周伯玉,元韞
周伯琦,伯溫,堅白居士,玉雪坡真逸
周伯義,子如,蕉東野叟
周伯起,江峰野夫,起宗
周伯達,康岐,洱如
周位,元素
周佐,彥相
周佛珠,二喬,研雲
周作人,仲密,周明魁,周櫆壽,啟明,奎綬,子榮,知堂,苦茶庵老人,藥堂,起孟,遐壽,開明
周作楫,夢巖
周作洵,南清
周作淵,潛齋
周作錦,文潮,文瀾,文灡
周作鴻,運界,雲昇
周佩,北野,鳴玉
周佩濂,子靜,怡芳
周侁,正父
周來奕,仲方
周來謙,沂塘,聖牧
周來賓,蕺君,雪畇
周俊,王俊
周俊民,明甫
周保,子翼
周保善,覺天
周保璋,棫士,禮南,鏡湄居士
周信,敬五
周信之,棨堂,沁波
周信甫,以成
周信臣,漢卿
周修,望舒
周俶,初卿
周倫,伯明,康僖,貞菴
周倬,槑森,罧森,霖森
周偉,書田
周偉業,秋陸,秋鹿
周傑,廷智
周備,萃文
周傳經,贊堯
周傳鏡,蓉裳
周僖,山樵,東侯
周僖齡,鶴英
周儀,四生,風廷
周儀暐,伯恬,惟雒山人,芙椒山館
周儀灝,叔程
周儒臣,鏡漁
周儼,乂公,墨潭,欽齋
周允升,吉卿
周允和,淸溪,謙甫
周允成,允叔
周允欽,宗堯,張允欽
周元卿,周冬卿,成甫,景仁,聖予
周元善,長卿
周元宰,台然
周元懋,德林,思南,柱礎
周元文,洛書
周元桐,峰南
周元理,秉中
周元良,周廷棟,松軒
周元英,仲三,鴻雪老人
周元輔,左樞,遠齋
周元通,以達
周元鼎,勉齋,象九
周元龜,蒼巖,錫疇
周兆勲,輔廷
周兆升,健南
周兆基,廉堂
周兆新,煥初
周兆熊,果愍,輔臣
周兆璋,熊占,瑑父,雲瑑
周兆鼇,駕山
周先檀,堯珊
周光,天錫
周光炯,戒若,覲臣,謙齋
周光祖,錫侯,雪甌
周光祿,阮亭
周光緯,孟昭,煥文,蓉裳
周光遠,德耀,德輝,第百一,超兒,達哥
周光鎬,國雍,耿西
周克健,剛峰
周克友,益三
周克堃,幼安
周克寬,容皆
周克敏,慎行,藕塘
周克昌,二周
周克明,昭文
周克開,乾三,梅圃,退谷
周公㢸,亮甫
周公謨,孚嘉,素持
周公軾,靜齋
周六書,絕叄
周其垣,國屏,翰齋
周其愨,嘯岩
周兼棨,鑑堂
周冉,十三,子雲
周冕,元漢
周冠,鼎卿
周凱,仲禮,內自頌齋,周愷,撈蝦齋,蕓皋,雲皋
周勉,功懋,雪坡
周勝友,鼎臣
周勝孫,仁甫
周勳,良弼
周勵言,仲玉
周化南,衡楚
周化龍,雨齋
周匡物,名第先生,幾本
周千能,冠夫,冠父,彥洪,第二
周千裏,薄州,薄洲
周千里,駒父
周升桓,周升恆,稚圭
周南,亭山
周南溪,源清
周南瑞,敬修
周南老,正道
周卜年,定夫
周卜政,存齋,時亮
周卜曆,鼎泰
周卿,克果,東山
周厚轅,馭遠
周原,彥廣
周原學,希古
周原誠,彥明,澹如居士
周去非,直夫
周友常,景賢
周友德,桃川
周友程,明昆
周叔慈,尙仁
周叔茂,子實
周叔襄,周贊
周古雲,紫煙
周召,公明
周召唐,柳堂
周右民,鏞銘
周吉,惠雲
周同伯,敬同
周同愈,刪亭,進之
周同谷,鶴臞
周名建,屏侯,茗園,蓼園
周名棠,憨園
周向,小蓉,式齋,鶴生
周向蓮,效白,鶴君
周君巢,周居巢
周君賚,子賜
周含萬,光甫,荔腴
周呂齡,周石
周和,敬齊,敬齋
周啓元,春圃,逢其
周啟,周大啟
周啟大,自微
周啟文,省齋
周啟明,昭回
周啟柏,石臺
周啟祥,源伯
周啟詢,載園
周啟運,景垣,煥斋,鼎初
周啟遲,景垣,景塘
周啟雋,立五
周善持,善持
周喻,周諭,彥博
周嗚珂,又山
周嗣哲,宇明,震源
周嗣德,宗道
周嗣昌,隱玄
周嗣武,功父
周嘉樸,柳潭
周嘉正,榦之
周嘉猷,紀堂,順斯
周嘉瑞,梅莊
周嘉申,貞茲
周嘉福,峙亭
周嘉穗,穎初
周嘉胄,江左
周嘉謨,敬崧,敬松,明卿,景松
周嘉賓,仲召
周嘉露,經采
周囊加歹,潤甫
周因,孟覺
周因培,夢熊,椿園
周國佐,振宇
周國光,漢循
周國卿,台仲
周國奎,敬齋,燦然
周國柱,汝梗
周國楨,子蓮
周國琛,獻伯,獻南,理璋
周國瑞,筠山
周國祥,春山
周國華,直夫
周國貞,果隐,衛仲
周國頤,吉卿
周國龍,允伯
周土,厚卿
周在,善卿,竹溪
周在延,津客
周在建,榕客
周在浚,遺谷,雪客,雪谷,棃莊
周在熾,平山,而昌
周在都,燕客
周坤,順卿
周坦,謙齋
周垕,梅山先生,良載
周垚,君榮
周垣,恒初
周埰,雪堂
周執羔,表卿
周基中,煥齊,煥齋
周堅,皜齋,砥道
周堡,步虞
周堪賡,仲聲,元應
周堯卿,周奭,子俞,子餘
周堯敏,學山,禹卿
周塤,伯和,周壎
周墀,周十三,德升,用大
周墨,文御
周壁,子宣
周士介,介人
周士佃,人田,文思,欽士佃
周士佐,二十八,汝良,鳳南
周士俊,子英,東皋
周士價,介人
周士儀,令公,藿園
周士允,士中
周士孝,肅齋,資敬
周士昌,小翼,心濂
周士曾,景溥
周士望,斗樞
周士林,墨卿,墨濟,雲卿
周士樸,丹其,味澹
周士清,次軒,離恨生
周士溥,劭延,少蓮
周士炳,蓮史
周士珍,松堂
周士琦,一韓
周士皇,偉臣,靜庵
周士皐,子寅,明崖
周士英,惺莪
周士貴,良彦
周士鏜,勉民,念修
周士顯,晦翁
周壽,恭和,慶雲伯,永齡
周壽昌,思益堂,應甫,春伯,自庵,自菴,荇農
周壽明,天格
周壽椿,六泉,碌全,蔭長
周壽鼎,鶴泉
周壽齡,雲芳
周夑臣,五峯
周夢仁,靜山
周夢台,叔斗,柳初
周夢彪,睦堂
周夢暘,啟明
周夢熊,漁卿
周夢秀,繼實
周夢震,亨甫
周夢顏,安士
周大亨,彥禮
周大恩,芝軒
周大有,元亨,十八
周大本,立齋
周大棻,硯雨,芬木
周大業,存齋,致堂
周大樞,元木,園牧,存吾
周大樽,冷泉
周大烈,元佐
周大猷,允叔
周大璋,筆峰,聘侯
周大禮,子和,澱山
周大經,汝綸,贊宇
周大訓,黼箴
周大鈞,和亭,陶萬
周大魁,鶴亭
周天佐,子弼,宇弼,忠愍,磧山,蹟山
周天受,忠壯,百祿
周天培,武壯
周天孚,周天德,威毅
周天度,讓谷
周天民,希尹
周天爵,敬修,文忠,檀蓀
周天球,公瑕,幻海,幼海
周天祐,思順
周天祜,周天适,篤豐
周天祥,廷瑞
周天裔,施天裔,泰瞻
周天錫,極翁
周天霖,芑塘,芭塘
周天駿,子美,敬齋
周天驥,耐軒
周天鳳,儀之
周天麟,水流雲在館主人,石君
周奇源,芝珊
周奇珍,天山,怡野
周奎,賢象
周奕,叔大
周奕采,鳳岡
周奭,棠芾
周如底,允直,十二,如砥
周如斗,二十九,允文,觀所
周如淵,西堂,酉堂
周如湯,沸如
周如砥,季平,礪齋
周如綸,叔音,少東
周姍姍,小姍
周婉,婉餘
周媛,挹芬
周子亮,子亮,春卿,梅叟
周子友,子友
周子恭,七泉,欽之
周子文,岐陽
周子義,以方,儆菴,文恪
周子諒,周愷,子愷,灌夫
周孔從,監二
周孔敎,懷魯,明行
周孔教,懷魯
周存己,思養
周存義,宜亭
周孚,周珪,寶哥,第十九,處信
周孚先,子信
周孝嗣,世延
周孝垓,平叔,心香
周孝塤,愚初,蘭穎,逋梅
周孝恭,宥之
周孟中,時可,畏菴,韋齋
周孟瑤,蘊玉
周孟陽,春卿
周季琬,文夏,禹卿
周季邦,公達
周季鳳,公儀,康惠,未軒
周季麟,僖敏,公瑞
周學健,力堂,勿逸
周學古,會卿
周學易,子時
周學汝,禮傳,蓮伯
周學海,健之,潛初,澂之
周學源,岷帆
周學濂,元緒,周學汝,禮傳,蓮伯
周學濬,彥深,深甫,縵雲,蟄庵
周學熙,南北二四先生,四先生,定吾,松雲居士,止庵,緝之,臥雲居士
周學詩,聖庭
周學銘,味西
周學顏,立夫
周守一,分岳,季和
周守典,承休,文山
周守思,國賢
周守愚,七十六,汝哲,聖持
周守誠,春農
周安,元靜,安節
周安叔,于盤
周安康,平書,樂齋
周安起,桂伯
周宏,懋德
周宏爔,琅峰
周宏緒,敬齋
周宏縉,仲雲,笏園
周宏諭,大勛
周宗,繼先
周宗仁,克復
周宗姜,思媚,梅綠女史
周宗岳,文範先生
周宗建,來玉,季侯,忠毅
周宗昌,東生
周宗智,子正
周宗本,立之
周宗武,文啓
周宗汭,北池
周宗泗,章抗
周宗泰,春巖
周宗洛,曉峰,開甲
周宗濂,蓮士
周宗燿,式陸
周宗琳,天質
周宗璜,天遇
周宗禮,子仁
周宗鎬,于京,十七,白崖
周宗颺,峚崖,文長
周宗麟,瑞章,石君,香石
周官,懋夫
周定仍,節愍,雪笠,雲奕,雲翼
周定桄,蓮谷
周定礽,雲奕
周宜,漢雯
周宜未,充彥
周宜禾,充彦
周宣,彥通,秋齋
周宣猷,辰遠
周家俊,湓陽,益堂
周家勳,琳粟
周家楣,壽愷堂,小棠,期不負齋,筱塘,雲生
周家相,二南
周家祿,彥昇,蕙修
周家謙,六皆,槃叟
周家駒,千里,小坡
周宷,濟甫
周宸,士千
周宸習,叔勉
周宸藻,質庵
周容,德涵
周容詢,枝園
周寀,濟甫
周寅,木齋,繭中翁
周密,文续
周富邦,徳孺,德孺,慶長,第念五,維壽
周實,劍靈,勁厚,實丹
周寧,彥靖
周寧爾,無畏
周審己,思明
周寬世,厚齋
周寰,景遠,菊庵
周寶嫻,孟璇
周寶彝,今仙,祖白,陳之
周寶清,淡如,澹余
周寶生,林餘,楚孫
周封萬,蓉舫
周少成,克忠,周少誠
周尙文,聖從,霞山
周尚之,東揚
周尚化,德孚
周尚忠,伯顯
周尚文,彥章,武襄,英襄,飛將軍
周尚齢,松山
周尹,正孺
周尹甫,周如愚,尹甫
周屋,梅山先生,良載
周履方,思矩
周履衢,福泉,雲五
周履靖,海顚道人,逸之
周山,靜山
周岐,周歧,農父
周岐源,芝圃,芝珊,芝瑞
周岱,伯宗
周岸登,二窗,癸叔,道援
周峨,仲章
周峻,維高
周崇傅,子岩
周崇禮,敬生
周崑,孟登
周嶅,演泉
周嶷,仲嶷
周嶼,周璵
周巖,雅山,雅川
周巖舉,宗澤
周巽,敬用
周希令,滸西
周希古,信叔
周希哲,叔愚,聖思
周希孟,公闢
周希旦,毅軒,汝魯
周希武,子揚,繩之
周希濂,君儒
周希畢,德懋
周希祖,楚白
周希程,道夫
周希貴,子良
周希賢,司謙
周師,法祖
周師厚,敦夫
周師成,宗聖,雉山
周師琦,又偉
周師道,彥由
周師銳,儀父
周師鋭,儀父
周師顏,崇回
周常,茂永
周干德,渠源
周平,宜軒
周平子,平仲
周平湘,昆蘭
周幹,孝烈
周幼苕,若華
周幽貞,柏堂侍史
周序,二十六,仲禮
周庚,明瑛
周庠,周博雅,周詳
周庭俊,彥正
周庭桂,侃筠
周康,叔常
周康元,周家瑞
周康華,懋堂,蒨士
周廣,廣欽
周廣業,勤補,耕厓
周廣榮,仲仁
周延,南喬,崦山,簡肅
周延儒,挹齋,玉繩
周延奇,海尉
周延雋,仲章
周廷一,毅齋
周廷弼,耐庵,舜卿
周廷徵,公賢
周廷憲,景陽,謹堂
周廷揆,季龢,敘卿
周廷澤,舜龍
周廷瑞,孔麟,應麟
周廷用,八厓,子賢
周廷蔭,寧齋
周廷鑨,元立
周建屏,秋圃,秋園
周建邦,維新
周建鼎,裕齋
周弁,時制
周式度,懿微,紫侯
周式濂,亦茂,星厓,筱溪
周弘,子重,緘齋
周弘祖,元孝
周弘禴,元孚
周弼,伯弼
周彌瞻,景顏
周彝,策銘
周彤桂,復卿
周彥,元美
周彥先,師古
周彥宗,月窗
周彥文,季純
周彥曾,半軒,文愚,文羽
周彥約,德孚
周彥質,文之
周彥通,彥通
周彧,長寧伯
周彬,文若
周彰如,嘉言
周後叔,胤昌
周徐綵,周徐彩,粹存
周得士,敬典,敬曲
周得程,丁烿,廉豐,蓮峰
周從周,文郁
周復俊,子籲,木涇,木涇子
周德,明在
周德光,自昭
周德培,佐元
周德容,器之
周德方,廣莫子
周德榮,少桓,菊人
周德清,挺齋
周德潛,淵如
周德潤,生霖,義廬
周德祐,篤齋
周德至,讓三
周德驥,仲良
周心如,右海,石海
周心易,準卿
周必兆,必兆
周必先,十三弟,子開
周必剛,子栗
周必大,子充,平園老叟,文忠,洪道,省齋居士
周必強,抑而
周必彊,十弟,周必強,子柔
周必正,七兄,乘成,子中
周必端,二兄,子友
周必達,大兄,子上
周必顯,宗人,宗仁
周志乾,釀元
周志偉,十三,士器
周志傳,采園
周志濂,江臣
周志發,星臺
周志蕙,解蘇
周忠,白溪,良臣
周忠厚,仁仲
周忱,恂如,挨宿,文襄,雙崖
周思久,周思从,子徵,柳塘
周思充,十一,道可
周思兼,元治,梅坪
周思宸,十七,進可
周思得,素菴野人,通靈真人,養素
周思忠,思忠
周思敏,汀序,潁士,魯亭
周思敬,子禮
周思炯,蓮堂,連堂,運堂
周思稷,子相
周思紹,聖誠,誠齋
周思義,紫封,縈封
周思茂,北門學士
周思觀,賔廷
周思誠,一庵
周怡,守和
周恂懋,季實
周恆,道成
周恆墉,樹垣
周恆期,福陔
周恆祺,子維,恆祺,福皆,福陔
周恩綬,佩仙,小河,艾衫
周恭,寅之,梅花主人
周恭先,伯溫
周悅,蕙皋
周悅讓,孟白
周悦勝,壯敏,莊敏
周情,春山
周惠,字民
周惠孫,潛之,雲龍
周愚,蘊古
周愛訪,周爰訪,成延
周愷,晉卿
周愼,仲瑾
周慎辭,若訥
周慧貞,挹芬
周慰曾,小唐,拙生,筱唐
周慶基,春山
周慶曾,燕孫
周慶森,占城,蓉史,郁文
周慶瑢,蔭南
周慶福,五臨
周慶芝,蘭偕
周慶賢,琴軒
周慶雲,夢坡,景星,湘舲
周憲,用章
周憲曾,應芝,景侯,蔭芝
周應中,正甫
周應合,彌厚,洪厓,淳叟,溪園
周應奎,康惠
周應宿,張應宿
周應昌,效期,稚侯
周應星,辰翁
周應期,剋昌,際五
周應極,南翁
周應治,君衡
周應澧,伯淸,棣園
周應熙,郁文
周應祖,嘯峰,鳴谷
周應秋,春臺,煨蹄總憲,茂實
周應賓,君貺,嘉甫,寅所,文穆
周應鏊,如春,章南
周應鼇,章甫
周懋文,存質
周懋烈,偉生
周懋琦,子玉,子瑜,韓侯,鴻寶署齋
周懋相,弼甫
周懋穀,戩伯
周懷新,應甲,蕉軒
周懷綬,亦山,寨杉
周成,於樂
周成子,純仁
周成己,思仁
周成文,敬庵
周成民,繹廷,释廷
周所立,盤谷
周才,仲美
周才錦,心白,筿昆
周承光,紫垣,芷沅,藜青
周承勃,絳侯
周承勛,周承勳,希稷
周承己,恭先
周承弼,仁仲,任仲,沖和居士
周承德,軼生,逸舜,鐵翁
周承翰,冲元
周承錦,絅堂,署文
周抃,熙父
周折爾肯,哲爾肯
周拱,惟詹
周振之,仞千,仲甫,又條
周振業,右序
周振治,蓮舫
周振璘,彬叔,蓮浦
周振譽,彥聲
周振豐,小古
周振采,白民,菘畦
周振鏞,庠選
周捷英,墨仙
周掄,聖澤
周揆源,周鑣,鐵臣
周損,迂叟,遠害
周操,元持
周擢,芳彥
周政,尚德
周敍,天敘
周敏政,樹庵
周敏貞,玉窗
周敘,雨窗
周敦愷,體和
周敦頤,敦實,濂溪,濂溪先生,茂叔
周敬孫,子高
周敬本,敬本
周文,二郁
周文?,丙山,蕉圃
周文先,哲臣
周文光,實夫
周文卿,藎之
周文同,瀟碧
周文坦,履道
周文奕,穆仲
周文寶,韻珊
周文彥,直侯
周文擢,升伯
周文敬,敬之
周文會,甬厓
周文沆,蒙泉
周文浚,筱田,蘭泉
周文清,清之
周文瀾,淦生,濟丞
周文煒,赤之
周文煥,周原姓唐,憲章,闇然
周文熙,質粹
周文熯,三十九,宗陽
周文燁,元隴,穆仲
周文燾,南垣,叔涵
周文璞,山楹,方泉,晉仙,野齋
周文禾,叔米,實君,江左老米
周文興,江郎,用賓
周文英,公望
周文蔚,奎章,念萱
周文藻,梁臣,潔臣
周文質,仲彬
周文通,亨道
周文遂,道從
周文鼇,冠山
周文龍,應乾
周斌,鼎臣
周斯瑋,西佩
周斯盛,子才
周新,冷面寒鐵公,周志新,志新,忠直,日新
周方,方淑,第百九,義翁
周方叔,矩道
周方蘇,君謨
周於智,愚溪,明遠
周於禮,亦園,敦彜堂,立厓,立崖,綏遠,聽雨樓
周於豐,奎勳
周旋,中禮
周日德,仲宣
周日新,起彪,輝谷
周日蕙,佩兮
周日藻,旭之,澹寧
周日躋,仲聖
周旭鑑,丘旭鑑
周旻,夢臣
周昂,士顒
周昂霄,羽之
周昆,華隱
周昇,文擧,竹堂
周昊,德元,草庭
周昌,培公,遹聲
周昌大,味詩
周昌奇,雲峯
周昌祺,春溪,藹莊,詡之
周明仲,居晦
周明作,元興
周明倫,敦五
周明弼,夢良
周明復,性之,晞顏,祁孫,第仲二
周明新,菊人
周易,尚占
周易同,宗羲
周星詒,古玉佛堪,壽潛室,季貺,巳翁,懷陸堂,書抄閣,書鈔閣,癸巳人,癸巳翁,窳櫎,窳翁,詒安山人
周星譽,叔畇,叔雲,周譽芬,容之,尗雲,畇叔,鷗公
周春,內樂村農,夢陶齋,寶陶齋,春兮,曇花館,松聲山房,松靄,禮陶齋,芚兮,著書齋,黍谷居士
周春煦,碧亭
周春祺,篠山
周春陽,雯樓
周春雷,豫候
周昭堂,鶴琴
周昭甲,紫山
周昭素,雪君
周是修,周德,紀善先生
周昱,笠蕓,見新
周昶,啟明
周昺,明卿
周昺潢,星舫
周時中,從道
周時從,周從時
周時臣,丹泉
周時舉,磻溪
周晉,周佛子,嘯齋,明叔
周晉堃,紀方,鐵珊
周晉鑣,金嚴,金箴,金鉞
周晉麒,周晉祺,玉臣
周晞顏,景顏
周晟,德明
周晧,周皓
周普潤,叔蕓,榮之,芝薌
周景,德章
周景巖,曉峯
周景曾,佩之,式如,瀜生
周景柱,西擎
周景濂,仍叔
周景濓,蓮舫
周景濤,味諫,松孫
周景略,宗夷
周景益,宿航,星頡
周景章,程叔
周暕,方山
周暹,海城
周曜東,煦生
周曜隆,葵堂
周曰庠,文所,時化
周曰炳,笠帆
周曰蕙,佩兮
周曰贊,上襄,醇齋
周曰赤,子蘊,梅山
周曾,希沂
周曾毓,採三,格純,茝珊
周曾錦,晉琦,晉耆,臥廬
周曾鏞,菊人
周月尊,漪香
周有光,顯伯
周有堂,升廕
周有壬,佩安
周有德,彜初,彞初
周有文,中州七才子
周有濬,學濂
周有章,西山
周有簠,周有簋,欽汝,輔亭,黼廷
周有聲,希甫,東岡,松岡,雲樵
周望,道見
周望齡,祝三
周朝佐,獻可
周朝俛,勤可
周朝槐,扆臣,理儀
周朝瑞,忠毅,思永
周期雍,修水三周,汝和,泉坡
周木,近仁
周朱耒,潛叔,象益
周杲,蟫史
周松棟,森如
周枟,泰因,淡漪,澹衣
周柄中,燭齋,理衷
周某,文通
周校英,偉亭
周栻,藕堂,靜溪
周桂清,穉嫻
周桂芳,仲芳
周桐春,琴宜,藤溪女史
周桓,君錫
周棐,煥文,致堯
周棟,公宸,公農,雲浦
周棠,召伯,少伯,蘭西
周棨,晴坡,義山
周棫,皇士
周棲梧,朝陽
周楙,復本
周楨,子幹
周楫,濟之
周楷,北堂
周榘,仲方,周矩
周榛,慕西,蒼岩,遇安主人
周榮,勉仁
周榮新,煥然
周榮祖,世榮
周榮程,仰山,東痴,海農
周榮起,仲榮,硯農
周樂,觀六
周標,以升
周樞,仲應
周模,伯範
周樸,荆樸
周樹人,豫才
周樹奎,新庵,桂笙,辛盦
周樹棠,笏臣,荔農
周樹槐,星叔
周樹模,孝甄,孝甌,少樸,沈觀,沈觀老人,沈觀齋,泊園,泊園老人,瀋觀,逢源
周樹芳,子留,若洲
周樹謨,少璞
周樽,壽南,眉亭
周權,彥中
周欽,守敬
周欽元,敬甫
周欽若,彥恭
周止,定甫
周正,道中
周正子,周文,德新,文祖,第一
周正寬,平一
周正峯,周正思,謙亭
周正方,可大
周步驤,信章,麟峰
周武,憲之
周武仲,憲之
周殿元,瑞臣
周殿祿,一堂
周毅,仁仲,伯豫,第七,謙益
周毓棠,思召,芾南
周毓真,周毓正
周毓芳,梅知
周氏,法矩
周氏(仁宗妃),昭淑
周氏(來清之妻),貞姬
周氏(周晧女),姬氏,惠因
周氏(王宗仁妻),周安貞
周氏(阮廷諭妻),周恭貞
周氏(陳忠妻),陳氏七烈
周永年,安期
周永春,孟泰,毓陽
周永清,肅之
周永緒,波庵
周永言,懷孝
周汝員,文規
周汝器,子才
周汝士,南夫,宗山,第六十五,阿崇
周汝德,時敬,時昭
周汝楫,曉帆
周汝珍,東杠,渭洙
周汝珩,石卿
周汝登,海門,繼元
周汝礪,若金
周汝翼,嘯皋
周汝能,堯夫
周汝驤,俊才
周汶妹,綺霞
周沂,沂叟,沂齋
周沆,子直,子真,子貞
周沐潤,問之,文之,樗寮
周沔,朝宗
周泓,南溶
周法,直卿
周泰,存敬
周泰階,運塘
周洎,子及
周洙,綵衣翁
周洛,錦亭
周津,文濟,月航
周洪,大猷
周洪範,伯陳
周洪謨,宗稷,慶虞,箐齋
周浩,養正
周淑媛,又洲
周淑禧,江上女子
周淙,周倧
周淳中,仲古
周淵,本深
周淼,濰夫,第十,蕭翁
周清,本澄
周清元,玉泉
周清原,稚楫
周清叟,周廉夫,廉夫,清叟
周清子,元實,光戴,履道,第正一
周清源,周清原,浣初,蓉湖,雅楫
周清老,得一,德一,用夫,第八
周測,叔智
周渭,兆師
周渼,少湘
周湘,印侯,隱庵
周湘溡,雨林
周湘蘭,紉秋
周湛,文淵
周湞,伯寧,伯甯,江西十才子
周源,仁本
周源冲,遂庵
周準,春臺
周溥,公輔,東圃老人
周溯賢,稼初堂,葭浦
周溱,心樵,良翰
周滂,彥沾,彥霑
周滋,伯霖
周滿,受庵,受菴,拘虛子,謙之
周演巽,繹言
周漢,鐵真
周潔,玉如
周潤,漱芸
周潤祖,彥德,紫巖
周澂,伯淵
周澈,周徹
周澍,雨亭
周澤,天雨
周澧蘭,素芳
周濂,仁甫,晴川
周濓,晴川
周濟,大亨
周濠,文淵
周濤,味菘,忠舫,聽松,藉山
周濬,希源
周濬蕃,珊生
周濵,青厓
周瀹蕃,仲茗,琥生,甫僧
周灃,芑東
周灃基,濟川
周灝,子純
周炎,寶卿
周炎發,南起,周震發,榮卿,第元四,震發
周炘,葵山
周炯,堯宇
周炳,光佐
周炳元,伯虎,鬱齋
周炳先,星橋
周炳勳,曉丹,曉舟
周炳垣,午峯
周炳如,文耀
周炳文,文季
周炳熹,圭書
周炳緒,敬齋
周炳蔚,升華,虎如
周炳謨,仲覲,文簡
周炳鑑,立菴
周炳鑒,安卿,立庵
周炳魁,普軒
周炳麟,竹卿
周為漢,倬雲,嶓東
周為翰,蓉岑
周烜墉,樹垣
周焯,七峰,月東
周焱,九齡,壽孫,第三十二,衡齋,養晦
周煇,昭禮
周煇川,星冊,星航
周煊,霽亭,麗川
周煌,文恭,景垣,海山,海珊,緒楚,緖楚
周煒,赤昂
周煜,亦泉,曜升
周煥奎,星垣,星田
周煥寓,東霞
周煥璵,潤山
周煦,啓和,啟和,弓岡
周熊,世祥
周燦,星公
周燦庭,西莊,酉莊
周燮宸,調菴,頌菴
周燾,桐圃,迪荀
周爰訪,求卓,裕哉
周爰諏,幟山,政伯
周爵,天爵
周爻,易夫
周爾墉,容齋
周爾發,子祥,長菴
周牧,善叔
周獻臣,窽六,窾六,青來
周玄,微之
周玄暐,叔茂,誠吾
周玄珞,玄珞
周玄眞,玄初
周玉,朝振
周玉昭,夢蘭
周玉琳,溶川,溶洲
周玉琴,桐君
周玉瓚,平園,憩亭,熙賡
周玉章,叔大
周玉衡,澧香
周玉麒,仁甫,崑麟,翰臣,韓城,韓臣
周王春,錦臣
周王遵,方榖,鹿峰
周珊,墨仙
周珊珊,小姍
周珍,寶之,義軒翁
周珠生,小白
周珣,國瑤,文釐
周珩,德昭,足翁
周珫,潤夫,石厓,石崖
周班,五豐
周班爵,錫卿
周球,季珍
周理,建木,鑒穆
周琢,方玉
周琦,景韓
周琬,魏周琬
周琮,仲方
周琰,周彥
周琳,菊仙
周琴,雲和
周琿,季玉
周瑀,仲祥
周瑄,良璧
周瑆,星章,蛟川
周瑊,周堿
周瑋,席之,藍瑜
周瑗,月潭,琪玉
周瑚,公器
周瑛,周英
周瑜,公瑾,周郎,周公瑾,廷璧
周瑞,曼青
周瑞清,仲諧,鑑湖,鑒湖
周瑞玉,修田
周瑞豹,元淑
周瑞錫,輔五,輯五
周瑤,伯玉,霽堂
周瑩,吹玉
周瑯,光戴,光載
周瑾,孟瑾,守一道人
周璁,潤夫
周璐,夑堂,燮堂,賡堂
周璜,磻溪,黻卿
周璞,元治
周璟,吾堂,鐵梅
周璣,玉圃
周璧,仲完
周璵,仲信
周璹,式廉
周璽,天章,忠愍,忠殼心,荊山
周璿,子衡
周瓊,芝田
周瓚,朝獻
周生錦,繡丞,蜀江
周用,舜中
周用亨,通文,通父
周用己,思本
周甫,次山
周申,霽野
周發春,卉含,青原
周發藻,定軒
周白山,四雪,皛廬,雙庚
周百揆,時敘
周皓,周晧
周皚,用昭
周盈,謙之
周益,子濂,樹萱,次峰
周盛,永昌,誠齋
周盛傳,北海老農,新如,武壯,薪如
周盛典,有常,雅堂
周盛波,剛敏,海舲
周監,文郁
周盤,儆予
周直亮,全翁
周直己,思敬
周直方,敬伯
周相,君弼
周相焯,九梧,榮甫
周相爰,芝石
周眉,奕綏
周真,子繼
周矢,景皇
周知佺,煜剛,蝶園
周知微,明老
周砥,履道,掬溜生,東皋
周碩勛,元復,容齋
周磏,又溪
周祐,峴亭
周祖培,叔滋,文勤,芝臺
周祖植,芝生,藝舫
周祖榮,仁先,心齋
周祖蔭,芝昉,芝舫
周祖誥,雲吉
周祖銜,仙嶠
周祖頤,敦夫,榖田
周祚,十六,天保,定齋
周祜,耐菴
周祥熙,緝齋
周祥駿,仲穆,風山
周祿,以道
周禎,天兆
周福,慶鍾
周福堂,景齋
周福增,仰邃
周福孫,伯順
周福清,介夫,梅仙,震生
周福高,子祥
周禧,以吉
周禮,時敘
周禮嘉,體亨
周禮讓,我華
周秀,二十八,實卿
周秀山,雲亭
周秃滿歹兒,季文
周秉正,養恬
周秉禮,琴珊
周秉衡,平甫
周秉讓,六謙,敬斯,藹人
周秉道,俊文,鈞甫
周秉采,錦堂
周秉鈞,峴西,平伯
周秉魁,普卿
周秩,重實
周稚廉,冰持,可笑人
周穆慶,穆慶
周積,二峰,以善,古愚
周積智,敏夫
周穎,伯堅,正介
周穎士,洪仲
周穎芳,蕙風
周穏-禾,抱樸子
周穜,仁熟
周立瀛,仙舫,軼凡
周立瑛,光圃,席珍
周端,孟端
周端朝,子靖,子靜,忠文,西麓
周端臣,彥良,葵窗
周筠友,竹如
周筠坡,奇園主人
周範蓮,效白
周篆,籀書,草亭
周篔,公貞,青士
周粹,淑君
周系英,孟才,海粟居士,石季,石芳
周系蔚,文芑,簡堂
周紀,廷理
周純,亦乾,亦幹
周純明,全伯
周紘,仲瞻
周級,步階
周紫芝,少隱,竹坡居士
周紱麟,弼臣,閣簪
周紳,子書
周紹劉,周學基
周紹唐,柳堂
周紹宗,述堂,迷堂,連堂
周紹昌,佩淸,林叔
周紹濂,舫西,訪溪
周紹祖,光遠
周紹祥,景諒
周紹達,惺庵,璋士
周紹黻,佩珊
周紹龍,允乾,瑞峰
周絅,文圃
周絜,季華,梔雪
周統,伯承
周絳,周智進,智進
周經,伯常,文端,松露
周經邦,國欽
周綡,仲饌
周維則,令宜
周維垣,佐廷
周維屏,自求
周維德,湘湄
周維持,爾調
周維新,郁齋
周維申,仲璞
周維秬,巨公
周維翰,柳溪
周維藩,南屏
周綰,彥約,彥紉,蓮峰先生
周綸,元甫
周綺,綺生
周縉,朝章,松雲
周繇,允元,為憲,詩禪
周繇祖,念亭
周繡娟,畹仙
周繼,善卿
周繼先,可亭
周繼周,仁之,菊所
周繼夏,以亨,十二
周繼昱,昔金,若金
周繼炘,耿堂
周繼煦,春甫
周繼芳,鷺峯
周美,二十七,子充
周義,宜之
周義洙,松岩,迪文
周習,周璨,子玉,少說,第九一
周翔,二十四,鵬舉
周翥華,白於
周翰,雲莊
周翼,子羽,戇齋
周翼杶,德媗
周翼枃,敬媘
周翼構,敬婚
周翼標,庆余
周翼種,德媳
周耜,植叟
周耿光,實夫
周聖瑞,吉國,吉園
周聘,克齋,延聘
周聚星,一百九,文卿
周聞孫,以立
周肅文,潛溪
周肇,元禮
周能,寧國公,廷擧,榮淸
周臣,藎臣
周自強,剛善
周自得,性善
周自立,本中
周自齊,子廙
周致柔,德芳
周與可,從之,景夏
周與昂,天常
周興吾,履凡
周興岱,冠三,東屏,長五
周興嶧,桐峯
周興洛,呈書
周舉,宣光
周舜岳,三十七,盤峰,良卿
周良,元忠,貴卿
周良劭,友高,抑庵
周良寅,以衷,象林
周良寏,以介
周良會,梅山,際之
周良玉,意高,葆真
周良臣,相聖,雲臯
周良賔,以尚
周芑,秀實
周芝沅,逸坡
周芬,清馥
周芳圃,石蓮
周芳樸,問村,雨樓
周芳源,武漁
周芸,仰南,用馨
周芹,菁材
周若棠,化南,憩伯,淸芬
周若訥,叔辯
周若鴻,痴翁,迂塢,雲門
周英,用傑
周英玉,安如
周英糾,拙林道人
周茂,時雍
周茂先,去華
周茂建,展野
周茂槐,廣文
周茂樞,賢美
周茂源,宿來,釜山
周茂蘭,子佩,端孝先生,芸齋,蕓齋
周茹荼,丹井,彞山,自飴
周莊祖,彥敬
周莘,尹潛
周華林,筱山,芳園
周萬年,世德
周萬清,春園,沛霖
周萬達,蒙泉
周萲訪,求卓,裕齋
周葆元,碧仙館主人,閬峰
周葆濂,且巢,還之
周葆貽,企言
周著,右華,誠子
周葵,惟心居士,惠簡,立義,簡惠,荊溪
周蒲璧,四峯
周蓉,芳村
周蓉第,春暉,鏡芙
周蓮,叔明,子愛
周蓮甫,慧芳
周蓼䘏,貞棲
周蔭槐,樹三
周蕃,屏山
周蕉,綠天
周蕙,小泉先生,廷芳
周蕙田,蓉裳
周蕙霖,芬圃
周薰,世南,勉齊,勉齋
周藹聯,肖濂
周藻,滿才
周蘊良,味蒓
周蘭,伯蓀,周玉麒,蘭友,誦芬
周蘭仙,婉嫻
周蘭君,雲將
周蘭秀,淑英
周蘭芬,畹芳
周虁,三十四,公遜
周虎,叔子,忠惠
周虎臣,子寅
周號,德元,草庭
周虹友,薇仙
周蛣媛,室楨
周行己,恭叔,浮沚
周行鑛,樸圍
周衍忠,幼鴻,蓉浦
周衝,道通,靜菴先生
周衠,季真,次夫
周衡,士平
周衡在,系輿
周表權,周表臣,思道
周衮,彦弼
周裔先,朝采
周裔登,朝亮
周裕,益之,第四
周裕仁,浦洲
周裕度,公遠
周西,毓美
周西成,繼斌
周西淳,季玉,退菴
周見恆,月初
周覺,君鶴,柏年,訒庵
周觀,民表
周觀濤,海漁,達甫
周角,子歙
周訓,若甫,醒愚
周訓成,周訓臣,方更
周詒坊,敦安,秋士
周詒棫,左璋,芋生
周詒端,筠心
周詒蘩,茹馨
周詔,若師
周詠,思養,樂軒
周詢,子問,退菴
周試,岩石
周詩,言志
周詵,簡仲
周誠,子諒
周誠德,守仁
周説,夢得
周誼,少賈
周諝,希聖
周諤,浩翁,鯁臣
周諴,黍谷
周謂,兆師,周渭
周謐,靖之
周謙,蓮齋
周謨,守謨
周譓枝,燕謀,近帆
周讓,克遜
周豐,芭東,苞東
周象明,懸著
周象臣,輔廷
周貞,文典
周貞元,會堂
周貫,木雁子
周貴,荣吾
周貴璸,中元
周貽徽,藹餘,雪樵
周貽祖,筠樵,雲樵
周貽纓,冠臣,宜園
周貽謀,孫嘉,蓀庵
周賀,南卿,淸塞
周賁,接瀾
周賓,利用
周賡,燮堂,理之
周賢,用希
周賢宣,仲含
周贊襄,潤之
周起,安惠,萬卿
周起元,仲先,忠惠,忠愍,綿貞先生
周起岐,文山
周起渭,于璜,桐野,漁塘,漁璜,載公
周起濱,蓉帆
周起璸,玉臺
周起莘,之道,次修,西山
周起華,沚亭
周越,子發,淸臣
周越然,走火
周軫,公載,恥庵
周輅,乗之
周載,子坤
周輔,藎臣
周輝先,蓮湖
周輿,廷參
周轍,恆守
周農,七橋,西疇
周近梁,薖菴
周迓祚,有懷
周述,崇述
周述學,繼志,雲淵子
周進,周金
周進隆,紹立
周逷,立中
周遂良,又褚,月軒
周遇吉,忠武,萃庵
周遐桃,祝齡
周遐福,晉祺
周道,大經,竹溪
周道光,子孚,雲川
周道新,鼎鉉
周道河,鶴汀
周道治,季文,朗垣
周道源,墅堂
周道登,文岸
周達,翔鳳
周達武,夢熊,渭臣
周達節,季明
周達觀,草庭逸民,達可
周遜,五津居士,昌言
周遵道,正夫
周遷岐,文山
周選青,子萬
周還淳,文子
周邠,開祖
周邦,德友
周邦傑,念庭,英甫
周邦式,南伯
周邦弼,直卿
周邦彥,淸真居士,美成
周邦柱,尺榮
周邰烈,田子
周邵,嘉成,第五十,譽卿,頌哥
周邵蓮,湘浦
周郁,文盛
周郇,叔篔,郇雨
周釆,子亮,溈江,溈陽
周重,如鼎
周金,子庚,約菴,襄敏
周金渾,質璞
周金然,廣庵,礪岩
周金簡,大猷,蒸岩
周金紳,大階,握蘭
周金英,韻娥
周釧,寶珠
周鈇,汝威,鈍軒
周鈞,伯平,恆圃,衡甫
周鉞,廷儀
周銓,簡臣
周銖,初平
周銘,仲彛,梅月
周銘恩,篠村
周銘旂,懋臣,海鶴
周錦城,蜀生
周錦心,少伯,慕蘧
周錫恩,伯晉,伯榗,是園,蔭常
周錫溥,半帆
周錫璜,介眉
周錫瓚,仲漣,水月亭,漪塘,研六齋,香岩,香巖,香巖居士
周錫疆,小山
周錫祿,靜甫
周錫章,成之
周錫齡,仲壽,定軒
周鍇,銕臣
周鍔,廉若
周鍵,啟夫
周鍾,介生
周鍾嶽,星甫
周鍾泰,山甫
周鎣,西鑫
周鎬,元化
周鎮,伯華,小農,漢冲
周鎮邦,渭卿
周鏕,鹿安
周鏜,德揚
周鏞,錢鏞
周鐵,周鈇
周鐸,醒田
周鑑,仲倫
周鑣,仲馭
周鑰,希準
周鑲,汝屏
周鑾,小山
周鑾詒,薈生
周長孺,士彥
周長泰,寶階,綺村
周長發,朗庵,石帆,蘭坡
周開捷,凱三
周開甲,鎬菴
周開訓,茂棕
周開迪,聖傳
周開銘,桂午
周開錫,受三,受山,壽珊
周開麒,石生,稚功,穉功
周閒,存伯,小園,范湖居士
周陳俶,平園,義扶
周隆孫,靜淸
周際劍,西山
周際同,季可
周際清,斯盛
周際華,周際岐,嘉蔭堂,石藩
周際隆,樂濟,樂齋
周際飛,春田
周雄,仲偉
周雋,昌亭
周雨樹,雨甘
周雪樵,維翰
周雲,世臣,折鹿
周雲杓,斗齋
周雲祥,世煌,世程
周雲翥,蓮舫
周雲耀,光庭
周雲英,逸仙
周雲鳳,農村
周雲鶴,憨伯,緱山,闐仙
周需,仲達
周霆震,亨遠,淸節,石初
周震,居安
周震庭,海珊
周震榮,筤谷,青在
周震炎,名光
周霈生,士霖
周霖,用良
周霞,冲應真人,史卿
周霞庭,海珊
周霽,愚谷,朗宇
周靈運,元仲
周青,東海孝婦
周靖,敉寧,訒齋
周靜,安卿
周靜儀,雲麓
周靜川,新泉
周韓瑞,輿仲,迢庵
周韞玉,修輝
周韻仙,素娟
周韻珠,芷緗
周順,子英
周順昌,忠介,忠公,景文,蓼州,蓼洲
周頊,子愉
周頌,宗盛
周頌聲,理謙
周頡,元吉
周頤,養浩
周頤真,山雷子,養元
周顎,子儼,廌庭
周顗,周顓
周顚,周字
周顯,伯庸
周顯宗,子孝
周餘慶,蘭溪
周馥,雁沙
周馨桂,小山
周馨苑,南園,南頤
周馨蘭,香九
周馳,景遠
周騏,子翼,念農,梓嶧
周騤,世良
周騰虎,弢夫,韜甫
周驤,從進
周體觀,伯衡
周鬱文,彬如
周魯,純夫,醇夫
周魯章,文瞻,明農
周鯤,少魚
周鳳,鳴岐
周鳳來,啟輝
周鳳岐,文徵
周鳳林,岐山
周鳳池,春波,竹巢
周鳳翔,儀伯,巢軒,文忠,文節
周鳳翥,儀廷,孟騫
周鳳藻,密庵,小峰
周鳳鳴,山齋,於岐
周鳴,岐鳳
周鳴塤,思友
周鳴鑾,曉坡,輿和
周鳴鸞,士和
周鳴鹿,燕卿,蘋野
周鴻,春山
周鴻勳,省齊,省齋
周鴻圖,子固
周鴻基,後菴,西邨
周鵬,雲翔
周鵾,翼庭
周鶚,子儼
周鶴,幼仙,竹生,筑生
周鶴立,仲和,子野,石菭
周麟之,茂振
周麟書,嘉林,迦陵
周鼎,子重
周鼎來,方叔
周鼎樞,凝甫,榆新
周鼎泰,子鉉
周鼎臣,鎮伯
周鼎金,笑梅
周鼎銘,子新
周鼐,宗用
周齊曾,唯一,囊云大師,囊雲,思沂
周齡,萼庭
周龍,東陽
周龍官,翼皇
周龍甲,霖公
周龍章,勿堂
周𢋡,克禮
周𤩰,季溫,魯齋
味豐,少坪
呼延桭,呼延振,立夫,靜齋
呼延章,文絢
呼延鵬揚,素菴
呼為卿,相之
呼爾哈保善,寶善,寶山
呼爾拉特多隆阿,忠勇,禮堂
呼祖,呼采,文如
呼舉,文淑,素蟾
呼良朋,如蘭
呼鳴盛,筱珊,鶴皋
和㠓,顯仁
和世㻋,明宗,翼獻景孝皇帝
和元昇,仲德
和元烈,元烈
和凝,成績,曲子相公
和剛中,健菴
和勇,和脫脫孛羅,和脫脫孛羅吉,武敏,脫脫孛羅,脫順,靖安伯
和勒依忒衮楚克圖英,衮出克固英,衮楚克古英,衮楚克固英,赫哷伊特衮楚克固英,赫哷依特衮楚克固英
和守陽,守陽
和尚,莊肅
和峴,晦仁
和幹,貞堅
和斌,勝之
和智全,明遠
和暲,文輝
和歲,靖振
和洽,伯川
和淳,蘭莊
和潤,月溪
和濟格爾,何濟吉爾
和爾賡額,允修
和瑛,太葊,潤平,鐵園
和福,蔭齋
和禮霍孫,文忠
和維,振綱
和者吉,忠武
和裕,仲寬
和詵,子美
和謙布,蔚堂
和豐,裕庵
和遜,謙之
和錢,仁傑
和陀,和托
和震,起甫
和鵬,大舉
咎雲鶴,鳴宇
咬住,懿靖
咬咬,正德
咬閭,正己
咸傅霖,定平,潤物,蘭溪
咸應秀,士美
咸懷良,廷遂
咸桂芬,芳卿
咸淳,子眞
咸禹治,平襄,文命,松潭
哀彬,丕承
哀長吉,叔巽,壽之,委順翁
哈元生,天章
哈元祥,吉菴
哈剌䚟,武惠
哈剌哈孫,忠獻
哈剌帖木,時中
哈勒斌杜嘎爾,武靖
哈只,安惠
哈喇庫,哈爾庫
哈國興,壯武
哈徵,鎮泉,鏡泉
哈愷,喀凱,喀愷
哈成龍,雲陞
哈散,敬之
哈朗阿,剛恪
哈爾圖特奇塔特徹爾貝,奇塔特徹貝爾,祈他特車爾貝
哈珊沙,子山
哈第爾,哈迪爾
哈答孫,昭宣
哈賢招,聘之
哈輝武,殿臣
哈達納喇玉麟,厚齋,子振,振之,文恭,研農
哈里失,思賢
哈銘,楊銘
哈靖阿,士衢,度汪
哈麻,士廉
員半千,員四,員餘慶,榮期
員南圭,德溫
員啟瑞,正南,正甫
員安輿,文質先生,文饒
員家駒,千之
員桂選,丹亭
員炎,善卿
員玉山,朗如
員真,光祖,勝之
員興宗,九華,九華先生,顯道
員興寅,夢協
員鳳林,悔生,梧岡
哩那勒福,哩那勒善
哲庫納,哲庫訥,哲庫諾
哲柏馬祜,哲伯瑪祜,哲伯馬祜,淸恪,瑪祜
哲理野台,子正
哲馬魯丁,師魯
唆海,武烈
唆都,襄愍
唐一岑,惟高
唐一林,一林,南園主人
唐一鵬,九萬
唐一麐,仁甫
唐上弼,亭良
唐不占,思義
唐世典,崇堯
唐世堯,見甫,覲柏
唐世德,配京
唐世濟,存憶,美承
唐世翼,唐紱章
唐世良,得章,用章
唐世隆,德亨
唐中,伯和
唐中立,先本,博齋
唐中醒,亞先
唐之屏,曾城
唐之岳,奠方,靜庵
唐之淳,愚士
唐之鳳,武曾
唐九德,伯懋
唐亮,景明
唐人鑑,德明
唐仁,行之
唐仁墐,凝厚,柘田
唐仁壽,端甫,鏡香
唐仁祖,文貞,樂山
唐仁軌,師範
唐介,子方,質肅
唐仕,信之
唐以煒,懋中,梅岡樵者
唐仲冕,六如居士,六枳,六柷,松連楙軒,桃花仙館,紅梨花館,陶山
唐仲友,與政,與正,說齋
唐仲寅,啟東
唐仲寔,桂芳,白雲先生
唐仲穎,蘊之
唐伯元,仁卿,曙臺
唐伯虎,唐瞻,望之,長孺
唐佑,壽謙
唐佑之,吉父
唐作梅,北枝
唐作求,叔孝
唐侃,廷直,默庵
唐侍陛,悔庵,芝田,贊宸
唐侯舉,師善
唐俸,勤壯
唐傚純,叔子,完初,靜止
唐僅,善郎,善郡,時可,特可,第三四,餘慶
唐儉,茂約,襄公
唐儒,景仁
唐允恭,慎甫,醴泉
唐允球,右琳,石亭
唐元,本初,葦杭子,葦航子
唐元善,慧園
唐元嘉,顯德
唐元壽,彥常,種山樵者
唐元愷,升之,熙臣,秀升
唐元楫,岩長
唐元祥,德賢
唐元章,唐太初,子煥
唐元觀,靜因
唐元鰲,悔庵,鱗長
唐兆松,蔭堂
唐兆淇,右泉
唐光昱,子垣
唐光祖,仲暹,委順夫
唐光耀,棣華
唐光茂,奇山,文燦
唐光裕,問餘,採芝
唐公靖,中臺,君平,唐一相
唐其玉,菊圃
唐典,子猷
唐冑,平侯,西洲
唐則,世範
唐則璲,佩長,季安
唐勛,乾齋
唐勝宗,延安侯
唐勳,汝立
唐勳佐,梅溪
唐升,伯眘
唐友忠,心舫
唐友耕,澤坡
唐叔理,景淵
唐叔達,進之
唐受祺,恂叟,若欽,蘭客
唐叟,元老
唐古忒豐伸布,壯勇
唐可封,隆臣
唐右楨,召皆,詠南
唐吉先,幾叔
唐吉祥,十四,彥禎
唐咸仰,光甫
唐啟蔭,子蕃,念甫
唐四表,峻甫
唐國安,介臣
唐國珍,子儒
唐國相,舜舉,鶴坡
唐國賓,映璜,穆門
唐圭,文石
唐圻鎮,申伯
唐均,次平
唐均弼,明輔
唐坰,林夫
唐執玉,益公,益功,薊門,蘇門
唐培洙,心齋
唐堯卿,咨仲
唐堯封,嘉猷
唐堯欽,寅可,韋軒
唐堯章,煥文
唐堯臣,士良
唐壎,益庵,蘇庵老人
唐士恥,子脩
唐壬森,叔未,根石
唐壽萼,子珊,憲伯
唐夔,宗韶,希昭
唐夢庚,子長,字沂,第二
唐夢賚,借鴿樓,借鵲樓,嵐亭,志壑堂,林皋閣,濟武,畫餘亭,莊山書屋,豹嵒,豹巖
唐夢鯤,化卿,唐夢琨,節愍
唐大來,道亨,道亭
唐大卿,子弘
唐大烈,林登,立三,笠山
唐大琬,玉軒
唐大章,伯和
唐天恩,堯仁
唐天棟,宏任
唐天麟,景仁,直生,第九,繩孫
唐奎,文昌
唐如介,介之,介翁
唐如晦,幼光
唐姚兆,毓山
唐子儀,文鳳
唐子壽,致遠
唐子彰,唐文魁
唐子正,幾卿
唐子清,節義,義節
唐子遴,東園,楚材
唐子鏘,依在
唐孚,原闕
唐季乙,唐述,述之
唐季度,伯憲
唐孫華,實君
唐學韓,翼亭
唐宇昭,孔明,雲客
唐宇肩,若營
唐宇量,聞川,茂弘
唐宇霦,嶙起
唐守勳,允懋
唐守欽,宗堯
唐宗堯,聖裔
唐宗愈,思園,慕潮
唐宗海,容川,蓉庵
唐宗鎔,范茲
唐定奎,果介
唐宛珠,慧儀
唐家鬯,玉林,鞠溪
唐容,雲壑老人
唐寅,伯虎,六如,六如居士,子畏
唐寬,栗夫
唐寶,唐珤
唐尚光,文明,星航
唐尹,聘三
唐山,樂壺
唐岱,毓東,靜岩
唐嵩,處謙
唐希介,景賢
唐庚,畫舟
唐庚午,南伯,惟淸,第八
唐庭賡,唐廷賡,舜謨
唐廣仁,充之
唐廣堯,寓庵,載歌
唐廣真,寂靜真人
唐廷元,子攀
唐廷樞,景星,鏡心
唐廷瑞,君祥,君詳,容齋,空齋
唐廷詔,月軒,煜齋,鳳書
唐廷銓,蘊川
唐廷韶,月軒
唐建中,南軒,赤子
唐張五,張五
唐弼,希說
唐彝銘,松軒
唐彤,丹卿
唐彥槐,竹筠,茂林
唐彥謙,茂業,鹿門先生
唐彥通,彥通
唐彥隨,守貞
唐彩,芝卿
唐彬,質夫
唐影崶,元穎,升魚,禹卿
唐徐卿,敏仲,見梅居士
唐復,復亨,永亨
唐德遠,深源
唐徹,子卓
唐必達,民功
唐志大,子廸,子迪,左溪
唐志契,敷五,玄生,符生
唐志昂,安嘉
唐志燮,佐臣
唐思,再可,鵠巢
唐思禮,子敬
唐思言,子文
唐恕,處厚
唐恪,欽叟
唐恭安,子敦,菊隱老人
唐悌,民望
唐惇培,補卿
唐惠淑,冰心,蕙淑
唐意,居正
唐愚士,之淳
唐愛,良德
唐愷,虞卿
唐愼徽,六億子,東白子,輯五
唐慎微,審元
唐慧儀,唐宛珠,婉珠
唐慶雲,古霞
唐應元,子春
唐應焻,新周,棠溪
唐懷德,存齋,思誠
唐懽,季和
唐我圻,恭石
唐扆衡,南屏
唐才常,伯平,佛塵,洴澼子,紱丞,鞠塍,黻丞
唐才質,法塵
唐扶,雲翔
唐承燾,南軒,賓王
唐括多保真(完顏烏古乃妻),昭肅皇后
唐敏,夢蘭
唐敏求,好古
唐斆,與學
唐文嚴,克寬
唐文楷,予彰
唐文治,穎侯,茹經,蔚芝
唐文灼,俊心,見三
唐文燦,若素,鑑江
唐文獻,元徵,抑所,文恪,柳所,道徵
唐文若,仲懿,立夫,遯菴
唐文虎,子炳
唐文遠,德川
唐文鳳,子儀,梧岡
唐斯盛,應中,騏石
唐方煦,有菴,育菴,育葊
唐方顯,知從
唐於光,子晉,達士
唐既,潛亨,真淡翁
唐日昌,爾熾
唐昌世,名必,存少,興公
唐昭,文煥
唐昱,仲明
唐時,學孔
唐時亨,履豐
唐時升,叔達
唐時明,爾極,節愍
唐時楩,喬藪
唐時舉,汝賢
唐時英,一相居士,子才,濟軒
唐晅,唐喧
唐晉卿,景文
唐晏,元素,在廷,涉江
唐景佳,黃景佳
唐景崇,希姚,文簡,春卿,晚悟
唐景崧,五梅堂,居閒吟館,得一山房,維卿,薇卿
唐景崶,元穎
唐景星,墨池
唐景皋,鶴九
唐景禹,五十,治卿
唐暉,中楫,文季
唐曜,十五,小潭
唐書年,史雲,秋史
唐最,夢得
唐有爲,不爲
唐有章,元明
唐服膺,敬特,縉墀,養齋
唐望之,景行
唐朝,用大
唐朝鼎,鼎九
唐本堯,世承,世舉
唐李杜,詩甫
唐林,孟學
唐某,元禮,待聘,波羅,知遠,義仁,體道
唐桂芳,三峯,三峰,仲實,唐仲,白雲
唐棟,任齋,慰庭
唐棣,子華,遁齋
唐椿森,暉庭,益齡,輝庭
唐業謙,受堂
唐榛,玉亭
唐榮,仁夫
唐榮祖,景輝
唐樂宇,九峰,堯春
唐樞,一庵先生,一菴,子一,子鎮,惟中
唐樹森,榖九,澹吾,澹吾室,穀九,藝農,髯叟
唐樹澤,在軒
唐樹義,夢硯齋,威恪,子方,待歸草堂,方山
唐樹譽,子宣,汝嘉
唐次,文編
唐欽,元敬
唐欽堯,道虔,雲濤釣徒
唐款,嘉言
唐正麟,玉書
唐步雲,瑞卿,賡堯
唐殿華,棣之,楱之
唐殿魁,忠壯,藎臣
唐毓衡,楚蘭,湘舟
唐汝棟,子上
唐汝楫,二十八,小溪,小漁,思濟,汝輯
唐汝淳,濮菴
唐汝翼,純甫,鷺廷
唐汝迪,吉甫
唐河上,嘉會
唐治,魯泉
唐泓,接三
唐泰,時雍
唐泰嶽,賡方
唐泰康,接川
唐洪,巨源
唐洪培,子良
唐浚,仲淸
唐浩鎮,郛鄭
唐涇,淸父
唐淑問,士憲
唐淮,晴川,秦川,西園
唐湘,塔孫,得辛,正甫,第一
唐滋生,培之
唐潮,炳甫,秋濤
唐澞,源潔
唐澤,南岡,襄敏,霈之
唐濂,孫濂
唐濟,星舫
唐濟榯,成之,瓶居主人
唐瀛士,玉州,芝圃
唐炯,成山廬,成山老人,鄂生
唐炳升,朗亭
唐為坤,蕉圃,虎臣,鷦園
唐烈,仲駿
唐烜,仲旭,照青
唐焯,舉侯
唐煇,子明
唐煥,賓暘
唐煥文,厚齋
唐煦,載春
唐煦春,和卿,子馥
唐熙載,伯庸
唐燁,子光
唐燝,芝巖
唐爾熾,雨梅
唐獻恂,君知,潔庵
唐王平,懷松
唐珏,玉潛,菊山
唐珙,溫如
唐珣,廷貴
唐珤,國秀,有懷
唐珪,德玉
唐球,唐山人,唐求,未江山人
唐瑜,廷美
唐瑢,玉潤
唐瑩,子瑜,謝家山人
唐璘,伯玉
唐璟,用章
唐璿,休璟
唐甄,圃亭,大陶,鑄萬
唐由義,以方
唐畇,封珊
唐異,子正
唐畹芳,心如
唐盛,士隆
唐相,希愷
唐祁,蘿巖
唐祖命,心傳,薪禪
唐祖樾,蔭夫,述山
唐禎,元善,原善,西園
唐禹,心齋,思平
唐秀鍾,伯英
唐稟,唐廩
唐稷,堯弼,硯岡居士
唐穆,景文
唐穎,唐潁
唐立中,篠初
唐章,宗明
唐素華,仲婉
唐紫珠,梅鄰
唐紹儀,唐紹怡,少川,振超,紹怡,觀海樓
唐紹祖,改堂,次衣,賜衣
唐絹,世用
唐綏祖,孺懷,峨頓,莪村
唐維,叔方
唐維仁,錫繁
唐維城,兩峰,邦翰
唐維珍,堉山
唐績,公懋
唐繼祖,序皇,范山
唐繼祿,子崇,子廉
唐群英,希陶,恭懿
唐義問,君益,士宣,子宣
唐翊,浙師
唐翊清,珊泉,黼丞
唐翮,遂文
唐翰題,新豐鄉人,鷦安
唐肅,丹崖,丹崖居士,處敬
唐肇午,莢庭,薌樵
唐胄,平侯,西洲
唐臣,止敬
唐臨,本德
唐臨遠,芝圃
唐自化,伯咸,韋室
唐臯,守之,心菴
唐與三,永齡
唐興仁,元宇,德甫
唐舟,汝濟
唐良懿,我來
唐良瑞,石泉,進之
唐良驥,德之
唐英,蓉江
唐蕙淑,冰心
唐虞卿,述道
唐術,景行
唐衡,平子
唐裔,世卿
唐裕,履豐,廈豐
唐襄鉅,匡久,愚士,西航
唐言,方平
唐訓方,義渠,藝渠
唐詔,彥範
唐詠裳,健堂老人,襄伯
唐詢,彥猷
唐詮,味經,小潛
唐諫,子方
唐象益,應深
唐豫,六逸,用之
唐貴,用思
唐賡堯,東皓,載歌
唐贊袞,韡之
唐起鴻,蘭皋,逵吉
唐輅,德輿
唐轂,叔直
唐轅,伯度
唐通,達軒
唐逢午,南伯,惟淸
唐選皋,直夫
唐邦佐,三十七,惟良
唐邦彥,元英
唐重,元任,恭愍,聖任
唐金科,佩文,莘田
唐鉉,節玉
唐錡,唐騎
唐錦,士綗,龍江居士
唐錫晉,鳳圃,鳳祠
唐錫翰,寄亭
唐錫蕃,唐錢蕃
唐錫鐸,松士,淞士
唐錫齡,惠階
唐鍊,純之
唐鍾,廷用
唐鎔,子冶
唐鐸,振之,敬安
唐鑑,六柷,四砭齋,小岱山人,恪慎,敬楷,栗生,確慎,翁澤,翕澤,鏡海
唐鑒,敬楷,栗生,鏡海
唐開,必先
唐開韶,竹谷
唐閱,進道
唐閲,進道
唐阿深,阿深
唐階泰,瞿瞿
唐際盛,唐啟玉,蔭雲
唐雲,庶磨,春山
唐雲禎,予霖
唐震,孔亨
唐靜嫻,種玉田婦
唐鞠興,雲生
唐韞貞,佩蘅
唐音,仲節
唐韶,尚虞
唐順之,應德,應道,義修,荊川,荊川先生,襄文
唐頌,德雅
唐頤,子觀
唐風穆,鹿鳴
唐驊路,子涵,念青,開甫
唐鳳儀,六亭,應韶
唐鳳池,掌絲
唐鳴鍾,遴邨
唐鴻舉,鴻扶
唐鴻鑑,遇亭,遐亭
唐鶴徵,元卿,凝菴,玄卿
唐麟,二南
唐默,存中
唐黼廷,八繡
唐鼐,宗器
唐齊鍋,唐縞
唐龍,文襄,漁石,虞佐
商企翁,繼伯
商佾,元節
商傅卿,翰仲
商儀卿,儀仲
商可,長白
商周允,天錫,瑋緒
商喜,恆吉,惟吉
商嘉言,拜廷
商大節,孟堅,少峰,端愍
商庚,金堂
商廷試,十五,明洲,汝明
商徵說,雨臣
商惠,元迪,原逵
商挺,孟卿,左山,文定
商日新,剡溪
商晦,繼顯
商景徽,嗣音
商景春,熙叔
商景蘭,媚生,眉生
商炳卿,晦仲
商為正,尚德
商燮和,錦山,錦川
商琥,台符
商琦,德符
商瑭,禮符
商璡孫,温甫
商璹,台元,遜齋
商皓,芝山
商盤,寶意,蒼羽,蒼雨
商祚,天爵
商聕,芝山
商胤祥,咸一,商應祥,發吾
商良弼,賫子
商良臣,懋衡
商衍鎏,藻亭
商衟,正叔
商許,應仲
商誥,元寵
商輅,嚴陵先生,宏載,弘載,文毅,素庵,素菴
商載,仲言,吟巢
商逸卿,羲仲
商采,雲衣
商顯仁,晦侯
商飛卿,翬仲
啟原,太初,張氏
啟文,仲明,星東
啟昔禮,忠武
啟秀,穎之
喀爾喀,警菴
喀爾欽,亮功,亮工
善啓,曉菴,東白
善堅,古庭,善賢
善寶,慶之
善慶,樂亭,樂齋
善燾,溥泉
善眞,實相,蘿月山房
善聰,虞門
喚住,仁甫
喜塔喇碩岱,碩代
喜塔臘來保,學圃,學圖,文端
喜塔臘孟住,敬慎
喜塔臘崇綸,荷卿
喜塔臘庫禮,僖恪
喜塔臘慶昀,莊恪
喜塔臘慶裕,蘭圃
喜塔臘熙元,吉甫,太初,文貞
喜塔臘盛住,盛柱
喜塔臘裕德,壽田,少雲,文慎
喜塔臘裕祿,壽山
喜塔臘邁柱,喜塔拉邁柱,文恭
喜山,近仁
喜搭臘曾鉌,和淑,懷淸
喜祿,學庵,心耕,怡山
喜麟,曉峰
喩坦之,俞坦之
喩鳧,喩先輩
喪弘毅,季嚴
喬一琦,伯圭
喬世寧,三石,敬叔,景叔
喬世臣,丹葵,蓼圃
喬世英,竹坡
喬于瀛,元登
喬伊,良相
喬佑,德徵
喬佳德興阿,威恪
喬保印,佩之,錫廷
喬保安,翼廷,靜之
喬保衡,亦香
喬僅,喬漌,星渚
喬億,劍溪,慕韓
喬允升,吉甫,鶴臯
喬元三,六堂
喬兆林,松華,筠齋
喬光天,子充,沱川
喬光岳,會貞
喬光烈,敬亭,最樂堂,潤齋
喬冲杓,喬杓
喬出塵,疑庵,雲漸
喬匡舜,亞元
喬升德,玄聞
喬又李,素安
喬可聘,君徵,聖任
喬吉,夢符,惺惺道人,笙鶴翁
喬因羽,思儀
喬因阜,思棉
喬國楨,子楨,靖芬
喬在,長安客
喬執中,布聖,希聖
喬士容,德元
喬士適,次伯
喬壽愷,令德,敏齋
喬夢符,世用
喬大臨,君宜
喬大鴻,儀上,容浦
喬娥,留女
喬學尹,莘廬,華廬
喬宇,希大,白岩,白巖,莊簡
喬守中,蘭沚,蘭芷
喬守敬,蔗生,醉笙,靖卿
喬宗亮,元朗
喬容,雲生
喬尚謙,筱山
喬履信,實夫,敦峰
喬岱,希申,龍溪
喬峯翠,霽嵐
喬崇修,介夫
喬崇敬,崇敬
喬崇烈,學齋,無功
喬崇讓,致能,褚堂
喬崇隱,玄寂
喬巖,巽甫
喬師錫,德一
喬年,如松
喬幼聞,擇善,見山
喬序?,元採,坦修
喬庭桂,肖寰
喬廷櫆,瀛槎
喬式祖,子程
喬彝,仲常,純潔
喬德謙,循吉
喬恕,希仁,萬竹主人
喬惟忠,孝先
喬應光,子實
喬應春,仁卿
喬應甲,儆我
喬應發,舒菴
喬懋敬,允德
喬承統,繼之
喬承詔,揚明,獻藎
喬拱,德瞻
喬敞,廣叔
喬敬思,午田
喬於泂,休逸老人,休齋
喬明樟,曇林
喬映伍,星又
喬時敏,古岡,君求
喬時昌,符五
喬晉福,範卿
喬晉芳,心農
喬曾劬,伯戢,壯翁,大壯
喬有豫,立夫,象九
喬木,伯梁
喬松年,伯堅
喬某,慧照
喬椿齡,書酉,樗友
喬楠,仲楩
喬樹楠,孟仙,損庵,茂萱
喬武,韻堂
喬毅,志弘
喬氏(喬知之妹),喬氏
喬汲,敏伯
喬洤,葆堂,達卿
喬浩,遂源
喬海峰,季青,曉巒,鐵髯
喬潭,德源
喬燮,亮弼
喬玉璦,孔璧
喬珥保,詠九,頌南
喬瑛,文玉
喬璧星,文見,聚垣
喬用遴,儉齋
喬用遷,恆齋,敦安,見齋,鳴九
喬甲觀,升菴
喬登,恂堂
喬登科,振寰
喬知之,喬十二
喬簣成,中山,仲山,達之
喬維岳,伯周
喬維嶽,伯周
喬維翰,師召
喬縉,廷儀
喬缽,劍叟,文衣,苓塞棘人
喬若蘭,秋佩
喬英,伯藏,南莊
喬萊,子靜,石林
喬蔭甲,桐廂,玉峰
喬行簡,壽朋,文惠,益國公,魯國公
喬載繇,孚先,止巢
喬逸瑛,筆珊
喬遠炳,孚王,黻文,黼文
喬遠煐,碧珊,筆珊
喬遠瑛,筆珊,賁山
喬邁,子卓,鈍夫
喬邦憲,斌甫,濬泉
喬鏜,子聲,春山
喬集祥,滄門
喬雲名,紀黃,純黃
喬靜儀,聽香
喬鳳,廷儀,廷鳳
喬鳳翔,秀山
喬鵔,喬駿
喬鶴年,雲皋
喬龍,敷在,甫在,見田
單丕,伯寬,詒孫
單世德,爾達
單之珩,白也
單作哲,侗夫,紫溟
單信,叔孫
單儒紳,鴻軒
單公稟,礪坡,體昊
單公選,景伊,淮郎,第四
單功擢,試升
單可璂,子野,肅中,野甫
單國祚,匡廬
單士釐,受茲,蕊珠
單夔,虞卿
單夢齡,松岩,錫九
單宇,時泰,菊坡
單安仁,單居仁,德天,德夫
單寶書,砥齋
單師孟,眉卿
單師淵,單思淵
單庚金,君範
單復梓,敬興
單德棻,孔昭
單德謨,充甫,充符
單思邁,雲谷
單恂,狷庵,蓴僧,質生
單慶,吉甫
單懋德,馨山
單懋謙,仲亨,地山,峴雲山房,文恪
單拯,濟甫
單敬,心莊
單昂,廷舉
單春潮,雨帆
單時,行可
單棠,澹園
單氏(王瑋慶妻),紉香,茝樓
單渭,邱川
單澐,寧齋
單濟之,君濟
單為鏓,伯平,芙秋
單烺,曜靈
單煒,炳文
單煦,孟陽
單照,擇之
單燮,理齋
單燽,海嶼
單玉騏,伯騶
單疇書,惟訪
單者昌,蔚起
單興詩,思正,藻林,鏡心
單苣樓,紉香
單若魯,拙菴
單襄格,逸亭
單襄楁,逸亭
單襄榕,逸亭
單訥,希仁
單郁,文英
單鈺,亦聲,振庵
單鋋,仲穎
單錦,秀峯
單錫,君貺,君賜
單鍔,季隱
單鎮,束笙,殿侯
單隆周,昌其,雪園
單鳄,季隱
喻,敏齋
喻三元,少極
喻京,伯大
喻仁,道宗
喻以恕,喻以忠,心如
喻以正,中立
喻仲可,可中
喻仲遷,安中
喻佳,集美
喻修,無美
喻偘,伯經,喻宏,蘆隱
喻傑,中道
喻元鴻,太沖,鐵仙
喻兆琦,慕韓
喻兆蕃,庶三,竹孫,艮麓
喻先知,覺悟
喻先覺,莘臣
喻全禩,仲延
喻典掖,鵉坡
喻升階,允吉,鏡湖
喻南嶽,極夫,洪江
喻南強,伯強,喻寬,梅隱
喻同模,農孫
喻均,邦相
喻培倫,雲紀
喻增高,鳳岡,鳳崗
喻士藩,公輔,喻溥,壬溪,少初
喻夢炎,叔淡
喻天佐,繫齊
喻安性,中卿,養初
喻宗府,孔脩
喻寶忠,元甫,心筠
喻峙,景山
喻希學,博之
喻希立,惟中
喻希連,素癡,魯望
喻師,夏卿
喻思恂,川石,醒拙
喻恕,一銘
喻慈昌,碧峰
喻應夔,宣仲
喻應益,叔虞
喻懷仁,壽民,少瀛,近之
喻懷信,仲孚,芳余
喻懷恭,壽銘,綬民
喻成人,仲文
喻成憲,匠心
喻撚,惟綺
喻文偉,國英
喻文璐,引山
喻文璧,德卿
喻文鏊,冶存,石農
喻文龍,叔雲
喻於義,達士
喻日泗,魯泉
喻昌,嘉言,西昌老人
喻春林,敕嶺
喻時,中甫,吳臯,海上老人
喻曙,明霞,西塘
喻本中,體道
喻桂雲,月芬
喻樗,子才,子材,湍石,玉泉
喻樹琪,仙圃,小香
喻民獻,汝方
喻汝礪,捫膝先生,迪儒,迪孺
喻汝霖,新吾
喻用國,元孫,國明,第千六
喻畤,景山
喻祝元,鳳池
喻祿孫,希武
喻立,仁本
喻維剛,澄溪
喻綱,叔文
喻綸,存齋
喻義,宜之
喻致和,達叔
喻致知,無知
喻良倚,伯壽
喻良弼,季直,杉堂
喻良能,叔奇,香山
喻茂堅,月梧,汝礪
喻華棟,延華,悠齋,顯華
喻褧,彥章
喻言興,順中
喻謙,六吉
喻賓,寅谷
喻起鍾,孟黃,誠齋
喻邦佐,第十二,紹祖,繼先,致平
喻鐘,公升
喻長霖,志韶
喻陟,明仲
喻顯科,時晉
喻高,仲明,山齋
喻鴻鈞,世渠,濟臣,錫洪
喻鵬,萬里
喻龍文,西莽,西葊
嘉彬,仲文
嘉穆巴圖多普,固帑幹扎拉參,棍噶扎勒參,棍噶扎拉參,棍噶扎拉參呼圖克圖,棍噶札勒參,棍噶札拉參,棍噶札拉參呼圖克圖,胡圖克圖棍噶札勒參
噶什圖,噶世圖
噶代,喀代
噶出哈,噶褚哈
噶爾杭阿,森如
噶邇薩,噶爾薩
嚴世文,亨父,嚴世父,時亨
嚴世蕃,東樓,聽雨樓
嚴中,執甫
嚴之偉,赤城
嚴乘潮,敦夫,文似
嚴京治,虎文
嚴仁,明餘
嚴以方,小莊
嚴以盛,琴墅,覲侍,觀詩
嚴以立,方山
嚴仲毅,伯威
嚴休復,嚴十八,玄錫
嚴作霖,佑之
嚴依仁,依仁
嚴侶,君友
嚴保庸,伯屏,問樵
嚴修,偍屬,夢扶,範孫,範蓀,范孫,蟫香館,靜遠
嚴傑,子俊
嚴儀,補之
嚴允升,雲階
嚴元照,久能,九能,修能,悔庵,悔菴,悔菴居士,晦庵,晦菴,柯家山館,椒堂,畫扇齋,管香,芳椒堂,蕙櫋
嚴元燮,嚴光燮
嚴兆行,勷臣
嚴先佑,申之
嚴光祿,石帆,銘斯,銘書
嚴凌霄,雨峯
嚴升,仲升
嚴參,三休居士,少魯
嚴友禧,林橋,柘橋
嚴可均,景文,萬里,鐵橋
嚴合龍,宗定,定哥,應之,第百二十四
嚴向,嚴憲
嚴君敎,玉雲
嚴咸,受安,秋農
嚴善思,嚴譔
嚴嘉賓,造道
嚴國寶,瑤泉
嚴國用,厚齋
嚴國華,敏來,筠軒
嚴坦,里門
嚴垣,星門,里門
嚴城,鉄生
嚴堯日,用汲
嚴士敦,居厚
嚴士瑜,韻娥
嚴士貞,正卿
嚴士鋐,筠亭,震叔
嚴壽慈,吟侶
嚴壽逸,仁安
嚴大容,度汪
嚴大為,則欽
嚴大紀,汝肅
嚴天祥,叔善,雙洲
嚴如煜,樂園,炳文
嚴如熤,嚴如煜,樂園,滿星,炳文,煥文,藥園,蘇亭
嚴子休,子休,馮翊子
嚴子成,伯玉
嚴孟衡,衡中
嚴學淳,靜生
嚴守田,谷園
嚴安儒,品泉,雅圖,雅關
嚴宗,伯宗,敏學
嚴宗光,餐霞
嚴宗嘉,二猷,孚亭
嚴宗溥,如園
嚴定遠,瀚侯
嚴宜,剋刑,可亭
嚴家疇,蘭史,錫之
嚴家讓,禮卿,鳴謙
嚴寅,敬仲
嚴密,元之
嚴實,武叔,武惠
嚴寬,栗夫,玉山
嚴尚權,巽行
嚴履清,愛冰,永山,炳華
嚴履豐,芑汀
嚴岳蓮,德興,賁園,雁峰
嚴崇德,俊雲
嚴嵩,[寶翰堂],[忠正堂],介溪,介谿,分宜,惟中,相嵩,維中,耆德樓
嚴嶧,桐高,畫村
嚴師夔,顧齋
嚴度,貞憲
嚴康元,自中
嚴廷中,岩泉山人,石卿,秋槎
嚴廷儀,景苔
嚴廷典,義亭,聖言
嚴廷楨,漁三,辟庸
嚴廷珏,比玉,行之
嚴彪,三可先生,弸中
嚴從,中黃子
嚴從簡,仲可,紹峯
嚴御風,洽然
嚴復,又陵,嚴傳初,嚴宗光,嚴體乾,天演哲學家,尊疑,幾道,愈野老人
嚴德,天水郡公
嚴德泳,蒼任
嚴德王民,嚴德明
嚴必大,希周,繩孫
嚴志迪,子善
嚴忠培,子餘
嚴忠濟,忠翰,紫芝,莊孝
嚴忠範,節愍
嚴思位,西武
嚴思忠,誠之
嚴思濬,敘揆,潛庵
嚴思義,仲和
嚴恆,仲敬
嚴恭,景安
嚴惲,子重
嚴惺,敬甫,桐江
嚴愈,中勝
嚴慶,仲祥
嚴慶雲,澹園,藹如
嚴憲,廷章
嚴應子,達夫
嚴懋功,念庸
嚴懷熊,芷菀
嚴我斯,存菴
嚴承皋,六愷,樂村
嚴抑,德隅
嚴敬,簡卿
嚴文,淑暉
嚴文典,維穆,葆林
嚴文在,聚東
嚴文昶,晚耘,景王
嚴文梁,子成
嚴文沅,芷馨
嚴文波,星渚
嚴文瀚,少瀛,淵如
嚴文瀾,靜涵,靜湎
嚴文翰,少瀛
嚴昌宗,嚴昌松
嚴昌裔,慶曾
嚴昌鈺,二如,銘藍
嚴昕,十省堂,啓昭
嚴昭華,小雲
嚴昭藜,西材
嚴時泰,應階,木山
嚴景雲,伯卿,瑞岩
嚴智崇,約冲
嚴書開,三求,逸山
嚴曾???,方貽,柱峰,矱庵
嚴曾銓,容孫
嚴月瑤,閬娟
嚴有禧,厚載,嚴繩德,戴有禧,韋川
嚴朗,玄宗
嚴本,君子齋,志道,蒿菴
嚴杏徵,蘭初
嚴杞,楚文
嚴松,茂叔
嚴果,毅之
嚴某,真如海
嚴栻,嚴岱,子張
嚴桂發,仲芳,仲萼,晉臣,第千十三
嚴植,景周
嚴榮,少峰,瑞唐
嚴樞,務正
嚴樹森,嚴澍森,渭春
嚴樹萼,半庵,茂先
嚴欽,剋明,肅堂
嚴欽謨,畏齋
嚴正基,仙舫,厚吾,嚴芝
嚴正矩,方公,潔庵,絜庵
嚴正紀,記庵
嚴正邦,一醇,範先
嚴武,嚴八,季鷹
嚴毅,子仁
嚴民法,儀一
嚴永濬,兩山,宗哲
嚴永玲,子佩
嚴永華,少藍
嚴汝麟,十六,子仁
嚴沂,子詠
嚴沆,子餐,少卿,灝亭,顥亭,顥庭
嚴泉,香府
嚴泓曾,青梧
嚴法貞,文波
嚴泰,時和
嚴洤,宗源
嚴浩,芸剛,芸圃
嚴淑珍,靜儀
嚴淙,棘兒
嚴淳,古愚
嚴清,源潔
嚴湘,竹卿
嚴源燾,桐峰,濟之,相峰
嚴滋,守軒,泰伯
嚴潔,皓亭
嚴澂,道澈
嚴澂華,稚薌
嚴澍森,渭春
嚴灝,會嘉
嚴烺,存吾,小滄浪館,晚晴軒,曙升
嚴焕,子文
嚴煜,澹生,濬生
嚴煥,仲卿,昭如
嚴熊,武伯,白雲
嚴熙,煦齋
嚴爾誨,鶴堂
嚴玉森,六希,虛閣,鹿溪
嚴珊珊,如璧,織仙
嚴珏,佩之,生軒
嚴琦,應臺
嚴琪,璘如,韞齋
嚴瑀,元瑜,慧師,敏僧,第六十二
嚴瑄,國珍
嚴瑜,君美
嚴瑞龍,淩雲
嚴璉,別碔
嚴璲,十區
嚴瓊瓊,小瓊
嚴用和,春門,禮衡
嚴用父,用父
嚴甫田,倬齋,我農
嚴畏,草堂
嚴登,仍芑,勝綺
嚴登鼇,鎖堂
嚴礪,元明
嚴祖慶,子修,陶軒
嚴祖興,廷傑
嚴祿,伯宜
嚴禎,廷瑞
嚴福,愛亭,景仁,景純
嚴端,克正
嚴第,公弟,子卿,宋卿,第十五
嚴箱,端卿
嚴粲,坦叔,明卿
嚴紘,仲周
嚴綋,仲周
嚴維,叔孝
嚴緝,敬止,晩悔,貞憲
嚴繩孫,冬蓀,勾吳嚴四,秋水,耦漁,蓀友,蕅蕩漁人,蕅蕩老人,藕塘漁人,藕漁,藕蕩漁人,雨青草堂
嚴羽,丹丘,儀卿,滄浪逋客
嚴翼王,西山
嚴而泰,師孔
嚴聲華,晴江
嚴肅,伯復,橫山
嚴致堯,正之,龍洲居士
嚴興道,忠毅
嚴艮老,子山,時翁,第百十,艮老
嚴良勛,子猷
嚴良勲,子猷
嚴良訓,叔彞,楚橋,迪甫
嚴華祝,石舫
嚴萱,廷暉
嚴蔚文,觀豹,霞軒
嚴蕊珠,綠華
嚴藻,春渠
嚴蘂,幼芳
嚴蘅,端卿
嚴虞惇,嚴虞,寶成,寶臣,思庵,思盦,恆齋學人,興庵,興菴,贊成
嚴衍,午庭,拙道人,永思
嚴裕,克寬
嚴褎,選仲
嚴觀,子進,述齋,閱音齋
嚴訢,少通
嚴訥,敏卿,文靖,養齋
嚴誠,克誠
嚴謙,柳之
嚴謹,督和
嚴識玄,識玄
嚴豐,蒼霖
嚴象祖,子文
嚴貞,羅貞
嚴貞度,茂肅
嚴賓,邦賢
嚴贊清,春泉
嚴起恆,忠節,秋冶,秋野
嚴辰,仲澤,子鍾,淄生,緇生,芝僧,蝶周,達叟
嚴迢,子纖
嚴通,白海
嚴遂成,崧瞻,海珊
嚴道洪,鑑堂
嚴遨,德輿,賁園,雁峰
嚴采,荇香
嚴金清,紫卿,閒閒草堂老人
嚴針,指坤
嚴鈖,迪周
嚴鈿,也秋
嚴銶,文器
嚴錫紞,杜沼,輔衡
嚴錫綬,艾堂
嚴鍾孫,聲甫
嚴鎡,應時
嚴鎬,世賢,仲賢
嚴鏞,東也
嚴長宦,榮紳,澹園
嚴長明,冬友,東有,歸求草堂,道甫
嚴開昶,曉亭
嚴隱,仲弻,仲弼
嚴雲京,志印
嚴震,忠穆,遐聞
嚴震直,子敏
嚴頌萱,玫君
嚴顥,威卿
嚴首昇,平子,瀨園
嚴駿生,小秋
嚴高,鵬程
嚴鳴,吟菴,吟齋
嚴麗正,夢琴
嚴鼎耈,滄浪,重叔
囊加台,元道
囊加歹,逢原
囊嘉歹,彥祥
囊家台,忠烈
囗楚,夢巖
囗玉,名鳳
囗璥,堅美
囗諒,慈信
囘囘,子淵,忠定,時齋
四格,勤恪
回長廉,介甫,心泉,樂園
因其志,效泉
因綱,叔大
國元簴,公碩
國君輔,臨溪
國子綱,仲宏
國安用,國用安
國幼聞,國幼問
國志虞,宗舜
國柱,石堂,石民
國梁,丹中,笠民,隆吉
國泰,時雍
國炳,子麟,心源,星垣
國炳奎,晦叔
國焴,南仲
國瑀,朝佩
國璉,夏陳,郭操,郭璉,靜觀堂
國盛,永盛
國祚磐,浦之
國經,敦常,端本
國英,鼎臣
國裕,子餘,淑許
圖伯特保寧,文端
圖伯特保泰,保太,圖伯特俘習渾
圖伯特慶惠,勤僖
圖伯特氏(圖伯特保裕女),問琴
圖伯特汪扎爾,恪慎,旺扎勒,旺扎爾,旺札勒,旺札爾,汪札爾
圖伯特那木扎爾,武毅,納木扎勒,納木札勒,納穆扎勒,納穆扎爾,納穆札爾,那木扎勒,那木札勒,那穆扎爾
圖們青麐,墨卿,龍賓
圖博特善祿,勤壯
圖博特慶祥,壯直
圖博特烏爾圖那遜,烏爾圖納遜
圖帖睦爾,文宗,聖明元孝皇帝
圖拉,覺羅圖拉
圖敏,熙文
圖爾宸,自中
圖爾格斯阿敏道,圖爾格期阿敏道,圖爾格阿敏道
圖納,文恪,謹堂
圖臘,圖拉
圖隆阿,曉山,殿颺
圖鞈布,德裕,裕軒
團鴻,雲蔚
土土哈,武毅
土賴,圖賴,屠賴
土默特立山,忠貞,楊立山,豫甫
坊蒙,彥暉
坑進良,汝率
埜仙,若思
埜僊普化,有恆
執失善光,令暉
基生蘭,香齋
堅晟,伯明
堅童,永叔
堯允恭,克遜,觀物老人
堯卿,廷輔
堵嶷,天柱
堵昇,文旭
堵簡,無傲
堵維垣,太冲
堵胤錫,仲緘,堵允錫,文忠,牧子,牧遊
堵閏,濟川
堵霞,綺齋
塔不䚟,彥翬
塔他拉法譚,他塔喇法譚
塔克世,宣皇帝,顯祖
塔剌海,惠穆,輝武
塔塔拉哈青阿,他塔喇哈青阿
塔察兒,倴盞
塔必兔,塔必圖
塔本,忠武
塔海,仲良
塗堂,虞華
塗幼度,移愚
塗應庾,德明
塗應楠,仁方
塗應泰,天交
塗文祥,十四,舜徵
塗時相,明輔
塗淮,十八,達夫
塗源,源叟
塗澤民,志伊
塗濟亨,吉甫
塗稟秀,子儀
塗謙,伯益
塗貞,叔良
塗近正,元直
塗鉉,鳳韶
塗錫殼,穆軒
塞布徵額,色布徵額,色普徵額
塞布星額,色克星額,色布星額
塞楞額,色楞格,調鼎
塞爾登,塞勒登
增崇,壽臣
增春,松如,熙堂
增祿,學亭,鶴舲
增福,成之
增韞,子固
墨爾迪勒巴特瑪,莫爾得禮巴達瑪
士崇俊,惟彥
士建中,熙道
士袞,補之
士魁,楙廷,石泉,笙甫
壯金衢,雲濤
壺弢,怡樂
壽亭彪,雲弢
壽介琳,球圃,琢圃
壽以仁,靜肯
壽儒,宗魯
壽勳,挹卿
壽同,仲擧
壽同春,芝崖
壽同海涯,弘毅
壽富,伯茀,菊坡,菊客
壽星,同春
壽永昌,春山
壽耆,子年
壽致潤,雨六
壽逵一,梅坡,達夫
夏㫤,仲昭,夏昶,朱昶,自在居士
夏一駒,一齋,昂千
夏之令,紹武
夏之勛,旌銘,芳原
夏之成,伯田
夏之文,朦夫,蒙夫
夏之時,惟行
夏之森,曉岩
夏之璜,寶傳,湘人
夏之盛,松如
夏之翰,檀園,知畏
夏之臣,贊禹
夏之芳,筠庄,筠莊,荔園
夏之蓉,半舫,半舫齋,南芷,芙裳,醴谷
夏之蕙,楚音
夏之邵,潛夫
夏之鼎,禹庭,茝谷
夏九功,君敘
夏九鼎,璞叄
夏亢善,夏元善,從之
夏人佺,敬孚
夏仁溥,博言,淵如,鉢庵
夏仁玉,瑞卿
夏介,德潤,通浦
夏仕任,蓉塘
夏以忠,尚之,懷魯
夏以賓,于王
夏伊蘭,佩仙
夏伸,夏仲
夏佑,存賢
夏佩蘭,畹香
夏供佑,晉生
夏侯,正符
夏侯亶,世龍
夏侯嘉正,會之
夏侯孜,好學
夏侯尚玄,文卿,石巖
夏侯嶠,峻極
夏侯延祐,景休
夏侯旄,節夫
夏侯氏(曹文叔妻),令女
夏侯絢,異人
夏侯詳,叔業
夏侯霽,時佐,時雨先生
夏修恕,森圃,渾初,渾夫
夏倩雯,耦鄰
夏倪,均父,均父(甫),均甫
夏偰,元肅,柯山
夏僎,元肅,柯山
夏儒,恭待
夏儼,守白
夏允中,彦執
夏允彝,仲彝,彜仲,彝仲,忠節,文忠,瑗公,緩公
夏元良,萬貞
夏元鼎,宗禹,西城真人,雲峰散人
夏兆觀,怡園
夏兆豐,大田
夏光沅,蘭谷
夏光虞,舜臣
夏克咸,子衢
夏其光,晦初
夏力恕,澴農,菜根堂,菜根精舍,觀川
夏勤墉,懋高,陽孟
夏勤邦,彥保,軥錄主人
夏勺,翼始
夏升,景高
夏午中,昱和,羲亭
夏南學,稼成,雲疇
夏卿藻,秀芬
夏原吉,忠靖,惟喆,維吉
夏友蘭,幼安
夏可範,子極
夏同善,子松,文敬,舜樂
夏同龢,用卿
夏味堂,澹人,鼎和
夏和清,仲夷,友惠,賓南
夏啓瑜,同甫
夏啟瑜,伯瑾,同甫
夏啟瑞,仲珪,祥甫
夏嘉瑞,人淑
夏嘉遇,正甫,繩北
夏國培,心田
夏國寶,惟善,禹麓
夏國琦,小韓,玉圃,璞庵
夏圭孫,學可
夏址,湘友
夏城,克誠
夏執中,子權
夏塏,子儀,紫嶷
夏塽,去疾,子俊
夏墀,邵庵
夏壎,夏塤,宗成
夏壽嵩,樹滋
夏壽康,仲膺,受之,永怙
夏壽田,午詒
夏夢林,瑞園
夏大有,原威
夏大觀,相江
夏天亨,巨卿
夏子孝,以忠
夏子暘,鶴田
夏子沐,滌初,瓞初
夏子重,威如
夏子鎏,上珍,庾孫
夏子鎔,政甫
夏子鐊,夏子錫,路門,鑾坡
夏子開,本初
夏子齡,憇園,憩園,甜心園,百初,祝三,莞爾軒
夏孫桐,潤枝
夏學僖,介人,介入
夏守恩,君殊
夏守贇,子美,忠僖
夏安均,式九,敏齋
夏安期,淸卿,清卿
夏安瀾,海峯
夏安運,雨瞻
夏完淳,夏完湻,夏復,存古,小隱,玉樊堂,端哥,節愍,靈胥,靈首
夏宗仁,以元
夏宗彝,子允
夏宗沂,藥芊,躍千
夏宗瀾,起八,震軒
夏宗鏊,燮臣
夏宗顯,叔明
夏家瑜,伯採,潤堂
夏家疇,午衡,雲津,韻泉
夏家醇,孟和
夏家銑,季質
夏家錞,伯音,淳士
夏家鎬,伯音
夏家鏞,幼威,浮漚
夏寅,正寅
夏寅官,虎臣
夏寧,希純
夏寬,原溥
夏寵,時承,海山
夏寶,楚善
夏寶晉,慈中,玉延
夏寶松,夏江城
夏尚志,靜甫
夏尚忠,信卿,信鄉
夏尚樸,三十六,敦夫
夏岷,世美
夏崇文,廷章
夏希賢,可軒
夏希道,太初
夏師堯,達德
夏年,東畝
夏庚復,也白,松孫
夏庭簡,迪卿
夏庭芝,伯和,雪簑
夏康佐,朝弼
夏廑,幾道
夏廷揚,石安
夏廷楨,幹園
夏廷楫,濟川,石祿
夏廷榘,拾珊
夏廷樾,憇亭,憩亭,春岩
夏廷燁,文炳
夏廷芝,嘯門,茹紫
夏廷英,敬存
夏廷莢,伊園,祁階
夏廷衡,莘賢
夏廸,廷簡,霞軒
夏建謨,有橋,真銓
夏式前,謨甫
夏彩霞,嫣紅
夏從壽,如山,裕軒
夏必達,孚遠,雪溪
夏志明,惟公
夏志誠,淸貧道人
夏忠,克誠
夏念祖,南洪,雨洪
夏思忠,仲言
夏思恭,子壽
夏恆,一卿
夏惟家,翼思
夏惟純,德卿
夏惠吉,昭南
夏惠姞,昭南,玉樊
夏慎大,仲勤,山城菊隱
夏慎樞,用修
夏慶保,履祥,蓉山
夏慶紱,文之,紹鉢
夏應元,弦齋,體仁
夏應星,長卿
夏應龍,御六
夏扶英,根晦,雨山
夏承,元茂,正茂
夏承模,瑞齋
夏振采,受白,雙樓
夏敦仁,調元,識字
夏敬一,允欽,慕柳
夏敬敏,達齋
夏敬樞,恆齋,慎修,鵝江
夏敬渠,二銘,懋修
夏敬秀,吉修,虛泉
夏敬觀,劍丞,吷庵,吷盦,忍古樓,玄修,盥水,窈窕釋迦,鑒丞
夏敬顏,咫威
夏敷九,弼五
夏文仲,彥明
夏文彥,士良,蘭渚生
夏文泳,明適,紫淸
夏文瀚,紫潤,紫瀾
夏新,子龍
夏日孜,仲善
夏日富,仲賢
夏旹,叔軒,菽軒
夏昂,懋齊,景德
夏昆林,治卿,瘦生
夏昇,景熙
夏昌垣,占疆
夏明誘,淑珍
夏明誠,敬仲
夏易,連山
夏昶,仲昭,自在居士
夏昺,孟暘,孟陽
夏時,中甫,守黑子
夏時亨,孟嘉,涢水
夏時化,宣子
夏時彥,南村,士芳
夏時正,季爵,尚一,尚行,彥爵,餘留道人
夏時泰,又敟,瓶仙,苓仙
夏時濟,彞恂,環蝯
夏景,時中
夏景和,時雍
夏景孫,權可
夏景華,凝初
夏曆,國正
夏曉春,南指,南芷,鶴泉
夏書紳,麗笙
夏曾佑,夏增佑,穗卿
夏曾傳,薪卿
夏有慶,升之
夏朝柱,安中
夏柔嘉,待園,甫德,艾之
夏栻,廷瞻
夏梁,少莊
夏森,仲蔚
夏椅,景夫,景實
夏椿,壽之
夏榮達,仲賢
夏榮顯,仲和
夏樹芳,茂卿
夏止善,夏至善
夏正,寅齋
夏毓秀,勇恪,琅溪
夏氏,孝敬莊惠安肅毅皇后,孝敬莊惠安肅溫誠順天偕聖毅皇后,皇嫂莊肅皇后
夏氏(夏真女),湛氏
夏氏(趙眘妻),安恭,成恭
夏永,吉甫
夏永慶,章甫
夏汝鏞,品金,昆田
夏汾叟,宗郎
夏沅,鄰湘
夏沚,湘友
夏泉,時清
夏泰亨,叔通,矩軒
夏津,時濟
夏浚,二十五,惟明
夏淑吉,神一,美南,龍隱
夏淑真,藕舲
夏淑齡,倩卿
夏淳,惟初
夏淳鏞,笙侶
夏溥,大之,虎怕道人
夏溶,雙橋
夏潁達,夏穎達
夏潛,孔昭
夏澄,宗廉
夏濬,景深
夏濬時,心榆
夏灝,忍庭,慎庭
夏灼,孔章
夏炘,弢甫,心伯,欣伯
夏炯,仲子,卯生
夏煒,振叔
夏煒如,怡雲,永曦
夏煜,允中
夏煥,堯章
夏熙,春臺
夏熙臣,無易
夏熙采,載符
夏燕,進羨,進義
夏燠,叔安,和甫
夏燮,嗛甫,江上蹇叟
夏爋,冲寰,汝翼
夏獻綸,小濤,筱濤,黼臣
夏獻蓉,芙初,鏡人
夏獻謨,子嘉
夏獻雲,尊德堂,小潤,清嘯閣,矞臣,芝岑
夏獻馨,岫村,菊人,藍莊,蘭莊
夏玉瑚,海珊,鼎彞
夏珙,致宏
夏珪,禹玉
夏珪孫,學可
夏琮,方玉
夏瑄,韞輝
夏瑚,寶成
夏瑛,潤甫
夏瑞芳,粹方,粹芳
夏璟,元臣
夏璣,德乾
夏環,曰謙
夏璲,廷贊
夏璿,希政
夏祖熊,健齋,夢占
夏祖燿,庾陽,純甫,羽揚
夏祚,天錫
夏禮賢,仲升
夏秉衡,平千,谷香子,香閣
夏稭,淑芙
夏積,孚英
夏章,伯成
夏竦,子喬,文莊
夏端棆,醇木
夏籲,天錫
夏純鏞,笙侶
夏紹庭,應堂
夏統春,元夫,元文,烈愍
夏綸,惺齋
夏繼芬,若仙
夏翼朝,循陔,秫薌
夏翼謀,式庭,鶴汀
夏聞政,西涯,青字
夏聯鈺,壽如,笠舟
夏聲喬,嵩齡,漱蘅
夏肇庸,京珊
夏脩,德卿
夏臣,弘齋
夏臻,幾道
夏良勝,于中,子中,於中,東洲
夏良士,休堂,邦正
夏良心,宗堯
夏芷,廷芳
夏若水,謹齋
夏英,育才,育材
夏茂,仲享
夏荃,夏筌
夏菊初,閨英
夏萬亨,元禮
夏萬厚,玉青
夏葆彝,井字山人,子琴,文宿
夏葵,廷暉
夏蒨雯,一塘,練湖,耦鄰
夏蓀,楚畹,紉佩
夏蓉峰,朵山,泉山
夏蕙蛣,昭南
夏蘭茲,畹香
夏衡,以平
夏裕,孔裕
夏言,公謹,文愍,桂洲
夏詒鈺,碩齋,范卿
夏詵仲,惟一,第六九
夏誠善,元長,鐵庵
夏謐,廷義
夏謨嘉,爾有,雨有
夏貴,夏夜眼,用和
夏辛酉,壯武,庚堂
夏辛銘,榆廬,頌椒
夏迪,君啟,樂道先生
夏遂,存良
夏道南,宗時
夏邕,伯熙
夏邦謨,松泉,舜俞
夏金聲,子駿
夏銘,自銘
夏銘嶧,坦巖
夏銘華,坦巖
夏銜,伯仁,冰甫
夏錫寶,丙亭,書賢
夏錫疇,用九
夏錫金,上齊
夏鍭,德樹,赤城
夏鎮,定遠
夏鑾,德音,朗齋
夏長泰,山茹
夏闖午,奕仲
夏陸恕,卓鄰
夏際堂,夏際唐
夏隨,君正,夏元亨,莊恪
夏雲,奇峰
夏雲來,天宜,翔峰
夏雲弱,蓮娘
夏雲鼎,四雲
夏震,春舟,東啟
夏震武,伯定,滌庵,靈峰
夏霈,若時
夏霖,道存
夏駿,逸卿
夏鳳翔,子儀
夏鴻時,輔堂,顯功
夏鸞翔,夏鑾翔,紫笙
夏鼎,銘韋
夏鼎臣,敬承
夏鼐,仲龍
夔達,儀廷,友伯
夔雅拉穆特恩,勤確
夙武伯,景成,緯老
多善,愛新覺羅多善
多容安,見峰
多尔衮,懋德修道廣業定功安民立政誠敬義皇帝,成宗
多山,饒峰
多布沁札木楚,多布欽扎木楚,多布沁扎木楚,多布淸扎穆楚,多布淸札木楚,多布濟扎木楚
多弘安,君修,多宏安,畏菴
多拉爾安祿,壯毅,多拉尔安祿
多拉爾海蘭察,海蘭嚓
多時珍,玉岩
多泰,鎮東
多爾技,多爾枝
多羅特升允,吉甫,文忠,素庵
多羅特訥仁,靜山
夢吉,鑑溪
夢麟,午塘,文子,瑞占
大乘都,文敏
大吉心,有仁
大達里,恭惠
大都,子貞
天德于思,顯毅
太不花,仲德
太史劭,太史邵
太平訥,寶寧
太斗南,望而,西菴
太答兒,武定
夫蒙鍠,英華
央廷樑,梓齋
失其拜音達哩,拜音達禮
失剌,忠定
夾谷之奇,士常,書隱
夾谷唐兀歹,奠住
夾谷堅賢,宣惠
夾谷安仁,仲寧
夾谷常哥,貞敏
夾谷明安答而,齊卿
夾谷秉直,叔剛
夾谷立,可與
夾谷龍古帶,忠靖
奇三寶奴,國善
奇他拉吉爾杭阿,勇烈,奇特拉吉爾杭阿,雨三,雨山
奇他拉奇塔喇珠克登,奇塔喇珠克登
奇克伸佈,健亭,奇克伸布,奇克紳布
奇大升,存齋,文憲,明彦,高峯
奇恊,汝寅
奇爾薩,祁爾薩
奇自獻,士靖,奇自靖,晩全
奇虔,貞武,靑坡
奇轍,伯顔不花
奇遵,子敬,文愍,服齋,陽德
奇長,師政
奇震興,元立
奉天祥,祥之
奉汝諧,和甫,默軒
奉珩,望嶽,而白
奎光,奎澤
奎斌,子雙,西田
奎潤,星垣
奎煥,章甫
奎福,錫五
奎章,星垣,雲臺
奎英,伯雄,華亭
契苾嵩,議節
契苾明,若水
契苾通,周物,姓契苾氏
奕澤,奕溥
奕詝,協天翊運執中垂謨懋德振武聖孝淵恭端仁寬敏莊儉顯皇帝,文宗
奕赫抵雅爾丁,太初
奕錦,雲如
奚㵄,倬然,秋崖
奚世亮,明仲,汝寅
奚世榮,壽郙,子欣
奚原,溯崙
奚商衡,元美
奚囊,燕子,生白,申伯
奚國賢,彥光,虛白山人
奚在新,昧腴
奚士達,必達
奚士遜,謙之
奚大綬,印維,秋生,繡紫
奚寅,曰宗,鶴溪
奚岡,奚九,奚鋼,散木居士,純章,蒙泉,蒙泉外史,蒙道士,蘿龕,蝶野子,鐵生,鶴渚散人,鶴渚生
奚文彬,德興
奚昊,干東子,時亨
奚昌,元啟
奚湘,靜江
奚潁文,蘊玉
奚澄,印川,蘭岩
奚疑,榆樓
奚祿詒,克生,蘇嶺
奚穎文,蘊玉
奚紹聲,錫三,雪珊
奚繼徵,寥軒
奚自,從之
奚良輔,世卿,學山,遂卿
奚賓,曰朝,蕉峰
奚銘,克新
奚陟,殷卿(殷衡)
奚雷發,師復,第七九,鼎孫,鼎老
奧來,伯昇
奧屯世英,伯豪,大哥
奧屯希魯,周卿,竹庵
奧屯貞,正卿
奧里仲安,子寧
奧魯赤,文卿
奭良,召南
奴丁,德新
如山,冠九
如格,榘盫,舉安
妖巫女,段氏
妥妥穆爾,允中
妥懽帖睦爾,宣仁普孝皇帝,惠宗
姚,栖雲
姚㫤,景昭
姚一元,惟貞,畫溪
姚一貫,唯之,江門
姚一鸞,孟喈
姚三讓,伯謙,崇謙,益軒
姚三辰,巽湖,舜揚
姚世儀,元式
姚世勳,元仲,元頌
姚世和,惠齋
姚世曙,彦深
姚世期,雲子
姚世榮,公桓,葑塘
姚世熙,思載
姚世舉,之才
姚世鈺,玉裁,薏田
姚世鑑,金心
姚世鑒,金心
姚丙然,菊坡
姚丙禧,笛秋
姚之淳,元初,媿庵
姚之珣,雪溪
姚之駰,魯思
姚九功,惟敘
姚亮,寅嵐
姚亮臣,筠農,蓋堂
姚人鳳,藹樓
姚人鶴,伯皋,喬年
姚仁壽,靜山
姚仁瑛,子白
姚仕顯,原學
姚仙霞,萼梅仙史
姚令俞,秋坪
姚令儀,一如,心嘉
姚令則,柔嘉
姚仰雲,楚青,秋墅
姚仲孫,茂宗
姚仲實,仲華
姚仲達,子上
姚任道,亮卿
姚伊憲,古芬
姚侑,百華
姚俊,叔乂,玄散道人
姚俊之,克明
姚俊昌,秀升,秀開
姚俞,孚民,澤孚
姚修玉,五瑞
姚倚雲,蘊素
姚倩,倩君
姚倫,大倫
姚儀,長文
姚儒,君大
姚允升,元吉
姚允在,簡叔
姚允明,汝服
姚允武,迪翁
姚允迪,蘊生
姚元之,五不翁,伯昂,小紅鵝館,廌青,竹葉亭,竹葉亭主,竹葉亭生,薦青,薦青山人,龍秋館
姚元哲,叔愚
姚元泰,姚正夫
姚元燮,理堂
姚元璋,伯五
姚元禎,四十一,開甫
姚元綬,藕房
姚光,復廬,石子
姚光字,季眉,秀眉
姚光宇,季眉
姚光晉,仲瑜,平泉,慶寅
姚光泮,繼昭
姚光發,汝銓,衡堂
姚克欽,敬一
姚兕,武之
姚內斌,姚大蟲
姚公烈,伯武
姚其慎,憶仙
姚其慶,吉仙
姚其旋,德菴
姚冠湖,楚卿
姚凱元,子湘
姚前樞,古然
姚前機,堅香,珊濱,省於
姚勉,成一,誠一,述之
姚勔,姚緬,輝中
姚協贊,馨圃
姚原,北窗居士,子東
姚參,張參,應辰
姚可權,鶴書
姚合,大凝
姚同,伯寬
姚同壽,子明
姚君元,少吕
姚君實,仲華
姚和中,四淸,四青
姚哲,文明
姚唐,時雍
姚啟盛,際盛
姚啟聖,憂庵,憂張軒,熙止
姚善,性宇
姚嗣懋,修白
姚國城,楚方
姚國齡,壽農
姚坤,安貞
姚坦,明白
姚垣,雨村
姚埴,貢夫
姚培仁,元咸,宅安
姚培柱,敬修
姚培益,苞延
姚培衷,心求
姚培詠,勉樓,姚逢辰,鳴之
姚培謙,平山,松桂,鱸香
姚堂,彥容
姚堃,子方,廉山
姚堉,載夫
姚堦,坤元,坤安
姚士升,子上,繸園
姚士封,湘門
姚士恆,叔永,澹南,澹楠
姚士恪,季寅
姚士泓,秋水
姚士璋,厚載,棫卿
姚士藟,綏仲
姚士觀,正甫
姚士豸,伯憲,儆我,邦憲
姚士鍔,芝嶼
姚士鎮,玉衡
姚士陛,別峰,玉階
姚士龍,慈明
姚壽祁,貞伯
姚夔,大章,損庵,文敏
姚夢兆,可永
姚夢星,食香女史
姚夢鯉,省軒,錦江
姚大來,龍起
姚大奎,瞻廷
姚大澧,蘭皋
姚天成,自東
姚天瑞,瑞國
姚天福,君祥,忠肅
姚天迪,棐忱
姚天麟,素亭
姚奇,伯明,耕隱
姚奇胤,姚奇引
姚奕,姚弈
姚奭,輔周
姚媯俞,靈修
姚子彥,姚伯英
姚子材,君用
姚子莊,六康
姚孔?,於巢,梁貢
姚孔鈵,象山
姚孔鋅,歸園,道冲
姚孔鋠,範冶
姚存古,昌齡
姚孚,仲誠
姚孝寬,德博
姚孝錫,仲純,醉軒
姚孟賢,八十一,汝德
姚季仙,玄敏
姚孫棐,戊生,純甫
姚孫棨,子前
姚孳,舜徒
姚學塽,晉堂,晉棠,鏡堂,鏡塘,鏡塘先生
姚學申,半塘
姚學禮,以立
姚學閔,汝孝,順山
姚安世,丹元子
姚宋佐,北湖,輔之
姚宏,令聲
姚宏中,安道
姚宏任,思誠,敬恆
姚宏匡,以匡,襄周
姚宏垚,谷真
姚宏森,周扆
姚宏琦,侶韓
姚宏緒,姚弘緒,聽巖,起陶
姚宏謨,禹門,繼文
姚宗之,元仲
姚宗典,文初
姚宗堯,守一
姚宗敬,宗敬
姚宗文,益城
姚宗炫,意峰,星緯
姚宗衡,幼輿,霞漵
姚宗顯,東橋,汝明
姚官澄,練江
姚宛,脩碧
姚宜先,宜中
姚寅,雪坡
姚寬,令威,西溪
姚寶煃,姚寶楏
姚少娥,青峨居士
姚尚德,伯容,南滇
姚履素,允初
姚岳祥,于定
姚崇,元之,姚元崇,文貞,狄梁公
姚崇坤,承硯
姚嵂,元望
姚巖傑,象溪先生,象溪子
姚巽謙,益齋
姚希唐,德欽
姚希孟,吳中三孟,孟長,文毅,現聞,閏生道人
姚希得,叔剛,逢原,逢源
姚希慶,哿峰,晉峯,習峰
姚希范,任支
姚師虎,宣伯
姚平仲,希晏
姚康,姚元康,汝諧
姚康朝,廷寶
姚廣孝,天僖,天禧,姚道衍,廣孝,恭靖,斯道,榮國公,獨菴老人,獨闇,逃虛子,道衍,釋道衍
姚延祺,景臣,梅村
姚延福,介生
姚延著,伴石居,榕似,象懸
姚廷保,沛澤
姚廷弼,受昌
姚廷松,容亭
姚廷樞,星拱
姚廷清,炳奎,養泉
姚廷遴,純如
姚廷銘,未新,鼎書
姚廷鎔,冶園,治園
姚式,子敬,筠庵
姚弟,琰珪
姚弼,夢良
姚得詩,感廷
姚從周,兼三
姚德耀,姚德輝,景孟
姚德貞,伯清
姚德輝,夢德
姚德重,士欽,懷軒,敬甫
姚必成,西農
姚志強,勇忱,永成
姚念曾,季方
姚思仁,善長
姚思勤,春漪,桂隱,汝修
姚思恭,敬甫
姚思敬,存中,樸軒
姚思玄,尚默
姚恩衍,叔恬
姚恭,彥遜
姚恭壽,企蓮,棨聯
姚惟芹,惟誠,東齋
姚愈,次愈,次韓
姚慤,一庵,仲誠
姚慶武,念軒
姚慶溥,仙舟
姚憲,令則
姚應嘉,鏡初
姚應翀,羽君
姚應鳳,時和
姚懰,懷亮
姚懷祥,履堂
姚懿,善意
姚成,孝威
姚成烈,依迦叟,申甫,雲岫
姚承恩,朗山,桐雲
姚承豐,玉農,稔齋
姚振啟,小蘅,春伯
姚振宗,師石山房,快閣,海槎,繩槎,金生
姚文,伯蘭,元懿
姚文倬,稷臣,純伯
姚文奐,婁東生,子章
姚文彬,儀部
姚文柟,子讓
姚文棟,景憲,東木,誌梁
姚文淵,宗翰
姚文清,廉夫
姚文灝,學齋,秀夫,鄱東野人
姚文炤,在明
姚文烈,屺懷,覲侯
姚文然,弱侯,端恪,若侯,虛直軒,龍懷
姚文燕,小山,翼侯
姚文燮,經三,美湖,羹湖,聽翁,黃柏山樵
姚文田,文僖,梅漪,梅漪老人,梅窩頭陀,社畬,秋农,秋農,經田,邃雅堂
姚文祜,申甫
姚文蔚,養谷
姚文衡,虞卿
姚文錦,芝樓
姚斌敏,子廉
姚斟元,儀匡,春樹
姚日昇,姚日升
姚日明,熙亭
姚旦,明叔
姚旬,可竹,用宣,觀頣
姚旭,景暘,蘆溪叟
姚旭升,亙東
姚昊,文大
姚昌,文山,鳳和
姚昌時,禹疇,辛庵
姚明,仲逺
姚明恭,崑斗,玄卿
姚易,夢錫
姚昶升,亘東
姚昺,懋明
姚時起,元甫
姚暢,士榮
姚曰南,仰雲
姚會之,君輔,安國,文叟,第一
姚有容,君介
姚有寬,芸陔
姚望之,肖呂
姚朝麒,含仁
姚朝麟,含石,慶妃,瓶如
姚期穎,升秀
姚東,明仲
姚東升,嘯三,曉珊
姚松林,雲濤
姚松齡,趾厚
姚枝焜,子敏
姚某,文獻公
姚柬之,且看山人,伯之,伯山,伯山先生,佑之,幼榰,檗山
姚桂,香圃
姚桂林,石嵐
姚桐壽,桐江釣叟,桐江鈞叟,樂年
姚桐生,少霞,次梧,鷺洲
姚梁,佃芝,甸之
姚梓芳,君愨
姚梧,八十三,文陽
姚棻,恭壽堂,鐵松,香茝
姚椿,子壽,春木
姚椿壽,大年
姚楗,子樞,建木
姚楨,忠獻
姚榮光,曉江
姚榴卿,子紅
姚槖,進道
姚樞,斗璿
姚樹勲,津閣
姚檀,馥之
姚欽,敬夫
姚正,十一,在養
姚正國,觀光
姚正鏞,仲海
姚氏(姚和章女),功德藏
姚民哀,天亶,老匏,花萼樓主
姚永年,研銘,華三
姚永楷,閒伯
姚永概,叔節,幸孫
姚永樸,仲實,素園,蛻私
姚永靜,通寂大師
姚汀,維寧
姚汝循,敘卿,鳳麓
姚汝普,叔斐,梅垞,錫三
姚汝臯,舜卿
姚汝舟,濟卿
姚汝賢,唐佐
姚汝龍,姚汝能
姚汭,水北
姚沾,墨仙,惟恩
姚況,子叢,子發
姚洙,原魯
姚洙楷,同人,魯培
姚洽,德孚
姚浣薇,紫卿
姚浩,魯南
姚海,科進
姚涣,虚舟
姚淑,嗣微
姚淛,秋澗,符白
姚淦,麗川
姚淳燾,陟山
姚淶,惟東,明山,維東
姚清華,蘇卿
姚渙,虛州,虛舟
姚渥,姚偓
姚湘,撝則,芳漵
姚湘之,心齋
姚源清,澄海
姚潓,九十七,維順
姚潔,信貞
姚潛,姚覃,居明
姚潭,啟英
姚潼翔,社翁
姚激,維淸
姚濟,大木,鐵梅
姚濤,少湖
姚濬昌,孟成,幸餘,慕庭
姚瀛,子山
姚灼,灼中,然仲
姚炯,嵋陽,象瞻
姚炳,彥暉
姚炳熊,本泉
姚焯,紫庭
姚焯美,授芬
姚煒,光甫,文忠
姚煒琥,惺齋,超南
姚煦,朗山
姚熊士,守菴
姚熊飛,夢東,揚亭
姚燦,學會,學齋
姚燧,牧庵,端甫
姚燮,復莊,梅伯
姚爵,汝修
姚獬孫,應獬
姚獻可,君俞
姚獻琛,石渠
姚玉堂,鑾友
姚玉芝,漱芳
姚珝,連城
姚珤,貴叔
姚珪,怡淸
姚珽,姚班
姚球,鳴玉
姚琛,北湖,庭器
姚瑚,攻玉,蟄庵
姚瑩,中復堂,十幸齋,展和,展如,幸翁,明叔,東溟,石甫
姚瑴,進道
姚瑶,姚珤,貴叔
姚璉,叔器,廷用,鳳池先生
姚璋,汝玉
姚璧,良甫
姚璷,冠甫
姚璹,令璋
姚用鴻,雁秋
姚田修,德中
姚申之,崧卿
姚畹真,芙初
姚登孫,廷禮
姚發祥,駿開
姚益敬,元吉
姚益治,深仲,達齋
姚益鱗,竹筠,繡岩
姚碩,實甫,西疇
姚祐,伯受,伯長,文僖
姚祖同,亮甫,秉璋
姚祖泰,半軒,安甫
姚祖頊,濮陽
姚祥,應龍
姚福均,屺瞻,補籬
姚福坤,芝生
姚福增,備也,子璵,湘坡,湘波
姚福奎,星五,湘漁,羡仙
姚禮泰,叔來,檉甫,石益
姚秀一,汝銓,蘅塘,衡堂
姚秀英,雲卿
姚秉哲,鑑如
姚穎,洪卿
姚立德,次功
姚筠,俊卿,嶰雪
姚範,已銅
姚篚,希寔,希實,登之,龍津
姚簡,思廉,簡之
姚簣,成之
姚籌,與祁
姚純臣,熙載
姚素,韻蘭
姚素榆,姚鴻蕙
姚素珪,靜儀
姚紹,廷述
姚紹崇,桂軒
姚紹祖,景芳
姚紹科,伯道
姚絢安,炳垒
姚經陛,紫楓
姚綬,丹丘先生,仙癡,公綬,榖菴,穀庵,雲東逸史
姚維成,輔川
姚維鈞,薇娟
姚綸,嗣道
姚締虞,岱麓,歷升,歷叔
姚繩虞,孝升
姚繼勉,仲釗,勖堂
姚繼可,光父,又軒
姚繼崇,元相
姚繼巖,元宵,元肖
姚義,師仁
姚義明,煥章
姚翀,米山
姚翔之,儀卿,儀鄉,嚴鄉
姚翔鳳,夢禎,愚軒
姚翼,孺參,海屋子,翔卿
姚肇仁,復齋,恕求,蔞原
姚肇昌,樹基
姚肇椿,壽慈
姚肇瀛,松泉,瀛聲
姚肇菘,亶素,景之
姚能舉,賓老
姚自,君益
姚自强,行健
姚興,姚叔興,忠毅
姚興泉,問樵,虛堂
姚興潔,香南
姚舒密,仲周,師雲,石雲,釋筠
姚舜仁,令由,會由
姚舜元,景瑞
姚舜明,延輝,廷輝
姚舜牧,承庵,虞佐
姚良,晉卿
姚良弼,夢賢
姚良材,嵩生,有光
姚芬,畹蘭
姚若,仲芳,再洲,載舟
姚若蘅,沅碧,芷湄
姚英,浣齋
姚莆,勒若
姚莊仁,靜仁,靜岩
姚華,月輝
姚華國,文山
姚藩,宣孺
姚蘭,蓮浦,連浦
姚蘭泉,栽亭,秋塘
姚處璡,望之
姚虞,宗舜,澤山
姚行簡,菊坪先生,行簡
姚衍舜,光虞
姚袓虞,元賓
姚袓賡,子復
姚裕,啟寧
姚覲元,彥侍,裕萬
姚訏,君俞
姚訔,忠毅
姚訥,琮娥
姚詩雅,故堂,致堂
姚諧,栗岡
姚諮,潛庵
姚諶,則明,子展
姚谷,鄰崖
姚豸,小浦
姚輝第,子箴,稚香
姚辛,汝楫
姚近寶,弢唐,斗瞻
姚迥,及之
姚述堯,進道
姚述祖,思乘
姚逢年,南起
姚逵,繩霄
姚遂,良輔
姚遇,欽叔,錢叔
姚運東,木庵,茂亭,蘭圃
姚邦材,掄伯
姚配中,仲虞
姚金符,釜山
姚釗,維遠
姚鉉,寶之
姚銀,世寶
姚銑,孟聲
姚銘恭,懷箴,樵隱山人
姚錕,小江,鑑水
姚錫光,石泉,石荃
姚錫華,寶庵,曼伯
姚錫齡,西垣
姚錫齢,寶之
姚鍾俊,冠卿
姚鍾瑞,憲淸
姚鍾英,味山
姚鎬,周卿
姚鎮,公鼎,玉岡
姚鏌,六十一,東泉,英之
姚鏞,希聲,敬庵,雪蓬
姚長垣,煦亭,照亭
姚長發,筠菴
姚開昀,旭初
姚開祚,紹甫,鉛甫
姚閑,月靜
姚闢,子張
姚陶,次耕
姚陽元,舒堂
姚隆,復亨,竹菴
姚際恆,善夫,立方,首源
姚際虞,光典,熙輔,西圃
姚雄,武憲,毅夫,毅父
姚雲,姚雲文,江村,聖瑞,若川,雲文
姚雲台,炳臣
姚電,天悅,梅亭
姚霞仙,萼梅仙史
姚靜嫻,月浦
姚靜閑,月浦
姚音,葉菴
姚頤,息齋,雨春軒,雪門,震初
姚顯,仲昭
姚風翗,季羽
姚體信,汝達
姚體倫,次華,汝明
姚體偉,心崖
姚體備,萬子,誠叔
姚體化,汝大
姚鳳儀,雲儀
姚鳳翽,季羽
姚鳳鳴,徐鳳鳴,念祖
姚鳴鳳,景陽
姚鳴鸞,景雍
姚鴻倩,倩君,姚倩
姚鴻烈,樹勳
姚鴻苣,琬瑩
姚鴻茝,姚茝,婉瑩
姚鵠,居雲
姚鵬,鳴南
姚鵬圖,古風,柳屏
姚麟,瑞山
姚默,君益
姚黼,廷章,松雲
姚鼎,重器
姚鼐,夢榖,夢谷,姫傳,姬傳,惜抱,惜抱軒,惜翁,稽川
姚齊宋,再元,古愚
姚齊賢,彦思
姚龍,子憲
姚龍起,安道
姚𥫝,約之
姜㝢節,奉世
姜㶏,淸老,葵亭
姜一洪,光陽,開初
姜世龜,三休堂,文安,重寶
姜丹書,世銘,冊言
姜之綸,子如
姜九萬,南巖,正節
姜仲謙,光彥
姜仲軾,希蘇,肖鳳
姜任修,自蕓,退耕
姜佐,廷輔
姜佳賡音,姜佳永齡
姜信,勝興
姜倩,徽懿
姜儀,侑溪,君肅
姜儆,君治
姜元吉,文圃
姜元衡,玉璿
姜兆奎,星橋
姜兆翀,孺山
姜兆錫,上均,素淸,素淸學者
姜克誠,伯實,醉竹
姜兼,大民
姜凱,德安
姜博,克約
姜叔卿,守軒,景章
姜叔突,子讓
姜受,王標受
姜召,可叔
姜名武,忠烈,我揚
姜君弼,唐佐
姜周臣,仁輔
姜善信,彥誠
姜善餘,積而
姜嗣龍,汝中
姜國城,式京
姜國華,十一,邦實
姜國霖,姜國麟,雲一
姜圖南,匯恩
姜垓,如須,貞文先生
姜垚,汝皋
姜埰,如農,宣州老兵,敬亭山人,貞毅先生
姜培基,葵受,蒲村
姜堅,實夫
姜士尚,尙之,月浦
姜士弼,景猷
姜士昌,仲文,養冲
姜壽男,仁叟,忠烈
姜夔,堯章,白石道人,石帚
姜大中,叔權
姜大遂,勉哉,姜大進,學顔,寒沙,春磵,靜窩
姜大適,學仲
姜天樞,紫環
姜天祐,孝祥
姜天錫,祐之
姜天麟,國祥
姜奇方,孟頴
姜如真,玉兒,賓竹
姜子平,國鈞
姜子成,佐卿,貞一
姜子羔,十五,宗孝,對陽
姜孝騫,海槎
姜孟卿,子章,文景
姜孟龍,中甫
姜學夔,一臣
姜宏紀,子常
姜宗慶,仲業,梅墅,靑墅
姜宗泰,子安,芝庵
姜宗灝,宗灝
姜宗璟,昭如
姜定鎬,子京,宅之
姜宣,德敷
姜宮綬,丹銘,玉谿
姜宸英,寒玉亭,湛園,真意堂,葦閒,葦間,西溟,西蓂
姜寀,呂瀆先生
姜實,若虛
姜實節,仲子,學在,鶴澗
姜寶,四十二,廷善,惟善,鳳阿
姜少青,挹翠
姜履泰,怡安
姜山甫,鎭之
姜希孟,文良,景醇,私淑齋,菊塢,萬松岡,雲松居士
姜希轍,二澱,二濱,兩水亭,定庵,定菴
姜希顔,仁齋,景遇
姜師仲,補之
姜師恪,仲容
姜師閔,以孝
姜延栴,遂箴子
姜廷幹,綺季
姜廷栴,遂箴子
姜廷梧,桐音
姜廷榦,綺季
姜廷珤,國信
姜廷頣,以正,蒙泉
姜廷頤,姜廷順
姜弘國,公望,桐川
姜弘立,君臣,耐村
姜彧,文卿
姜復昌,漁所
姜循,禮卿
姜德嫻,守愚
姜必大,信之
姜志禮,立之
姜忠汾,炳生
姜忻,克榮
姜思熹,泉亭
姜思睿,謂明,顓愚
姜性,切蒙
姜恩,君錫
姜恭壽,靜宰,香嚴
姜恰,正吾,潛隱
姜愚,子發
姜慎度,祁齋
姜應明,光叔
姜應熊,周佐
姜應貞,中和齋,公直
姜應麟,子文,泰符
姜應齊,少湖,次侯,雨田
姜應龍,升之
姜承?,禹九
姜承宜,羽和
姜效乾,玉洲
姜敏著,來叔,茅山齋
姜文,質夫
姜文挺,茘軒
姜文衡,亦農,兆璿,北山
姜文魁,士元
姜新臣,許穆公
姜日章,旦童
姜日縉,松軒
姜昂,姜麥粥,恆頫,滄碧
姜昭玉,晴村
姜晉珪,卓庵,桐侯
姜晟,光宇,度香,杜薌
姜景敍,子文,草堂
姜暹,明仲,松日,松月堂,樂峰
姜曰廣,居之,忠確,燕及
姜曰銘,仁萬,磁石
姜書欽,子敬
姜朝勳,廣成
姜朝卿,念北
姜木立,待卿,符卿
姜柄,子謙
姜某,大智禪師,姜氏,義福
姜栢年,叔久,文貞,聽月軒,閒溪,雪峯
姜桂,古研道人,古硯道人,古觀道人,芳垂
姜桂題,翰卿
姜梅,子和,萼園
姜榮,仁甫,十九
姜槐,峻山,晉三
姜樸,子淳,菊圃
姜橚,仲銘
姜正,誠之
姜氏(姜執珪女),三乘
姜氏(姫揚妻),莊姜
姜氏(姬某妻),季敬姜
姜氏(姬餘妻),共姜
姜氏(衛宣公妻),宣姜
姜汝彨,佐周,林墅
姜沆,太初,睡隱,私淑齋
姜河,道原
姜泓,在湄
姜洪,啓洪
姜浩,希孟
姜淑齋,廣平內史
姜淮仲,仲父,通溪
姜淮伯,伯父,通亭
姜清,七十,源甫
姜渭,采臣
姜渭春,晴川,樹雨
姜渭聘,伯尙,忠烈,西湖
姜渭龜,聖叟
姜渾,士浩,文簡,木溪
姜湧,宗源
姜溥,希廣
姜漢,大容
姜漸,羽儀
姜潛,至之
姜潤,姜閏
姜澂,彦深
姜澤,潤甫
姜濤,伯淵
姜濬,德深,晦隐
姜瀾,曉江
姜炳璋,白巖,石貞
姜熙,懋昭,雲亭
姜燦,德輝,東郭
姜燮鼎,理夫,聖胎,蛻庵
姜特立,邦傑
姜玉菓,荆璆
姜珅,昆璞
姜球,滌泉,蔚濂
姜琛,廷璧
姜瑜,公獻,商谷,忠宣
姜瑞璘,石琴
姜瑞義,公宜
姜璇,懋塘
姜璉,廷器
姜璧,完卿,蒲汀
姜申璠,海珊,魯玉
姜皎,姜七
姜碩,公碩,忠烈
姜碩德,子明,戴敏,玩易齋
姜碩昌,叔夏
姜碩期,三塘,復而,文貞,月塘
姜福男,受堯,忠毅,栢節
姜穎新,文庸,至山,通皋
姜立綱,廷憲,東溪
姜筠,大雄山民,宜軒,穎生
姜箎,恫南
姜籒,師古,竹窓,采眞子
姜籤,公信,竹月軒
姜紹湘,邵湘
姜絅,四十二,幼章
姜絪,仁卿,是庵
姜綰,□十七,玉卿
姜繼曾,守約
姜繼襄,曙東,瞻東
姜翼,介庵,仲輔,松庵
姜翼文,君遇,戇菴
姜耀曾,漱泉,鑑泉
姜臣烒,岑憩
姜自磻,渔村
姜自駒,仲夏,蝶群,軼群
姜自騶,季良,芝眉,蕓史
姜興業,忠烈,渭叟
姜舜玉,竹雪居士
姜良思,睿所
姜良翰,希召,希申,常軒
姜英,時俊
姜葆銘,渭溪,湄溪
姜蘭雨,承雯
姜處度,容之
姜處恭,安禮
姜融,兆春
姜裕後,汝垂,玉溪
姜詗,詗之
姜詵,延言
姜諒,用貞,貞菴
姜諤,正臣
姜謄詔,御賓
姜謙,謙之
姜謙光,德明
姜貞,楚雲
姜賜履,渭水
姜蹈中,安卿
姜輅,樸存
姜迪祿,子尚
姜迺升,旭生,雲階
姜逢元,仲訒,箴勝
姜遇文,徑鞠,景周
姜道元,敬勝,節愍
姜道順,涵碧
姜遵,從式
姜邯贊,仁憲,姜殷川
姜金和,節之
姜鋧,子精,敬庵,文安,白閣
姜錫圭,殾齖齋,禹寶
姜鎔,陶花
姜鏞,平陽
姜鏡,永明
姜開齋,渤南
姜閎,道淵
姜隱,周佐
姜雲,溫翰
姜震,念劬,野鶴
姜霖,仲澤
姜霽,明遠,白石
姜韶,竹厓
姜順蛟,禹門,雨飛
姜順龍,見田,鱗玉,麟玉
姜鳳壽,德叟,松庵
姜鳳翥,鳴岐
姜鶴年,子久,復泉,紫雲
姜麟,文瑞
姜龍,夢賓
姜龜孫,用休,肅憲
姜𢢝,惟遠
姫揚,衛莊公
姬俀,魯宣公
姬光璧,杏農,特卿
姬均,平軒
姬夷吾,晉惠公
姬左陝,坤元
姬志真,姬翼,知常子,輔之
姬思誠,仲實
姬文柱,國桹,國楨,園楨
姬文胤,上昌,姬文允,忠烈
姬文龍,伯陽
姬某,公父,公父穆伯
姬歜,公父,公父文伯
姬氏(子瑕妻),伯姬
姬溫,思忠
姬赤,衛懿公
姬鎬,周卿
姬餘,共伯
姬黑肱,魯成公
婁偉,子俊,子餘
婁傑,靜齋
婁南良,德剛
婁含輝,爾發
婁四德,嬌愛
婁培,養山,餋山
婁堅,子柔
婁奎垣,秉衡
婁宿,拱辰
婁寅亮,陟明
婁居禮,敬之
婁希亮,洞菴,道弼
婁延禧,杏村,永言
婁廷彥,公枚
婁廷法,水心
婁建,良堂
婁志冲,太和
婁志德,勿齋,存仁
婁志淳,太初
婁忱,冰峯,誠善
婁性,原善
婁承潭,印三
婁承灃,聞皋,蕭皋,蘭峯,蘭泉
婁敬,仁恭
婁文炳,天章
婁文輔,道輿
婁斯豐,秋圃
婁星,子拱
婁春蕃,椒生
婁時,雨香
婁棟臣,仲梁
婁樞,子敬
婁機,彥發,忠簡
婁泗,崑來
婁浩,養元
婁淵,淵明
婁濬,潛夫
婁琇,元夫
婁瑾,公玉
婁皋,嘯亭
婁素珍,婁妃
婁良,至善
婁芳,永譽
婁詩徵,涵若
婁詩漢,卓堂,慧波
婁諒,一齋,克貞
婁謙,克讓
婁近垣,三臣,朗齋
婁鑄,南伯
婁雲慶,峻山
婁高望,開雲
嬴任好,秦穆公
嬴氏(楚平王妻),伯嬴
嬴胡亥,二世皇帝
子御說,宋桓公
子瑕,宋共公,宋恭公
子茲甫,宋襄公
孔,天璧,秀夫
孔世英,伯祥
孔令貽,榖孫
孔佑,孔聖祐,聖祐
孔信,信思
孔俯,伯恭,修仙,漁村
孔傅大,孔傳大
孔傅昊,擎蒼
孔傅柱,海寬
孔傅荃,性村
孔傅薪,雪樵
孔傅金,東山
孔傳,世文,杉溪,若古
孔傳坤,五雲,靜遠
孔傳棻,芳谷
孔傳正,孔傅正
孔傳炣,孔傅炣,振斗
孔傳綸,夢鷗,言如
孔傳英,聲遠
孔傳荃,泉園
孔傳藤,春爔,金生
孔傳鋕,振文,蝶庵,西銘
孔傳鐸,振路,牖民
孔儒,宗學
孔元,彥亨
孔元忠,復君,靜樂
孔元敬,忠卿
孔元龍,季凱,文介
孔克任,伯弘
孔克堅,璟夫,衍聖公
孔克忠,信夫
孔克愚,鈍夫
孔克源,敦六,義夫
孔克烈,顯夫
孔克紹,勉之
孔克表,正夫,群經類要
孔克齊,肅夫,行素,靜齋
孔公俊,師道
孔公恂,宗文
孔公溥,彥明
孔印蘭,夢仙
孔嗣宗,伯紹
孔士璘,玉卿
孔大德,登小
孔天胤,文峇,文谷,汝錫,管涔山人
孔夷,方平,滍臯漁父,魯逸仲
孔子,孔丘,仲尼,孔夫子,孔圣人,至圣先师,素王,尼父
孔季詡,孔季翊,季和
孔孫蘭,墨香
孔學詩,性齋,文卿
孔安國,子國
孔宗旦,公韓
孔宗翰,周翰
孔宗顯,弘章
孔宜,不疑,不移
孔少娥,文淑
孔尚任,季重,孤雲草堂,岸堂,岸塘,岸舫,東塘,聘之,雲亭山人
孔尚先,念菴
孔尚舉,心恕
孔尚鏞,仲石
孔希學,士行,衍聖公
孔希禎,仕祥
孔平仲,毅父,義甫
孔幼儀,孔毓儀
孔廕,德貽
孔廣培,筱亭
孔廣居,千秋,堯山
孔廣心,交亭
孔廣林,叢伯,贅翁
孔廣栻,一齋,伯誠
孔廣梓,用周
孔廣棨,京立,敏求齋,石門
孔廣森,丌軒,儀鄭堂,撝約,眾仲,象仲,顨軒
孔廣楫,海阜
孔廣泉,醴生
孔廣源,孔光祖
孔廣牧,力堂,飲冰子
孔廣謨,小圃,希文,笛生
孔廣鍈,廷昌
孔廣鍾,賡廷,贊唐,醉棠
孔廣鑒,次衡,雲塘
孔廣陶,少唐,鴻昌
孔延世,茂先
孔延之,長源
孔弘,承信
孔弘泰,以和,東莊,衍聖公
孔弘緒,以敬,南溪,衍聖公
孔彥縉,朝紳,衍聖公
孔彥舟,孔彥威,巨濟,彥威
孔復貞,鳧生
孔思則,得之
孔思晦,文肅,明道
孔思深,學在
孔思立,用道
孔思範,復賢
孔思許,與道
孔惟德,恆夫
孔惠,廷順
孔慶貞,儀昭
孔慶銈,儀甫,菊農
孔慶鍸,省香齋,稷臣,誠甫
孔慶鎔,冶山,鐵山園,陶甫
孔憲培,凝緖堂,篤齋,養元
孔憲堃,厚齋
孔憲庚,經之
孔憲彝,叔仲,敘仲,繡山
孔憲教,覲陔,靜皆
孔憲曾,以魯,筱雲
孔憲栗,奠宇
孔憲瑴,玉雙
孔憲瑴伛,玉雙,閬卿
孔憲盈,子翼
孔憲銘,新甫
孔戡,君勝,勝始
孔戣,君嚴
孔承恭,光祖
孔拱,執謙
孔文仲,經父
孔文俊,以秀
孔文昇,退之
孔文明,魯庵
孔文杓,端卿
孔文栩,周卿
孔文英,世傑
孔文貞,從善
孔斌,時憲
孔旼,寧極
孔昭乾,伯南,樛園
孔昭傑,俊峰,漢瞻
孔昭孔,味茗,微明
孔昭孫,明遠
孔昭容,玉仙
孔昭寀,印川,顯弼
孔昭恢,鴻軒
孔昭慈,剛介,文止,雲鶴
孔昭慰,東庵
孔昭晉,守謙,康侯
孔昭焜,石藻,蓳生
孔昭煥,顯明
孔昭熺,松峰
孔昭舉,又文,宗華
孔昭蕙,樹香
孔昭虔,元敬,荃溪,鏡虹吟室
孔昭銘,滌非
孔昭顯,一峰,小山,瑞堂
孔晥,子充
孔暘,子升,潔庵
孔有德,定南武壯王,武壯
孔森,英夫
孔業,仲茂
孔楷,魯林
孔榘,處度
孔權,執中
孔武仲,常父
孔毓圻,蘭堂,鍾在
孔毓文,肩吾
孔毓焞,友梅,如霆,絅齋
孔毓珣,東美,溫僖,璞巖
孔毓瑛,鍾璞,魯石
孔毓艮,青崖
孔毓芸,穉文
孔氏(吳顯妻),孔淑貞
孔汝器,世璉
孔汝楫,濟川
孔汭,世川
孔治,世安,正己
孔泗,宗魯
孔洙,存齋,思魯,景淸
孔浣,日新
孔淐孫,宗平
孔淮,世揚
孔淳,世良
孔淵,世陞,莘野
孔清真,守正
孔溫業,遜志
孔溫窟哇,忠宣
孔演,德永
孔潼孫,約齋
孔濤,世平
孔瀛,世表
孔灝,世廣
孔照傑,友蘭
孔珪,敬宗
孔琦,景韓
孔瑞麟,休巖,希聖,文獻
孔璐華,經樓
孔璠,誠甫,野耘
孔祥淑,齊賢
孔祥珂,莊慤,覲堂
孔祥百,誌怡
孔祥霖,北屏,少霑,强自寬齋
孔穎達,仲達,冲遠
孔納,衍聖公,言伯
孔紓,持卿,特卿
孔純熙,一齋
孔素瑛,玉田,蘭齋
孔紹安,孫孔
孔經,大猷
孔維,為則
孔綿山,晉望
孔緯,化文
孔繁昌,仲光
孔繁樸,厚庵,質生
孔繁灝,文淵,端恪
孔繁琴,韻笙,韻聲
孔繼中,檢齋
孔繼勛,熾庭,開文
孔繼勳,熾庭
孔繼坤,芳洲
孔繼堠,叔方,阜村
孔繼孟,德隱
孔繼宣,闡古
孔繼恂,春庭
孔繼汾,止堂,詩禮堂,體儀
孔繼涑,谷園,體實
孔繼涵,南洲,壽雲簃,微波榭,斲水詞客,福特精舍,紅櫊書屋,葒谷,藤梧館,誦孟,誧孟,青櫺齋,體生
孔繼濩,純齋,體和
孔繼瑛,瑤圃
孔繼紱,希岸
孔繼虞,監唐,藍唐
孔繼逵,雲衢
孔繼鑅,宥函,廓甫
孔繼鑠,宥函
孔聞禮,知節
孔聞韶,知德,衍聖公
孔胤植,孔允植,孔蔭植,對寰
孔胤樾,孔允樾,心一
孔自洙,文在
孔興傽,昭文
孔興壇,雨化
孔興洪,涵萬
孔興燮,起呂
孔興爕,孔興燮,起呂,輔垣
孔興璋,德懷
孔興誥,沂源,遠猷
孔舉,舜卿
孔茜霞,綺娟
孔蔭植,對寰
孔融,文舉
孔衍侯,介公,懋勛
孔貞一,紹虞,道原
孔貞時,中甫
孔貞曉,鳴陽
孔貞瑄,歷洲,璧六,聊叟
孔貞璞,顯貞
孔貞運,玉横,玉橫,開仲
孔道輔,原魯,孔延魯,延魯
孔鏞,公遠,昭文,韶文
孔鐸,天將,退翁
孔長寧,季大
孔韞芬,漪芬
孔韞輝,沁玉
孔馨,素葦
孔麗貞,蘊光
孔鼎,正叔
孔齊參,齊參
孙中山,孙文,孙逸仙,逸仙,载之,中山樵,帝象,德明,孙大炮
孙传芳,孙馨远,馨远,五省联军总司令
孙权,仲谋,孙仲谋
孛兒只斤亦憐眞班(德寧公主),德寧公主
孛兒只斤寶塔失里(魯國大長公主),魯國大長公主
孛兒只斤阿?,阿蓋主,阿襤
孛朮魯翀,子翬,文靖
孛朮魯遠,朋道
孛欒台,忠定
孛秃,忠武
孛端察兒,毅玄皇帝,熙祖
孛羅,天章
孛羅帖木兒,國賓
孛羅帶,武穆
孛羅鐵木兒,孛羅帖木兒
孛要合,武毅
孛顏忽都,元卿
孛魯,忠定
孛魯歡,莊愍
孝娥,聖姑
孝順,行先
孝順阿,常福
孟一脈,嗣孔,孟一脉,淑孔
孟丕榮,伯承,春岩
孟丕顯,介明
孟世泰,紹孔
孟世衡,汝平,霞谷
孟之紱,德麟
孟之縉,仲圭,文敏
孟乾德,伯健
孟亮揆,端士
孟仁裕,鳴謙
孟仁贄,忠美
孟仲宣,坦之
孟仿,思哲,見庭
孟佳運,景臣
孟俊,文羙
孟保同,德會
孟傅綸,芝田
孟傳璇,在星
孟傳金,小圃,月舫,臚卿
孟元,善長
孟充,實夫
孟兆祥,允吉,忠貞,肖形
孟公行,遵道
孟勳,守謙
孟化鯉,叔龍,雲浦
孟匡朝,孟匡明
孟卜,孟應羆,桓仲
孟厚,敦夫,高義孟公
孟叔弼,廷輔
孟叔獻,廷臣
孟召周,仰文
孟召棠,煥齋
孟周召,仰文
孟周祚,廉夫,素臣
孟善,保定侯,忠勇
孟喬芳,心亭,忠毅
孟嘉,康榮
孟嘏,子純
孟培楨,壽林,宜卿
孟士楷,孔木
孟壽湄,秋水
孟壽老,子長
孟夢恂,長文
孟大綬,浩予
孟奇,士常
孟子,孟轲,子舆,亚圣,孟夫子
孟孝標,則亭
孟學易,與時
孟守恭,思恭
孟宗寶,集虛
孟宗政,德夫,忠毅
孟官,惟正
孟寧,孟守,處中
孟寧裕,福三
孟封,疆臣
孟導,達甫
孟居仁,東章,體元
孟嵩,嶠之
孟師,大雅
孟師韓,芳圃
孟常,德常
孟庾,富文
孟廷柯,培之
孟廷相,爰立,雁山
孟廷颺,膺虞,賡處,賡虞
孟張明,孟明章
孟彥深,士源
孟彬,克簡
孟志源,德淸,重玄子
孟志遠,士亨,士亭
孟忠厚,仁仲
孟思,叔正,龍川
孟思光,仲齋
孟思誠,古佛,自明
孟慧僧,哲甫
孟慧蓮,淨香
孟慶榮,紱臣
孟憲璋,禮南,竹坪,覲南
孟應春,閬庵
孟承光,永觀
孟承烈,丕承
孟攀鱗,文定,駕之
孟文輝,浩軒
孟文龍,震翁
孟明台,澹園
孟明章,絅宜
孟明輔,孽持
孟易,希周
孟春,時元
孟昭常,庸生,漚風
孟昶,保元,孟仁贊,後蜀後主,恭孝
孟晟,玄晟
孟普,玄德
孟景韓,藥亭
孟暉,懷璧
孟栻,叔敬
孟棠,子漁
孟棨,孟啓
孟森,心史,蓴蓀
孟楠,伯茂
孟楷,淑端內史
孟樞,玄機
孟正笏,筠圃
孟毓勛,笑山,雲樵,雲麟
孟毓森,玉生,王笙
孟毓楷,亦裴,竹心
孟毓華,汝玉
孟氏(孟弘義女),大乘
孟氏(趙煦妻),昭慈,隆祐
孟永欽,崇軒
孟泌,道原
孟洋,星槎
孟洙,魯川
孟浩,養直
孟浩然,孟六,浩然
孟涣,濟父
孟淑卿,荊山居士
孟淦,伯川,晴瀾,虛舟
孟淮,衞原,豫川
孟淳,君復,康靖,能靜
孟渙,濟父
孟湛,冰壺
孟漢儒,王寀
孟潼,宗鎮
孟澄先,秋圃,秋閬
孟澔,亦堂,玉符,補亭
孟澤,德潤
孟澤厚,汌東
孟濤,巨源
孟瀅,筱渟,蕓波
孟瀛,士仙
孟灝,孟顥
孟熲,明允
孟燾,筠圃
孟爾的音索布多爾札布,索布多爾扎布
孟特穆,原皇帝,肇祖
孟猷,良甫
孟玄一,味真
孟玄喆,遵聖
孟王巳,孟王已,廷振,靜齋
孟玘,廷振,靜齋
孟珍,天澤,季生,玉澗
孟珙,忠安,忠襄,無庵居士,璞玉
孟球,庭玉,廷玉
孟琴堂,如音,知音
孟瑛,彥輝
孟瑞,徵之
孟璲,虞頒
孟生蕙,蘭舟,鶴亭
孟登,誕先
孟皥,天章
孟相基,伯輔
孟祥,廷瑞
孟祺,德卿,文襄
孟秋,子成,我疆,淸憲
孟秤,大娘
孟程,深甫
孟稱舜,子塞,子若
孟立,孝立
孟章明,節愍,絅宜
孟篤恭,寧穆
孟簡,孟十六,幾道
孟紹慶,爾申
孟紹甲,武夫,罝兔翁
孟紹虞,玄鉢,聞叔
孟維翰,宗卿
孟繼垚,學山
孟繼壎,志淸,治卿,綠莊嚴館,誌青
孟繼宗,子卿
孟繼慶,慎修,東瀛,長卿
孟纘祖,洙源
孟羽正,仲禹
孟習孔,古徒,魯南
孟翱,仲習
孟耀庭,心閒
孟致誠,大秀,天秀,性之,秀老,第十四
孟良胤,孟良允
孟芮,明圖
孟苪,明圃
孟萬澤,施中
孟藻江,鑑堂
孟蘊,子溫
孟處中,居正
孟裕,敬祖
孟觀,用賓
孟詞宗,孟希孟
孟詠,賡堂
孟說,宗傅
孟貞,知剛
孟貫,一之
孟賓于,國儀,孟水部,群玉峰叟
孟超然,亦園亭,學古退齋,朝舉,瓶庵,瓶庵居士
孟載有,鳴皋
孟述,景賢
孟述緒,繼美
孟速思,敏惠,智敏
孟逢原,深造
孟逢吉,謙齋
孟進,功可,淡莊
孟逵,道亨
孟道源,宗魯
孟遲,叔之,遲之,須仲
孟遵,子周
孟邦雄,彥國
孟邵,鷺洲
孟郊,孟十二,東野,貞曜先生
孟重,女器
孟鈺,琢亭
孟錦,織雲
孟錫珏,玉雙
孟鑑,克明
孟長巒,芸莊
孟陽,子乾,忠介
孟隆武,鄙夫
孟雲卿,孟九
孟雷,孔敬
孟霦,孔章
孟顏,學顏
孟顓,克勤
孟顗,彦童
孟顯,坦之
孟養性,存甫
孟養浩,五岑,義甫
孟養蒙,方閑老人,湘嶷
孟驊,冏伯
孟鳳,文簡,梧岡,瑞周,臧鳳
孟鶴林,松惺,松野
孟麟,瑞魯,西野
季九鳳,岐山
季京,梅屋,軼萬
季仁壽,山甫,春谷處士
季來之,太來,綺裏
季光弼,觀國
季南壽,元衡
季可,斯可,第萬四,與可
季吉泰,怡齋,曉岩
季善,毒峰
季埁,寅堂
季士超,敬堂
季嫺,元衣女子,靜姎
季嫻,玄衣女子,靜映
季子生,久庵
季學錦,絅齋
季完澤,坦之
季廷駒,昂千,竹坡
季復,希賢
季復初,月泉
季德彰,閑如
季德甫,仲修,寧齋,李德甫
季念詒,芑伯,鈞謀,頤叟
季恩沛,時葊,蒼雨,霖叔
季愈,秋圃,退如
季承禹,文若
季振宜,柱下史,滄葦,聽雨軒,詵兮,靜思堂
季敬姜,戴巳
季斆,彥文
季方,子坤
季春,體仁
季時亨,嘉仲,楊老,第四十七
季時選,伯英
季晞說,商霖,竹林先生
季本,彭山,明德
季東魯,國望
季概,仲承,李概
季武,子文
季永康,克雍
季永鉁,子席,惕齋
季汶,彥父
季淑文,慎庵
季淑貞,玉芳
季淵,宗淳
季源,本淸
季熙,諧寓
季琮,天球
季瑞貞,靜玉
季科,汝登,與登,連江
季穆克登布,壯節
季立道,成甫
季耀南,壽昌,雲崖
季膺,元服
季芝,春園
季芝昌,不失鵠齋,丹魁堂,仙九,怡雲仙館,文敏,雲書
季芳,如蘭
季萱,廷柯
季著,若晦
季蓁,實春,香坪
季蘭韻,湘娟
季賓,汝和
季逄昌,子明
季逢春,梅園,梅岡
季逢辛,酉山
季道統,亦卿
季邦楨,士周,耜洲
季錫疇,松耘,范卿
季鏞,伯韶
季長春,煦亭
季開生,冠月,冠月樓,天中,戇臣
季陵,延仲,白雲
季駿,文華
季麒光,聖昭,蓉洲
季麟,晴郊,繡紱
季龍圖,景范,瑞璋
孫?,充之,翀之
孫㮚,實甫
孫一俊,應章
孫一元,大初,太初,太白先生,太白山人
孫一奎,文垣,東宿,生生子
孫一正,格卿
孫一致,止瀾,雅一
孫一麟,碩夫,葉祥
孫七政,滄浪生,齊之
孫三錫,掛山,桂山
孫丕揚,叔孝,恭介,立亭,顯之
孫世,富春侯,忠勇
孫世儀,漁曹,虞朝
孫世恪,貞白
孫世揚,鷹若
孫世昌,少蘭,掌行
孫世棟,雲浦
孫世璋,照曠,禮南
孫世祐,元吉
孫世禎,正甫
孫世芳,克承
孫世顯,彥暉,雲壑
孫丙章,壽垣
孫中,時中
孫中麟,振公,甲符
孫乃誠,桂森
孫之宏,偉大,偉夫
孫之屏,朱之屏
孫之旭,凝齋,孟升
孫之昊,兩峰
孫之沅,蕙溪
孫之獬,嬾水園,龍佛
孫之翰,文舉
孫之騄,子駿,晴川
孫之騏,恆齋,逸群
孫九敘,功甫
孫乾,伯輝
孫予,孫吾與
孫五封,咢男
孫亢宗,悔遲,紫緒
孫交,九峯,九峰,孫蛟,志同,榮僖
孫亶,叔誠
孫人鳳,翔伯,補笙
孫人龍,端人,約亭,頤齋
孫仁,偉德,偉聽
孫仁溶,梅臞
孫仁賢,信齋
孫介,汝方
孫仝敞,大尹
孫仝轍,次眉
孫代,崔代
孫以仁,學元
孫以衡,平子
孫仲暾,大發,愚齋,景節
孫仲良,秋塘
孫仲鰲,道人
孫休,景皇帝
孫伯堅,道夫
孫伯棠,憩南
孫伯温,南叟
孫伯溫,南叟
孫伯炎,介岩,君羽
孫伯顏,元晉
孫似梅,魁百,麗百
孫似茗,蒙山
孫佐,時相
孫佑純,小雲
孫何,漢公
孫作,大雅,次知
孫佩聲,碧玉,鳴玉
孫佩芝,蔭蘭
孫佩芬,畹秋
孫佩蕙,春芷
孫佩蘭,譜香
孫佰悅,佰悅
孫佳,五十六,志完
孫佳桂齡,桂琳
孫佺,麟德
孫侀,可器,欣兒
孫侑,有可
孫侔,孫虔,少述,正之
孫俊,南溪遜叟,叔英
孫保圻,希俠,慨翁
孫信,中孚
孫修,岡吉,廣原,用吉
孫倜,而儉
孫偉,廷彥
孫偓,龍光
孫健,用純
孫傅,夢臣
孫傑,朝用
孫傳奭,少鼎
孫傳庭,伯雅,侍國,孫傅庭,忠靖,白谷,百雅,自谷
孫傳芳,佩嘉,浣雲,蟾仙
孫僅,鄰幾
孫億,廷齡
孫儒卿,彥臣,讓泉
孫儼,振望
孫允中,伯時,板泉,汝時
孫允升,彚嘉
孫允恭,堯表
孫元,同仁子,幼符,竹丹
孫元兆,輔苔
孫元凱,崑山,若士
孫元化,初陽
孫元卿,東伯
孫元吉,吉卿
孫元楷,用修,竹筠
孫元潮,尹圃,尹圖
孫元灝,澄齋,鎮西
孫元烺,黎光
孫元玿,陵樵
孫元蒙,正甫
孫元衡,湘南
孫元顗,敬伯,聽香,菽亭
孫兆奎,君昌
孫兆崑,芝峰,芝絳
孫兆魁,巒峰,青艇
孫兆鰲,曉塘
孫兆麟,開素
孫光啟,子貽
孫光庭,少元,東齋
孫光憲,孟文,葆光子
孫光祀,作庭,怍庭,溯玉,澹餘軒,祚庭,膽餘軒
孫光祖,孝光
孫光祜,仲篤
孫光裕,瀛帆
孫光輝,華國
孫克佐,竹田
孫克依,不庵,洸翁
孫克俊,垣齋
孫克宏,允執,孫克弘,雪居
孫克恕,推之
孫兖,應文
孫全照,繼明
孫全謀,元臣,澹亭
孫公亮,正憲,繼明
孫公佑,翼之
孫公瑜,玉良
孫其彥,次雲,蘭蓀
孫其武,豆芬
孫再午,麗中
孫冕,文中
孫冲,升伯
孫冶雲,錫山女史
孫劦,力三,笠山
孫助,益我
孫劼,叔獻
孫勉,伯強
孫勉傅,功一
孫勛烈,伯瑜,玉汝
孫勝,敏中
孫勰,志康
孫勴,志舉
孫勷,子未,莪山,誠齋
孫化龍,時際
孫匯澧,松濤
孫升,君孚
孫升長,允甫
孫卓,予立
孫南己,俊夫,孫璋,第一
孫博,約之
孫博雅,君僑,約齋
孫厚均,徽卿,薇卿
孫原湘,天真閣,姑射仙人侍者,子潚,子濟,子瀟,存養堂,射姑仙人侍者,心淸,心青,心青居士,梅王片,源湘,菊仙,蠖叟,謫仙人,長真
孫原貞,孫瑀
孫友萼,華樓
孫友蓮,幼青
孫友賢,受益
孫叔謹,信之
孫叔通,深道
孫可望,孫可旺,恪順,朝宗
孫右祥,象山
孫同元,雨人
孫同康,孫雄
孫同珍,尚之,待庵
孫含中,西林,象淵
孫吳會,楚望,牧隨翁,霽窗,齋窗
孫和,子孝,文帝,文皇帝
孫和相,越新
孫哲,吉泉
孫唐卿,希元
孫啟後,開先
孫啟烈,蔚生
孫善寶,楚珍
孫善福,茀侯
孫善繼,孫繼善
孫喬,子遷
孫喬年,寶田
孫喭,弘節
孫嗣,武康
孫嗣初,必復,護飛
孫嗣徽,少婉
孫嘉樂,令宜,春巖
孫嘉淦,孫家淦,懿齋,文定,錫公,靜軒
孫嘉穀,次珩,次行
孫嘉績,忠襄,碩膚
孫因培,子竺
孫固,以貞,聽雪
孫國,道甫
孫國均,竹西
孫國敉,伯觀
孫國棟,瑞卿
孫國楨,木彊,筱川
孫國華,珍凡
孫在中,鞠懷
孫在宸,民止,潛崖,潛霞
孫在豐,屺瞻
孫坊,六十,志國
孫坤,順夫
孫坽,誕先,遜先
孫垓,子玖,少樓,退叟
孫培元,子鈞,植堂,雨甘
孫培曾,士錡,壬錡
孫堅,始祖,武烈皇帝
孫堅靜,堅靜
孫堉,松岑
孫堪,伯子,伯泉,志健,長子
孫塘,子源
孫墀,仲泉,次子
孫墉,羨安
孫士佐,輔臣
孫士儀,文範
孫士寧,文以
孫士志,道心
孫士敏,汝學
孫士林,孫壬林,茂卿
孫士毅,智冶,致遠
孫士美,公燦,澹如
孫士英,俊卿
孫壽域,熙春
孫壽彭,小秋
孫壽祺,侶梅,子福,錫祉
孫壽臣,眉生
孫壽銘,少坪
孫多捷,奏三
孫夢元,問卿
孫夢卿,孫脫壁,輔之
孫夢月,花如
孫夢良,宋傅
孫夢觀,守叔,雪牕
孫夢豸,應兆
孫夢逵,中伯,莊九
孫大儒,匯洲
孫大學,希曾
孫大廉,少夷
孫大成,振道
孫大才,卓菴
孫大經,天常,西溪
孫大蘇,學坡
孫大醇,香谷
孫大霖,汝濟
孫大鵬,海南
孫天寧,一樵,一礁
孫天柱,月梯
孫天正,夢符,惠肅
孫天民,可達
孫夷甫,彝甫
孫奇峯,東厒,東雁
孫奇逢,一茅,兼山堂,啟泰,夏峰,夏峰先生,夏峰老人,孝友堂,徵君,歲寒堂,歲寒居,歲寒老人,留琴堂,百歲老人,野史氏,鍾元
孫奎,敦五,斗泉
孫奏,茲庵,賡伯
孫奕,季昭,履齋
孫奭,宗古
孫如僅,亦何,揖鶴,松坪
孫如法,三十九,世行,俟居,孫矮
孫如洵,木山
孫如游,文恭,景文,鑑湖
孫如瑾,亦何,松坪
孫如璧,南英
孫威,也科兀蘭,忠惠
孫嬰,孺之
孫子宜,梅君
孫子秀,元實
孫存,性甫,豐山
孫存吾,如山
孫孝愉,壺園,德和
孫孝楨,世求
孫孟,端甫
孫孟舉,周之,用之
孫學曾,洞谷,溫末
孫學稼,君實,秋圃,聖湖
孫學道,笠人
孫學顏,周冕,爾堯,用剋
孫孺,幼眞,幼真
孫守信,小石
孫守彬,得之
孫守榮,富春子
孫安,勉之
孫安祥,竹卿
孫安行,仁幾
孫完,孟學
孫宏滿,富軒
孫宏軾,以瞻,槐溪
孫宗元,柳下
孫宗弼,伯南
孫宗彝,孝則
孫宗溥,守愚,牧堂
孫宗緒,似百,青湖
孫宗老,考卿
孫宗錫,公符
孫宗鑑,少魏
孫官雲,仲霖,紫峰
孫定,志元
孫宜,仲可,仲子,洞庭漁人
孫宣,公達,同旦,朱廬
孫家棟,隆吉
孫家榖,稼生
孫家泰,引恬
孫家球,竹孫
孫家穆,淸如,篠漪
孫家谷,幼勤,稼生,貽卿
孫家賢,勝山
孫家醇,懿士,欽生
孫家鼐,文正,澹靜老人,澹靜齋,燮臣,蟄生
孫寀臣,楚岩,真長
孫實,若虛
孫審象,孫氏,近初
孫寶仍,孝堪,恕齋
孫寶常,健安
孫寶書,步青,玉堂
孫寶珊,蘊川
孫寶琦,孟晉,慕韓
孫寶琮,子方,璧臣
孫寶瑄,仲玙
孫尌勲,蔭渠,陰渠
孫小迎,小迎
孫少卿,襄楷,襄階
孫少矩,少矩
孫尚,志甫
孫尚仁,曉塘,退盦,重甫
孫居相,伯輔,洪陽
孫履道,大方
孫岐,子鳴
孫岳頒,雲韶
孫峴,文山
孫峻,克明
孫峻德,明軒
孫崇坫,康甫
孫崇垣,星航,星舫
孫崇基,樂只
孫崇墉,既勤,筱垣,茨卿
孫崇山,敦仁
孫崇恆,星舫
孫崇珩,寬甫
孫崇緯,似喬,星樓
孫崇裕,寬甫
孫嵩,元京,艮山
孫嶅,嘯岩,稼山
孫嶸叟,仁則,忠敏
孫巖,掄一
孫巨源,靖之
孫希夔,子樂
孫希旦,紹周
孫希曾,貫之,魯臣
孫希朱,養晦
孫希武,立夫
孫希綽,聲山
孫希蘇,又泉
孫希適,芳谷
孫師從,大順
孫平,德齊
孫幼實,鼎臣
孫序皇,子黃,繼庵
孫庚,雪磯
孫康周,晉侯
孫庸,鼎成
孫延畧,繩武
孫延齡,孫飛虎
孫廷夔,一峰
孫廷彥,曉棠,楫英
孫廷揚,孫庭揚
孫廷棨,眉谷
孫廷楨,繡墨
孫廷楷,芸軒
孫廷槐,右階,芥舟
孫廷標,樹準
孫廷獻,夢洲,棣園
孫廷璋,仲嘉,蓮士
孫廷翰,問淸,文棨,運章
孫廷銓,伯度,孫廷鉉,孫廷銈,文定,枚先,次道,沚亭,沚亭灌長,道相,金豆山房,顏山
孫廷鐸,煙蘿居士,道宣
孫廸,仲約
孫建,立德
孫建宗,毓祺
孫弁,文冕
孫弄珪,和兒
孫式恂,元魯
孫弘積,彦善
孫彝政,尊五,梅農,蘆舟
孫彝照,懋廷
孫彝甫,孫夷甫
孫彝訓,路廷,銘廷
孫彥,媺堂,筿卿
孫彥楠,崧橋
孫得成,君美
孫從添,上善堂,慶增,石其,石芝
孫從龍,化光
孫復,明德
孫復亨,豫貞
孫循江,紀堂
孫德之,東白山人,道子
孫德升,敘唐,筠亭
孫德威,幻叟,畏侯,觀河生
孫德彧,用章
孫德成,輔臣
孫德昇,允元
孫德昭,詩螟,軒蕉
孫德浩,沛人
孫德潤,以誠
孫德祖,寄龕,彥淸
孫德英,淩雲仙子
孫德謙,受之,益庵,隘堪
孫德輿,行之
孫徹徹篤,可臣
孫徽,德夫
孫必大,歲寒齋,而遠
孫必振,臥雲
孫必顯,克孝,意白
孫志,士尙
孫志儒,大若
孫志廉,惠達
孫志祖,壽松堂,梅東書屋,申鄭軒,約齋,詒榖,詒谷,貽榖,頤谷
孫志鎔,孫志銘
孫忠,克誠
孫忠顯,良輔
孫忭,夢得,孫貫,道卿
孫忱,誠之
孫念劬,寧武,潔齋,述甫
孫念培,竺樵
孫念曾,剋齋,希聖
孫念疇,伏元
孫念祖,莘農
孫思克,復齋,藎臣,襄武
孫思姙,文窗
孫思恭,彥先
孫思皓(字),思皓
孫思賢,龍池
孫怡,德容
孫怡祿,廉坡
孫恆,士能
孫恩,子德
孫恩保,小熙
孫恩壽,伯森,眉仙,韻武
孫恪,全寧侯
孫恭,懷信
孫悅祖,笑庵
孫惔,肖之
孫惟中,伯庸
孫惟信,季蕃,花翁
孫惟吉,正之
孫惟恭,執禮
孫惠,智藏
孫惠林,雨叔
孫愈賢,可聖
孫愼行,文介,淇澳,聞斯
孫慎,用脩
孫慎行,文介,淇澳,聞斯
孫慧勲,吉甫
孫慧基,積甫,靜生
孫慧惇,伯厚,小平
孫慧焯,蔭栢
孫慧良,納琴,經雅
孫慶,伯善
孫慶咸,珊麓
孫慶成,襄恪
孫慶瀾,雲翔
孫慶衍,希文
孫憲,章士
孫憲緒,蘭村
孫應元,仁甫
孫應奎,三十三,文卿,蒙泉
孫應昌,曉峯
孫應時,季和,燭湖居士
孫應求,伯起
孫應科,彥之,硯芝
孫應符,仲潛
孫應辰,拱極
孫應魁,元之
孫應鰲,山甫,文恭,淮海,淮海先生
孫應鳳,履坦
孫應龍,見田
孫懋,十三,德夫,毅菴
孫懋德,叔父
孫懋機,幾先
孫懷珍,荊山
孫懷邦,古愚,承寵
孫成,宏敬,弘敬
孫成名,登甫
孫成泰,允交
孫成烈,作孚
孫成象,乾曜
孫承則,南溪,定法
孫承勳,繩武
孫承宗,忠定,愷陽,文忠,文正,禾犀繩,稚繩
孫承恩,扶桑
孫承惠,忠武
孫承榮,君貺
孫承澤,三雅齋,北海,孫澤,思仁,玉鳧堂,知止閣,研山齋,耳伯,耳北,萬卷樓,萬花園,退翁,退谷,退谷老人,退谷逸叟,退道人,閒者軒
孫承烈,丕之,英園,菊舲
孫承祖,又庵,雲楣,雲韜
孫承福,雨生
孫承謨,顯卿
孫承麟,振子
孫抃,夢得,孫貫,文懿,書樓孫氏,道卿
孫抑,希武
孫抗,和叔
孫拙,幾玄
孫拱,文莊
孫拱辰,子極
孫振圖,象明,龍友
孫振基,肖岡
孫振宗,德聲
孫振烈,季芳,禿翁
孫捷,鏡堂
孫捷三,簡臣
孫接武,掖泉
孫揚,世顯,石臺
孫握,叔權
孫撝,忠烈,自謙
孫擴圖,充之,適齋,靈匯
孫效曾,恂士
孫敬,一之
孫敬祀,寅三,接甫
孫敬禮,笵五
孫文,中山,逸仙
孫文川,伯澂,澂之
孫文治,平皆,平階
孫文用,慈靜居士
孫文皓,觀明
孫文英,才卿
孫文蔚,振宇
孫文錫,公爵
孫文龍,見清
孫斯億,兆孺,雲夢山人
孫方,思行
孫方紹,比璉
孫於?,慎夫
孫日堂,曉菴
孫日熙,秋水,秋永
孫日萱,春叔
孫旬,滸西,若穆
孫旭,時升
孫旭媖,曉霞
孫旭英,如婉,曉霞
孫旵,愛暉
孫昂,一鶴
孫昌,曰藩
孫昌朝,孫昌期
孫昌裔,子長,鳳林
孫昌齡,二如,亦園,元嶽,念劬
孫明峻,克文,可文
孫易娟,友菊
孫星,少陽
孫星華,季宜
孫星衍,一榭園,五松園,五畝園,伯淵,伯衍,問字堂,問字館,嘉榖堂,季仇,季述,季逑,岱南閣,平津館,廉石居,東方廉使,東魯觀察使者,淵如,澄淸堂,芳茂山人,苑如,薇隱,雨粟樓
孫春,一元
孫春浦,蓉軒
孫昭,日章,松齋,襄敏
孫昭先,延父
孫昭遠,大年,孫大年,忠愍,顯叔
孫昱,廷昭
孫昺,尚晦
孫時,季中,樂安
孫時升,子亨
孫時超,雲翹
孫晉元,小周,小圃
孫晉墀,雲溪
孫晉灝,恭穆,秋生,補雲
孫晞甫,周翰
孫景元,嘉復
孫景商,安詩
孫景昌,仲揚,仲文,武川
孫景曾,商山,恬齋
孫景會,崑源
孫景烈,可園,孟揚,滋樹堂,競若,菜根園,西峯,西峯先生,酉峯,酉峰,酉麓山房
孫景玉,公輔
孫景真,久大
孫景賢,希孟,藤谷古香,龍尾
孫智敏,勤齋,執盦
孫暘,寅仲,赤崖
孫曉,東白
孫曦,明遠
孫曰恭,恭齋
孫曰烈,海珊,繼武,雨珊
孫曰熙,皞佐
孫曰秉,德元,葆年
孫曰良,艮齋,良齋
孫曰萱,春叔
孫曰點,春沂
孫書城,酉生
孫書芸,伴香
孫書雲,伴香
孫曾愈,汝勝
孫曾楠,德貞,讓生
孫曾開,子成
孫曾頤,子期
孫會叔,友仁
孫會祥,聯雲
孫有孚,熙臺
孫有聞,子長
孫望雅,七儼,臞仙
孫朝宗,有山
孫朝寧,天樞,賓瀾
孫朝棟,如東,岱山
孫朝肅,恭甫
孫朝華,仙實,淸臣
孫朝讓,光甫,本芝
孫期昌,大受
孫杓,端友
孫杞,德發
孫杲,榮僖
孫松,士賢
孫松壽,巖老,牧齋
孫枝,子榮,思泉,敬身
孫枝秀,孔嘉,翹生
孫枝芳,姚山,恩紹
孫枝蔚,五山酒人,叔發,塒齋,溉堂,豹人
孫架,國棟
孫查齊,渣濟,渣齊
孫校,右文,明軒
孫桂,月生
孫桐生,痴道人,筱峰,飲真外史
孫梅,春圃,春浦,松友
孫梓,渭材
孫棨,文威,無為子
孫植,斯立,簡肅,蜃川
孫椿年,永叔
孫楙,德操
孫楫,芥航
孫榘,不逾,東海,東澥
孫榮仁,惟善
孫榮旭,拙庵
孫榮枝,仲華,希聃
孫構,紹先
孫樂,夔卿
孫樊訓,銘廷
孫樓,子虛,百川
孫樵,可之,隱之
孫樸,元忠
孫樹,友琴,竹樵
孫樹本,秋屏,立夫
孫樾,汝峻
孫檠,明卿
孫檢,玉圃,玉霸
孫櫓,南屏
孫權,仲謀孙
孫次龍,次龍
孫欽昂,子定,師竹
孫欽晃,友梅
孫欽臣,仲恭
孫步康,篔谷,雲階
孫武卿,仲勳
孫殿甲,竹泉,翰廷
孫毓修,恂如,星如,留庵
孫毓庚,秋林,秋舲
孫毓敏,聖求
孫毓林,小雲
孫毓汶,匯溪,文恪,萊山,遲盦
孫毓溎,一松齋,梧江,犀源,碧桐吟館
孫毓筠,夬盦,少侯
孫毓藻,紹圃,紹園
孫毓麒,石來
孫比長,永叔,笠巖
孫氏,上聖皇太后,孝恭懿憲慈仁莊烈齊天配聖章皇后,聖烈慈壽皇太后
孫氏(孫同女),元所得,孫氏,法澄
孫永,亦梅
孫永思,性孝
孫永治,平階,泰叔,百平
孫永清,宏圖,宏度,寶嚴,寶巖堂,春堂,春臺,絜齋
孫永譽,麗堂
孫汝勉,堂夫
孫汝匯,仲選,六十二
孫汝彥,碩亭
孫汝明,晦叔,朗山,閬珊
孫汝梅,問羹,春山
孫汝翼,舜臣
孫汝蘭,湘笙
孫汝賓,允尚
孫汝賢,允功
孫汝贊,厚卿
孫汝霖,伯郇,靜山
孫江,岷自
孫汶,宗岱
孫沁,心源
孫沂,彥與
孫沄,宜生
孫沅,蘭臺
孫沔,伯淸
孫沖,子和
孫沛,小亭
孫河,伯海
孫治,五美
孫泂,漱泉
孫泰,時寅
孫泰溶,學成
孫洋,叔度
孫洙,苓西,蘅塘退士
孫洤,擔峰,靜紫
孫洪,伯大
孫洲,倉書
孫洵,子直
孫浤澤,慎餘,春濤,秩夫
孫浩,養齋
孫海,吟帆,舉卿,配山
孫海樓,小璵,小興
孫淑,蕙蘭
孫淑昭,婉雲
孫淓,箬洲,退庵
孫淡英,蘭雪
孫淦酉,二泉,醒帆,銓卿
孫清,直卿
孫清彥,士美,竹雅
孫清瑜,佩瑛
孫清載,笛舫
孫清黼,章白
孫渭,應淸
孫湄,楚江
孫湘畹,九蘭,蓀友
孫湛吾,涵虛
孫溫如,玉叔
孫漢,廣思
孫漪蕙,佩秋
孫漳,二十,希學
孫潛,潛夫,菣園,覬之
孫潼發,君文,帝錫,帝鍚,盤峯,盤峰
孫澄,元規
孫澤盛,奇云
孫激,叔達
孫濟,以道
孫濟遠,承澤
孫濟𦖳,希尹,眞儒先生
孫濩孫,沛村,邃人
孫濬,兩山,宗禹
孫瀾,子源
孫灝,海若
孫炌,奎章,立夫
孫炎,丹陽縣男,伯融,忠愍
孫炳台,季堂,星階
孫炳圖,縣泉
孫炳奎,仁甫
孫炳炎,起晦
孫炳煒,小軒
孫炳煜,耀庭,藜閣
孫為鈴,璜書
孫焵,礪之
孫煐,漁笙
孫煒文,汝寅,蔚原
孫煜,克明
孫煦,石樓,育萬
孫熙元,邵庵
孫熙祖,春臺
孫熺光,曉林
孫燦,晦孺
孫燧,一川,德成,忠烈
孫燮,呂揚,愈愚
孫燮和,越陽
孫燿,思晦
孫爵昌,二酉,酉山
孫爽,子度,容庵
孫爾修,菊才
孫爾準,平叔,戒庵,戒菴,文靖,泰雲堂,海棠巢,萊甫
孫爾禎,玉屏
孫玄,叔乾
孫玄則,元象
孫玉,璧田
孫玉堂,劍潭,右卿,森伯
孫玉庭,佳樹,嘉樹,寄圃,寄圃老人,延釐堂,文定
孫玉書,覲宸,觀辰
孫玉田,石農
孫玉麒,其章,花嶼,陵石
孫王民,渡仙
孫玘,孫圯,廷玉,廷瑞
孫珀齡,嗣昭
孫珂,廷珍
孫珉,宗理
孫珥炫,君斐
孫珦,張晌
孫珩,邦玉
孫珪,廷用
孫珫,子文,淇明,淇陽,玉耳
孫珮,伯玉
孫琛,獻之
孫琥銘,繁聲
孫琬,覲堂,觀堂
孫琮,執升
孫琰,廷尚
孫瑀,子章
孫瑋,以貞,純玉,莊毅,藍石,蘭石
孫瑗,蘧若
孫瑛,金田
孫瑜,孟脩
孫瑝,得人
孫瑞,季禎
孫瑞珍,儲英,奇庵,奇菴,安敦老人,文定,符卿
孫瑞穀,湘齋
孫瑤英,孟芝
孫瑤華,靈光
孫瑯,詒仲
孫瑾,慕同,慕周
孫璉,華亭
孫璚,廷玉
孫璟,榮組,虹如
孫璧,十一,文甫
孫璹,壽朋
孫璽,國信
孫瓊,蘊章
孫瓛,公執,澹於,瘦鶴山人
孫甡,偕鹿
孫用,尚本
孫甫,之翰
孫畋,無逸
孫疇,壽朋
孫登標,在岡
孫登瀛,濟亭,繼庭
孫登第,九齡,龍門
孫登龍,壽甫
孫發,妙仲
孫百代,衣來,農來
孫百斛,鼎臣
孫皇后,孝恭章皇后
孫皓,元宗,末帝,烏埕侯
孫皜,子尚
孫益,德謙
孫益大,君重
孫益庭,東厒
孫相,文卿
孫眄,洛賓
孫知微,太古
孫矩,仲方
孫磐,伯堅
孫礪,宏用,志學,慶春,第二
孫礿,居敬,畸庵
孫祐封,四休居士,萬受
孫祖京,蓉塘
孫祖壽,必之
孫祖德,延仲
孫祖烈,寅淸,虎峰
孫祖華,午樓
孫祖鐸,振鐸,政敷,洙堂
孫祥,廷瑞
孫祿,天錫
孫禎,文瑞
孫福海,補堂,鏡寰
孫福清,稼亭
孫福申,竹軒,錫五
孫福翁,叔和,香醉山人
孫福謙,谷人
孫禮輿,履之
孫禾,合穎
孫秉陽,夢旭
孫稷,長慶
孫穀,偃虹,嗇齋,子嗇
孫立節,介夫
孫立芳,朴軒,樸軒
孫端,子實
孫符乾,健菴
孫策,伯符
孫筥,秘典
孫節,惠照
孫範,興孫
孫簡,大居,維敬
孫籀,殿英
孫籍滋,公樹
孫紀雲,叔雨,幼軒
孫紘,文冕
孫素,蕰貞
孫素貞,淑芳
孫紹,復先
孫紹何,翰壽,翰青
孫紹先,宿山,汝宗
孫紹敖,孟然
孫紹曾,二乾,莪匪
孫紹武,緯文,蓮渚
孫紹祖,我山,遠宗
孫紹陽,春圃,梅村
孫絢,佩之,孫詢
孫經世,惕齋,濟侯
孫綜源,博臣
孫維城,宗甫,衛宇,衞宇
孫維墀,玉階
孫維棋,以介,起山
孫維清,仲直
孫維龍,普田,最堂
孫綽,炯之
孫緒,沙溪,誠甫
孫緝,繼号
孫緯,中隱
孫織錦,伯闇,大素
孫繩祖,克岐
孫繪,子華
孫繼,曰可,書臺
孫繼先,孝卿,慎齋
孫繼宗,會昌伯,榮襄,郯國公
孫繼寧,德童
孫繼有,姚岑,恆叔
孫繼皋,以德
孫繼臯,以德,柏潭
孫繼芳,世其,石磯
孫繼鄴,元嗣
孫繼魯,松山,淸愍,道甫
孫續,道父
孫纘,夢華
孫纘功,鞠思
孫義,以方
孫義普,智周
孫羲,伯隆
孫羽侯,鵬初
孫翌,季良,孫翃
孫翔林,梧階
孫翹江,湘圃,蘭皋
孫翹澤,春皋
孫翼謀,榖庭,硯伯,穀庭,鵬九
孫翼鳳,昭瑞
孫耀德,履清
孫聖蘭,兼山
孫聰,夷菴,用晦
孫聲,懋績
孫肇圻,北萱,頌陀
孫肇瑞,勉齋,引甫,格齋
孫肇興,振宗,振生,興公
孫肖曾,石林
孫胤光,鶴湄
孫胤驥,清溪
孫臞,肖青,臞蝯
孫臣,敬所,汝鄰
孫臨,克咸,公武,武公,武功,節愍,飛將軍
孫自任,仁甫
孫自修,搴玉,無修
孫自式,衣月,風山
孫致彌,愷似
孫興祖,世安,伯慈,忠愍,燕山侯,燕山后侯
孫興禮,慶甫
孫舜孝,七休居士,勿齋,敬甫,文貞
孫舟,取渙
孫艅,季楫,端陽
孫芳,琴川女史,碧潯
孫芳祖,心蘭,越畹
孫芳蓉,有慶
孫苕玉,琬華
孫若蒙,正叔
孫若谷,小溪,思謙
孫英,小姮
孫茂,庭蘭
孫荘容,令媛
孫華,元實
孫萬均,連浦
孫葆元,蓮塘
孫葆恬,劭吾
孫葆瑨,孫葆晉,孫葆縉,幼穀,石叟
孫葆田,仲恆,佩南,山淵閣,校經室
孫蒙,茶耘
孫蒙正,正孺
孫蓀意,秀芬,苕玉
孫蔚,守荃,逸雲居士
孫蕃,維翰
孫蕙,樹百
孫蕙媛,靜畹
孫蕡,仲衍,西菴
孫藎,道祖
孫藩,振宇
孫藩圻,屏東
孫蘊雪,貞白
孫蘩姑,澤芬
孫蘭,孫御寇,孫禦寇,柳亭,柳庭,滋九,聽翁
孫蘭媛,介畹
孫蘭枝,春甫,畹伯
孫蘭溪,芳谷
孫蘭祥,湘田
孫蘭言,德三
孫蘭谷,秋溪
孫蘭韞,九畹
孫虎,康安郡伯
孫虔禮,過庭
孫衍,世昌
孫衣言,克繩,劭聞,古今一影廬,思食筍齋,恰受航,玉海樓,琴西,遜學齋,遜齋,遯叟,邵聞,野航齋,頤齋
孫袁淑,婉卿
孫袓武,仲實
孫裒,益之
孫裔蕃,臨鵡
孫裕,德宏
孫襃,子稷,楚堂
孫襄,映雪堂,牧堂
孫見龍,叶飛
孫覲,明之
孫覺,莘老
孫覺之,宗順
孫覽,傳師
孫覿,仲益,鴻慶居士
孫觀,東雅,賓上
孫觀國,賓老
孫訓,于古,平占,平古
孫詁,世寧
孫詒經,子授,子綬,學古堂,文愨,㧖欹堂
孫詒績,仲彤
孫詒讓,一盂庵,中容,五鳳甎研齋,仲容,仲頌,徵君,百晉精廬,百晉陶齋,盂庵,籀厂頃,籀庼,籀廎,籀廎居士,經微室,荀徵,荀羕,處霞,越東逸民
孫詔,朝宣
孫誦昭,班卿
孫誼,子方
孫調,和卿,龍坡
孫諤,元忠
孫諧,和伯
孫謀,子裕
孫謐,月溪
孫謙豫,建候,立亭
孫譔鴻,左泉,祖羡
孫識,以蓄
孫讓,克恭
孫讜,廷臣
孫谷,祈園,雨田
孫象坤,松墅
孫象照,朗齋,顯明
孫象賢,魯菴
孫豫,宗岡,宗闓
孫豫吉,嘉會
孫貞,宗正
孫貫,子一
孫貫一,仲魯,又魯,翊堂
孫貫中,古杉
孫貴,和叔
孫貽年,壽門,谷仁
孫貽揆,季恆
孫貽澤,仲闓
孫貽謀,翼亭
孫貽谷,稷民
孫賁,公素
孫賓,敬之
孫賡南,唐陛
孫賡瀾,雲彤,雲翔
孫賢,舜卿,襄敏
孫賢相,翊周
孫賦謙,仲龢,壽堂,柄卿,綬堂
孫贊堯,有卿,賡虞
孫贊清,穆如,襄治
孫起,晉卿
孫起予,商友
孫起端,心筠
孫起綸,遜菴
孫起陽,景徵,松磵,聱漢
孫起鳳,陽岡,鳴岡
孫起龍,雲從
孫超,崧甫,青居士
孫路,正甫
孫軻,希賢
孫載,積中
孫輔,東濱
孫輝,德昭
孫轍,履常
孫辰東,楓培
孫辰龍,君旂,求心
孫近,叔詣
孫述庭,謂明,遹山
孫迺瑤,伯琴,琴舫
孫通,德寶
孫逢吉,餘慶
孫逢年,定齋居士,從之,正之
孫逢春,恆炤
孫逢淵,純雷
孫逢辰,會之
孫逸,仲舉
孫遂,睘居
孫遇,際時
孫運錦,心仿,繡田,鐵園山樵
孫道,純老
孫道凝,潛邨
孫道夫,太冲,水晶燈籠
孫道明,明叔
孫道毅,叔方
孫道絢,冲虛居士
孫道豫,虛舟
孫達,舍利
孫遷,神童
孫邈,明遠
孫邦仁,育伯
孫郁,勝文,歸耕
孫郃,希韓
孫鄘,翰之
孫金彪,紹襄
孫金章,澤襄
孫釭,子周,漫士,竹癡
孫鈺,敘南
孫鉞,子鈇
孫銀槎,竹尹,階青
孫銓,文揆
孫銘,日新,會昌侯
孫銘彝,巽揚,東柯
孫銘恩,文節,書常,蘭檢
孫銜,夢冰,子丹
孫銳,希純
孫銳之,春樵
孫鋌,二十五,前鋒,文和,次子,正峰
孫鋐,心輿
孫錝,三十,文秉
孫錤,瘦石,野史
孫錦,大紳
孫錦標,伯龍,慕廬
孫錫,昌齡
孫錫三,桂山
孫錫恩,芝田
孫錫第,及之,吉芝
孫錫蕃,棐臣
孫錫麐,雲壑
孫鍾瑞,子麟
孫鎬,納夫,芑溪,豐謀
孫鎮,慧貞
孫鏊,文器,漆圓供事,端峰
孫鏘,玉仙,高康
孫鏘鳴,旭庵,止園,止庵,海日樓,渠田,盤阿草堂,蕖田,韶甫
孫鏜,懷寧伯,振遠,武敏,武毅,鎮遠
孫鏡寰,民史氏,靜庵
孫鐘琇,半樓
孫鐸,振之
孫鑑,克明
孫鑒,筍莊
孫鑛,三十五,幼子,文融,月峯
孫鑨,二十三,文中,文仲,淸簡,立峰,長子
孫鑾,朝望
孫長卿,次公
孫長熙,壽伯
孫長紱,小山,赤城,赤誠
孫長遠,學廷
孫開華,壯武,賡堂
孫閎達,天士,遜庵
孫附鳳,君儒,君孺
孫陞,五十,季泉,志高,文恪
孫隆,廷振,都癡
孫際昌,名卿
孫雄,師鄭,樸庵,鑄翁
孫雄飛,翬之
孫雨修,菊才
孫雲,從龍
孫雲桂,薌泉,香泉
孫雲章,漢清
孫雲芝,小仙,香岩
孫雲錦,海岑
孫雲鳳,碧梧
孫雲鴻,儀國,復生,逵侯
孫雲鶴,仙品,蘭友
孫雲鷳,嫻卿
孫雲龍,倬亭,漢瞻
孫需,冰檗翁,冰薛木,冰蘖翁,孚占,孚吉,氷檗,淸簡
孫霑,雨蒼
孫霖,希說
孫靜筠,秀玉
孫革,孫華
孫鞏,子皇,秀峰
孫韶,九成,蓮水
孫韻仙,沁霞
孫頎,拙翁,景修
孫頤,匡叔
孫頤臣,仲嘉,璈舟
孫願,孫頠
孫願質,去華
孫顥元,華海
孫顧,孫頠
孫顯,榮甫
孫顯家,季謨,煥堂
孫馮翼,鳳卿
孫魁,星垣
孫魯,岱東
孫魴,伯魚
孫鳳,七峰,鳴和
孫鳳儀,半庵,愚亭,牟申
孫鳳台,儀九
孫鳳梧,竹亭
孫鳳翔,文起,梧岡,棣園
孫鳳翰,小酉
孫鳳臺,儀九
孫鳳鈞,銓百
孫鳳鳴,桐峯
孫鳴世,應卿
孫鳴圻,鶴卿
孫鳴珂,據梧山房,紫珊,閣聲
孫鳴皋,子九,自久
孫鳴鳳,文瑞
孫鴻,仲儀
孫鴻寶,連古
孫鴻烈,勳臣
孫鵬,克明
孫鵬初,羽侯
孫鵬翥,更生
孫鵬飛,仰泉,寄冰
孫鶚,齊賢
孫鶴峯,竹軒
孫鶴年,芝圃
孫鶴書,孫徵三
孫麓京,燕石
孫麗融,蕙鑲
孫麟,硯舫,蘇門
孫麟趾,月坡,淸瑞,素徵
孫默,孝綱
孫點,君異,聖與,頑石
孫鼇抃,才甫
孫鼎,公宜,吉水三儒,吉水三先生,宜鉉,欽齋,貞孝先生
孫鼎來,用父
孫鼎吉,小山,筱山
孫鼎烈,味諳,四槐老人,尗盉
孫鼎臣,芝房
孫鼛,叔靜,通靖
孫齍,端誠
孫龍舒,士雲
宇文之邵,公南,止止先生
宇文价,子英
宇文公諒,子貞
宇文子震,子友,成州
宇文峒,西叔
宇文師獻,德濟
宇文師申,德聞
宇文師說,德承
宇文常,權可
宇文昌齡,伯修
宇文時中,季蒙
宇文毓,世宗,明帝,明皇帝
宇文氏（竇毅妻）,襄阳长公主
宇文泰,太祖,文皇帝
宇文直,豆羅突
宇文粹中,仲理,仲達
宇文紹奕,卷臣,袞臣
宇文紹彭,信臣
宇文紹節,忠惠,挺臣,顧齋
宇文肱,德皇帝
宇文脩多羅,普明
宇文虚中,叔通
宇文虛中,叔通,國師,宇文黃中,肅愍
宇文衍,靜皇帝
宇文覺,孝閔皇帝,閔帝
宇文護,薩保
宇文贇,宣皇帝
宇文邕（北周武帝）,武帝,武皇帝,高祖
宇文鍾,伯秀
宇文鼎,周重
守忠,蓉先,遂庵
安㺬,五休堂,待之
安世彦,士美,氷臺
安世鳳,鳳來
安世鼎,鑄九
安丙,子文,忠定
安之瑄,仲溫,少峰
安九埏,靖九
安九域,于統
安仁,存德
安令節,令節
安伯起,彥舉
安佑,于吉
安作桐,鳳樓
安佩連,壬青
安依人,樂仙
安俊,蘆浦
安元壽,茂齡
安元崇,文憲
安元暉,元暉
安光胤,竹亭,述甫
安克諴,子誠
安全,二勛,蘭岩
安劉,景周,東山
安北,陌山
安吉,匯占,古琴,靄堂
安名世,景應
安命老,德叟
安嘉善,體亨
安國,桂坡,民泰
安圭,伯玉
安塾,學而
安夏,大也,大巳
安太平,星嘖,星嘳,星噴,星階
安奎,應文
安奎交,雲亭
安奎文,雲亭
安如山,子靜
安子訥,金銘
安子野,子野
安孟聃,德壽,良孝
安宅,子仁,靜齋
安守和,煦齋
安守忠,信臣
安完慶,貞菴
安宗源,嗣淸,文簡,雙淸堂
安宗祿,廷吉
安宗道,歲寒齋,貫夫
安實,子仁
安岐,儀周,儀舟,古香書屋,安圖,安歧,松泉老人,沽水草堂,麓村
安崇善,仲止,文肅,雍齋
安希范,小范,我素
安師,文則
安度,善通
安廣譽,無咎,退翁居士
安延,貴薛
安廷燮,和叔,晩悟軒
安彭命,德甫
安後泰,來叔,月窓
安後說,劒南,德雨,齋谷
安德,安住
安德裕,師皋,益之,益子
安志,士尙,農厓
安念祖,小浦,景林
安思承,竹齋,貞肅
安惇,處厚
安惟學,行之
安應世,士挺,月窓
安敏學,文靖,楓崖,習之,而習
安敏行,務仲,霞山
安文凱,文懿
安文思,景明
安文瀾,翰卿,迪剛
安文璧,仲書
安昭祖,光遠,通村老子
安昹,景容,炙背軒
安景恭,良度,遜甫
安松,庭幹,恕齋
安桑鷄,田隱
安止,子行,文靖,皋隐
安正同,莊潔
安永松,兆宣,夢生
安永清,汝澄
安汛,秀川
安泉,惠生,鳳林
安泰,安鮐
安洛德,臨敘,臨權
安清,世高
安清翙,藹甫,麻姑山人
安清翰,儀甫,雪湖
安清翹,寬夫,翼聖
安滉,景浩
安滔,巨源
安潮,太和
安瀾,荊山
安煥,復旦
安煦,和仲,素庵
安照,曉珊
安熙,敬仲,默庵
安燾,厚卿
安牧,文淑,益之,謙齋
安獻徵,聖觀,鷗浦
安玄朗,子遠
安玥,眉仲
安玹,仲珍,文僖,雪江
安珦,士蘊,文成,晦軒
安珽,挺然,竹窓
安琛,子珍,恭平,竹窓,竹齊
安琠,君珍,蟠松
安瑋,伯珍,文簡
安瑗,景質
安瑛,元瑞
安瑭,彦寶,永慕堂,貞愍
安璥,伯溫,芹田
安璲,汝佩,滄溟
安璹,待而,樂園
安璽,君信
安璿,孟公,蒼涵
安瓚,黃中
安癸仲,北望
安盤金,新三,石城,貢三
安相億,松齋,聖休
安省,思簡,日三,泉谷,雪泉
安磐,公召,公石
安磬,公石,安磐,頣山,鴻漸
安祐,文康
安祥,少農
安禮,伯寧
安禮護世,正卿
安童,忠憲
安筠,庭實
安篔,雪圃
安純,靖肅,顯之
安紹芳,茂卿
安經傳,繼動
安維峻,小陸,曉峯,曉峰,渭襟
安縝,栗甫,鶴村
安繼宋,子胤,耕叟,薄田
安耘,仲犁
安自裕,季弘
安致遠,拙石,靜子
安蔭甲,乙垣,澗南
安蕃,叔衍,謙仲
安藏,國寶,文靖
安處謙,伯虛,謙齋
安處順,幾齋,思齋堂,順之
安覯,思仲,苔巒
安詩,仲依,博齋,芝慶
安誠,安明
安諒,叔子
安謙,汝光
安豐,安邊阿
安軸,文貞,當之,謹齋
安輔,員之,文敬
安遇,時叔,蘆溪
安邦,彥臣
安邦俊,士彦,文康,牛山,隱峰
安重誨,安重晦
安金,汝礪,茱湾
安長庚,少白
安震,常軒
安靜,處冲
安顯孫,恕父
安餘慶,善繼,玉川
安馠,君晦
安鬱文,筆峯,肇峯,肇祿
安鴻漸,八才子,洛陽才子
安齡,景袁,靜軒
宋㬇,宋暎,景晉
宋一韓,國田
宋一鶴,蚓齋
宋一麟,仲符,震陽
宋世傑,竹庵
宋世向,子防,星垣
宋世忠,恕可
宋世恆,健齊,健齋
宋世淋,壺隐,獻仲
宋世熙,理堂
宋世犖,十六銅爵書屋,卣勛,古銅爵書屋,名山堂,确山,确山樓,紅杏軒
宋世珩,獻叔,盤谷
宋世華,確山
宋中泰,南溪,履齋
宋之儁,節愍
宋之問,宋五,宋少連,延淸
宋之屏,霞城
宋之才,庭佐,廷佐,文簡,雲海
宋之普,則甫
宋之汪,容之
宋之源,深之,積之
宋之潤,澤之
宋之珍,國寶
宋之瑞,伯嘉,樵隱
宋之盛,未有,白石先生
宋之睿,思堂
宋之繩,其武
宋之韓,元卿,敬齋
宋九儀,夔卿
宋五仁,慕劬,靜山
宋京,宏父
宋人傑,栒侯
宋仁溥,體之
宋仁華,實宣,梅莊
宋仕,可泉,汝學
宋令文,三絶
宋以方,宋以芳,義卿,西溪
宋仲仁,春卿
宋价,朱价
宋伊,汝任
宋伯仁,器之,雪巖
宋伯康,安耆
宋伯華,汝含,鑑弦
宋伯魯,子純,子鈍,子頓,心太平館,海棠仙館,焚香省過齋,竹心,芝友,芝棟,芝洞,芝田,芝鈍,鉢庵
宋佖,仲子
宋作梅,和文,愛川
宋佩玉,昨兆,昨非
宋佩綬,膺章
宋侃,忠剛,西齋
宋來會,淸源,淸遠,秋輔
宋信,海進
宋偓,仲儉,宋延渥,延渥,莊惠
宋偘,十八,子穆
宋傅,巖老
宋傅會,南陔,雨陔
宋傑,廷英,時彥
宋僖,宋元僖,無逸
宋儀望,暘山,望之,華陽,華陽山人,陽山
宋儒,希淳
宋允恆,子成
宋允清,昭景,景昭
宋元之,伯允
宋元俊,甸芳
宋元則,秉彝
宋元孫,從善
宋元老,時叔
宋元醇,小棠
宋兆元,繼儒
宋兆奎,聚五
宋兆李,省庵,紫函
宋兆熊,茲泉
宋兆鶴,開士,雲岑
宋光勳,欽文
宋光國,二厓,尚賓
宋光淵,泛虛亭,道深
宋光遠,民望
宋克,仲溫,南宮生
宋兌成,酉山
宋兟,友笙,文笙
宋公玉,長石
宋其沅,湘帆,玉溪,芷洲
宋再初,居安
宋冕,公瞻,孔瞻,滸山
宋凌雲,逸仙
宋剛仲,仲潛
宋劭穀,芸皋
宋劼,獻孺
宋勤業,彬來,省齋
宋原端,朱原端
宋可久,柱石
宋可發,艾石
宋名璋,奉峩
宋和,介山
宋咸,貫之
宋咸熙,小茗,德恢
宋啟忞,健亭
宋善至,令儀
宋喬年,仙民,忠文
宋嘉俊,俊臣,凈塵,鏡澄
宋嘉炳,午園,古愚,松崖
宋嘉玉,德章,蘭史
宋嘉進,八弘
宋因號,杏亭
宋國榮,君用
宋國樅,瑢佩,韻亭
宋國澤,四友堂,孝貞,澤之
宋國瑽,韻亭,頡寧
宋國相,時佐
宋國經,紫亭,鱗圖
宋國華,崇樂
宋圖南,忠愍,萬里,西村
宋在仕,君澤
宋在詩,宜亭,野柏,雅伯
宋坮,霞陵
宋培芳,厚田
宋基,似齋,維德
宋基厚,聞道齋,誠伯
宋堤,持正
宋堯化,汝雍
宋堯武,季鷹,淸白使君,遜菴
宋堿,淑直
宋士中,菁莪
宋士俊,東濤
宋士琇,充亦
宋士達,宋自達,德甫,梅谷,自達
宋壽圖,南衡
宋壽慶,友松,安一
宋壽玉,景福
宋壽芝,友梅,安二
宋夢因,文炳,琴巖
宋夢池,應瑞
宋夢蘭,滋九,畹香
宋夢裴,展卿
宋夢鼎,翔仲
宋大勺,十一,道成
宋大寅,少白,星槎,雲湖
宋大業,彥功,念功
宋大樽,左彜,左彞,牧牛村舍,茗香
宋大武,文成
宋天恩,丹泉
宋天民,春野,若尹
宋天顯,敬夫
宋太乙,龍山
宋太初,永初
宋奎濂,文僖,道源,霽月堂
宋好智,景祐
宋如林,仁圃
宋如溢,均容
宋如璋,南仲
宋如辰,斗凝,雪書
宋婉,蘭齋女史,香馨
宋子房,漢傑
宋子昌,壽甫,文垣,聿賀
宋子正,方壺
宋子環,文瑩,瑩菴
宋子聯,小梅,捷三
宋子貞,令修
宋存德,惟一,浴泉,育齋
宋季,伯奴
宋學朱,旭初,用晦
宋學洙,文起
宋學濂,尗劬,蓴湖
宋學祁,博田,西山,雨山,雨田
宋學道,仲明,悊陽
宋宇,子明
宋守一,仲容
宋守富,德政,萬五
宋守志,貞甫
宋守有,德懋,萬四
宋守約,崇要
宋守還,德明,萬三
宋安書,謝山
宋安瀾,附山
宋完,志父
宋宏塗,西軒
宋宓,儉齋,禦之
宋宗元,光少,愨庭,魯儒
宋宜,仰山,獻可
宋宣,世達
宋宴春,少梅,少海
宋家勛,竹巖
宋家炘,恕存
宋寅,文端,明仲,頤庵
宋寅明,忠憲,聖賓,藏密軒
宋實,壁山
宋實穎,既庭,湘尹
宋小濂,友梅,鐵梅
宋尚敏,子愼,石谷
宋尹文,文璧
宋尼子,尼子
宋岳,伯鎮
宋崇祿,壽卿
宋嶽,紹申
宋希堯,淑中
宋希奎,倻溪散翁,天章
宋希孟,鄒卿
宋希祖,彭山二宋,紹庭
宋希進,退之
宋師襄,一衷
宋師頤,敬淑,新淵
宋常,常固
宋庠,元憲,公序,宋郊
宋庭瑜,宋廷瑜
宋庭筍,中立,勿染亭
宋延年,一川居士,仁夫
宋延春,小墅,引恬
宋廷佐,良弼
宋廷奎,元卿,迂叟
宋廷枋,玉圃
宋廷樑,子材,梓濟
宋廷相,寶堂,燮堂
宋廷祚,君受
宋廷表,進之
宋廷魁,了翁,其英,竹溪居士
宋弼,良輔
宋彥名,子謙
宋彥通,棻泉,菉泉,蒙泉
宋彬,士全
宋彭,顯之
宋徵,直愍
宋徵殷,約軒,質夫
宋徵璧,存楠,尚木,林屋
宋徵輿,林屋,林屋人,直方,轅文
宋德,世隆
宋德之,彭山,正仲
宋德兟,小園
宋德宏,疇三
宋德宜,佑之,右之,文恪,蓼天
宋德方,廣道,披雲真人
宋德春,蘊山
宋德榮,四貞,宋德英,忠壯
宋德潤,澤民
宋德澤,季霖,輝如
宋德贊,小園
宋德輝,玉山
宋德銘,警堂
宋必達,其在
宋志夔,胄和
宋志沂,浣花,詠春,銘之
宋志濂,步周,蓮溪
宋忠,壯愍
宋思仁,汝和,藹若
宋思敬,秋厓
宋思齊,思齊
宋恭,宋自逢,愿父,自逢,願父
宋恭甫,逸齋
宋恭詒,滋庵,稚恭,蕓夫
宋惕,未有
宋惟亮,無為先生
宋惟健,士強
宋惟元,以貞
宋惟幹,宋維翰
宋惠綏,約亭
宋愉,雙淸堂
宋愚,松亭,汝省
宋愛,體仁
宋感,大總
宋慈,惠父
宋慎,子畏
宋慎交,葆初
宋慎行,勤卿
宋慶,忠勤,祝三
宋慶之,元積,希仁
宋慶和,育堂
宋慶嵩,亹伯,聘香
宋慶曾,丞甫,承甫
宋慶遠,源餘
宋慶餘,濱源
宋應,用之
宋應亨,長元
宋應先,有間
宋應和,約齋,道達
宋應奎,六十二,文明
宋應文,思安,簡葊
宋應昇,元孔
宋應昌,時祥,桐岡
宋應星,長庚
宋應漑,公溥
宋應瑞,宗應瑞,溫叔,直行,第懿一
宋應祥,允吉
宋應麟,賡南
宋懋晉,明之
宋懌,子夷
宋懷,士皐
宋懷仁,宋氏
宋懷曾,魯齋
宋懿,延嗣
宋成明,君集,松石,聖集
宋成綏,鏡齋
宋成緩,鏡齋
宋承之,二江
宋承庠,蓮漪,養初
宋承禧,伴菊軒,景繁
宋拯,道濟
宋摶,鵬舉
宋敏,好古
宋敏修,中道
宋敏求,穀懷
宋敏道,白山
宋教仁,宋遁初,遁初,渔父,漁父,遯初
宋敞,尉占,靜山
宋敦元,俊盧,參應,參盧,愛盧
宋敬業,遜修
宋文仲,伯華
宋文博,文博
宋文囿,福五
宋文懿,德淵
宋文明,榮亭
宋文昭,文霆,福四,蓉峯處士
宋文榜,朱文榜
宋文琳,恭武
宋文瓚,子章
宋文矩,善集
宋文蔚,公炳
宋文運,端慤,開之
宋文隆,文華,福八
宋文馨,福七
宋斌,文叔
宋斑,粹夫
宋旅,庭實
宋日隆,伯文,時行,正老,第光一
宋旭,初暘,景暘
宋旭照,蓉初
宋旻,弘澤
宋昇,宋昪,恭敏,景裕
宋昌悅,暢谷,粹天
宋昌英,漢卿
宋昌言,仲謨
宋明,古愚,惟遠
宋明奎,章吾
宋明宇,子明
宋昞,景融
宋春桂,蘭亭
宋時倓,大而,負暄堂
宋時榮,公先,忠顯,茂先,野隱
宋時烈,尤庵,尤齋,文正,聖賚,英甫
宋時瑩,幼輝
宋時英,德章
宋晉,水流雲在館,錫蕃,雪帆
宋晉之,孝先,樟坡,正卿,舜卿
宋晟,西椒
宋普,惠父
宋景,以賢,十四,南塘,莊靖
宋景凍,鶴齋
宋景昌,冕之
宋景焜,煥齋
宋景琇,陳景琇
宋景祁,文卿
宋景福,茀堂
宋曰仁,思表
宋曰英,山玄
宋書升,旭樓,旭齋,晉之,普之,貞階,進之
宋曹,射陵,彬臣
宋有,子華
宋有勲,雲臺
宋有文,顯章
宋朝楠,于蕃
宋木仲,體功
宋本,正獻,誠夫
宋本中,體淵
宋杞,授之
宋林,廣平
宋林縉,秋樵
宋柏,秉操
宋某,及甫
宋柟壽,松潭,靈老
宋棐,子成,材成,裁成
宋棠,子澤
宋楙澄,幼淸
宋楚望,恆齋
宋楠,丹林
宋榮,弘仁
宋構,承之
宋槤,宗彞,樗裏
宋樂,大宋,玉才
宋權,雨恭
宋欽,孝憲,欽之,知止堂,觀水亭
宋武,仲達
宋毓,鍾秀
宋毓仁,善辰
宋毓芳,芸莊
宋氏,郎大家宋氏
宋氏(宋再榮女),宣文君
宋氏(定順王后),定順王后
宋氏(趙匡胤妻),孝章,開寶皇后
宋氏(韋逞母),宣文君
宋民古,蘭谷,順之
宋永升,審言
宋永敷,永富,百四
宋永清,溪翁,澄庵
宋汝志,碧雲
宋江,公明
宋沂,希曾
宋沆,厲齋先生,叔子
宋治,時雍
宋沼,池齋,沚齋
宋泳,仲游
宋洪,涵道
宋浚吉,同春堂,文正,明甫
宋淑信,中孚,孟芳,蓮塘
宋淩雲,逸仙
宋淳,德完
宋淵,芚菴
宋淵涇,澄川
宋清壽,介楣,芥楣
宋清源,天波
宋渤,柳菴,齊彥
宋渭,俊四,景亨
宋湘,秋塘
宋湜,忠定,惠定,持正
宋準,哲衡,菊堂
宋溗,俊五
宋溥,瀛洲
宋溥德,千〇八
宋滄,伯淸
宋滋蓍,夢爻,彖之
宋滋蘭,佩之,夢馨
宋漢,天章
宋潢,小嵐
宋澄,俊三,景淸
宋澍,小坡,愛日堂,沛青
宋澤,理鄉
宋濂,俊二,太史公,文憲,景濂,替溪先生,溫樹,潛溪,玄真子,龍門子
宋濟,宋五
宋炌,介三,介子,介山
宋烈,子昂,宋先,宋務先,宋務光
宋無,名世,子虛,宋名世,晞顏,翠寒道人
宋然,訏川
宋煇,彥祥
宋煒圖,華南,華雲
宋煜,伯華
宋燮衡,子筠
宋燾,繹田
宋爌,廣生
宋爾昌,福汝,靜坐窩
宋牧民,耑愚
宋犖,古竹圃,和松庵,嘉禾堂,將田樓,放鴨亭,松庵,樂春園,淸德堂,滄浪寓公,漫堂,牧仲,筠廊,綿津山人,緯蕭草堂,西山,西陂,西陂居士,西陂放鴨翁,西陂老人,賜果亭,賜果園,雙江,魚麥堂
宋玉,宋五經,廷珍
宋玉仙,德如
宋玉奎,惺吾,星五
宋玉珂,次山,珮聲
宋玨,比玉
宋玫,九靑,文玉
宋玹壽,正愍
宋珍,子玉
宋珏,宋比玉
宋珫,廷璧
宋球,寳尚
宋琛,丹崖
宋琦,景韓
宋琪,俶寶,惠安
宋琬,玉馨
宋琮,廷用
宋琰,宋炎
宋瑄,長子
宋瑊,淑直
宋瑋,西崖
宋瑗,希蘧
宋瑛,玉華
宋瑜,味古,茂純
宋瑟諧,朱弦
宋瑭,德潤
宋瑮,克純
宋璉,曉園,林寺
宋璋,德璉
宋璜,磻溪
宋璟,宋大,宋廣平,文貞
宋璠,魯珍
宋璫,寶臣
宋璲,仲珩
宋璽,楚王
宋瓚,仲珪,殷二
宋生,子春
宋甡,茂叔,西園
宋用臣,僖敏,正卿
宋由實,魯齋
宋甲祚,元裕,景獻,睡翁
宋疇錫,敍九,鳳谷
宋登,子瀛
宋登春,應元,海翁,鵝池先生,鵝池生
宋白,太素,文安,文憲,素臣
宋益容,公範
宋盛慎,德崧,補園癯老
宋相琦,文貞,玉吾齋,玉汝
宋瞻扆,仲黼,笏廷
宋瞻祖,紹庭,緘齋
宋知感,知感
宋祁,子京,景文
宋祁仲,伯應
宋祖昱,西洲
宋祖法,澺水
宋禎,麟福
宋福金,培五
宋禧,宋玄禧,庸菴,無逸,玄禧
宋禮,忠壯,道周
宋秉孫,彝仲,彝父
宋秉謙,占六,益亭
宋稚,季預
宋端,民表
宋端儀,孔時,立齋
宋端己,恥夫,緘夫,隱山
宋等岐,西邨
宋策,梅溪隱者
宋筠,晉齋,綠波園,蘭揮,蘭暉,青綸館,魚麥堂
宋筱,松筠
宋簡,粹心,西樵,長文
宋紉蘭,秋漪
宋純,企村,俛仰亭,肅定,誠之,遂初
宋紹恭,彥安
宋紹珖,翰樵,賓麓
宋統殷,瀛渚,獻徵
宋綂殷,瀛渚,獻徵
宋經,大經
宋經治,權菴
宋綬,公垂,宣獻
宋維屏,建侯
宋維庚,彥白,斗山
宋維祺,眉祝
宋維藩,漢卿
宋緒,公傳
宋緜初,守端,宋綿初,實甫,是亦山房,書種堂,瓟園,首端
宋繹,雪岩
宋繼先,子孝,孝泉
宋繼澄,淥溪,澄嵐,萬柳老人
宋繼祖,汝孝
宋繼郊,梅花道人,述之
宋纁,伯敬,伯矄荀,宋勳,栗亭,栗菴,莊敬
宋翔,子飛
宋翔鳳,于庭,憶山堂,懷山堂,於庭,樸學齋,洞簫樓,浮谿精舍,碧雲庵,葑谿草堂,虞庭,香草齋,魚孚谿精舍
宋翼,松友,雲舉
宋翼弼,文敬,雲長,龜峯
宋耀遠,廷玉,廷臣
宋聚業,嘉升
宋聞禮,叔履
宋肇,懋宗
宋肇岐,西邨
宋肇昌,幼海,次薇
宋肇棠,升圃,陞圃
宋肱,元弼,元禋
宋育仁,芸子,蕓子,蕓岩,道復
宋膰,元禋
宋臣,二水,子忠
宋自逢,愿父
宋自道,吉甫,蘭室
宋自遜,壺山,謙父,謙甫
宋自適,正父,正甫,淸隱
宋至,山言
宋致,穉佳
宋興祖,汝傑
宋舉,思進
宋良佐,守忠,龍山
宋良傑,杜陵
宋良熏,南軒
宋良翰,直夫
宋苓,箸卿
宋若倫,女學士
宋若水,子淵
宋若荀,女學士
宋若莘,學士,宋若華
宋英耉,一瓠,仁叟,忠肅,瓢翁,白蓮居士
宋范,希范
宋莊,臨仲
宋華,珊紫
宋華國,立崖,雨宜
宋華金,西羾,青立
宋萬葉,啟紹
宋萬裏,扶九
宋葆淳,帥初,芝山
宋著,彥明
宋蔚謙,可元,抑臣,毓臣
宋蔭培,南卿,樾軒,賡棠
宋薦,子朝
宋藩,衛垣,衡坦
宋藴,元發
宋藻,去華
宋蘇保,宋祖保
宋蘊,元發
宋虎,善通
宋處仁,智民
宋行,欽仁
宋衜,弘道
宋衡,嵩南
宋裕,宋幼寬
宋裕椿,彭士
宋裳,白樓
宋褧,文淸,顯夫
宋規,漢臣,鑑山
宋觀祥,竹懷
宋言,宋二,宋岳,表文
宋言愼,壺峰,寡尤,榮襄
宋訓,汝式
宋訥,近仁
宋詡,宋翊
宋詳,約父
宋誠,西寧侯
宋誨,彥伯
宋調元,澹齋
宋調梅,和亭,郊亭
宋諶,士允
宋諾,子重,金齋
宋謙,己舟
宋豐,仲饒
宋象賢,德求,忠烈,泉谷
宋豫,微之
宋豫卿,子樂
宋豸,思直
宋貞,夢仙
宋貞佩,珠浦
宋貞娘,草亭
宋貞珮,仲衡,珠浦,雅君
宋貞球,叔諧,琅腴,韻士
宋貞琇,香谿
宋貞琬,玉遮
宋貞誘,孟嫻,璧人,香溪
宋貴焜,煥然
宋貺,益謙
宋賓,九東
宋賓王,宋布衣,蔚如
宋賢,宋元
宋賢聲,伯較
宋贊,治叔,西郊
宋贊元,簡臣
宋軼,可仲,肅靖
宋載籍,博卿
宋輯瑞,德戟
宋迪,復古
宋适,叔敏
宋通,子儒
宋進之,果亭
宋遇,安序,忠穆
宋運貢,牧九
宋道,公達,叔達
宋道方,毅叔,義叔
宋道涵,亨甫
宋遙,仲遠
宋遠,梅洞
宋邦僡,惠人
宋邦榮,寶書,慶書
宋邦祚,永叔,習靜
宋邦綏,曉岩,曉巖,況梅,紅杏齋,逸才
宋邦輔,子相,菊江
宋邵穀,芸皋
宋郭,安民
宋鈞,成叔
宋鉞,德威
宋銑,舜音
宋銳,進之
宋鋐,竹溪,竹漢
宋錀,西五
宋錫庚,西堂
宋錫慶,拙庵,春湖,景受
宋錫祺,瑞亭
宋鍪,靜軒
宋鎔,亦陶,奕岩,奕巖,恍研,悦研
宋鏕,香巖
宋鑒,元衡,半塘
宋長華,修林
宋阿重,忠宣
宋附,仲翼
宋雍,宋邕
宋靖,子直
宋靜儀,琴史
宋鞏,宜卿
宋韋金,經一
宋韜,景唐
宋顧樂,玉才
宋顯章,文光,藻汀
宋馹,伴鶴,德甫
宋駒,廄父
宋駿業,堅甫,堅齋,聲求
宋騰飛,羽亭
宋驥,德遠
宋鰲,慎三
宋鱗,宋鏻
宋鳳,應韶
宋鳴珂,搢桓,澹思
宋鳴琦,少梅,梅生,步韓
宋鳴璜,蓀侶
宋鳴瓊,婉仙
宋鴻,念蓼
宋鴻圖,瑀軒
宋麒壽,台叟,楸坡
宋麟,霞庵
宋麟壽,台叟,圭菴,文忠,眉叟
宋點周,照堂,點堂
宋黻,景章
宋黼,味古,舜章
宋鼎秀,春中,春坪
宋鼎言,梅生
宋齊丘,丑鏐,九華先生,國老,子嵩,宋齊邱,超回
宋齊愈,文淵,退翁
宋齊民,以仁,士役,海狂,濟民
宋齊翼,德沖
宋龜壽,耆叟,西阜
完哲,淸卿
完哲篤,仲玉
完澤,蘭石
完者不花,仲美
完者都,武宣
完迮不花,元道
完迮也先,進道
完顏亮,聖文神武皇帝
完顏亶,弘基纘武莊靖孝成皇帝,熙宗
完顏佛芸保,華香
完顏偉,研精主人
完顏允恭,顯宗,體道弘仁英文睿德光孝皇帝
完顏光祖,顯卿
完顏兌,悅姑
完顏函普,始祖,懿憲景元皇帝
完顏劾里鉢,世祖,神武聖肅皇帝
完顏博爾晉,忠直
完顏博第,伯第,鉢第
完顏和素,存齋,純德
完顏妙蓮保,錦香
完顏孟陽,和之
完顏守典,孟常,彞齋
完顏守緒,哀宗,完顏守禮,順靖皇帝
完顏宗堯,睿宗,立德顯仁啟聖廣運文武簡肅皇帝
完顏宗峻,允恭克讓孝德玄功佑聖景宣皇帝,徽宗
完顏宗幹,德宗,憲古弘道文昭武烈章孝睿明皇帝
完顏崇厚,地山,子謙,鶴槎
完顏崇實,子華,惕盦,惕盫,文勤,樸山
完顏嵩申,伯屏,文恪,犢山
完顏廷鏴,衡伯
完顏扎隆阿,札隆阿
完顏承麟,昭宗,末帝
完顏敷倫泰,丹崖,富楞泰,福楞泰
完顏晟,太宗,體元應運世德昭功哲惠仁聖文烈皇帝
完顏權,時中
完顏氏(徒單貞妻),梁國公主
完顏永濟,武平皇帝
完顏烏古乃,惠桓皇帝,景祖
完顏烏古迺,景祖,英烈惠桓皇帝
完顏烏雅束,康宗,獻敏恭簡皇帝
完顏烏魯,淵穆玄德皇帝
完顏特錦,特晉,襄壯
完顏珣,宣宗,繼天興統述道勤仁英武聖孝皇帝
完顏瑚圖禮,合庵,和庵,景南,瑚圖理
完顏璟,憲天光運仁文義武神聖英孝皇帝,章宗
完顏瓦爾喀,敏襄,瓦尔喀,襄敏
完顏留保,恤緯,松裔,松齋
完顏盈歌,穆宗,順章孝平皇帝
完顏石魯,昭祖,武惠成襄皇帝
完顏綏可,獻祖,純烈定昭皇帝
完顏葉臣,驍將
完顏跋海,和靖慶安皇帝
完顏車爾布,威靖,徹爾布
完顏那啟泰,那奇太,那奇泰
完顏那麟泰,那林太,那林泰
完顏金樨,韻香
完顏銀朮可,武襄,金源郡王
完顏阿什坦,海龍,金龍,阿什壇
完顏阿骨打,太祖,應乾興運昭德定功仁明莊孝大聖武元皇帝
完顏雍,世宗,光天興運文德武功聖明仁孝皇帝
完顏頗刺淑,明睿穆憲皇帝,肅宗
完顏馬喇希,忠僖
完顏魁倫,冠甫,敘齋,魁綸,魁麟
完顏麟慶,伯余,佛寮,凝香室,完顏慶,拜石軒,振祥,水木淸華之館,永保尊彜之室,流波華館,瑯環妙境,知止軒,蓉湖草堂,見亭,近光樓,退思齋,雲蔭堂
完顔仲元,郭仲元
完顔霆,李霆
宓昌墀,丹階,子公
宓昞烺,耀生,韻石
宗丙壽,宗丙彝
宗之璠,意圖,旭先
宗之錫,敬依
宗佑,元吉
宗元豫,半石,子發
宗元醇,厚伯
宗元鼎,九定,定九,小香居士,書雲,東原居士,梅岑,賣花老人,香齋
宗名世,傅岩
宗圣垣,介藩,芥帆
宗婉,婉生
宗山,歗梧
宗庠,得元
宗康,穆君
宗廷弼,亮臣
宗廷輔,佛懶老人,子贊,月鋤
宗式枋,蔗林,錦如
宗弘暹,古雲,晉甫
宗彝,北祥
宗德懋,牧崖
宗必應,子固
宗必經,子文
宗惟政,惟政
宗慤,元幹
宗慶,韻卿
宗敦一,淩霄
宗於瀛,蓉舫
宗昇,唐賓,宗庚,時陟,第三
宗景福,茀堂
宗本先,景明
宗桂,秋丹
宗梅,古雪
宗椿,壽卿
宗楚客,叔敖,子敖
宗楷,式之
宗武,成老
宗汝濟,用舟,雲鋤
宗沃,汝賢
宗泰,方平
宗涑,倬甫
宗湄,伊在,西村
宗源瀚,三異太守,咫園,子岱,湘文,頤情館
宗源翰,湘文
宗澍,小坡,沛淸
宗澤,忠簡,汝霖
宗灝,衍庵
宗炳壽,星炎,鼎岑
宗禮,周道,忠壯,淸渠
宗秀松,綺琴
宗稷辰,五弗措室,杕杜齋,滌樓,滌甫,薇垣五名士,越峴山人,躬恥齋,迪南,迪甫
宗穎,宗潁
宗粲,倩宜
宗翼,子勞
宗臣,子相,方城
宗舜年,子岱,耿吾
宗良臣,敬之
宗誠,仲實
宗誼,正庵
宗超海,雲峰,駿庵
宗鉞,廷威
宗霈,稼秋,靜軒
宗顯,宗青天,必彰
宗騏,千里
宗高舉,梧岡
官亮,曉峰
官保,關保
官崇,誌齋,述言
官廉,汝淸
官德潤,小樵,永槐
官應震,暘谷,東鮮
官撫極,建之,用庵
官撫辰,凝之
官撫邦,綏之
官擢午,清齋
官昹,仲昭,十四
官榮,志仁,邦顯
官獻瑤,瑜卿,石溪
官篆,節愍
官育僑,惠帆
官賢,汝俊
官鵬雲,亦田
定位,子靜
定保,佑亭,靜甫
定定,君輔
定成,鎮平
定柱,定住
定童,子正
宛名震,兆鼎,宛夢龍,煦軒
宛立俊,偉甫
宜崇,伊崇額,升庵,升菴
宜思恭,允肅,省庵,省菴
宜振,春宇
宜桂可,可山
宜爾德,襄敏
宜特墨隆福,宜特黑隆福
宜禮布,伊理布,武壯
宜綬,少耕
宣世徽,德美
宣世燾,晉山
宣世綱,士擧,梅谷
宣哲,人哲,古愚,愚公
宣嗣宗,彥初
宣居怡,思愼,親親齋
宣岊,彥昭
宣彥高,彥高
宣德,子嚴
宣德仁,元儒
宣昌緒,桂伯,桂山
宣明,南仲
宣昭,伯炯,艮齋
宣温,彥溫
宣炯,平壤,明汝
宣玄,子初
宣瑛,黼堂
宣禮,松亭
宣紹中,允公,文卿
宣繒,宗禹,忠靖
宣若海,伯宗
宣陳奎,粲文,蘭唐
宣麟,石齋
宣鼎,子久,瘦梅
宦應清,夢蓮,誨之
宦懋和,官懋和
宦懋庸,伯銘,碧山野史,莘齋
宦需章,憲菴
宮偉鏐,紫玄,紫陽
宮兆麟,伯厚
宮卜萬,壽卿,香海
宮去矜,伯申
宮增祜,節溪,篤周
宮夢仁,夫栘閣,宗衣公,宗袞,定三,定山,定弇,定菴,定葊,宮曆宗
宮天挺,大用
宮復聚,明舟
宮思鴻,湘陽
宮慕超,穀齋
宮懋言,書升,謹齋
宮書禧,英南
宮樟,喬望,鶴臞
宮欽,子敬
宮汝雲,望東
宮淮甫,桐山
宮炳炎,文光,潤生,蘿山
宮煥,星楣
宮煥文,樸若
宮爾勸,九敘,怡堂,怡雲山人
宮爾錫,小楣,小睸
宮爾鐸,抱璞山人,農山
宮秉鑑,練江
宮耀月,竹樓,鏡亭
宮自勸,有媚
宮詹,小歐
宮鑑桂,補園
宮鴻曆,友鹿
宮鴻歷,友鹿
宰沂,魯伯
家之巽,志行
家坤翁,頤山
家大酉,文節,朝南
家安國,復禮
家定國,退翁
家彬,中孺
家愿,處厚
家抑,恭伯
家晉孫,自庵,自昭
家橫,仲本
家演,本仲
家炎,季文
家鉉翁,則堂,處士
家頤,養正
家頤孫,自觀
家願,處厚
家𢴍,家演,本仲
容作恭,鄴甫
容保泰,蓮峰
容斐如,袞榮
容熊孫,佛僧,大興,祥夫,第二
容若玉,潔夫
容閎,光照,光熙,容達明,早愚,潤甫,純父,純甫,蓴甫,達蔭
宿度,元周
宿應參,宿應麟,文炳
宿椿,孔齡
宿生樹,霖蒼
宿進,孺忠
寅保,東賓,桐封,秀鍾堂,芝圃,虎侯
寅康,小航,惺甫,賓侯
密觀成,器之
寇元弼,元弼
寇卓,悔庵,立如
寇國寶,荊山
寇埴,寇坦
寇堮,子齊
寇士謙,子益
寇天敍,凃水,塗水,子惇,寇天敘,涂水
寇學海,巨源
寇平,均輔
寇彥卿,俊臣
寇志靜,圓明子,隱之
寇恭,思恭
寇慎,永修
寇文華,定兒,寇生,琰若
寇氏(寇溶女),寇氏,幼覺
寇洋,若水
寇深,文淵,莊愍
寇湄,白門
寇準,平仲,忠愍
寇焜璜,瑞周
寇玭,寇泚
寇瑊,次公
寇白,白門子
寇皚如,貞素
寇秉鈞,一亭,伯衡
寇章,身正
寇賚言,誨菴
寇釗,尼丘
寇鈁,青棠
寇鈞,子平,弄璋
寇錫,子賜
寇鐈,子美
寇鑰,仲渾,石梁
寇陽,體乾
寇靖,伯衡
富元衡,公權
富克精額,福克精額
富勒和,富勒賀,富勒赫
富呢雅杭阿,容之
富嘉謀,君美
富壽,仲福,菊農
富夢琴,隱蘭
富大用,時可
富好禮,子超,宇超,春山
富察保祝,恭簡
富察傅恆,傅恆,文忠,春和
富察傅清,襄烈
富察傅良,恭勤
富察傅鼐,富察富鼐,爽齋,稻香草堂,閣峰
富察博啟圖,敬僖
富察博清額,博卿額,恭勤
富察哈豐阿,愨勤
富察國霖,傅察國霖
富察奎林,幽棲堂,武毅,瑤圃,直方,竹谿,鍾山,靜怡軒
富察季思哈,勇壯,富察季什哈,富察濟世哈,富察濟什哈,富察濟席哈,富察濟習哈,富察濟錫哈
富察富呢揚阿,海帆,藝林
富察富寧安,富甯安,文恭
富察富明安,仁軒,師樊,恭恪
富察富爾丹,森堂
富察富良,恭勤
富察富通,富查富通
富察布丹,毅勤
富察常恩,荷卿
富察廣成,溫勤
富察徵瑞,傅察徵瑞
富察德亮,勤愍
富察恭泰,伯震,公春,履安,蘭巖
富察惠慶,壯節
富察慶如,安恪
富察慶端,午岩,正軒
富察扎郎阿,扎朗阿,札郎阿
富察托津,文定,知亭
富察敦拜,襄壯
富察新柱,勤肅
富察明亮,文襄
富察明瑞,北窗,果烈,筠亭
富察春福,煦堂
富察景壽,端勤
富察景豐,恭勤
富察札克丹,仁山,扎克丹
富察李榮保,壯殼心,富蔡李榮保,莊恪,莊殼心
富察武穆篤,襄壯
富察永陞,傅察永陞
富察濟席哈,勇壯,季什哈,濟什哈
富察烏拉布,少雲,紹雲
富察烏爾恭額,富察烏恭額
富察熙麟,亦雲,忠勤
富察瑞璸,一鏡堂,仲文,瑞蠙
富察碩詹,明敏,碩占
富察福康安,敬齋,文襄,瑤林
富察福敏,傅察,富察傅敏,富敏,文端,法敏,湘鄰,湘隣,福公,龍瀚,龍翰,龍翰福先生
富察福祿,旺察福祿
富察福長安,誠齋
富察福隆安,勤恪,珊林
富察秀林,秀琳
富察米思翰,敏果
富察素圖,福列,蘇圖
富察色塞黑,塞色赫,塞色黑
富察莽奕祿,敏肅,莽依祿
富察薩布素,傅察薩布素
富察蘇丹,勤僖,素丹,蘇旦
富察託庸,師健,托庸,瞻園,誠毅
富察豐伸濟倫,豐紳濟倫
富察貝和諾,富察貝和訥
富察貴慶,夢萸,月三,月山,知了義齋,賜墨樓,醉石龕,鏡心堂,雲白,雲西
富察費雅思哈,僖恪,斐雅思哈
富察達洪阿,厚庵,厚菴,武壯
富察邵章,明敏,朔占,碩詹,邵占
富察鄂克遜,武襄
富察阿爾護,敏壯
富察阿蘭泰,文淸
富察阿霖,阿林
富察靈泰,凌泰,淩泰
富察額斯泰,額司泰,額斯特
富察額色黑,文恪,額色赫
富察馬喇,馬臘
富察馬斯喀,襄貞,馬思喀
富察馬武,勤恪
富察馬齊,文穆,馬奇
富察魁玉,時若,果肅,翠筠館
富寧,東溪
富尼揚阿,富呢揚阿,富尼楊阿
富延年,季長
富弼,彥國,文忠
富德,傅德
富恕,子微,林屋道人,紫微
富敏,傅敏
富斌,筠圃
富昌,富常,福昌
富明,富通阿,松濤
富林布,富敏
富森,傅森
富橚,修仲
富炎布,覺羅富炎布
富炎泰,竹軒
富玹,廷輝
富珠哩,福珠哩
富直柔,季申
富稼,子耘,雨樓
富紹京,世昌
富紹庭,德先
富言,應之,應其
富通阿,文修
富邦彥,德俊
富陞額,文綺,麗階
富鴻業,富鴻基,磐伯
富鼎,景頤
寔泰臨,吉甫
寗化龍,文明,文用,甯化龍,雲田
寗承烈,養純
寗擧,惟臣
寗杲,仲升,甯杲
寗欽,宗堯
寗正,正卿,韋正
寗珍,伯修,伯珍,寧珍
察伋,士安
察合台,忠武皇帝,聖宗
察罕,白雲
察罕不花,君白
察罕帖木兒,賜姓戴
實圖,什圖,寔圖
寧世?,光野
寧世簪,觀齋
寧光璽,益庵
寧古塔齊爾格申,齊尔格申
寧國珍,採瀫
寧國貞,席之
寧堯采,蕭麓
寧天瑞,聚五
寧宗珙,廷堅,廷都
寧廷弼,傅岩,夢良
寧廷楫,濟川
寧從周,子文
寧心祖,六吉
寧曾綸,理堂
寧本瑜,昆圃,琯香
寧林,雲岩
寧楷,櫟山,端文
寧河,伯東
寧泉,石生
寧澣,清甫
寧熙朝,柑堂,雙梧
寧玉,武宣
寧琦,湖維
寧福增,全五
寧良騏,聘幹
寧調元,仙霞,太一,辟支
寧賢,國徵
寧述俞,古愚,繩武
寵德威,二哥
寶哥,惟賢
寶安,惟善
寶容聰,霖子
寶寶,子約
寶廉,敬臣
寶廷,竹坡
寶心傅,長山
寶昌,朗軒
寶森,震甫
寶棻,湘石
寶欲峻,松溪
寶熙,瑞臣
寶珣,東山
寶琳,夢蓮
寶瑛,玉峰,覺羅寶瑛
寶衡山,潤亭
寶豐,禾年
寶鋆,佩珩
寸光照,恩普
封之旭,曉東
封允湛,潤生
封元解,進野
封孟紳,封孟封,封孟對,封孟申
封履孫,道坦
封希孔,在文,韋軒
封彥卿,峙元
封敖,封四,碩夫
封文權,庸庵,衡甫
封文舉,環溪
封汝弼,綬卿,黻廷
封泰,安壽
封深,泰澄
封溫,德瑗
封演,馮演
封漣,筱溪,魯直
封濬,位齋,禹成
封特卿,亞公
封祝唐,壽君,登三
封祥,慶和
封禎,全禎
封興之,紫芝
封蔚礽,少霞,雲生
封隆之,祖裔
封隨,柔立
將鱗山,向明
尉光霞,伯綺,餐霞
尉維基,梅園
尉遲基,弘道
尉遲德誠,信甫
尉遲恭,忠武公,敬德
尋步月,惺齋
尋鑾煒,幼雲,管香
小馬王,未詳
尚之信,德符,白岩
尚九遷,臣遷
尚傑,英甫
尚元鼎,次公
尚兆山,仰止
尚其亨,惠丞,會臣,達庵
尚冕,徙周
尚可喜,元吉
尚國泰,予裕,子裕
尚國瑞,鼎臣
尚大伸,道長,長道
尚大倫,崇雅,節愍
尚宣,帝詔
尚家奴,貞愍
尚居易,坦然
尚崇廙,崇義
尚崇璧,崇壁
尚師簡,文肅,虞仲
尚廷楓,岳師,榮洋,賀蓮
尚廷珍,輯五
尚弘簡,長卿
尚從善,仲良
尚德,鹤亭
尚德恆,汝見
尚恕,彥仁
尚慶潮,學川
尚才英,世傑
尚承業,九崖,克承
尚振藻,景華
尚敬,宗禮
尚文,周卿,正獻
尚明,仁昉
尚時中,宗聖
尚瀠,侯瀠
尚玉成,郝山
尚璣,大用
尚用之,仲明
尚登岸,未山
尚真,仁爽
尚絅,錦堂,香雪
尚經,彥昭
尚維持,仰山,國相
尚維昇,直烈
尚縉,水南子,美儀
尚繻,美信
尚聘,應三,見予
尚聲,禹鐘
尚芾,章甫
尚薰,德馨
尚衡,一中
尚褫,景福
尚賢,寶庭,雅珍,頌臣
尚達,兼善
尚野,文懿,文蔚
尚金章,子雲
尚鎔,喬客,宛甫
尚開模,啟之,晴軒,蓮峰
尚雨,仲彬
尚震,嚮日堂,成安,松峴,泛虛齋,起夫
尢列,令季,小園,少紈
尤世功,烈敏
尤世威,忠剛,鳳臺
尤世學,成書,武書
尤世祿,定宇,烈愍,裕齋
尤世禄,定宇
尤何,定中
尤侗,三中子,于岡,亦園,同人,展成,悔庵,悔菴,挹青亭,東南老宿,松鶴堂,水哉軒,海菴,看雲草堂,真才子,老名士,艮齋,草草山房,西堂,西堂先生,西堂老人,鶴棲堂,鶴棲老人,鶴棲道人,鶴樓老人
尤光被,子輝,鑒峰
尤大公,無己
尤大成,有終
尤存,以仁
尤安寧,尤安凝
尤安禮,文度
尤山,元鎮,終慕
尤師錫,昇庵
尤帶,公垂,復初
尤彬,叔文
尤志,尚之
尤怡,北山,北田,卧鶴山人,在京,在涇,拙吾,貫珠,靜香樓,飲鶴山人,飲鶴散人,飼鶴仙人,飼鶴山人,飼鶴道人
尤應魯,爾言
尤承獻,爾欽
尤時亨,逢盛,雲耕
尤時熙,季美,西川先生
尤桐,乾臣,日新居士
尤梁,正平
尤棐,五湖,與忱
尤棟,率齋
尤森,與茂
尤概,與平
尤槩,真書廚子,與平
尤樾,宗陽
尤求,子求,鳳山
尤淳,公厚
尤澹仙,寄湘,素蘭
尤澹僊,寄湘,尤澹仙,素蘭
尤瀹,九之,遠公
尤烈,子偉
尤焴,伯晦,木石,莊定
尤煓,季端
尤燮,理侯,石樓
尤燾,伯大
尤燿,仲微,宗英,尤宗英
尤玘,君玉,守元,知非子
尤珍,介峯,慧珠,滄湄,滄湄居士,謹坊,謹庸
尤瑛,鐘玉
尤瑩,堯順,麓孫
尤璋,仲玉,醒鄉
尤瓉,貴之
尤申,淸素道人,陽秋
尤維熊,二娛,祖望
尤繼先,獨目將軍
尤翟文,烈愍,龍潭
尤興詩,春樊
尤著,少蒙,西僖居士
尤葵,揆父
尤蔭,半人,水村,貢父
尤袤,季良,延之,文簡,盤郎,第百九,遂初居士
尤見元,景齋
尤輝,文獻
尤近思,心齋
尤錫章,昭文
尤錫類,孝徵
尤魯,懋宗,西村
尹一仁,任之
尹一聲,肅峯
尹三山,壽翁
尹三擧,四梅堂,子莘
尹三聘,子重
尹世喜,三友堂,公度
尹世清,福三
尹世衡,仲平
尹世豪,士英,恭簡
尹乃湯,乾惕山人,德新,懋堂
尹乃灝,梁若
尹之彪,忠簡
尹京,兆之
尹仁,性之
尹仁恕,士推,打乖
尹仁涵,竹堂,竹齋,養叔
尹仁鏡,孝成,鏡之
尹以濟,汝楫
尹以道,子由,梧村,龍湖
尹任,任之,忠義
尹伸,子求,忠節
尹佐辟,汝翼
尹作翰,吉生,墨卿
尹作芳,蘭畬
尹佩棻,愚谷,茹香
尹倫,天敘
尹倬,平窩,明仲
尹儒,子珎
尹儼,思叔,松巖,松庵
尹元,體仁
尹元擧,伯奮,龍西
尹元良,子貞
尹元衡,彦平
尹光,實尚
尹光啓,景說,橘屋
尹光遠,晦甫
尹光齡,彦叟,懶齋
尹克昌,壽仁
尹其璋,禮南
尹冠英,紹沐,紹沭
尹剛元,景仁,棄庵
尹勉,致仲
尹匯瀛,仙嶠,福山
尹名選,丹崖
尹君正,忠簡
尹善道,孤山,海翁,約而
尹嗣忠,子貞,恆谿
尹嗣興,時菴,耐菴
尹嘉績,汝休,鳴岩
尹嘉言,孔彰
尹嘉賓,孔昭,澹如
尹嘉銓,亨山,古稀老人,子端,貽教堂,隨五
尹四聰,清陰
尹國珍,殷儒
尹國馨,粹夫,達川
尹均,佐平,松皋
尹均霖,旭亭
尹坤,昭靖
尹培立,屹山,簡毅
尹堅,潮春
尹堦,泰升,翼正,霞谷
尹堯道,道夫
尹墀,君玉,河濱翁
尹壕,叔保,平靖
尹士俍,子元,東泉
尹士昀,成安
尹士昐,夷靖,繼輝
尹士昕,弼甫,襄平
尹士龍,三十四,尹士隆,見卿
尹壯圖,楚珍,萬起
尹壽,靜叟
尹夢鼇,尹夢鰲,忠節
尹大英,正叔
尹天民,先覺
尹奇逢,辰渚
尹子雲,文憲,望之,樂閑齋
尹孝全,沂川,詠初
尹孝孫,文孝,有慶,楸溪
尹宇,光甫,梧菴
尹守謙,鳴翼
尹安國,定卿,雪樵
尹安性,季初,宜觀
尹宗伊,伯山,伯川
尹宣佐,淳叟
尹宣擧,吉甫,山泉齋,文敬,美村,魯西
尹寬,三休子,栗翁
尹尚廉,退谷,高安
尹尚賢,彬卿,賔卿
尹履之,仲素,秋峯,靖孝
尹山人,尹蓬頭,繼先
尹希聖,省吾
尹師路,周翁,忠景,果翁
尹平,伯洪
尹庭,子紹
尹廷俊,忠愍,秀伯
尹廷試,平原
尹廷高,仲明,六峰,玉井峰樵
尹式芳,菊田
尹弘立,可守
尹弼商,湯佐
尹彥頤,文康,金剛居士
尹從教,心傳
尹從淑,又方,道傳
尹從王,憲甫
尹德泉,澧亭,禮亭
尹德熙,敬伯,玄翁,蓮圃,蓮翁,駱西
尹德瑄,彥明
尹德禧,尹色客通額
尹德駿,孝靖,逸庵,邦瑞
尹志,士心
尹志平,太和
尹志述,北汀,正愍,老彭
尹忭,懼夫,知足庵
尹思翼,彦禮,東里
尹思鈺,其相
尹性,本忠
尹恕,惠行
尹恭保,仰衡,彥淸
尹悟棠,聘三
尹惟忠,遂良
尹惠敎,文溫,汝迪,玩棋軒
尹慤,忠愍,汝誠
尹慶舉,策廷,翔墀
尹慶蘭,似村
尹憲柱,二知堂,吉甫,翼獻
尹應元,乾泰
尹應聘,起辛
尹承勳,子述,文肅,晴峰
尹承吉,南岳,子一,肅簡
尹承綬,紫臣
尹承順,忠簡
尹拯,子仁,文成,明齋,酉峰
尹指,子南,鈍翁
尹振麟,竹坡,竹陀
尹挹,子約
尹推,子恕,農隱
尹揆,月梧堂,聖汝
尹搢,子敬,德浦
尹敬敎,長湖,養一
尹文擧,忠敬,汝望,石湖
尹斗壽,子仰,文靖,梧陰
尹斗緖,孝彦,恭齋
尹新之,仲又,文穆,燕超齋
尹旨教,春楽窩,魯叟
尹旰,幼孜
尹旻,同仁,恭簡
尹昉,可晦,文翼,稚川
尹昌,禎行,輯禎
尹昌隆,彥璟,彥謙
尹昌鳴,景時,白巖
尹明廷,蓂階,逢聖
尹明運,汝會
尹昕,時晦,晴江,陶齋,靖敏
尹春,子春
尹春年,學音,彦久,滄洲
尹時達,兼善
尹晛,伯昇,松巒
尹智敎,叔愚,叔正,夙夜齋
尹暄,次野,白沙
尹暉,川上,章翼,長洲,靜春
尹暹,如進,果齋
尹暾,孝貞,汝昇,竹窓
尹曾,健餘,元孚
尹會一,健餘,健餘堂,元孚,元符,六有齋,思貽齋,求可堂
尹材,處初
尹東老,期中,水心堂
尹果,曉泉,銘南
尹柔,剛伯,聾啞
尹校,原學
尹根,晦遠,梅陰
尹根壽,子固,文貞,月汀
尹桓,忠孝
尹梁,子充
尹梅,調元
尹棟,竹坡
尹棨,信伯,忠簡,薪谷
尹椿,召棠,壽卿
尹楫,濟川
尹楷,五老亭,元禮
尹榮世,梓夫,粹夫
尹榮組,綬堂,錫圭
尹構,嗣復
尹樸,處厚
尹欽,成齋
尹殷輔,商卿,靖成
尹殿颺,皋卿
尹毅中,致遠,駘川,駱村
尹毅立,月潭,止中
尹氏(章敬王后),章敬,章敬王后
尹氏(趙炅妻),淑德
尹民獻,翼世,苔扉
尹民興,宣子,洞庭
尹汝弼,靖憲
尹沅,芷薌,麗生
尹治襄,漢卿,虞卿
尹泂,忠靖,而遠,退村
尹泗,緒孔,魯泉
尹泰,麟峯
尹洙,師魯,河南先生
尹洪,德容
尹海擧,不憂堂,不憂軒,不憂齋,叔敖
尹淮,淸卿,淸香堂
尹深,懲庵,玄通
尹淳,仲和,漫翁,白下,蘿溪,鶴陰
尹游,伯叔,晩霞,翼憲
尹湘,巨川
尹湯老,商卿,懶軒,靈平
尹源,子淵,子漸,河內先生
尹源進,瀾柱
尹漑,晦齋,汝沃,西坡
尹漣,荊門
尹潔,醉夫,醒夫,長源
尹潤憲,輝遠
尹澄之,巨源,棄菴
尹澍,雨麓
尹澤,仲德,文貞,栗亭
尹濟源,東沇,竹農
尹濟翁,磵民
尹灝,淳甫
尹炯,仲晦,恭簡
尹烇,後村,忠憲,靜叔
尹焕,唯曉,惟曉
尹焜,晦爾,泉西
尹焞,和靖處士,彥明,德充,肅公
尹煌,八松,德耀,文正
尹煜,孟昭
尹煥,惟曉
尹燾,三十九,明溥
尹玉羽,自然先生
尹珍,廷用
尹珙,元璧,海客
尹珤,文顯
尹珩,右玉
尹琭,廷璽
尹琳基,琅石
尹瑞雁,來賓
尹瑾,崑潤,莞石
尹璜,後松,忠簡
尹璠,溫之,貞靖
尹瓊華,秉貞
尹瓘,同玄,文景,文肅
尹直,文和,正言,澄江,謇齋
尹直卿,德鄰
尹相,介石,商衡,啇衡
尹知敬,幼一,滄洲
尹碩輔,子任
尹祁,伯說,艮輔
尹祖懋,德卿
尹祥,別洞,實夫
尹祥麟,梅溪,梅發
尹禮,內則
尹穀,務實,耕叟
尹穡,少稷
尹竑,太和
尹節,守約
尹約,一之
尹紉榮,少君
尹紹宗,憲叔,桐亭
尹紹甫,尹炳甲,尹蕭怡
尹絅,岐川,美仲,靖僖
尹絳,子駿,無谷
尹綸,汝漁
尹繩武,仁齋
尹繼倫,黑面大王
尹繼善,元長
尹耀宗,子焜,怡堂
尹耕,任齋,子莘
尹耕雲,學求有用齋,心白日齋,杏農,瞻甫,莘農
尹聖時,季成
尹肇松,崧南
尹自任,仲耕
尹自新,敬修
尹臺,崇基,洞山
尹舜擧,童土,魯直
尹良任,志伊,翀莘
尹莘傑,伊之,莊明
尹葆衷,枚臣
尹藝,樹人,虞農
尹虎,仲文,靖厚
尹衡志,景可
尹衡聖,景任,棄棄齋
尹衢,亨仲,橘亭
尹衮,舜章
尹襄,巽峰,舜弼
尹訒,訒之
尹詔,蘭渚
尹諒,特貞
尹謙孫,希呂,虛心
尹豊亨,松月堂,衢仲
尹貞,善幹
尹貞立,剛中,梅軒,鶴山
尹賓商,亦庚,於皇,白毫子
尹質,化元
尹起莘,耕道
尹趾善,仲麟,杜浦
尹趾完,叔麟,忠正,東山
尹躬,商老
尹軫,季邦,栗亭
尹輝宗,子光,韞山
尹辰,瑶樞
尹迥,子長,長吉
尹進,時敏
尹達,博通
尹釜,子器
尹鈜,泰和
尹鉉,子用,忠簡,菊磵
尹銑,澤遠,秋潭
尹銘心,熙齋,紫珊
尹銘綬,佩之,福組
尹錫綸,仲俞,嶰篁,海航
尹鏶,夢溪,純夫
尹鑴,夏軒,希仲,白湖
尹陵,如阜
尹陽來,季亨,晦窩,翼獻
尹雄,文英
尹集,忠貞,成伯,林溪,高山
尹順之,樂天,涬溟
尹頌,慶成
尹鳳,在竹,德輝
尹鳳朝,圃巖,鳴叔
尹鳴殷,思亭,而遠
尹鴻潞,德圃
尹鵬圖,菊堂,菊裳
尹麗樞,兌山,曉庵,甫幹
尹龍,舜臣
尹金孫,引之,獻懿,西坡
尼奇哩全魁,斗南,穆齋
尼奇理佛住,佛柱
居一林,桂卿
居伴芳,若芊
居允敬,立齋
居友月,冰輪
居守,子約
居巢,梅巢,梅生,笠僧
居希旦,汝魯
居廉,古泉,士剛
居慶,玉徵
居文,瑞徵
居瑾,予石,立齋,雨十
居節,士貞
居紳,鳳池
居達,德亨
屈之乘,鍾湘
屈伸,引之,東莎居士,蠖菴
屈佳貴恆,午橋,塢樵,塢樵氏,輝發貴恆,隖樵,顯堂
屈保鈞,竹田
屈傳銜,冰卿,品升
屈儒,女為
屈元壽,維那
屈元爔,祉堂
屈光燭,泰階,見奎
屈凝,芷香,茝湘
屈升之,健堂
屈原,屈平,灵均,三闾大夫
屈可伸,謙仲
屈同仙,屈同
屈國香,棟臣
屈士煌,泰士,鐵井
屈士燝,白園,賁士
屈大均,一靈,一靈道人,二史草堂,介子,八泉翁,冷君,南海遺民,四百三十二峰草堂,屈沱,屈紹隆,屈邵龍,忠養堂,死庵,泠君,祖香園,羅浮山人,羅浮布衣,羅浮道士,翁山,菜圃,華夫,萊圃,道援堂,邵非池,釋今種,非池,騷余,騷聖堂,騷餘
屈宜遇,原楚,澹足
屈崇高,泰岑,爾登
屈庚輿,德甫
屈廷正,奕周
屈廷鎮,敏山
屈彥深,濬美
屈彥英,英甫
屈復,悔翁,晦翁,見心,金粟,金粟老人,金粟道人
屈恬波,作舟
屈恭,子敬
屈成霖,傅野,肖岩,起商
屈承福,蔭堂
屈振鏞,聲九,雲峰
屈敏,夢蟾
屈曾發,省園,魯傅
屈有成,慎齋,長發
屈杓,處誠
屈殷,子申
屈永清,皞如,竹泉
屈澄,靈源
屈灼,見夫
屈為彝,芷香,適翁
屈為鼎,硯鄰
屈燦,文斗,昌衢
屈爲章,含漪
屈直,西溪,道伸
屈祥,天祥
屈秉筠,宛仙
屈突伯起,景衛,震代
屈突通,坦豆拔,忠公
屈約,可庵,處誠
屈紉蕙,靜芬
屈苣縲,雲珊
屈茂垣,紫卿
屈茂曾,小農
屈茝纕,雲珊
屈蕙縲,逸珊
屈蕙纕,逸珊
屈蟠,文珍,見田
屈見復,心梅
屈諫,十一,正父
屈超乘,邇繩
屈軼,侃甫,無佞
屈釴,秉鈞
屈銓,天衡
屈霖,天澤
屈靜堃,婉清
屈頌滿,子謙,宙甫
屈鳳輝,梧淸
展毓,鍾秀
展獲,柳下惠
屠世錀,蜀江
屠之培,元植,蘇亭
屠之申,可如,舒齋
屠之連,雲洲
屠仁守,梅君
屠仲律,宗豫
屠俓,貞卿
屠倬,孟昭,琴塢
屠僑,十二,安卿,東洲,簡肅,肅卿
屠允誠,孚上
屠元沐,日新
屠元瑞,松泉
屠勳,元勳,康僖,東湖
屠又良,尹和,張又良
屠叔方,宗直,瞻山
屠坤,時珍
屠垚,文治
屠士相,雨峯
屠大培,蘭君
屠大山,國望,竹墟
屠如虹,見辰
屠安世,子威
屠寄,敬山,歸甫,靜山
屠寬,德宏
屠尚,渭綸
屠尚元,心川
屠彝,彥德
屠性,彥德
屠應埈,少微山人,文升,漸山
屠應塤,九峰,文伯
屠應守,蓼齋,軌大
屠文,矅亭,菊邱
屠文倬,蘇文,赤文
屠文正,覺緣
屠文錦,陞廷
屠旭初,海三
屠春林,薌洲
屠曾,體寧
屠棟,芸譜
屠楷,恭簡,直齋,良植
屠沂,艾山,酌滄,雙峯
屠洪基,浚之
屠湖,朝隱,石菴
屠溶,潤九
屠滽,丹山,朝宗,襄惠
屠熊,太占
屠熙,三一居士,元明
屠珙,廷實,秉彜道人
屠瑞霞,碧城
屠瑤瑟,湘靈
屠瓌智,寶光
屠用復,見菴
屠相,幼連
屠祖型,家模
屠秉,修伯
屠立咸,德庵,德菴,星甫
屠粹忠,徐粹忠,純甫
屠約,存博,月汀
屠紫珍,瓊圑
屠紳,笏岩,賢書
屠紹理,夢亭,訥夫
屠維欽,春培
屠維鈦,春培
屠繼序,淇篁
屠義容,迪旃,迪栴
屠羲英,淳卿
屠苣佩,瑤芳
屠英,本齋
屠蘇,伯洪,鶴主人
屠蛣,夢香
屠誠彪,弸中,彌中
屠謙,子益
屠道彰,益庭,益廷
屠道昕,子如
屠道珍,雲卿
屠邦瑞,蘭渚,鳴岐
屠金福,牧嚴
屠鏡心,掃花主人
屠鑣,希文
屠開震,雨辰
屠隆,十四,緯眞,緯真,赤水,長卿,鴻苞居士
山民,導江
山濤,巨源
山雲,忠毅,懷遠伯,襄毅
山鳳輝,白衣山人,竹齋
岐慈,剛仁
岑傅,寬甫
岑傅霖,岑傳霖
岑參,岑二十七,岑嘉州,高岑
岑士貴,尚周
岑安卿,栲栳山人,靜能
岑宗旦,子文
岑峨,青嵐
岑平等,宣慈
岑徵,金紀,霍山
岑應春,繹仁,雲石
岑應麒,山公
岑成元,漢卿
岑振祖,端書,鏡西
岑文本,景仁
岑春榮,泰階
岑春澤,雲階
岑春煊,岑春澤,炯堂老人,西林,雲階
岑春蓂,堯階
岑毓英,勉勇西圖魯,匡國,彥卿,襄勤
岑澂,淸泰,鐵船
岑用賓,允穆,用賔
岑相求,岑象求
岑羲,伯華
岑翔龍,雲起
岑良卿,易直
岑象求,巖起
岑遠,昂霄
岑鵬,搏霄
岱林,岱麟
岱箥羅沙克都林扎布,振亭,沙克都林札布
岳?,子恆
岳世仁,尹人,莘農
岳九逵,季達,雲程
岳倫,厚夫,雲石
岳元聲,之初,元初,子初,樂元聲,石帆,石軓
岳凌雲,七星山人,小山
岳凌霜,子肅
岳和聲,石梁
岳夢淵,伸子,峙亭,水軒
岳存,彥誠
岳宏譽,薖亭
岳宗,次姚
岳定夫,景游
岳尊岱,君山
岳岱,東伯,漳餘,漳餘子,秦餘山人
岳峯秀,鎮九
岳崧,景山
岳度,文江
岳廷枋,仲瑜,小坡
岳慶,鎮五
岳慶圖,雲封
岳懋,壯愍
岳振東,魯山
岳振河,寶珊
岳昶,晉昌
岳暎斗,匡大
岳東瞻,起霞
岳榆,季堅
岳樑,柱臣
岳正,季方,家泉,文肅,秀方,蒙泉,蒙泉先生
岳浚,仲遠
岳湘娥,竹賓
岳濬,厚川,星源
岳照,東嶼
岳熙載,壽之,簡惠
岳牧,朝哲
岳珂,亦齋,倦翁,肅之
岳璘帖穆爾,莊簡
岳璧,烈愍
岳璿,文璣
岳甫,大用
岳瘦峰,人梅
岳相,惟忠
岳禮,蕉園
岳秉中,心傳
岳筠,綠春
岳粹,純甫
岳維增,方川
岳維翰,次屏,申甫
岳維華,汝西
岳自修,德敏
岳自持,德操
岳萬階,允升
岳薦,西來,西來先生
岳虞巒,舜牧,衡山
岳虞詢,四門
岳覿,明可
岳貞,石齋
岳賡圖,岳慶圖
岳賡廷,石村,載臣
岳超龍,劉傑,化之
岳金堂,鎮侯,鎮候
岳鉉,周臣,文懿
岳銀瓶,岳娥,岳素娥
岳鍾淑,華山
岳鍾琪,安素園,容齋,東美,薑園,襄勤
岳鍾璜,呂瑞,呂端,渭章,莊恪
岳鎮南,文山夆,文峯,文峰,衡山
岳霆,岳靄
岳飛,忠武,武穆,鵬舉
岳飞,岳鹏举,鹏举,武穆,岳武穆
岳駿聲,季有,石鍾
岳齡,松橋
崇保,峻峰
崇光,華巖
崇剛,壯愍,鄧剛
崇厚,地山
崇壽,鶴汀
崇大年,康靖先生,靜之
崇家鏊,海秋
崇實,樸山
崇弼,子良
崇恩,仰之,覺羅崇恩,語舲
崇杞林,壽南,怡樵,有堂
崇樸,中輝,質堂,輝山
崇泰,崇太
崇溥,花巖
崇碩,小亭
崇綺,文山
崇藻,鑒堂
崇謙,仲益,倚裝,退庵
崑岡,筱峰
崔一濂,學周
崔七夕,威靖
崔三畏,敬父,敬甫,省山
崔世傑,俊卿
崔世榮,顯卿
崔世節,介之,梅窓
崔中,中園生,子向,崔十二
崔中正,仲雅
崔亮,大中
崔仁冀,子遷
崔仲方,不齊
崔仲謩,中略
崔休,公緒,惠盛
崔佐,槐階,翼勤
崔作霖,見龍
崔佳聯元,仙蘅,文直,鶴年
崔侃,廷直
崔來吉,子大
崔侗,同人,葛民
崔侮,子寬
崔俊,世英
崔俊良,崧珊,嵩生
崔俌,茂宣
崔保孫,祖德
崔俠,虛己
崔倰,崔稜,德長
崔偉,王峯
崔傑,世興
崔備,順之
崔儀,虞鳳
崔儒秀,儆初,士表,崔孺秀,愍忠
崔元,京山侯,岱屏,懋仁,榮恭
崔元二,崔氏
崔元夫,大端
崔元森,燦若,闇齋
崔元略,弘運
崔元立,善長
崔元貞,幹臣
崔兆麟,振亭
崔光典,雅甫
崔光嗣,光嗣
崔光斗,建三
崔光笏,慧田,正甫
崔光箎,仲甫
崔光簧,雅甫
崔克讓,振元
崔公孺,象之
崔公度,伯易
崔公遠,崔公逵,崔公達
崔其濂,家讓,蓮峰
崔冲,名器
崔凝,得之
崔千里,廣源
崔占鼇,冠山
崔可凖,允中
崔台符,平反,平叔
崔右銘,敬宜
崔吉,子脩
崔同紱,紫舫
崔君舉,弘甫,復心
崔周田,錫齡
崔命昌,松石居士,汝愼
崔命龍,汝允,石溪
崔咸,崔二十四,重易
崔哲,能仁
崔善元,施善元
崔善福,善福
崔嘉,仲嘉,伸佳
崔嘉彥,子虛
崔嘉祉,嘉祉
崔嘏,乾錫
崔囗伯,敬本
崔國因,惠人,篤生
崔國寅,世傳
崔國柱,公恆,公桓
崔國榜,棣村,第春
崔國錦,蓉亭
崔國霖,春江
崔均,汝平,義敏,蘇湖
崔基銆,子武,東溟
崔堈,汝堅,義肅,蘇溪
崔塗,禮仙,禮山
崔增源,省三
崔增瑞,吉庵,翰臣
崔士柔,徽之
崔士棨,傳甫
崔壽峸,北海居士,可鎭,文正,猿亭,鏡浦山人
崔夐,光遠
崔夢亮,啓明,忠毅
崔夢熊,磻溪
崔大德,子謙
崔天健,汝以,汾陰
崔天德,友竹,君誼
崔天賜,青芝
崔夷甫,平孫
崔奇男,英叔,默軒,龜谷
崔奎瑞,少陵,巴陵,忠貞,文叔,艮齋
崔契臣,充符
崔子忠,北海,崔丹,清引,道毋,道母,開予,開子,青引,青蚓
崔子方,伯直,彥直,西疇居士
崔孔昕,崔孔圻,晉明
崔孝一,元讓,忠壯
崔孝昌,慶之
崔孝騫,何山,聖許
崔學履,伯和
崔守文,會軒
崔守約,安冲
崔安仁,安仁
崔安儼,安儼
崔安潛,貞孝,進之,進之(延之)
崔宏昇,上客
崔宗之,崇五,崇宗之
崔宗堯,汝欽
崔宗武,驥雲
崔宗泰,斗瞻
崔官,懋德
崔宛,彥正
崔宰,宰之
崔家蔭,晴巖
崔實,子真
崔寧,崔旰
崔寬,而栗
崔尊彝,曉江
崔小英,素交
崔尙柔,退村
崔尚志,士元
崔尚重,未能齋,汝厚
崔山斗,新齋,景仰,籠中子
崔山輝,伯玉,孝憲,洛南
崔岦,東皐,立之,簡易
崔岫,雲風,雲风
崔峒,崔八
崔峩,汝瞻
崔崇素,遵禮
崔嵸,五竺
崔嶧,之才
崔巖,標魯
崔希甫,重金御史
崔希立,孝菴
崔希駟,望博
崔師,素臣
崔師哲,竹軒
崔師笵,鼎丞
崔幹,道貞
崔廷,彥實
崔廷健,軒鼎
崔廷吉,子相,西洲
崔廷圭,國信
崔廷試,文卿
崔弘,崔宏
崔弘禮,從周,若泉
崔弘載,德輿,竹隐
崔弼,積匡,鼎來
崔彥俊,用章
崔彥崇,峻于
崔彥溫,德昌
崔彥矅,蘊齋
崔彥穆,彥穆
崔彥輔,南林生
崔彧,忠肅,文卿
崔後亮,漢卿,靜修齋
崔徵,囗囗
崔徵厚,梅峯,誠仲
崔徵璧,紀公
崔德之,可久,存養,烟村
崔德彰,光甫,桓靖
崔德楞額,德楞阿
崔志亨,崔冲
崔志道,元閏
崔忠,誠之
崔恒,太虛亭,文靖,貞父
崔恕,敏從
崔恭,克讓,莊敏
崔悅,季姜
崔惟淸,文淑,直哉
崔惠吉,子迪,柳下
崔愨,子中
崔愼,子敬,文簡,鶴菴
崔慎思,茂冲
崔慎由,敬止
崔慕瀾,春舫
崔慧景,君山
崔慶,岑慶
崔慶昌,嘉運,孤竹
崔慶會,三溪,善遇,忠毅,日休堂
崔憧,崔幢
崔應榴,星洲,秋谷,藤花村農
崔應科,芝生
崔應立,東溪,柱極
崔應虛,拱辰
崔應賢,寶臣,睡齋
崔應階,吉升,拙園,研露老人
崔應麒,獻可
崔應龍,松亭,見叔
崔懷義,懷義
崔成甫,崔四
崔承業,東巖
崔承樾,松田
崔拏,季玉
崔拙圃,圃孫
崔振宗,一峰,光南
崔挺豪,時應,樗谷
崔摃,任巷
崔敏,好學,崔孝子
崔敦禮,仲由
崔敦詩,大雅
崔敬,行簡
崔敬嗣,德承
崔敬止,和甫
崔文修,文修
崔文奎,應宿
崔文度,春軒,羲民,良敬
崔文榮,忠烈
崔文漢,長源
崔文炳,日章,省齋
崔文範,裘然,裴然
崔文閣,蘅黎,青黎
崔斌,仲文,忠毅
崔斗瞻,仰之
崔方揀,文振
崔日新,子昇
崔日知,子駿,尚書裏行,崔二
崔日華,孔陽
崔旭,念堂,曉林
崔昂,懷遠
崔昇,崔日昇,崔昪
崔昌大,孝伯,昆侖
崔是翁,東岡,漢臣
崔時望,槐亭
崔晟,彥暉,雲林小隱
崔景儀,一士,雲客
崔景嵩,巨鎮
崔景曾,宗堂
崔景榮,自強
崔景烇,魯瞻
崔暠,景曜
崔曅,玄暐
崔曥,文炳
崔書冕,芝青
崔有慶,平度,慶之,竹亭
崔有海,大容,默守堂
崔有淵,止叔,玄巖,玄石,聖之,聖止
崔有渰,忠憲
崔有源,伯進,忠簡,秋峰,花巖
崔朝慶,聘臣
崔東,震初
崔東亮,子明,松亭
崔東岦,蓮塘,震伯
崔東式,栗亭,正則
崔東立,卓爾,杏園,杏雨
崔杲,晉之
崔某,貴仁
崔桐,柳村
崔梲,子文
崔棟,隆吉
崔植,固本
崔業,乙軒
崔槐,蔭亭
崔樅,茂卿
崔樹棣,石渚,石濬
崔橚,子長
崔歆,仲俊
崔毅,仁夫
崔氏(崔倫女),尊德性
崔氏(崔巖女),廣兒
崔氏(崔絢女),崔氏
崔氏（代宗崔妃）,代宗崔妃
崔氏（崔沔女),嚴愛
崔永安,書孫,磐石
崔永復,元初
崔永慶,孝元,守愚堂
崔汝立,中之,卓峰
崔汝舟,三節堂,巨川
崔汪,巨源
崔汾,鼎祥
崔沂,淸源,西村,雙栢堂
崔沉,處道
崔沔,善冲,若冲
崔泌之,機仲
崔泰,葆卿
崔泰之,泰之
崔泳,君易
崔洤,春瀑
崔洧,利物
崔浩,文淵
崔涯,方涯,汝濟,筆山,若濟
崔液,崔海子,潤甫
崔淑,令秀
崔淑生,子眞,文貞,盅齋
崔淑精,國華,私淑齋,逍遙齋
崔淙,君濟
崔淵,子霖
崔混之,崔渾之
崔淸,松蔭居士,直哉,觀稼亭
崔淸江,閑雅亭
崔渙,海量
崔渭源,淸夫
崔渾,若濁
崔湘,瀾漪,素存,蘭嶼
崔湛,湛然
崔湜,登瀾
崔源,有本
崔溥,淵淵,錦南
崔滉,彦明,月潭
崔滋,文淸,東山叟,樹德
崔滌,崔九,崔澄
崔演,文襄,演之,艮齋
崔漢禎,子慶
崔潤德,伯修,汝和,貞烈,霖谷
崔澄,琴友,養源
崔澄宇,砥平
崔澐,三池,澐之
崔澹,知止
崔濩,士涵
崔濬,彥泂,滄浪
崔濯,克修,竹塘
崔瀁,忠翼,晩六,百函,藏六堂
崔瀣,壽翁,彦明父,拙翁,猊山農隱
崔炳文,寅齋
崔炳炎,祝農,蘭溪
崔無固,通理
崔無生忍,無生忍
崔無競,從讓
崔煥章,少梁,瀣生
崔煴,崔氏
崔熙春,穀辰,菊人,逸在山人
崔燾,虹劍
崔爾仰,子高
崔玄亮,景徹
崔玄暐,崔曄,文獻
崔玄真,岷山子,崔元真
崔玄童,崔玄同
崔玄籍,嗣宗
崔玄隱,少徽
崔玉徵,方水,紫峰
崔珏,伯璋
崔珣,伯玉
崔珤,夢待
崔琪,潤之
崔琬,文美
崔琮,君濟,崔宗,崔淙
崔琯,從律
崔琰,季珪
崔琳,崔林
崔瑀,彥寬
崔瑛,子訓
崔瑤,叔玉
崔瑩,武愍
崔璆,叔度
崔璐,大圭
崔璘,應寶,望海堂
崔璞,廷璽
崔璵,宗器
崔璽,廷用
崔瓊英,崔十娘
崔瓚,宗器
崔甲鍠,聞遠
崔甲默,成軒,認庵
崔登,崔澄
崔登鼇,仙洲
崔發,懷古,懷吾
崔白,子西
崔眾甫,真孫
崔睍,季昇,訒齋
崔碧,仲玉
崔祐甫,文貞,貽孫
崔祺,介眉,介肙
崔禹錫,洪範
崔秀儒,崔儒秀
崔秉,靜穆公
崔秉智,鏡源
崔稃,嘉成
崔程,孝武
崔穆,德元
崔穆之,淸如,清如,肅堂
崔立,本之
崔立之,崔二十六,崔斯立,斯立,立之
崔立方,元安
崔簡,子敬
崔粲,季韞
崔糸孩,伊奴
崔紀,南有,君玉,崔珺
崔約,夷中
崔紓,子綸
崔紘,子綱
崔素,瑤英
崔素臣,同丘
崔紹,襲之
崔絢,季文
崔維雅,大醇,大醕,默齋
崔縉,縉紳
崔縱,元矩
崔署,崔曙
崔羣,崔大,敦詩
崔群,敦詩
崔羨,幼卿
崔習,貴禮
崔翰,叔淸
崔翹,明微
崔翼周,崧樓,松樓
崔耐卿,遜齋
崔耕,莘文,莘父
崔臚,文炳
崔致遠,孤雲,海雲
崔致雲,伯卿,釣隱,鏡湖
崔與之,正之,正子,菊坡
崔興孝,月谷,百源
崔興宗,崔九
崔興源,復初,忠貞,松泉
崔興霖,溪堂,賢佐
崔舜球,夔典,奯盦,德雄
崔艤,濟之
崔良佐,貞文孝父
崔良承,仲欽
崔芑,浚源
崔芸,芸卿
崔芹,詠秋
崔若礪,公冶,公治
崔茂藻,子文
崔荇尙,孺長,星灣
崔荊南,孟楚,雲湘
崔華,蓮生,西岳,西嶽,連生
崔萬理,子明,江湖散人
崔萱,北堂
崔葛,楚長
崔蓋國,南岳,子省
崔蓬瀛,仙舫
崔蔚林,夏章,定齋,玉階
崔蕃,師陳
崔薀,砭齋,輝叔
崔藏之,含光
崔虞齡,庸徵,怡園
崔虞齢,怡園,治園
崔融,安成
崔行可,仕甫
崔行檢,聖用
崔行規,寡悔
崔衍,懿公
崔裕泰,士仰
崔襟海,元州,滄州
崔襟漢,雲倬
崔言,思玄
崔訥,思默
崔詹,順之
崔誠,守誠
崔誠之,文簡,松坡,純夫
崔誥,錫三
崔誼之,老山
崔諤之,元忠,崔諤
崔諶,貿本
崔謙,士遜
崔謙亨,會卿
崔護,殷功
崔讓,謙甫
崔貢,廷碩
崔貺,承之
崔貽孫,擇之
崔賓,光國
崔贊襄,子思
崔起南,晩翁,晩谷,與叔,養庵
崔路常,韻樓
崔蹈規,履恆
崔軒,鳴山,鳴岡,鳴嵐
崔載華,崔九,茂實
崔輔漢,彦卿
崔近思,希睿
崔迥,公遠
崔述,元明
崔迺翚,一飛,芋堂
崔通,處徹
崔逢,玄成
崔逢霖,川山,雨山
崔進源,六逸堂
崔逸甫,延明
崔遂,通玄
崔道融,東甌散人
崔達桂,馨山
崔遠,昌之
崔適,懷瑾,觶甫
崔遵度,堅白
崔遵用,藏器
崔遹,孝立
崔邁,少逸
崔邠,崔二,文簡,處仁
崔邦亮,德嚴,際虞
崔邦彥,美伯,養正堂
崔都,民極
崔郾,廣略
崔鄲,晉封
崔酆,崔灃
崔釋,研幾
崔金剛,金剛
崔鈞,元播
崔鉉,台碩
崔銑,仲鳬,子鍾,少石,後渠,後渠先生,文敏,洹野
崔鋌,崔鋋
崔錦中,啟人,春江
崔錫恒,損窩,汝久
崔錫鼎,存窩,文貞,明谷,汝和,汝時
崔鍠,大音
崔鍾淦,少怡,少恰
崔鎮,重威
崔鏞,汝洪
崔鐬,節卿
崔鐵堅,夢隱,應久
崔鑰,坦園,麗水
崔長清,菱洲
崔閑,玉澗道人,誠老
崔關,子固
崔陞,南郭,南郭先生,南郭學者,廷進
崔陟,浚明
崔陲,崔倕,平仲
崔隱甫,忠公
崔雍,大和
崔雙貴,良輔
崔雲海,浩甫,襄莊
崔雲溥,大仲
崔雲遇,時中,香湖
崔震,彥起
崔震立,士建,潛窩,貞武
崔霞,幼雲
崔靖,不衛
崔鞏,奉青輿,遐舉
崔韶,子華
崔頌,冊文,敦美
崔預,晉元,黃海漁翁
崔頤,泰沖
崔顒,南岡,景肅
崔顯,耀卿
崔顯祖,文質
崔魯,崔櫓
崔鳳昌,矞卿
崔鳳集,象三
崔鳴吉,子謙,文忠,滄浪,遲川
崔鵬,元翰
崔鶠,婆娑,德符
崔鶴峯,雲浦
崔黃左,黃左
崔黃臣,仲牧
崔龍見,曼亭,翹英
崔龍雲,雨蒼
嵇三錫,藥園
嵇世臣,思用
嵇元夫,長卿
嵇元鈁,雪莊,雲莊
嵇居易,俟之
嵇康,叔夜,奚康,嵇中散
嵇應科,文甫
嵇承咸,子進,小阮
嵇承志,滌圃
嵇承淦,錫浦
嵇承裕,容圃,蘭谷
嵇承謙,受之,晴軒
嵇文芳,香谷
嵇文駿,春源,步雲
嵇曾筠,文敏,松友,禮齋
嵇有慶,伯潤,伯餘
嵇永仁,匡侯,抱犢山農,東田書屋,留山,留山堂,畱山,竹林,葭秋堂
嵇永福,衣玄
嵇源,子長
嵇琬,大珪
嵇璜,尚佐,尚左,拙修,文恭,補庭,錫慶堂,黼庭
嵇穎,公實
嵇適,利往
嵩佳蘇爾濟,蘓尔濟,蘓爾幾,蘓爾濟
嵩佳蘇魯邁,勤勇,蘇嚕邁,蘓嚕邁
嵩佳鄂洛順,鄂羅遜
嵩壽,呼三,芝樵
嵩崑,書農
嵩林,中崖,峻卿
嵩申,犢山
嵩貴,撫棠
嶽湘,正洲
巙巙,傑傑,子山,庫庫,文忠,正齋
巢勉,無我居士
巢勛,子餘,松華館主
巢峻,崇山,臥猿老人
巢汝錫,介堂
巢紹椿,無我居士
巢谷,元脩,巢穀
巢震林,兼山
巢鳴盛,崆峒,止園,端明
巢麟征,淑只
巢麟徵,淑只
左㻫,文琰
左世壽,容堂
左世望,仰山,叔豫
左之宜,用善
左乾春,健全,鏡泉,麗生
左亮,存耕
左仁,青峙
左伯朋,錫龜
左伯疇,錫範
左傑,允興
左元錐,季穎,季顯
左光先,三山
左光前,継之,還貞
左光斗,共之,忠毅,浮丘,滄嶼先生,遺直
左光胤,子明
左克明,德昭
左又宜,鹿孫
左周,問莊
左唐,堯卿
左國材,子厚,左櫟,越巢,越巢齋
左國璣,中川先生,舜齊
左坊,子久
左垣,掖門
左基,永圖
左士吉,節修
左士澄,金波
左壽玉,季蘭
左壽貞,月卿
左夢庚,莊敏
左大治,敬修,蕙莊
左如芬,信芳
左孝同,子異,子禩,逸叟,遯盦,遯齋
左孝澂,綴芬
左孝琪,靜齋
左孝琳,湘娵
左孝瑜,慎娟
左孝璸,少華
左宗棠,左季高,季高,湘上农人,老亮,上農人,文襄,樸存,湘上農人
左宗海,百會
左宗郢,心源
左宜之,堯欽,欽文,風南
左宰,巢松,雒三
左寅,敬堂
左寶貴,冠亭,冠廷,壯愍,忠壯
左居實,彥實
左峴,襄南
左幼山,左幻山
左延年,子山,華林
左待,未生
左德慧,欽敭,石僑
左必蕃,界園
左念恆,南孫
左思忠,石臯,長臣
左恆,錦峯
左悠,尚遠
左慶延,世積,第四十六
左懋第,仲及,忠貞,蘿石
左才,寶閣
左挺生,伯周,梅農
左揆,正卿
左敬祖,念源,虔孫,虔生
左文炳,芹生,芹莊
左旦,君發
左昂,巢生
左昊,採一,白存
左昌時,左昌詩
左明善,思誠
左昭煦,炳山
左暄,春谷
左書,西山
左桓,毅夫
左梅,羹五
左楨,淮南大隱,甓湖居士,紹臣
左殿甲,溶唐
左永吉,謙六
左法,孝才
左清晏,海帆
左源,漁溪
左潛,壬叔,壬叟
左潢,古塘樵子,晴川
左澐,南亭,甫亭
左瀛,睿之
左炘,壯毅
左然,允之
左熈,夏伯
左燁,仲輝
左瑛,漱六,瑤圃
左瑺,世瑄,左璒,訥菴
左璋,廷貴
左璠,仲琰
左璵,左與,次琰
左璹,幼宇,荔裳
左畢,文琰
左白玉,小蓮
左相申,節愍
左省三,佑卿
左眉,良宇,良與,靜庵
左知來,鴻誌
左祥,祥卿
左秉均,菊生
左秉隆,子興
左穎,次農
左章昞,文慶,蔚亭
左章昭,容齋,峯齋
左紹佐,笏卿
左紹鑾,子甄,寶亭,翰珊
左經,漆厓,載道
左緯,委羽居士,經臣
左縉,士卿
左繼樗,芳遠,隱齋先生
左興,傑夫
左良玉,寧南侯,崑山
左英,青峙
左莊,莊士
左衢,耕堂,賡唐
左觀瀾,畫舫,繡川,繡泉
左譽,與言
左賚,錫善
左賢,時彥
左賫,錫善
左贊,時相,時翊
左輔,良弼
左運奎,祉文,迦庵
左運昌,盛齋,鳳山
左遜,仲言
左鈞,鳴和
左鈺,廷珍
左錫嘉,冰如,冷吟仙館,冷雲仙館,婉芬,小雲,浣芬,韻卿
左錫璇,小桐,碧梧紅蕉館,紅蕉仙館,紅蕉碧梧館,芙江
左錫璿,芙江
左錫蕙,婉香
左鎮,淸源,綿園,青原
左鎰,應衡,東井
左長鎮,定宇
左雄,伯豪
左雋,仲甫,楚瑛
左難當,左匡政
左霈,雨泉
左順,叔才,棣莊
左駿章,伯聲,柳灣
左鼎,周器
巨光遠,耀卿
巨國桂,子馥,瑞南,靜亭
巨敬,毅直,節愍
巫伋,子先
巫光採,芝田
巫啟堂,玉齋
巫大方,伯正
巫姬,又施
巫孝恭,巫克恭
巫宜禊,巫宜褉,祓齋,雨池
巫宜福,學謙,益亭,鞠坡
巫必,子固
巫晦,明先
巫潛,行可
巫繼咸,宗臣
巫近漢,甸廬,碧瞻
巴什,八十
巴克坦布,敦甫
巴嚕特鍾亮,忠良
巴圖濟爾噶勒,巴圖濟爾嘎勒
巴尼音泰,巴呢音泰
巴岳忒瑚松額,果毅
巴岳特文榮,如山
巴岳特蘇嚕岱,秀峰
巴岳特錫良,文誠,淸弼
巴廷梅,聖羹
巴彥學,緝之,覺羅巴彥學
巴彥弼,巴延弼,覺羅巴彥弼
巴思明,惟哲
巴慰祖,予藉,晉堂
巴揚阿,威勤,玉農
巴林甘都,幹都,甘篤
巴棟阿,巴東阿
巴榮祖,以賢
巴樹穀,藝之
巴永阿,惺齋
巴源瀇,杏川
巴爾布,交羅巴勒布,交羅巴爾布,覺羅巴爾布
巴爾聘,巴爾品
巴爾達慶陞,星皆
巴琫阿,巴克坦布,巴綳布,巴綳阿,質齋
巴禹特巴羽特明春,巴羽特明春
巴禹特貢楚克札布,貢楚克扎布
巴約特鍾澐,達圃,鍾雲
巴維珙,方中
巴襲,巴錫
巴雅喇克蒙額,矩菴
巴雅拉博霽,博濟,博齊
巴雅拉西成,巴雅拉西城,有年,樗園,玉汝堂
巴魯特柏葰,巴魯特松葰,松慶,泉莊,聽濤,薜菻吟館,靜濤
巴魯特鍾濂,稚泉
布喀,布哈,霖蒼
布庫里雍順,始祖
布庫魯傑純,布庫嚕傑純,果毅
布延圖,布顏圖
布泰,階平
布爾哈齊廣壽,敏達
布賽納齊喀,勤恪
布魯海牙,孝懿
希哲,濬川
希廉,紹甫,維貞
希德慎,奚德慎,悉德慎
希拉布,西拉布
希拉綳阿,希拉朋阿,西拉綳阿
希濬,哲川
希爾努特赫特賀,果威
帖古迭兒,元卿
帖木兒不花,仲彬
帖木列思,周賢
帖木哥,中齋
帖木補化,拱辰
帥仍祖,介亭,宗道
帥以忠,象川
帥光祖,宗文,藥房
帥嘉謨,禹城
帥宗栻,授人
帥家相,伯子,卓山
帥志賢,伯達
帥念祖,宗德,蘭皋
帥應極,希召
帥我,備皆,簡齋
帥承濂,沈奚
帥承瀚,匯伯,海門,滙百
帥承瀛,仙洲,仙舟,士登
帥揚,表卿
帥方蔚,叔起,咫聞軒,子文,石邨,石邨老人,紫雯軒
帥桂,師桂
帥機,惟審
帥煥,丙君,石耕
帥用昌,汝陽
帥祥,履卿
帥翰階,蘭娟
帥萬全,益寰
帥蘭,同父,楚澤
帥衆,我一
帥遠燡,仲謙,文毅,蘊輝,逸齋
師世美,濟叔
師亮彩,禹門
師兆熊,寶臣
師克恭,敬之
師全介,立之
師古,彥立,義學
師問忠,恕先,裕亭
師嚴,道立
師夔,汝和,洪和
師天麟,勝瑞
師妙妾,裔裳
師存智,汝愚
師弘禮,德輿
師徽猷,慎五,懿庵
師慕祖,蔭堂
師承祖,芭塘
師映坦,星橋
師映垣,星橋
師某,思道
師氏,趙師氏
師渾甫,伯渾
師瑞龍,現田
師範,端人,荔扉
師義方,子燕,竹庭
師若琪,左珣
師蓮芳,香國
師蕙芳,素卿
師逵,九達
師遇,厚卿
師道立,惟心
師長灼,伯駿,疊華
師頏,霄遠
師頡,霄遠
師頤,彥貞
師顯行,內機,内機
師餘,學翁
師驥,德駿
席上珍,聘之
席上珎,待聘
席世昌,子侃,稚泉
席世維,菊村
席世綱,有堂
席世雅,彥文
席仲田,養卿
席佩蘭,席佩芬,月襟,蘂珠,道華,韻芬
席元烺,蘊山
席元章,冠甫,晦甫
席光縉,繼堂,雲占
席啟圖,文輿
席啟寓,文夏
席啟疆,文遠,牟山
席啟祥,五雲,熙庵
席大田,舜臣
席大賓,子瞻,星崖
席存震,省伯,筤坡
席安豐,措山
席寶田,研薌
席巽,厚菴
席延年,仁叟
席恭,席杲
席慧文,印蒼,怡珊
席應珍,子陽子,心齋
席教事,覺海
席旦,晉仲
席春,仁同,同仁,虛山
席曜衡,麓生
席書,仁同,元山,文同,文襄
席杲,特初
席永恂,漢翼
席汝言,君從
席沼萃,含齋
席泰,義泉
席炎,山雲
席煜,子遠
席玕,貢湖,貢珍
席珍,仲瑜,果岩
席琬,宛玉
席瑤林,素光
席益,大光,忠淸
席筠,琴德
席篆,席彖,席象,材同,梅山
席紹洙,文明,蔚亭
席紹芬,含貞
席紹葆,宜民
席紹董,碩亭
席紹蘋,含齋
席聘臣,上階,萃農
席芑,溏菴
席芬,福菴,補菴
席芭,溏菴
席英,俊仲,梅村
席蕙文,蘭枝
席豫,席公,建侯
席貢,襄榮
席郁,士文
席鈺,女書倉,玉華
席鎬,渭南
席鏊,吳鏊,寶箴,景溪,景濂
席鑑,掃葉山房,毓遜齋,玉照,茱萸山人,萸山,釀花草堂
席雍,喈仲
常三省,希曾
常中,惟一
常九經,梅岩
常俊,英俊
常信,國寶
常倫,明卿,樓居子
常允,克明
常元慶,宗善
常元素,太乙
常克謀,境安
常冲,仲微
常凱,卓臣,捷安
常叡,貢賓
常同,子正,敏節,虛閒居士
常哥,常格
常喜,雨亭
常在,守德
常城,大防
常壽,長壽
常大忠,二河
常大淳,南陔,大湻,文節,正夫,蘭陔
常天祐,履謙
常如楷,司直
常存,元嵩
常存仁,靜甫
常守仁,心齋
常守文,以通
常安,安遠
常安民,希古,敏節
常寧,文靜
常居中,子正
常居仁,備之
常居敬,心吾,惟一,汝一
常屯如,玄真
常山,伯仁,小軒
常山鳳,雲溪
常師,釗敏
常序,子順,靑渟
常延齡,喬若
常建,瀚公
常循,怡庭
常德,仁卿
常心,幼若
常恆昌,修吉,恆昌,芸閣,蕓閣,靜軒
常恩,潤伯
常惟之,常維之
常惲,思惲
常慶冲,希夷
常應文,冲瀾,汝實
常挺,方叔,東軒
常授,常壽,常綬
常文之,樸園,煥卿
常新,士勉
常昇,次子,開國公
常明,子淸,貫洲
常時平,允升
常景周,霽樓
常智,仁哲
常有開,子先
常棠,召仲,竹窗
常棨,戟堂
常楙,常懋,長孺
常氏,懿敬,敬懿
常泰,時雍
常清元,冠英,祖英
常源,靜波
常溥,周用,用周
常潤,大千,幻休
常濟,惠夫
常濬孫,鄭卿
常瀚,容舫,蓉舫
常炳文,虎臣
常煜,晴川,經垣
常熙敬,冠卿
常牧,石鄰
常玗,晉玉
常珙,君璧
常珩,佩如,蔚亭
常珪,粹夫
常珹,大防
常瑞芝,秀峯,秀峰
常異,行能
常發祥,其園,麟徵
常皆,常偕
常祿,蓮溪
常秀山,靜亭
常秩,夷甫
常立,子允
常第春,杏橋
常紀,理齋,銘勛,黻廷
常維潮,浙門,立雲
常自裕,嘗自裕
常臻,囗囗
常舉,蓋德
常茂,景榮
常茂徠,秋崖,逸山
常詵孫,宜卿,直卿,雪溪先生
常諤臣,彥輔
常謙,敬甫
常豫,儀庵
常賜,承恩
常贊春,子襄,柞用,髯翁
常軏,時用
常遇春,伯仁,常十萬,忠武,鄂國公,開平王
常運藻,鑑堂
常遒滋,次華
常道,文載
常道性,芝仙
常道立,修之,還一
常錫胤,冷御,耆之
常開,元儉
常際唐,雲門
常顯,道明
常麟,汝仁
常齩住,忠懿
干從濂,希周,靜專,靜耑
干文傳,仁里,壽道,止齋
干步瀛,英伯
干準,世範
干特,達士
干璠,廷玉
干運恆,于運恆
干雲,作霖,奇峰
平世增,思穎,訥齋
平世用,德充
平仲信,大通
平安,保兒
平康裕,德遠
平德瓉,靜林
平志,尚之,憨樓
平思忠,爾中
平恕,寬夫,留春書屋,餘山
平悅,陶軒,鶴軒
平梓,幹林
平步青,景蓀
平氏(魯幼文妾),平安
平源,沛霖
平疇,種瑤,耕煙
平觀瀾,百泉
平貞昚,閒從
平達南,子衍
平遠,蘊山
平震世,仲侶
平顯,仲微,松雨老人
年仲隆,豐寰
年富,嚴富,大有,恭定,謙齋
年希堯,偶齋,允恭
年羹堯,亮工,羮堯,雙峯,雙峰
幸元龍,松垣,淸節,震甫
幸寅遜,幸夤遜,辛夤遜,辛寅遜
幸應中,孔英
幸擴,宏夫
幸文興,慈峰
幸溥中,季洪
幸邦輔,佐卿
庄子,庄周,子休,南华真人
底蘊,汝章
庚嶺春,桐樹,銅柯
度正,周卿,性善
庫亞勒呢嗎奇多隆武,庫雅勒呢瑪奇多隆武,庫雅拉呢馬齊多隆武
庫勒雅齡文,竹友
庫爾喀,庫爾康
庫爾禪,庫爾纏
庫狄通,豐仁
庫雅拉台斐英阿,台斐音阿,台費英阿,果肅
庫雅拉啟秀,松巖,穎之,穎芝
庫雅拉恆奇勒烏淩額,烏凌額,烏淩阿
庫雅拉闊綽里岱森保,庫雅拉闊卓里岱森保
庫雅拉陽春,儉齋,庫雅拉陽春保
康?,康珽
康丕揚,馴漢
康世耀,子潛
康世臣,良佐
康乃心,太乙,孟謀,莘野
康五瑞,毓宣,芬洲
康亮釣,能由
康亮鈞,龍山
康仲珍,子鞱
康仲穎,縕之,蘊之
康企,琴山
康伯珍,子韞,無名齋
康倬,為章
康健,自强
康傑,超群,雙峰
康允之,志升
康元弼,輔之
康元敬,留師
康元穗,日穎
康克明,幼臣,德盦
康厚,本淳
康呂賜,一峯,南阿山人,復齋
康哲,慧哲
康國,德庵,濟宇
康國器,庭玉
康國祥,建山
康圭,爾錫
康圻,君畿
康執權,平仲
康基淵,南圃,茂園,鏡溪,霞蔭堂,靜溪
康基澗,靜溪
康基田,仲耕,茂园
康塤,賡廷
康壽桐,季琴
康夢吉,叔誼
康夢庚,景長
康夢相,予賚,肖野
康天英,國才
康天錫,慶之
康太和,原中,礪峯,順卿
康奉珏,次雙
康好文,子野,梅溪
康如璉,修庵
康如陵,鳳山
康姬冕,服周,約齋
康孝文,子武
康學義,志齋
康履,榮節
康希銑,南金
康庶,達光
康庸,時中
康廉采,繼驤
康廣仁,大中,幼博
康延壽,康胤昌
康延澤,潤之
康廷瑞,子安,西園先生
康廷芝,康五,康庭之,康庭芝
康引叔,繼山
康彥民,忞窗
康從理,裕卿
康復誠,明之,竹磵
康德洋,普于,普千,普子,普宇
康德輿,世基
康志達,志達
康忱,太乙
康惇,子厚
康惟善,元叔,舟川
康應弼,輔德
康應科,芝堂
康戩,休祐
康敉,仲撫,杏村
康敬德,秋山
康敬本,延宗
康文,載道
康文虎,炳道
康文豹,蔚道
康新民,莊衢
康方正,子端
康景會,雲峯
康暉,懷智
康曄,澹軒,顯之
康有为,康南海,康长素,广厦,长素,南海,明夷,西樵山人,天游化人
康有溥,大中,大厂,幼博,廣仁
康有為,一天園,不忍,人天廬,勞念劬,勞我廬,南海先生,南海老人,南華,南蘭堂,大庇閣,天孝堂,天游化人,天游閣,天風海濤樓,奮務閣,寥天室,幽飲亭,康祖詒,康聖人,廣夏,廣廈,明夷,明夷子,明夷閣,明瑟亭,更生,更甡,甦生,硓雲荒館,納東海亭,素廣,萬木樓,萬木草堂,西樵山人,逍遙遊齋,長孺,長懶別莊,長素,長興學舍,雲衢書屋
康朗,用晦,磐峰
康杴,仁德
康栻,敬夫,望山
康梣,子秀,小山
康植,子厚
康榮,孟嘉
康模,宏遠,近山
康樵,友漁,牧齋,雪廬
康武通,宏達
康氏(神德王后),神德王后
康永嘉,可久
康永祥,吉人
康永韶,奪職,用和
康汝弼,止垣,止齋
康汝楫,齊卿
康汝芳,仲實
康河,德淸,湋川居士
康泞,康寧
康泰,壯勇
康泰真,雲峯子
康浚,力齋,永齋,百川
康浩,德充,旻齋鑾子
康海,對山,德涵,沜東漁父,滸西山人
康淳,德一
康淵,叔臨
康演,文敷
康澄,雲仙
康濂,德周
康濟,彥通
康濟民,惠之,懷樸
康焮,後溪
康熙,玄烨,爱新觉罗·玄烨,清圣祖
康燊,濟甫
康爵,以德
康玄辯,通理
康玠,廷圭
康瑞,瑞玉
康瑞孫,祥可
康瑞蘭,康蕙蘭,畹滋
康璧,叔瑗,達莊
康發祥,伯山,瑞伯
康禋,以敬
康禹民,水衡
康紀,在脩
康純,太初,莊愍
康紹叔,殿周
康紹宗,孝隆
康紹衣,緩齋,聞言
康紹鏞,蘭皋,鎛南
康維新,元鼎
康綸鈞,夢芸,康倫鈞
康縉,宗正
康繼英,仲雄
康義誠,信臣
康翼,南仲
康與之,伯可,叔聞,退軒,順菴
康若泰,魯瞻
康茂才,壽卿,武康,武毅,武義,武襄,蘄國公
康萬民,公遜
康蕙蘭,合河女士,畹滋
康衛,寶臣
康袞,恭襄
康說,夢遇
康諝,忠定
康象書,渭園,笏廷
康迪吉,道甫
康述周,衣言
康造,士遐
康遐齡,壽軒
康達焜,平卿
康郎,善慶
康里不花,普修
康錫新,知橋,維橋,雉橋
康錫齡,介臣,茗初
康鏞,康长公,振远
康鐸,伯聲,忠愍,蘄國公,蘄春侯
康鑾,振聲
康阜,德瞻
康際清,達夫
康震,宗武
康霖生,巔庵,澤遠
康駢,康軿,賀言
康驥,德良
康麟,文瑞
康默記,康照
庸仁傑,唐仁傑,康仁傑
庾侹,庾鋌
庾元,善長
庾大墉,石城
庾天錫,吉甫
庾承歡,會晉
庾敬休,順之
庾氏,明遠
庾深之,彦靜
庾游方,子晦,庾晦
庾炳之,仲文
庾登之,元龍
庾纘洪,春谷,述夫
庾翼,稚恭
庾軾,子敬
廉九經,一亭
廉兆綸,廉師敏,深柳堂,琴舫,葆醇,葆醕
廉國望,鴻儀
廉大坊,鶴堂
廉布,宣仲,射澤老農
廉希尹,達父
廉希憲,善甫,忻都,文正,野雲
廉希貢,端甫,薌林
廉希賢,達甫
廉廷秀,民望,萱庭
廉德浴,春沂
廉志勲,雲階
廉悌臣,忠敬,愷叔
廉惇,公邁,文靖
廉惟德,天輔
廉惠山海牙,公亮
廉承益,忠靖
廉泉,惠卿
廉興邦,仲昌,東亭
廉阿年八哈,景淵
廉靖,安卿
廕昌,午樓
廖?,儀仲
廖世昭,師賢
廖世魁,仲文
廖中,用中
廖仲恺,廖恩煦,恩煦,夷白
廖伯憲,夢先
廖佑齡,茘軒
廖俁,季碩
廖俊,文英,竹巖
廖倚,成伯
廖偉傳,萬英,蔓茵
廖冀亨,瀛海
廖凝,熙績
廖剛,文淸,用中,高峰
廖及,南園遯翁,成叟
廖叔謹,槎溪
廖君玉,國華
廖含,芬田
廖國琛,樵雲,筍玉
廖坤培,西崖,西巖
廖培芳,湘浦
廖基棫,譬耘
廖基植,璧耘
廖士修,廷簡,素庵
廖士正,仲彦
廖壽恆,仲山,壽恆,抑抑齋,抑齋
廖壽豐,榖似,榖士,止齋,省三,研田,穀似,谷似,闇齋
廖天明,十七,敬之,東溪
廖天民,先覺
廖夷清,禮卿
廖如春,韶景
廖如龍,虛我
廖子孟,廖獻卿
廖子實,伯成,第十九
廖子平,廖鐵柱
廖學潮,小韓
廖宗元,恢祖,梓臣
廖寅,亮工,復堂,題襟館
廖審幾,鑑堂
廖居仕,文忠
廖崑齢,瑗岡
廖希元,伯才
廖希顏,叔愚,東雩
廖平,耶溪樵
廖庚,西仲
廖廷佐,遐有
廖廷掄,修甫,獻廷
廖廷珍,叔瑗,瓊軒,良玉
廖廷相,子亮,澤群
廖彀,式我
廖彤,子容
廖彥脩,敏道
廖復之,仁敬
廖德徵,德徵
廖德明,子晦,槎溪
廖必強,千能,荷莊
廖志基,萊城
廖志灝,伯湘
廖性之,道夫
廖恂,仲孚
廖恆吉,思德
廖惟勛,椅臣,炳之
廖惟志,覺先
廖慶,體善
廖應和,方叔
廖應淮,學海,海學,溟涬生
廖應瑞,祥國
廖應龍,雲祥
廖拔桂,月圃
廖敏,恱學
廖敦行,子厚,韻樓
廖文光,士龍
廖文煒,彤簡
廖文耀,畫庭,華卿
廖文錦,劭菴,彥雲,邵菴
廖方蓮,廖芳蓮
廖日敬,寅齋,緝堂,輯堂
廖昇,文節
廖昇如,月恆
廖明哲,元甫
廖映暄,槐峯
廖時雨,廖時甫
廖晉卿(字),晉卿
廖景文,古檀,覲揚
廖景明,屺堂
廖暹,曰佳
廖朝翼,扶九,東厓,東岩
廖桂林,小山
廖梯,雲卿
廖楫,濟用,野舫漁者
廖業新,佩卿
廖樹三,棟庭,槐庭
廖樹蘅,蓀畡
廖機,彥衡
廖欽,敬先
廖正一,明略,竹林居士
廖正亨,匡渠,厓萬,砥石
廖正古,明遠
廖正圖,廖光圖,廖匡圖,廖圖,贊禹
廖正華,詠秋,鹿蘋
廖毅,弘道
廖永安,彥敬,武閔,鄖國公
廖永忠,德慶侯,武勇
廖淩漢,秋槎
廖游卿,廖有方,秦都
廖漢,天章
廖潤鴻,振才,種垞,茭源
廖熊光,偉耀,南村
廖燕,人也,夢醒,柴舟
廖玉,田生,簡齋
廖玖,粹老
廖玨,松崖
廖珙,信中
廖瑀,伯玉,伯禹
廖瑛,璞完
廖瑩中,群玉,藥洲
廖璇儀,渾齋
廖璜,璞園
廖用賢,賓于
廖秩瑋,子琦,石香
廖秩璋,石香
廖積性,質性
廖立孫,幼興
廖簡,介庵,行儉
廖紀,惟修
廖純,乾順
廖維勲,倚城
廖義剛,文淸
廖翰,仲良
廖翱,羽皋,鵬興
廖肇級,陰九
廖自顯,德潛
廖興邦,三峯
廖芳春,奉新三春
廖英,佩香
廖莊,安止,恭敏,東山,汝止,汝玉
廖融,元素
廖行之,天民
廖衙,仲辰
廖謙,德之,益仲
廖謨,文績
廖謹,廖五經,愼初
廖象春,儀生,奉新三春
廖賡謨,虞箴
廖逢春,奉新三春,道長
廖道傳,叔度,梅峰
廖道充,見可
廖道南,鳴吾
廖遠,苑廣
廖遽,季能
廖重機,炳烜,萃堂
廖鉉,汝器
廖錦華,達源
廖錫,天爵
廖鏡伊,伯冶,雪門
廖長齡,維賡
廖際可,以禮
廖雲錦,織雲,蕊珠
廖顒,季卭,季邛
廖駒龍,枚園,牧周,牧園
廖騰煃,占五
廖驤,執齋,積中
廖鳴龍,廖鳴韶
廖鴻珍,聘林
廖鴻荃,廖金城,應禮,文恪,斯和,鈺夫
廖鴻藻,儀卿,斯儀,斯嘉
廖鴻詞,曉墀
廖鵬飛,廖飛鵬
廖鶴年,雲氅
廖鼎聲,金甫
廟廷鎮,敏山
廣敏豐,醜五
廣旉,子箸,芝樓
廣照,宣卿
廣玉,桂亭
廣順,熙若,秀峰
廣鳳,竹桐
廬坤,厚生,靜之
廬士珩,楚傅
廬師武,承揚
廬玢,子玉
延?某,修行
延君壽,六硯老人,荔浦
延嗣宗,不非,靖厚
延恆,菊潭,遵素
延昌,壽丞,子光
延最績,毅愍,痴堂,茂卿
延楷,古香,範儒
延清,子澄,小恬,鐵君
延煦,樹南
延祉,錫之
延祺,壽先,春江
延茂,松巖
延論,元訥,慕竹
延青雲,果亭
延鴻,蒨士,逵程
延齡,壽峰,覃生
廷傑,用賓
廷桂,芳宇
弋中和,道夫
弋福,高潔
弋鶴,斗陽,鳴臯
弓元,大方
弓敏中,士文
弓毓華,曉亭,蘿村
弓汝恆,子貞,書隱
弓翊清,菱洲,菱溪
弘历,法天隆運至誠先覺體元立極敷文奮武欽明孝慈神聖純皇帝,高宗
弘吉剌伯藍也怯赤,裕圣皇后,阔阔真
弘夜珠,宏夜姝
张之洞,张香涛,香涛,孝达,香岩,无竞居士,张南皮
张作霖,张雨亭,雨亭,老帅,张大帅,雨帅,东北王
张学良,张汉卿,汉卿,少帅,毅庵
张氏(李倓妻),恭順皇后
张飞,翼德,张翼德
弭禮,端靖
張?,子靜
張㫤,彭城伯
張㷆,雲京
張䂮,景耜
張䇓,導江先生,達善
張䌌英,孟緹
張䎖,叔舉
張䎙,振公,振翎
張䕶,少運
張一元,鳴春
張一坤,六十六,子簡
張一德,心得
張一心,道宗
張一恆,北岳,蓬水
張一桂,庭芳,玉陽,稚圭
張一棟,任甫,起東
張一清,東伯
張一無,善式
張一珏,屺思
張一通,汝達
張一邁,用征
張一霽,天光
張一鯤,伯大,翼海
張一鵠,忍齋
張一鵬,雲摶
張一麐,仲仁,公紱,民傭
張丁,孟兼
張三丰,全一,君寶,張邋遢,通微顯真人
張三極,襄城
張三異,痴龍,禹木,魯如
張三禮,橙山
張上慧,元文
張上龢,怡蓀,沚蓴
張丕吉,見先
張丕基,仲弼
張丕烈,佑人,友仁,書舫
張丕績,次瑄,禹襄
張世亨,達卿
張世仁,元若,園若,香谷
張世偉,異度
張世傑,漢卿,莊惠
張世則,惟範,準齋
張世培,心田
張世基,張世雍
張世德,菊屏
張世忠,錦堂
張世懋,元賞
張世才,幼白
張世昌,宗盛
張世暲,西亭
張世棠,味鱸,詠如
張世樑,右石,正邦
張世權,侶仙
張世永,綿齋,錦齊
張世浣,硯泉
張世清,易庵,註伯
張世炤,嘵庭,垣庭,曉庭
張世烈,丕楊
張世煒,唐湖,煥文,雪窗
張世熙,庶鹹
張世犖,玉春
張世琦,奇田,德公
張世祜,公望
張世科,濟美
張世美,次川
張世良,和庵,彦卿
張世英,仲傑
張世謙,山一
張世豪,公俊
張世進,軼青
張世鈿,寶泉,書田,雪峰
張世鑣,景和,驤雲
張世鳳,羽君
張世鵬,培君
張世鶚,峙君
張丙厚,爾載,腹庵
張丙廉,夢蘧,孟癯
張丙炎,午橋
張丙煜,廉齋,鑑齋
張丙震,乾惲,岸樵,鑒庵
張中,景和,景華,鐵冠子
張中元,魁漢
張中孚,信甫
張中寅,古虔
張中庸,元常
張中彥,才甫
張中煜,逞堂
張中立,惟正
張中鴻,允獲
張丹,涵中
張主善,師德,木齋
張主敬,茂倩
張乃修,聿青,蓮葆
張乃孚,西村,閒賓
張乃曾,前川
張乃藻,夢蓮,庚生
張之㵲,遠瀾
張之俊,山令
張之堂,繼誌,蓮溪
張之增,山若
張之屏,憲夫
張之杲,東甫
張之棻,石雲
張之沂,白庵
張之洞,冠冕樓,壜眠道人,壺公,奧略樓,孝達,富强齋,少達,廣雅堂,抱冰,抱冰堂,文襄,無競,無競居士,牛翁,薌濤,豁蒙樓,風度樓,香巖,香濤
張之漢,仙舫
張之潤,赤幟
張之澄,淮南
張之燦,沁齋
張之璧,昆嶼,玉璜,藥庵
張之純,爾常,痴山
張之綱,中孚
張之緯,星右
張之翰,周卿,西巖
張之萬,二品教官,子淸,子青,文達,重侯,銮坡
張之蒙,我雲居士,聖孩
張之象,月鹿,玄超,王屋山人
張之賢,世英
張之鈺,季平
張之銘,伯岩,遁翁
張之頊,鳳孫
張乘銓,幼亦
張乜先,時敏
張九一,助甫,十六,周田,振助
張九功,敘之
張九徵,公選
張九思,竹軒,聿修
張九成,子韶,文忠,無垢居士
張九敘,禹功
張九方,應皋
張九栢,蒼崖
張九歌,仲宜
張九疇,天錫
張九章,袞甫
張九言,伯訥
張九達,天衢
張九鈞,陶甫
張九鉞,度西,紫峴
張九鍵,天門,建功
張九鎰,橘洲,權萬
張九鐔,吾溪,竹南,蓉湖
張九韶,九韶,吾樂,美和
張九齡,子壽,張博物,文獻
張乳源,醒齋,階齋
張乾,惟健
張乾珀,壽南
張予定,汝安,雲樵
張于,長生
張于逵,鴻與
張五倫,銘渠
張五典,海虹
張五福,某純
張五緯,治堂,蓮浦
張井,二竹齋,儀九,晴禾皋,畏堂,盡九,芥航,長堂
張亢,公壽
張亨,仕可
張亨嘉,文厚,燮鈞,爕鈞,磐那室,鐵君
張亨釪,伯眉
張京,肖極
張京青,少蘿
張亭然,念川,翅若
張亮,伯德
張亮基,忠毅,惠肅,採臣,石卿,退思老人
張亮熊,哉六
張亮采,海珊,瑤軒
張人傑,軼亭
張人紀,伯脩
張人駿,健庵,健菴,千里,安圃
張人龍,江如
張仁,旻寂
張仁偉,尚德
張仁叟(字),仁叟
張仁同,益齋
張仁嗣,廣鋭
張仁師,仁師
張仁憲,仁憲
張仁楚,仁楚
張仁熙,藕灣,長人
張仁燮,道邕
張仁禕,道穆
張仁美,千里,靜谷
張仁近,如心,拙齋
張仁黼,劭予,少玉,張世恩
張今泌,鄴亭
張今第,桂岩
張介,廉夫
張介孚,子中,福臣
張介祉,季繁,季蘩
張介福,子祺
張介賓,景岳,會卿,通一子
張仔祖,克忠
張仕佺,子真
張仕可,惕存
張仕廷,宇獻
張仕淑,耳醒,蘧庵
張仕渾,近愚,鹿樵
張仕義,魯仲
張仕遇,有為,朱仕遇,秉鈞
張仝節,一中
張令,神弩將
張令儀,柔嘉,蠹窗主人
張令問,博夫,天國山人
張令璜,心友
張令聞,叔闇,畏碞
張令鐸,張鐸
張以化,龍旴
張以南,化臣
張以寧,小張學士,志道,翠屏先生
張以弘,以宏,裕夫
張以文,蔭軒
張以誠,君一,瀛海
張以誥,兢安,經圃
張以道(字),以道
張以邁,匡廬
張仲,明孝
張仲仁,子仁
張仲儀,伯威
張仲儒,子銘,雲舫
張仲先,覺夫
張仲原,純臣
張仲和,張和中
張仲塤,宣六
張仲壽,希靜,疇齋
張仲懽,友卿
張仲方,懷遠,靖之
張仲梓,才卿
張仲深,子淵
張仲炘,慕京,次珊,瞻園,稚山
張仲章,文巖
張仲素,繢之,繪之
張仲良,嗣照,孝侯,燮卿
張仲芬,梅農
張仲謙,士益
張仲賓,穆之
張仲選,紫巖
張任,君規
張任國,師聖
張任湛,錫白
張伯,德秋
張伯仁,至道
張伯垓,德象
張伯宗,應叔
張伯淳,師道,文穆
張伯烈,亞農
張伯熙,明達,祖泳,蓉湖
張伯玉,公達,張百杯
張伯琮,宿眉,璧九,鶴湄
張伯相,東銳
張伯程,樸園
張伯英,伯庸,伯雄
張伯行,佰行,儀封先生,孝先,恕齋,敬庵,敬菴,正誼堂,淸恪,誼堂
張伯通,思廉
張伯魁,春溪
張伯鯨,繩海
張伯麟,慶符
張伽,明哲
張位,名成,名誠,文瑞,文端,文莊,明成,洪陽
張位中,立人
張位存,辛人
張佐,韻舫
張佐治,思謀
張佐清,翊延
張佑,吉孚
張佖,子澄,張泌
張佚,端拱
張佛繡,抱珠
張作楠,丹村,丹邨,張作柟,梅簃,翠微山房,翠積山房,讓之
張作礪,鶴堂
張作霖,雨亭
張佩嗣,環渠
張佩珍,蓮卿
張佩綸,幼樵,幼橋,柑酒聽鸝亭,簣齋,繩庵,蕢齋
張佩芬,秋槎
張佩芳,德凝,紫涵
張佩蘭,畹香
張佩訓,實園,蘭思
張佩貞,蓮卿
張佳哈喇張佳張善慶,勤敏,厚齋,張佳善慶,張善慶
張佳常安,張佳尚安
張佳晟,晉夫
張佳綽哈布,武勤,綽哈佈
張佳胤,居來山人,山盧山,崌崍山人,張佳,張佳彳,張佳允,瀘山,肖夫,肖甫,襄憲
張佳鄂穆圖,北海,章佳鄂莫克圖,章佳鄂謨克圖,章佳鄂貌圖,遇羲,麟閣
張佶,習之
張侃,子和
張來徵,獻孚
張來求,俞來求
張來麟,友松,孟祥
張侍臣,秉忠
張侗,愿夫
張侯德,張俟德
張俁,子碩
張俊,時彥
張俊大,元英,平里子
張俊英,子霖,責生
張俊謙,遜齋
張保三,信梅
張保孫,子道
張保慈,敬堂
張保源,澄之
張保祉,福田
張保續,嗣光
張保胤,張保嗣
張保雍,粹之
張俞,少愚,張愈,白雲
張信,成之
張信義,近安
張修,敬之
張修府,允六,東墅,梅齋
張修育,伯淳,菊潭,鞠潭
張倓,又玄
張倜,叔遠
張倣,希古,張放
張倩,又亭,青人
張倩倩,無為
張倫,天敘
張倬,士昭
張偀,貞一
張偉,圖麟
張偲,士忠
張傃,行甫
張傅,岩卿,巖卿
張傑,朝用
張傑夫,朝伯
張傚,士儀
張傳,汝傳
張傳誥,知生
張僅,幾道
張僊,誠之
張僎,公樸,禮所
張僑,端亭
張僖,廷和
張儀,王廷玉
張儀之,慧生
張儀昭,婉仙
張儆,克禮
張儉,淸和
張儒珍,待聘,東田
張儲,裕山
張儼,芳思
張允中,可行
張允修,五子,建初
張允勛,棨堂
張允升,吉菴,大猷
張允垂,升吉,柳泉
張允掄,並叔,季櫟
張允滋,匠門女史,桃花僊子,滋蘭
張允濟,愛甫
張允言,伯納
張允隨,文和,時齋,覲臣
張元,本貞
張元一,逆流蝦蟆
張元俊,允超
張元偉,祁颿
張元健,子輝,爾駒
張元傑,古田,英甫,雲屏
張元冲,三十三,叔謙,浮峯
張元凱,左虞
張元勳,世臣
張元吉,子成
張元善,道一
張元嘉,享叟
張元埰,梅谷
張元培,允植,護航
張元塤,在茲
張元奇,石三
張元宗,張亢宗
張元定,靜翁
張元宰,楓橋,錫賡
張元幹,仲宗,蘆川老隱
張元度,秋舫
張元復,蓉生,鎔深,鳳巢
張元德,子新
張元忭,二十七,子藎,文恭,陽和
張元恩,沛多,浦多
張元愷,仕開
張元慶,太初
張元懷,田莘
張元成,象山
張元攜,阜成
張元文,宏謨
張元春,南州,幼仁
張元普,伯施,玉岑,稚原
張元林,德滋,茂軒
張元模,竹坪,譜南
張元永,文遠
張元泮,魯池
張元海,益星
張元淳,不渝
張元漢,義可
張元濟,筱齋,菊生
張元珪,廷玉
張元相,居仁
張元禎,元徵,廷祥,張元徵,文恪,文裕,東白,東白先生
張元禮,仲和,竹居
張元簡,敬夫,敬父
張元翰,良甫,達生
張元耀,湍陽先生
張元臣,志伊,懋齋
張元舉,懋賢
張元觀,順齋,顯齋
張元諭,二十八,伯啟
張元鈞,平甫,銳齋
張元鈺,式如,鳳箎
張元銓,巖衡,若衡
張元鎔,翰屏
張元鎮,愚庵,翰白
張元默,蕙芳
張兆元,立亭
張兆奭,蔭堂,蔭棠
張兆安,仁齋,對山
張兆昌,蔡兆昌
張兆棟,伯薩,伯隆,伯龍,友山
張兆楷,叔則
張兆泰,晚荷,樵莊
張兆熙,占泰,惠菸
張兆祐,望齢
張兆祜,望齢
張兆第,殿三
張兆蘭,以綺
張兆豐,樸君
張兆辰,北垣,菜香
張兆銘,佩西
張兆霖,鎮菴
張兆鵬,翼雲
張兆鹿,偉堂
張先,普賢
張先之,子益
張光,德怡女士,紅薇
張光亮,壯烈
張光傑,偉人
張光前,爾荷
張光勳,銘之
張光啟,佑人,毅齋
張光奫,海珊
張光寅,春圃
張光峻,張氏
張光復,寄庵,海周,絅堂
張光憲,健堂,成之,環紫堂,誠之
張光昱,紘揮,釀閒
張光榮,雲軒
張光漢,月槎
張光烈,芝田,覲揚
張光煜,崧麓,嵩麓
張光煦,春樂,春皋
張光熊,謙一
張光璧,渭湄
張光祁,雲仲
張光祖,大光
張光祚,光祚
張光紱,華國
張光緒,孝伯
張光考,耿堂
張光藻,玉樓,翰泉
張光豸,影繡,抑菴
張光遠,文化
張光郢,雪樓
張克儀,鳳衢
張克儉,忠節,禹型
張克公,介仲
張克剛,文仲
張克勤,春亭
張克問,九思
張克家,有光
張克寬,子裕
張克嶷,偉公,幼齋,拗齋
張克復,文衡
張克忠,彥直
張克恭,庇堂,植槐
張克戩,德祥,忠確
張克文,宗質
張克用,宏道
張克睿,聖功
張克綸,曉恩,曉窗
張兌,文說
張兌和,繡園
張免,公免
張兟,茂宗
張全一,三丰,保合容忍三丰子,保和容忍三丰子,全一,張三豐,張儠傝,張刺遢,張剌闥,張君實,張君寶,張猷,張邋遢,玄一,玄玄,玄玄子,遯老,邋遢張,邋遢張仙人
張公尚,思齋
張公巽,子文,深道
張公庠,元善
張公秀,仲實
張公裕,益孺
張公謹,張公瑾
張公邵,修孺
張六奇,六一,默翁
張六瑛,韞玉
張六翮,稚菱,筱珊
張六行,孝先
張共,大成
張其仁,靜山
張其威,電卿
張其慶,錫蕃
張其文,煥軒,發蔚
張其昆,裕之
張其洲,魚齊
張其淦,汝襄,豫泉,邵村
張其潤,雨田
張其玣,卞玉,蓮舫
張其祥,臨齋,麐齋
張其章,晴皋
張其維,鑑葊
張其翔,上林
張其翼,心田,道元
張其舉,宗高,竹亭
張其英,實甫,瑋公
張其達,再敏
張其鍠,子午,子武,無竟,無竟先生,獨志堂,鍠言,默嗇泊孤徂齋
張其鎡,待時,文明
張冉木,叔相,師德
張再清,洪英
張再詠,淦源
張冏,世明
張冕,莊甫
張冰,雪抱,餘生
張冲之,退圃,道淵
張冲霄,蓮舫
張凌雲,慎軒,翰起
張凝元,撫五,桐山
張凱元,立裔
張凱嵩,復園,月卿,粵卿,賜閒樓,金碧小瓊廬,鉞卿,雲卿
張利一,和叔
張利貞,介石
張則周,亦溪,仲濂
張則川,仙濤,瀚溪
張前瓚,巨山,巨川
張劍,求劍
張力卓,湘漁
張力員,梅軒
張力行,顧堂
張功懋,守齋,實甫
張勄,敬止
張勇,安鄉伯
張勉,克勤
張勉之,天民
張勉學,益甫,石川
張勑,汝欽
張勖,勉夫
張勗,勉夫
張務志,先傳
張勛,心一
張勝,成忠
張勣,宏業
張勤淑,友琴,張淑貞
張勰,邦和
張勳,勝生,少軒,張勛,張系瓚,忠武,松壽老人,玉質,順生者
張勵,張勱,深道
張勸,宏道,閎道
張化南,慎齋
張北巖,松霞
張匡敬,主一齋
張匪,張篚
張匯,朝宗
張千載,毅甫
張升卿,公翊
張午,智夫
張協曾,省三,秋農
張南史,季直,張二
張博,仰松,子約
張占,梅村
張占林,杏浦,杏甫
張卨,唐老
張印,月譚
張印中,玉梁,緯黄
張印塘,鑑湖,鑒湖,雨樵
張即之,樗寮,温夫,溫夫,潭夫
張卿弼,希契
張卿明,如月
張卿雲,慶初,棲靜
張厚,安常子,安素居士,處道
張原,佩蘭,士元,玉坡
張原明,孟復
張原楷,公異
張厥修,樂天
張去偏,從正
張去奢,士則,惠公
張去為,恭靖
張去華,信臣
張去逸,去逸
張去非,實堂,張太素
張又新,孔昭,張三頭
張又栻,問渠,少軒
張及,之元
張友仁,學山
張友書,靜宜
張友桐,曉琴
張友正,存誠子,義祖
張友直,淸卿,清卿,益人
張友真,奴兒,如莫
張友諒,元樸
張友霖,修文
張叔元,延善
張叔向,子政
張叔夜,文忠,稽中,稽仲
張叔子,嗣元
張叔安,岳卿
張叔振,振之
張叔椿,春卿
張叔煐,慕南,春叔
張叔瑾,了瑜,子瑜
張叔良,仲良
張叔遵,子明
張叔鏜,振卿
張取,與姬,酬山
張古,希古
張古心,惟中
張召華,實君
張召虎,又孚
張可久,小山
張可仕,文峙,紫淀,紫澱
張可傳,次公
張可前,箸漢
張可坊,慎齋
張可大,壯節,莊節,觀甫
張可立,蔚生
張可述,惟孝
張可速,伯水
張右民,東皋,用霖
張司鐸(JeanTchang),金司鐸
張合,幼子,懋觀,賁所
張吉,克修,克脩,古城,翼齋
張吉元,文初
張吉安,二十四洞天,大滌山房,石塘居士,石牛居士,蒔塘,迪安,迪民
張同,祖年
張同之,野夫
張同工,榕軒
張同敞,元六,別山,忠烈,文烈
張同晸,隆泉
張同準,柏溪,誌萊
張名世,今我,烈愍
張名德,德懋
張名振,侯服
張名藩,价甫
張向榮,心培
張君冑,世賢,元魯
張君奭,鳴道
張君平,君平
張君房,尹方
張君胄,世賢,元魯
張君表,君彥
張含,愈光
張含蘭,翠梨
張含輝,瀾柱
張吳曼,也倩
張周抗,智遠
張周榦,國楨
張周輔,良臣
張周鏞,芑堂
張和,宗禮
張和中,可育,同春
張咨,廷臣
張咸,君悅,君說
張員,壹民,天民
張哲,莊襄
張哿,安時,張駕
張唐卿,希元
張唐英,唐英
張商卿,彥剛,彥高,第七六,道升
張商英,天覺,文忠,無盡居士
張問,道卿
張問仁,為春
張問士,達可
張問安,亥白,季門
張問彤,受之
張問明,日章
張問禮,立齋
張問筠,張筠
張問萊,壽門
張問行,見衡
張問達,德孚
張問陶,仲冶,仲洽,寶蓮亭主,柳門,樂天隨鄰屋,樂祖,羣仙之不欲昇天者,老船,舟公山,船山,藥庵,藥庵退守,藥菴退守,蜀山老猿,蜀山老虫袁,蜀山老蝯,豸冠仙使,豸冠仙史
張啓元,應貞
張啓榮,仁甫,春皇,春皋
張啟元,應貞
張啟庚,苑春,草堂
張啟後,燕昌,若曾
張啟愚,皋如
張啟煌,筱峰
張啟盛,際唐
張啟祚,守默
張啟辰,仲樞,星階
張啟鵬,幼溟,梅墅,蔗泉
張善,嘉寶
張善元,葆宰,鏡初
張善吉,本謙
張善昭,彥充
張善淵,幾道
張善準,平泉,愚公,樹程
張善澂,杜谷,正莊,淨之
張善繼,希復
張善誘,誨我
張善述,樨女,樨文,穉文
張喜元,殿臣
張喜珠,蓮香
張喜田,筱軒
張喬,伯遷
張喬松,鶴田
張喬林,子巡,子遷,子靈
張喬檜,張朝檜,行節
張喬芬,孟蓮,舒琳
張嗣修,景仁
張嗣康,即山
張嗣德,太一
張嗣成,太玄子,次望
張嗣昌,起之
張嗣曾,心恬
張嗣榮,青田
張嗣炳,虎久,虎文
張嗣祖,伯頴
張嗣謝,咏雪
張嗣陶,問船,濟卿
張嗣鴻,火蘭
張嘉,善義
張嘉善,孔嘉
張嘉孚,以貞
張嘉榮,伯華
張嘉模,芷溪
張嘉樹,子譽
張嘉澍,瑞谷,藻裳
張嘉猷,颺廷
張嘉田,筱軒
張嘉祚,喬若
張嘉祿,受百,肖菴,肖葊
張嘉福,錫山
張嘉秀,文英
張嘉言,寰應
張嘉謀,猷可
張嘉謨,城南,舜卿
張嘉貞,嘉貞,恭肅
張嘉賓,嘉賓
張囗周,播功
張四教,振公
張四知,子畏
張四科,哲士,漁川
張四箴,心勿
張四維,維國
張回,淵如
張因,張英,淑華,淨因
張固,公正
張國勛,忠文
張國勲,鼎齊
張國勳,伯明,張國勛
張國城,宗子,懷五
張國士,紹韓,鶴泉
張國威,曉漢
張國寧,祖槐
張國彥,弘軒,熙載
張國枚,曲江,麗江
張國柱,寧宇,維楨
張國樑,張嘉祥,忠武,殿臣,霍羅琦巴圖魯
張國正,笏臣
張國溶,海若,萬善樓主
張國珍,廷重
張國璽,君信
張國相,壯愍,壯愨
張國紀,羽儀
張國紳,書卿,見立
張國經,範村,范林
張國維,輔卿
張國翰,鬱章
張國英,世傑
張國謙,爾光
張國輔,惟德
張國辰,星垣
張國銳,貞子,鍾石
張國錀,啓之
張圓,直之
張圖南,則復,息堂
張團兒,團兒
張在,孝侯
張在貞,在夏
張在辛,兔公,卯君,柏庭
張均,伯祥
張坊,曲沃
張坤,伯簡
張坦,拙娛老人,松坪,芑田,蓮勺
張坦中,履貞
張坦熊,中超
張坰,季野
張垂,舜諧,虞臣
張垍,張四
張垓,伯廣
張垕,德修
張垚,彥高
張埜,古山,埜夫
張培,伯凝
張培中,樹滋
張培仁,子蓮,鑄葊
張培坤,禹平
張培敦,硯樵,胥江釣徒
張培森,蔚如
張培源,江亭,蓴鄉
張培爵,列五,智涵
張基,德載
張堂,仲豪
張堅,漱石,齊元
張堉春,友堂
張堡,滋菴
張堪,君游
張堯佐,希元
張堯卿,化生
張堯封,仲厚
張堯年,長卿
張堯文,宗欽,復吾
張堯淦,抑侯,質人
張堯翁,文伯
張堯臣,希夔
張塤,叔和
張塨,子敬
張塽,珹甫
張墉,石宗,西園
張墐,敬齋
張增,仲謙,松庵
張增健,乾夫
張增彥,士美,美土,美士
張增益,魯齋
張增祥,晉卿,素園
張增道,子修,小堂
張墫,琇如
張壎,牖如
張士佩,澽濱,玟夫,玫夫
張士佶,吉人
張士俊,六浮閣,澤存堂
張士偉,汝翼
張士儋,叔正,子善,張和尚,第二
張士元,弘道
張士凱,張士愷
張士卞,憲仲
張士原,明善,誠齋先生
張士培,天因
張士塤,心友,雪汀
張士奇,子傑
張士孚,文信
張士寬,筱華
張士彬,子穎,蔚森
張士德,九六
張士明,德昭
張士晸,方升
張士最,方升
張士棻,敬齋,樹滋
張士楙,勣堂
張士楹,澄渠
張士標,延秀,廷秀
張士樞,曉堂
張士毅,渠孫,第其十四,貴夫
張士煐,晉甫,鼎臣
張士珣,東玉,紹文
張士珩,弢樓,楚寶
張士琦,天中
張士瑛,仁寶,仁賢
張士甄,繡紫
張士瞻,伯嵓
張士笵,仲模
張士範,仲模,仲謨,式好堂,澹園,芝亭,芷亭,茝亭
張士純,履素,誠叔
張士綱,正夫
張士蘭,友香,心園
張士蛟,映堂,聯堂
張士觀,幼度,文慤
張士誠,九四
張士謙,文益
張士貴,武安,襄公
張士遜,文懿,退傅,順之
張士鋥,子佩,耀廷
張士鎬,景周
張士鏸,文甫,礪吾
張士陵,公器
張士隆,仲修,仲脩,張仕隆,西渠
張士雅,德純,念燕
張士顯,光宇
張士驥,駿公
張士龍,天養
張壽,樂山,汝靜
張壽山,濟川
張壽彭,述臣
張壽春,星木
張壽朋,冲龢
張壽榮,舫廬,蘧軒,鞠齡
張壽泰,仰齋
張壽鎬,子京
張壽鏞,伯頌,約園,詠霓
張壽鏡,鑒秋
張夀朋,沖龢
張夏,秋紹,秋邵,秋韶,菰川
張夔,堯臣
張夙抱,九許
張多學,西園,覺初
張夢元,子善,蓉軒
張夢喈,玉壘,鳳于
張夢庚,子西
張夢徵,鶴來
張夢楊,蘇山
張夢祥,仁山
張夢祺,蘭坡
張夢薦,子尹
張夢蘭,半農,循陔
張夢蟾,應光
張夢驥,德亭
張夢高,第千二,起龍
張夢鯉,化龍
張夢鯨,仲鱗,華陽
張夢齡,洛西,虛齋,錫九
張夢齢,玉峻
張夢龍,靜齋
張大中,子用
張大亨,嘉父,嘉甫
張大仲,聖翼
張大侃,正敘,澹園
張大允,德誠
張大元,掄一
張大化,原德
張大卞,憲仲
張大受,日容
張大同,淡齋
張大器,尚通
張大孫,武若
張大年,鶴館
張大復,元長
張大忠,國楨
張大有,慕梓,慕莘,慕華,文敬,書登,火天
張大某,武城
張大椿,遐年
張大楠,夢錫,幼涵
張大業,原德
張大治,隆宇
張大海,容川
張大煦,景和
張大猷,元敬
張大申,維甫
張大純,文一,松齋
張大素,張太素
張大經,彥文,簡肅
張大綬,象三
張大維,地山
張大觀,皓亭,達人
張大訓,學古
張大謨,希皐
張大谷,可之,若受,蔚園
張大輅,載之
張大輪,夏山,用載
張大酺,弘義
張大金,鶴村,鶴邨
張大鏞,聲之,鹿樵
張大鑒,友柏,鏡之
張大韶,鳴德
張天仁,元德
張天如,萬里
張天定,能甫
張天常,壽卿
張天復,內山,初陽,十四,復亨,鏡波釣叟
張天德,新吾
張天授,素人
張天斗,中宿,綦舟山人
張天柱,漢扶
張天植,蘧林
張天永,長年
張天溫,止鑒
張天爵,良貴
張天瑞,天祥
張天相,石泉,祐之
張天祐,仁一,鶴山
張天祜,張天祐
張天翔,夢龍,潛園
張天翼,寧阿
張天英,南渠,楠渠,石渠,羲上
張天錫,綸九
張天馭,十七,叔駕
張天駿,鳴佩
張天驥,雲龍山人
張天鳳,子儀
張天麟,漢儒
張太復,春旃,景運,浮槎,秋坪,静旃
張奇抱,拙子
張奉國,張子良
張奎,文明
張奎華,密庵
張奏,張凑,會卿
張奏勛,匡世
張奐,然明
張奐平,齊巖
張奕,源明
張奕琨,輝堂
張奚亭,笛帆
張奭,叔保
張好古,信甫
張好奇,平子,知天
張如愚,亦發
張如海,又蘇,又齋
張如璧,栗菴
張如砥,周道
張如緒,文如
張如芝,墨池,默遲
張如芹,俟菴,澹石
張如蕙,十州,又樹
張如錦,虞孫
張妊保,慧仙
張妙淨,惠蓮,自然道人
張姒音,勝無
張姚成,自東,訒軒,訒齋
張姚錫,月舟,紹祖
張威,弘重
張娥子,娥子
張婉,婉仙,小青
張婉仙,澹懷
張婧,德淸
張媺,婉仙
張嫺婧,蓼仙
張嫻婧,寥仙
張嬋,印奴
張子仁,安甫
張子俊,古淡
張子修,德夫
張子元,靜淵
張子充,仲倩
張子壽,子壽
張子容,張八
張子弘,十二,張子宏,汝容
張子忠,獻可
張子惠,叔仁
張子憲,彥章
張子方,張子芳
張子明,忠節侯
張子特,伯翹,鶴亭
張子瑋,器之
張子瑫,仲玉
張子皋,叔謨
張子良,漢臣,翼敏
張子蓋,德高,恭莊
張子衷,和甫
張子覺,錫道
張子言,允嘉
張子諒,中樂
張子順,聚甫
張子顏,幾仲
張子麒,恆東
張子麟,元瑞,恆山
張孔孫,夢符,寓軒
張孔教,陳孔教,魯生
張孔脩,允治
張存,處仁
張存中,德庸
張存仁,忠勤
張存意,覺自
張存素,農山
張存義,宜甫,張仁義
張孚,孟信
張孚敬,茂恭
張孜,勤惠,張茂實,濟叔
張孝伯,伯子,篤素居士
張孝則,景思
張孝嗣,憶鱸,繩祖
張孝坦,蘭谷
張孝威,德仲
張孝忠,正臣
張孝愷,思豫
張孝挰,容木,焦升,焦叔
張孝揚,嘉名
張孝時,嘉錫,瀹齋
張孝曾,王叔
張孝泉,蒙川,述思,退圃
張孝直,英甫
張孝祥,于湖先生,于湖居士,安國
張孝節,昶屯
張孝謙,巽之
張孝起,子將
張孟中,道宗
張孟元,正甫
張孟兼,張丁
張孟球,夔石,鈞庭
張孟男,元嗣,震峰
張孟觀,輝賓
張季友,孝權
張季思,以誠
張季戎,定遠
張季澄,德淸
張季琬,宛玉,月鹿侍史
張季芬,少茗
張季陽,冬日
張孫振,公緒
張孫繩,公武,約齋
張學,習之
張學中,庸齋
張學仁,寄槎,治虞
張學儀,古容
張學典,古政,羽仙
張學古,又山
張學寬,小春,栗庵
張學尹,子任,少衡,聽翁
張學庠,師序
張學廣,孟皋
張學慶,孟皋
張學曾,爾唯
張學林,圌東,念耕,息廬
張學海,翰香
張學溥,天池
張學濂,蓮亭
張學磋,琢如
張學禮,以立
張學翰,百川
張學聖,古誠
張學舉,雪舫
張學華,漢三
張學象,凌仙,古圖,淩仙
張學賢,古明
張學道,子愛
張學醇,小溥
張學雅,古什
張學顏,子的
張學魯,古史
張宇,彥升,石泉
張宇初,信甫,子璿,正一,無為子
張宇發,叔光
張守,全真,子固,東山居士
張守中,叔原
張守乾,汝徤
張守基,稚雲
張守大,雲谷
張守宗,繼先
張守岱,星農
張守愚,心柳
張守敬,筱雲
張守智,住哥
張守樸,元卿
張守直,時擧,時舉,筆峰
張守禮,志道
張守約,希曾
張守蒙,啟哲
張守訓,古堂,念曾,聰彞
張守誠,葛農
張守貞,從正
張守道,希賢
張守頤,貞卿,震初
張安,文靖
張安上,仲禮
張安世,張仁安
張安仁,體靜
張安保,叔雅,懷之,石樵
張安國,世昌
張安寰,九淳,了塵子,仁方
張安生,履道
張安甫,天方,汝勉
張安茂,匪莪
張安雅,晏如,菱湖
張宋卿,恭父
張宋裕,間樵
張完,端恪
張完臣,良哉
張宏,宥涵
張宏仁,德恢
張宏原,子灦
張宏宜,時措
張宏德,斗垣,有予
張宏敏,紅洲,訥夫
張宏毅,仕可
張宏祚,我昌,斗山
張宏策,眞簡
張宏綱,師正
張宏緒,遠宗
張宏謨,我嘉,斗華
張宏道,千載心,毅夫
張宓,仲初,桂原
張宗之,益宗
張宗亨,運湖
張宗仁,張宗元
張宗元,仲亨
張宗圂逐,綠涯
張宗孔,河濱
張宗孟,希光
張宗崑,異峯,素先
張宗崲,映湖,漁浦
張宗幽,絲涯,緣涯
張宗彝,張宗尋
張宗恪,漪珊
張宗旦,公美
張宗昱,朗之
張宗柟,吟廬,含庵,含廣,帶經堂,汝棟,涉園,涉園主人,花津圃人
張宗椿,時齋
張宗楨,囂囂子,安谷
張宗江,伊舟,昌漢,莪園
張宗沆,壽老,椿年,次山
張宗沛,雨人
張宗泰,魯岩
張宗海,子春
張宗湜,持甫
張宗演,世傳,簡齋
張宗瑛,獻群
張宗璉,仲器
張宗璿,耕雲
張宗祊,滐田,潔田,頻溪
張宗英,覺英
張宗蒼,墨岑,太湖漁人,瘦竹,篁村,默存
張宗裕,問樵,間樵
張宗觀,朗屋,用賔
張宗誨,習之
張宗說,岩夫,玉峯逸老
張宗諤,直卿
張宗軾,初渙,初溪,柳溪
張宗載,一寧
張宗輔,英公
張宗閔,尊道
張宗顏,子愚
張宗齢,景岑
張官,養正
張官五,以賢,任齋,在齋
張官倬,卓人
張官劭,米南,采南
張定,子靜
張定功,劍南,裕中
張定憲,兩疏
張定興,禹門
張定遠,子廉
張定鋆,拙叟,竹洤
張宜,治堂
張宜子,思誠
張宜珍,汝珍
張宜雔,肅簡
張宣,毅軒
張宦,養正
張宧,養正
張宮,檀齋,處中
張家幹,小維
張家彪,曉芸,曉雲
張家彰,曉樵
張家政,昆泉,金生
張家本,虞山
張家栻,小珣,敬南
張家榘,蓉裳
張家樾,小珊
張家檙,小滄
張家焱,丙齋
張家玉,元子,文烈,芷園
張家珍,璩子
張家矩,蓉裳,靜安
張家縉,小亭
張家翔,翼亭
張家鈺,堅甫
張家駒,恂哉,敬修
張家駿,毓皖,騄超
張家驤,子騰
張家鼎,燮盦,雪庵
張家鼒,梅生,調甫
張宷,張采
張宸,平圃,青琱
張宿,漢木
張宿煌,伯羅,拱辰
張寅,張煦
張寅恭,任公
張密,建壽,彭老,第七十,顯仁
張富年,屺堂
張富琳,仁禮
張寓,廣叔
張寧,載宇
張審文,子遠
張寬,伯仁
張寬泉,龍池
張寰,守中
張寶,君信
張寶仁,湘平,緗年
張寶傅,曾之
張寶德,容園
張寶慧,夢蘭
張寶柵,小槎
張寶森,友柏
張寶玉,連城
張寶珍,玉亭
張寶璇,璇甫,薇人
張寶璿,味農,星房
張寶釵,韻蘭
張寶銘,屏侯
張寶鍾,尺寶,昔冶
張封,公愼,西岑
張尊三,竹樓
張尊賢,松濤
張對,懷玉
張小蓮,西陂
張小謝,少蘊,素庭
張尚,思齊,思齋
張尚大,時豐
張尚桂,子丹
張尚棟,遠山
張尚治,平軒
張尚浴,鐵華
張尚玉,琴慧
張尚瑗,弘蘧,損持
張尺,守度,木菴
張居仁,公甫
張居傑,翰英
張居正,元輔,元輔張少師先生,叔大,太岳,太嶽,學農園,張子,張江陵,張白圭,捧日樓,文忠,時大,純忠堂
張居祐,天錫
張居禮,節之
張履,子踐,履初,張生洲,淵甫,稽經精舍主人,積石,積石齋,靜觀齋
張履信,思順,游初
張履元,德基
張履勛,厚甫
張履升,啟元
張履旋,垣之
張履祥,吉人,念芝,楊園,楊園先生,淵甫,考夫,考父
張履福,綏伯
張履謙,益吾,陸吉
張山,萬人敵
張山翁,君壽,君達
張山象,伯仁
張岊,子雲
張岐,二十二,宗周
張岐然,秀初
張岫,九雲
張岱,景山
張岳,崑崙
張岳崧,子駿,指山,海山道人,澥山,翰山
張岳年,張善倬,竹晨
張岳駿,端甫
張峋,子堅
張峯,維直
張峻,小山
張崇,彥高
張崇倫,子常
張崇健,樸亭,橋南
張崇傃,孝則,補庵
張崇元,調生
張崇功,惟志
張崇懿,瑞華,麗瀛
張崇智,惠貞
張崇桂,秋厓
張崇欽,小郭
張崇第,會瀛,登臣
張崇蘭,佩芬,悔廬
張崇詁,張崇訓
張崇貴,恭僖
張崇質,彥文
張崍,九復
張崏,子望,張緡
張崟,且翁,夕庵,寶岩
張崧卿,張嵩卿
張崶,汝登
張嵊,四山,忠貞子
張嵐,雲少
張嵓,廷瞻
張嵩,中望,仲山,張孝嵩
張嵩年,峻峰,竹素園
張嵩齡,繡武
張嵲,巨山
張嵿,四十九,子謙
張嶐,宗岳
張嶙,張麟
張嶠,平雲,張居士
張嶲,芙初,蓉舫
張嶽拱,向宸
張巒,來瞻,壽寧伯,秀峯,莊肅
張巖,肖翁,閱靜老人
張巖起,傅霖
張巡,張中丞
張左,右民
張巨,微之
張巨濟,宏圖
張己之,益甫
張巳,靜山
張巽,子華
張巽言,子繹
張布,伯旉
張希一,簡翁
張希仲,伯先,禊蘭
張希傑,東山,漢張,練塘
張希北,圖軒
張希召,于南
張希呂,東厓,載之
張希孟,養吾,餋吾
張希尹,子修
張希平,霽巖
張希文,書巢先生,質夫
張希武,圃負,惟烈,敬勝
張希稷,于田
張希聖,亞石
張希臯,直卿
張希舉,直卿
張希良,石虹
張希賢,尚友
張希超,少逸
張希郿,問渠
張希顏,文淵
張師,彥道
張師亮,謹夫,鼎礽
張師价,伯垣
張師吉,作吾,昨吾
張師夔,淸父
張師孟,泰巖,浩之
張師師,郕國夫人
張師德,尚賢
張師愚,仲淵
張師正,子正
張師泌,養和
張師渠,郿峯
張師濟,子謙,師齡
張師繹,夢澤
張師良,希房
張師范,備潮,時湖,晴湖
張師誠,一西,心友,拜颺,省緣室,蘭渚
張師賢,希顏
張師軾,郿峯
張師載,以道
張師魯,叔輿
張席珍,鮮民
張常,以綱
張常明,景昭
張常熹,少和
張幼學,詞臣
張幼昭,景惠
張序,竹賓
張庚,玄宇,長卿
張庠,周老
張度,景儀
張庭,居敬,履和
張庭堅,才叔,節愍
張庭學,仲圭,詩農
張庭武,張廷武
張庭玉,汝光,石初
張庭珍,國寶
張庭瑞,天表
張庭芝,庭芝
張庭詩,二南,亦廬,伯訓
張庶,晞顏
張康,明遠,汝安
張康伯,倪老
張康國,文簡,賓老
張康民,時中
張庸,子登
張廉,惟淸
張廉穆,高行
張廣,弘仁
張廣信,勤勇
張廣基,容菴
張廣孫,師成
張廣居,萬涵
張廣泗,敬齋
張廣餘,子豐
張延,世昌,節軒
張延之,伯仁
張延登,華東
張延閥,麓門
張延鴻,張廷鴻
張延齡,建昌伯,次子
張延齢,壽泉
張廷一,怡亭
張廷侯,晉公
張廷傑,漢卿
張廷儀,鴻浦
張廷壁,蘭溶
張廷岳,威勤
張廷幹,藹廷
張廷彖,桓臣
張廷杞,雪利
張廷枚,卜臣
張廷栢,毛公,茂公
張廷栻,烈福
張廷桂,丹植,月峰
張廷桐,仲華
張廷棟,國材
張廷榜,春守,登材
張廷槐,文相
張廷樞,息園,文瑞,景峯,景峰
張廷樺,蘭臺
張廷湘,楚航
張廷澍,甫崖,雨嚴
張廷濟,作田,八甎精舍,叔未,學壽齋,學老學齋,張汝林,張汝霖,未亭,桂馨堂,海岳庵門下弟子,海岳菴門下弟子,淸儀閣,牀未,眉壽堂,眉壽老人,稻香樓,竹田,竹田深處,竹里,蘭心閣,說丹,說舟,順安
張廷燎,光宇,蓮衢
張廷玉,傳經堂,文和,澄懷主人,澄懷園,澄懷老人,研齋,硯齋,衡臣
張廷珍,效儒
張廷珩,瑲聞
張廷瑑,思齋,桓臣
張廷瑜,潔石
張廷瑞,玉峰,符五
張廷璇,淸紹
張廷璉,文玉
張廷璐,寶臣,葯齋,藥齋,詠花軒
張廷璜,夢周,渭臣
張廷瓚,傳恭堂,卣臣,隨齋
張廷相,七十三,以忠
張廷筠,張庭筠
張廷綱,朝振
張廷綸,允言
張廷臣,伯鄰
張廷蘭,春皋
張廷誥,納言,鳳山
張廷諍,地山
張廷輝,丹華,萼樓
張廷選,午橋
張廷鑾,叔田
張廷駿,行健
張建,尉文,蔚文
張建勛,季端,愉谷
張建勳,季端
張建封,張十三,張徐州,本立
張建章,會王
張建節,咸西,子行
張建轅,殿揚
張弇,漢臣
張弋,用弛,躪鶴
張式,夫椒山人,抱生,荔門
張式型,守齋
張式銘,小堂
張弓,抑高
張引元,惠如,文姝
張引慶,媚姝
張弘俊,及庵,識之
張弘宗,子中
張弘宜,時措
張弘毅,士可
張弘瑛,嘉樹,天一
張弘略,仲傑,忠毅
張弘秀,宏才
張弘章,張宏章
張弘範,仲疇,忠武,拔都,武略,獻武
張弘綱,憲臣,武定
張弘至,時行,龍山
張弘靖,三相張家,元理,張十二,張調
張弢,亦寓
張弨,亟齋,力臣
張弼,東海,汝弼
張弼武,栢冶,武夫,襄貞
張彀,凌雲
張彊,惟健
張彌遠,元長
張彛訓,天敘
張彜,六舟
張彤,虎拜,鄂樓
張彤輝,友聲,幼生
張彥,士美
張彥先,志遠
張彥博,文叔
張彥忱,士孚,暮隱
張彥方,莊愍
張彥昭,枕梅,笠臣
張彥清,叔澄
張彥烈,亮彩
張彥琦,次韓,逸園
張彥直,輔之
張彥聖,倫至
張彥良,子房,恭武
張彥遠,愛賓
張彧,文翰
張彪,張十二
張彬,文質
張彭,晳如,沁西
張彭齡,鶴汀
張彭齢,鶴汀
張征,百常
張待化,子魚
張後甲,丁也
張後胤,嗣宗
張後覺,弘山,弘山先生,志仁
張得昌,香圃
張從,伯通
張從之,子擇
張從古,從古
張從孚,虛舟
張從律,懋和
張從祚,周書
張從禮,仲和
張從禹,弼臣
張從義,立禮
張從鼎,金甫
張從龍,子雲
張復,符春
張復亨,剛父,南譙
張復初,逢原
張復禮,禮庭
張復魯,敦古
張循之,張修之
張微,婉仙
張徵,百常
張德,武德
張德亨,伯通
張德凝,靜芝
張德勝,仁甫,仁輔,忠毅,蔡國公
張德地,劉格
張德基,潤泉
張德夫,十九,子成
張德奎,聚東,默齋
張德妍,淑雯
張德容,師寬,松坪
張德巽,健齋
張德廣,令貽
張德彜,在初,張德明,張德義
張德彝,俊峰,在初
張德恭,子安
張德惠,子民
張德懋,九昭,介舟
張德操,修真
張德昌,開之
張德明,子經,毅宇
張德昭,彥明
張德本,復之
張德林,茂卿
張德桂,梅麓
張德榮,勵堂
張德淵,筠持
張德源,師善,慕渠
張德熹,宗儒
張德熺,半農
張德燽,半巖
張德珠,子珍,廉浦
張德琇,玉方
張德琪,廷玉
張德瑞,佩雯,靜蘭
張德祥,德祥
張德立,卓山,卓田
張德純,天農,松南,能一
張德繼,溫夫,盈夫
張德義,東銘
張德聚,敬甫
張德茂,子玉
張德莊,德莊
張德蕙,楚纕
張德行,德行
張德輝,秋蟾,雲巢老人
張德迪,允臣,吉宇
張德運,白石先生
張德隆,元傑
張德霈,叔涵,瀚堂,菡潭
張德鳳,子韶,梧岡
張徹,玉瑩
張徽,德卿
張徽楷,伯模
張心存,珊園,瑞園
張心廉,牧滐,牧潔
張心恆,廷槐,酒仙,震三
張心鏡,健生,鑄江
張必成,舜卿
張必祿,武壯
張必秦,子通
張必芳,蘭巖
張志,思成
張志中,雲房
張志勝,凱臣
張志和,子同
張志孝,永錫
張志學,叔行
張志廉,周六,周南,秋艇
張志彥,仲芝,滋泉
張志敬,義卿
張志春,融利,融和
張志棟,敬修,青樵
張志皋,才斯
張志禧,伯恕
張志純,天倪子,崇真保德大師,志偉
張志素,谷神子
張志紱,來菴
張志緒,引之,石蘭
張志聰,隱庵,隱菴
張志行,公澤,冲素處士
張志說,道清
張志賢,尚之,琴圃
張志道,潛夫
張志選,以學
張志雄,長張
張志鴻,耘渠
張志龍,化宜,小田,雲谷
張忞,處文
張忠,聖毗
張忠恕,拙齋先生,行父
張忠義,光朝
張忭,怡仲,渫庵
張忱,伯恂
張念劬,勵亭
張忻,三芝館,北海,靜之
張思,愼父,慎父,石村
張思勉,章軒,韋盱
張思勗,張思最
張思吉,僖襄
張思問,鍾陽
張思孝,奉先,秤都司
張思安,介軒,克讓
張思忠,子貞,葵菴
張思振,興菴
張思教,孺修
張思文,文卿
張思斌,敬予
張思明,士瞻,貞敏
張思立,起宗
張思誠,子脩
張思道,勤王
張思靜,伯安,復菴
張思齊,希賢
張怡,瑤星,白雲道者
張怡祖,孝若
張性,伯成
張恂,醇夫
張恆,笏軒
張恆寶,奉久
張恆潤,玉樵,笑鄉
張恕,希仁
張恕可,硜庵,裕齋,韋存
張恕增,如心
張恕琳,雲門
張恩,元錫
張恩壽,海珊,頤伯
張恩詠,仙蘧
張恩誥,訓臣
張恪,五哥,季武,第五,荘過
張恬,安道
張恭,伯謙,卷施,同伯
張悅遂,彥直
張悌,子階
張悐,張景說,欽甫
張悦,定庵,定菴,時敏,莊簡
張情,約之
張惇訓,羹梅,耕梅
張惟,云謨
張惟㒞,子鉛,子銘,子鎔
張惟一,守中
張惟儁,子鎔,酉峨
張惟吉,忠安,祐之
張惟孝,仲友
張惟宋,張維宋
張惟寅,子畏,學山,惺夫
張惟德,輔之
張惟恕,子行
張惟敏,孟功,文定
張惟方,崇仁
張惟良,漢傑
張惟誠,汝思
張惟賢,允德
張惟赤,螺浮
張惟金,一齋,貢方
張惟養,龍涵
張惟驤,季易,寄逸
張惠,克仁
張惠立,卓田
張惠言,一鳴,受經堂,皋文,皋聞,臯文,若舸,茗柯
張惣,僧持,南村
張愃,承寂
張愈嚴,濟寬
張愉,孝徵
張意,誠之,餘峯
張愚,子明,東居
張愛鼎,硯村
張愨,忠穆,誠伯
張愫,子丹
張愷,介夫
張愼言,藐姑,蘶姑,金銘
張慎,彥忠
張慎儀,淑儀,芋圃
張慎德,懿甫
張慧,紀水
張慧娟,靜山
張慰祖,伯愉,研貽
張慶,惟延
張慶之,仲遠
張慶庚,子雲
張慶成,嵩三,張慶盛,秋樵
張慶曾,孫有
張慶源,愚髯,昆白
張慶熊,渭塘
張慶燾,張山樵夫,拙餘,裕之
張慶翎,瑞齋,聲美,重卿
張慶臻,忠武,忠毅,承祜,鳳華
張慶賢,澤岷
張慶雲,修雲
張慶霖,紫瀾,誌岩
張慶館,渭塘
張慶麟,曉峰,雲卿
張慶齡,小山
張憲,承式,近峯
張憲和,聞惺
張憲臣,欽伯,虛江
張應中,士板,正叔,真祐,第足一
張應亨,越珊
張應元,子貞
張應勝,鴻冥
張應午,南坪,漁珊,石樓
張應卯,東起
張應周,少峯,少峰
張應奎,時禎
張應宗,魯峯
張應宿,子垣
張應富,星門,義以
張應揚,侶衡
張應斗,北生
張應昌,順之
張應時,虛谷
張應曾,祖期
張應會,茯洲
張應望,凝益,汝遠
張應桂,元林
張應槐,三陽,八十,孺植,汝植
張應治,休徵,冲泉,體徵
張應泰,大來,東山
張應瑞,受菴
張應登,玉車
張應祥,奎菴
張應祺,元吉
張應福,子承
張應秋,伯辰,淸湖
張應箕,景受
張應綬,李應綬
張應綸,屏山
張應舉,聘九
張應蘭,佩之,南湖
張應辰,三垣
張應造,兆先
張應運,亨之
張應雲,子高,白也
張應雷,思豫
張應鳳,于梧,鳴山
張應鵬,扶九,扶尤
張應鼎,同甫
張懋,之美,宣敏
張懋修,子樞,惟時
張懋建,介石
張懋德,孚言
張懋忠,張懋中
張懋能,峩村,莪村
張懋誠,存庵
張懋鎔,石卿
張懷,德珍,龍墩
張懷寂,德璋
張懷實,懷實
張懷德,維寧
張懷泗,環甫
張懷洵,玉泉
張懷涑,漁篁,漁蓖
張懷清,東堂
張懿,萬壽
張成,文德
張成修,葛成修
張成元,大生
張成勳,麟閣
張成埠,巨山
張成孫,彥惟,端虛勉一居
張成德,若茬
張成棟,明鑾,紫梥
張成沚,在中,採於
張成泮,芹香
張成清,石泉
張成湄,伊水
張成滄,聽水
張成煦,壽名
張成稷,文儒
張成鍾,石崖,金浦
張我成,德仲
張我續,胤祧
張我鼎,渭璜
張戒,定夫,定復
張戟,器之
張戩,天祺
張戬,天祺
張所受,樸齋
張所望,叔翹,東野,質夫
張才,茂參
張才叔,士節
張扎克塔爾,張札克塔爾
張扶,少持
張承,敬之
張承先,誦芬
張承宇,啟爾,幼寧
張承宗,紹仙
張承寵,錫九
張承廕,張承胤,望峰
張承恩,君賜
張承憲,監先
張承敘,懷德
張承業,繼元
張承澤,溥堂
張承烈,繩武
張承祚,懋德
張承緒,緒業,靜齋
張承聲,振生
張承華,舜卿,蓉溪
張承詔,篤棐
張承賚,良甫
張承頤,貽香
張抑,子儀
張拜賡,球渚
張括,存中
張拱,文瑞
張拱乾,九臨,愧庵
張拱文,獻仁
張拱辰,仰德,十二
張持,久中,張伯虎
張持之,屏山,立叔
張振,文遠
張振之,仲起,起潛
張振乾,子元
張振先,繩齋
張振凡,瘦峰,翹彥
張振勛,弼士
張振勳,弼士
張振夔,介翁,樸堂,磬庵
張振德,敦毅先生,覺之
張振新,少銘
張振期,光伯,新之
張振湘,仲謙
張振瀛,仙洲
張振秀,以含,節愍
張振綱,禮園
張振聲,玉甫
張振芬,澹香
張振鳳,元聲
張挺卿,斯立
張捐,素書
張掄,才甫,材甫,蓮社居士
張掖,輔之
張掞,文裕
張揆,貫之
張揆方,同夫,米堆山人,道營
張揆紫,映金,道峰
張揖,叔讓
張揚卿,淸叟
張揚培,鳳槎
張揮,子發
張援,銳峯,銳鋒,錄峯
張撝,彥謙
張撫,世安
張撿,五叔,玉叔
張擇,無擇
張擇行,行先
張擧,孟賢,張舉
張擴,子微,彥實
張攀,從龍,益齋
張政,德甫
張效京,硯侯,硯候
張敉,幼于
張敏,張鐵面,志學
張敏功,守道
張敏德,遜時
張敏求,勖園,卜崖,燮甫
張敔,虎人,雪鴻
張敘,謹齋
張教,孝甫
張教化,堯卿
張敝,子開
張敦,袓仁
張敦仁,仲安
張敦化,太初
張敦善,崇菴
張敦圻,伯載,靄園
張敦均,二聞,仲絜
張敦培,叔因,息園
張敦實,養恬
張敦復,叔中
張敦書,載道
張敦禮,君予
張敦素,張慎素
張敦義,行可
張敦頤,張敦來,曉沜
張敬,子儀
張敬之,叔謇
張敬伯,安昌侯
張敬修,君平,炎洲
張敬元,體乾
張敬德,英臣
張敬心,孝仲,晦臣,湛虛
張敬書,安溪
張敬樞,慎齋
張敬玄,什行
張敬生,吉人,杏橋
張整,成伯
張敷,弇山
張敷華,介菴,公實,簡肅,鐵耳張
張斆,廷學
張文,仲文
張文伏,德昭
張文伯,張伯文,正夫
張文傑,梅軒
張文光,紹三
張文剛,常勝
張文卿,質夫
張文嗣,安甫
張文在,子經
張文奇,元正,原正
張文奎,應光,蒲山
張文婉,麗卿
張文宣,德三
張文峙,紫澱
張文德,張文龍德
張文悌,思翁,景賢
張文愚,四十三,維學
張文成,噩仍
張文明,義淨
張文昭,應奎
張文曜,十二,暉吉
張文朝,星垣
張文柱,佐臣
張文桃,屏山
張文樞,石隱
張文泗,子芳,斐如
張文淵,元靜
張文澐,公素,十五
張文炳,虎列
張文烺,魁斗
張文煇,張文輝
張文煟,鬱齋
張文煥,剛愍
張文熙,存白
張文燝,邵山
張文燽,融朗
張文獻,國微
張文珊,子瓊
張文珪,元敏
張文璿,伯衡,元之
張文田,哲甫,暢園,螟巢
張文盛,巽溪翁,彬之
張文紳,縉軒
張文緒,文緒
張文耀,養晦
張文華,兩茂
張文蔚,隱之
張文藻,美中
張文虎,山雲
張文衡,聚奎
張文誥,君言
張文謙,仲謙,忠宣
張文貞,元之
張文賓,補齋
張文質,中甫
張文輔,伯勳
張文選,萬青
張文錦,忠愍,莊愍,闇夫
張文鏕,補山
張文韜,漢昭
張文魁,元甫,字川
張文鱗,藻香
張文鳳,公儀
張斌,時中
張斐,文著
張斗,文光,紫垣
張斗南,南叔,張楠
張斗寅,東穀,東谷
張斗樞,天都
張斯立,可與,繡江
張新,元鼎
張新標,曾若,淮山,鞠存
張方,玄逸
張方平,安道,文定,樂全居士
張方建,澹遠
張方晉,立齋,虞軒
張方泳,引之,翰槎
張方湛,分涯,玉川
張方高,仰山
張於,長生
張於壘,凱甫
張於廷,行谷,顯卿
張於鑄,子鋌,紫廷,鐵生
張施大,筠園
張旂,方山
張旋均,惟甄
張旍,邦建
張日新,心白
張日晸,曉瞻
張日暹,方侯
張日曧,旭林
張日浣,源長
張日焜,梓欽,遁盦
張日瑞,雙湖
張日章,絅堂
張日譽,括度,泉修
張旦,北門双鑰,子明
張旨,仲微
張早,及文
張旭,廷曙
張旭升,東曉
張旺齡,蟠嵐
張昂,玉霄
張昂霄,雲卿
張昇,伯高
張昉,顯初
張昊,朝元
張昌,吳生
張昌宗,張六
張昌熾,福園
張昌甸,畊埜,畊笁
張昌番,恬野
張昌祚,拙夫,邦銘
張昌祺,灑涯,西厓,西涯
張昌融,旭林
張昌齡,鶴年
張明,元亮,梅江
張明倫,察庵,察菴,菴察
張明先,雪書
張明化,成甫
張明卿,務光,子晦
張明弼,公亮,琴牧
張明正,大中
張明毅,紹榮,迪卿
張明道,希程
張明雅,玉楚
張易,泰易
張易之,五郎,張五
張易賁,人文
張昕,道光
張昞,時顯
張星,張應星
張星吉,景垣
張星徽,北山
張星柳,天船
張星炳,敘墀
張星煥,厚培,掖垣
張星燦,薇階
張星燿,彩亭
張星鑒,南鴻,問月,緯餘
張星集,景雲
張映宿,川月
張映斗,雪子
張映演,星階
張映潛,星階
張映辰,星指,藻川,露香書屋,香樂居士
張映閣,輔臣
張春,景陽
張春台,小滄,瀛池,熙民
張春源,海泙
張春澍,雨田
張春發,蘭陔
張昭,闇齋
張昭允,仲孚
張昭遠,持正
張是奎,汝常
張是彝,秉之,韶笙
張昱,一笑居士,光弼,可閒
張昶,以堂,綺塘
張昷之,景山,知幸老人
張昹,孟明
張昺,德遠
張時,宗易
張時中,仰渠
張時亨,四十一,禮卿
張時宜,仲衡,東山
張時徹,九一,唯靜,惟靜,東沙,東沙子,維靜
張時敘,九敘
張時澤,濟民
張時熙,敬丞
張時用,廷實
張時脩,德甫,心齋
張時謹,惟厚
張時譽,虞卿
張時顯,九十,仁卿,新屏
張晉,德昭
張晉亨,進卿
張晉圭,方臣
張晉徵,恭錫
張晉暹,仲明,補庵
張晉祺,子康,錫甫
張晉福,肇堂
張晏,彥淸,文靖
張晟,宗晦
張晩,好古,忠定,洛西
張普,天如
張普貴,無為
張景,張景純
張景之,仲陽
張景亮,曉堂
張景休,瑞麟
張景伯,元伯
張景修,敏叔
張景岳,介賓,通一子
張景巖,瞻甫
張景憲,定國,正國
張景旦,昇明
張景旭,子初,石生
張景明,十四,廷光,恭僖,葵屏
張景星,燦亭
張景暘,廷寶
張景槃,鴻舫
張景槐,植三
張景沂,魯泉
張景淑,漱碧
張景清,少蘿
張景渠,翼伯
張景燾,馤塘,魯封
張景琦,二十五,廷良
張景祁,孝威,左鉞,蘩甫,韻梅
張景福,介儒,南村,夢叟
張景端,子仁
張景純,文粹
張景芝,延英,湛英
張景芬,左卿
張景蕃,佑之
張景觀,臨之
張景賢,勉之,明崖
張景雲,天祥
張景青,士希,曉蘿
張晳,希賢
張晸,賓暘
張智,守愚
張智慧,元泰
張智榮,德明
張暉,元宗
張暉吉,張能照,若臨
張暢,少徵
張暥,凡陽
張暹,德昭
張曁,叔器
張曄,文殊
張曉,士明
張曙,日華
張曛,繼明
張曜,亮臣,勤果,朗齋,河聲岱色樓,目不識丁
張曜孫,仲遠,復生,昇甫
張曠,峨江,於野
張曰琛,石隱,葉瑞
張曰銜,冰子,思素,秋粟
張曰韜,席珍
張更化,德孚
張書,子中,蒲源
張書勳,在常
張書山,西菴
張書紳,思誠
張書訓,欽敷
張書麟,鳳友
張曼殊,張阿錢
張曾,怡園
張曾亮,寅叔,惠臣
張曾垿,鑒堂
張曾慶,昆詔,雁湖
張曾效,魯堂
張曾敞,廓原,開士
張曾敭,譽常
張曾望,孫鶴
張曾獻,小令,未齋
張曾疇,望屺,潛園
張曾禔,介繁,冷畦老人,洵安
張曾翥,性蘭
張曾虔,呂環,蠡秋
張曾裕,昆貽
張曾誼,勵堂,正夫
張曾靄,鐵嶠
張會垿,鑑堂
張會宗,于震
張會敏,鳧門
張月林,曉峯,曉峰
張月芬,石香
張有,謙中
張有傑,英石
張有光,揆原
張有孚,澄庵
張有常,吉甫
張有德,道修
張有恒,聖基,見可
張有本,活渠
張有標,霞城
張有泌,筍亭
張有珽,薇舟
張有譽,圓覺居士,誰譽
張朗,寶貴
張望,時獲,梭壇,閏榻
張朝寀,採臣,敬齋
張朝晉,北湖,莘皋
張朝桂,問秋,芳伯,金粟道人
張朝清,石珍
張朝珍,玉笥
張朝瑞,季堂
張朝綱,簡在
張朝聘,伯時
張朝臣,枚三
張朝輔,佐廷,總甫
張朝鏞,伯翔,半園
張朝魁,毛朝魁,毛矮子
張朝龍,壯果
張木,子材
張未僧,壽卿,夀卿,捨孫,捨郎,第定一
張未堂,偉瀾
張末孫,安襄,景胤
張本,道生
張本中,芬陀
張本嘉,內菴,孟端
張本濟,汝楫
張本說,燕公
張本豫,清野
張术,子濟
張朴,從文
張杉,南士
張杏孫,子春
張材,子成
張杞,樸公
張東周,子用
張東序,壞洲,環洲
張東暘,張東陽,維寅
張東瀛,秋泉,震山
張杲,子曙
張松,汝喬
張松孫,稚赤,鶴坪
張松霞,北喦
張松齡,景丸
張枃,定叟,張杓
張枋,仲方,仲芳,嘉謨,第百三
張林,去非,樗岩
張枚,卜公,瞻麓
張果中,於度
張某,權六
張某(張瑛兄),中山
張某(張瑛父),野仙
張某（張宗禮孫子）,四兒
張柔,文剛
張柔範,內則
張柟,薪軒
張柬之,孟將,文貞
張柱,汝任
張柷,起韶
張根,吳園,知常
張栻,南軒,南軒先生,敬夫,欽夫
張格,承之,義師
張桂,南榮
張桂五,柱堂,桂堂
張桂芬,吟秋
張桂齡,丹圃,桂齡,香岩
張桂龍,彥芳,敬伯,第八十一,辛孫
張桐,怡琴
張桐熙,岑浦,琴浦
張桓,德威
張桓少,克君
張梁,大木,奕山
張梃,子受,長甫
張梧,季偉,菶軒
張梯,木弟
張梲,仲山
張棆,南雲
張棐,西岡,體周
張棟,士隆
張棠,南映,吟樵
張棣,萼樓
張棣翹,楚卿
張棨,斗璽,長白
張森,餘之
張森楷,元翰,石親,端叟
張棻,雪峰
張植,直翁
張植棻,藝圃
張植芳,茂庭
張椿,大年
張楙,子培
張楚城,九山,厘卿,釐卿
張楚璋,楚璋
張楚賢,東箭
張楚髦,烝哉
張楞,季方
張楟,花墅,萼聯,鄂聯
張楠,耕石
張楧,仲實,菊存
張楨,約中
張楫,容齋
張業,振烈
張楷,式甫
張榕端,子又,子大,子長,樸園
張榘,孟方,星階
張榮,仁卿
張榮倫,彞正,魯齋
張榮培,蟄公
張榮恩,雙湖
張榮祖,繼善
張榮祝,介堂,頤仙
張槃,小逢
張樂成,泮香
張標,汝式
張標雲,小莪
張樞,斗垣
張模,元禮,晴溪,麗亭,麗廷
張樸,從文
張樹佳,芝庭,芝遠
張樹勳,星橋
張樹屏,詩侯
張樹棟,耕山
張樹森,植菴
張樹滋,蘭渠,雨村
張樹烜,香坪
張樹珊,勇烈,海柯
張樹甲,振先,耦堂
張樹筠,桐城,蓮塘
張樹聲,振軒,靖達
張樹蕃,蔭亭
張樹錡,厚甫
張橋,元珠,叔濟
張橐,元輔
張機,仲謀
張橫孫,渠伯
張檟,叔養,心吾
張櫄,泮林,薌林
張欅,君材
張權,君立,聖可
張欒,叔喬
張次仲,元岵,待軒,雲扈
張次元,希一
張次山,希元
張次賢,子齊
張欽,子伯
張款,從之
張正,中立
張正一,子明
張正位,以立
張正修,梅生
張正則,叔度
張正勛,紱山,輔臣
張正和,以禮
張正基,以詩
張正堉,堯農,曉耕
張正子,子大
張正學,可宗,懷鹿
張正己,如亭,恕亭
張正巳,如亭,恕亭
張正常,仲紀,天師,正一嗣教真人
張正廉,夢楞,孟能
張正椿,友榆
張正甫,正甫
張正茂,松如
張正言,東華
張正謨,以明
張正道,可守
張正邠,少峯
張正鵠,道中
張步瀛,廉舟
張步萱,紙田,貽令
張步雲,子龍
張步青,義壇
張步高,牧之
張武,忠毅,成陽侯
張武魁,梅溪
張殷六,曰瑚
張殿,國相
張殿元,震溪,鼎甲
張殿棟,德如,毅堂,漪塘
張殿球,壁東,璧東
張殿華,麗坡
張殿賓,禮臣,試陛
張毅,弘道
張毓泰,履素
張毓瑞,雨亭
張毓衡,沼湘
張毓霍,南副
張毖,慎交
張毛健,今培
張毣,文叔
張氏,智明
張氏(仁宣王后),仁宣,仁宣王后
張氏(來思憲妻),張二姑
張氏(劉仁妾),淸流三烈
張氏(劉異妻),三英
張氏(吉中孚妻),張夫人
張氏(唐晅妻),唐晅妻張氏
張氏(崔洧妻),紫虛
張氏(張全忠女),淨意,留客
張氏(張延昌女),威德
張氏(張朝女),貞媛
張氏(張誠女),德之
張氏(彭伉妻),張氏
張氏(朱由校妻),孝哀哲皇后,懿安皇后,皇嫂懿安皇后
張氏(李某妻),常精進
張氏(陳忠弟婦),陳氏七烈
張氏(魏珠未婚妻),朝邑三烈
張氏（張宗禮孫女）,三姐
張氏（李淵妻）,張美人
張氏（肅宗張皇后）,肅宗張皇后
張氏（趙禎妃）,溫成
張民表,中州七才子
張永,邵齡
張永坦,耿平,聯平
張永安,仁齋
張永年,永言
張永德,抱一
張永懋,汝昭
張永明,臨溪,莊僖,鍾城,鍾誠
張永泰,嶽東
張永淳,少文
張永灝,海存
張永瑗,璞存
張永祚,兩湖,景韶
張永祜,耕雲
張永祺,爾成
張永諤,土一,士一
張永貴,樂齋,靜遠堂,靜遠齋
張永進,三楚漁人
張永銓,西村,賓門
張求可,中甫,張求和
張求美,於椒,毖源,西懷
張汝南,子和,洞天老樵
張汝卿,澹齋
張汝士,堯夫
張汝孝,二懐
張汝幵,端衡
張汝弼,直卿
張汝懋,芝亭
張汝明,叔晦
張汝智,智卿
張汝梅,翰仙
張汝棟,伯隆,郭莊
張汝永,端袤
張汝治,堯敷
張汝濟,濟泓
張汝瀛,仙洲,仙舟,勇節
張汝炳,星若,醒石
張汝為,仲宣
張汝照,崇生
張汝玉,德甫
張汝舟,二南,濟民
張汝藴,逢原
張汝蘊,子發,逢原
張汝訥,敏齋
張汝賢,用甫
張汝開,伯元
張汝霖,仲澤
張汝驤,堯山,尭山
張江,曉樓,百川
張汲,下棄,仰濵
張汴,朝宗,次山
張汶,淸德
張汸,正則
張沂,雲山
張沄卿,雲舫,霽亭
張沅,楚泉
張沆,文顯,訥齋
張沐,仲城,仲誠,起庵,起菴
張沔,楚望
張沭,起庵
張治,子邦,文毅,文邦,龍湖
張治具,明遇,洞齋
張治樞,明勵
張治聲,容甫
張治道,太微山人,孟獨,西翰林
張泉,義深
張泌,淑淸
張法亮,景明
張法良,素庵
張泗源,懷白,觀海
張注,時雨,雨軒
張泮,文溪,有源
張泰,亨父,滄洲
張泰交,公孚,洎谷
張泰來,亨大,陸泉
張泰基,大復,孺亭
張泰徵,懋同,籍見
張泰禎,宇全,縝含
張泰純,亦峰,懿齋,毅齋
張泰運,星槎
張泰開,履安,文恪,有堂,樂泉老人
張泳,夢江,景樓
張洎,偕仁,師黯
張洙,宗魯
張洛,子春
張洞,明達
張津,廣漢
張洪,侯洪,勉恩先生,宗海,止菴
張洪範,九疇
張洲,南林,萊峰
張洵,肖眉
張洽,文德
張浚,德遠,忠獻,紫巖先生
張浚萬,川如
張浣,寡尤
張浩,南陽王
張浰,德潤
張海,玄德
張海珊,小安樂窩,越來,銕甫,鐵甫
張海鵬,摶九,翥雲,雲衢
張涓,載之
張涗,尚潔
張涣然,孟文
張涣臣,伯公
張液,仲環
張涵,健庵
張淇,惟澄
張淏,淸源,雲谷
張淑,荀仲
張淑勵,自勉
張淑堅,正卿
張淑德,修恆
張淑芬,芬卿
張淦,侖發,雪濤
張淩雲,舒翼
張淮,清臣
張淮深,祿伯
張深,叔淵,茶農
張淳,無懷
張淳雅,亦南
張淵,三十三,惟本
張淵微,孟博,益博
張淸,一之
張淸運,季鶴
張清,子澄
張清元,伯岩,肇一
張清和,子溫,毅齋
張清揚,凝若,巧先
張清標,令上,竹樵
張清源,渭川
張清濟,垚亭,莊亭
張清濤,亦山
張清瀛,海峰,遠春
張清甸,信山
張清華,蘭軒
張清議,輿公
張清雅,玉楚
張清露,潤亭
張渙,文甫,雲心
張渠,濬川,認庵
張渥,叔厚,貞期生
張渭,漁溪,漁濱
張渼,子涵,杜園
張渾,萬流
張湄,南漪,柳漁,瀛壖,鷺洲
張湏摩,善宿
張湘,伯東
張湘任,宗輅,笠溪
張湘筠,倚竹
張湛,爾宜
張溍,尚若
張源,鹿溪
張源浚,亦樓
張源潔,希白
張源達,子上,寅伯
張源長,方濟,秋圃
張準,立之
張溥,七錄齋,仁學,天如,西銘
張溥東,雨生
張溪,伯淸
張溫,會寧侯
張溫之,張昷之
張滂,孟博
張滉,昭遠
張滋,淑芳
張滿,思言
張漢,月查
張漢卿,元傑
張漢彥,墨卿
張漢泰,大來
張漢章,翰清
張漢英,惠風,蕙芬
張漣,南垣
張漪,墨花,柳塘
張漸,鴻舉
張潛,時見
張潛之,勿庵,彥孫,石耘
張潜,竹亭
張潞,景文
張潞州,景文
張潤,吟雲
張潤之,伯誠,思誠子
張潤民,膏之
張潤身,佩德
張潮,叔夫
張潮普,庶瞻
張潮海,湖北,湖山
張澂,匏村,晴初
張澄,之純,仲經,橘軒
張澍,子雨
張澍行,瀚門
張澐,波恬
張澐卿,雲舫,霽亭
張澤,大被
張澤仁,古虞
張澤煐,含英
張澤玉,業雲,紫雲
張澧中,蘭沚,蘭芷
張澯,仲堤,仲湜,涇川
張澹,景輝
張澹然,九歸道人
張濂,景琦
張濓堂,彝舟
張濟,汝楫
張濟之,自明
張濟川,百龢
張濟昇,紹唐
張濟澤,潤生
張濟茂,槐門
張濡,松窗,澤民
張濤,海山
張濩,靖姜
張濬,文哲
張濬仲,幼哲,紹哲
張濬源,緒初
張濱子,季海
張瀚,時涵
張瀚中,次蘭
張瀚文,望海
張瀚洲,初言,朔言
張瀛,怡軒
張瀾,道本
張灃翰,松園,注東,芑園
張灌,少偉
張灝,卓人
張灼,未剋,柳洲
張炅,仙客
張炎,叔夏,張春水,樂笑翁,玉田
張炟,張坦
張炤,彥明,敬惠
張炯,子晦
張炳,仲文,文虎
張炳???,鶴甫,鹿仙
張炳勛,竹年,築岩
張炳圖,紹泉
張炳文,繡山,虎臣
張炳星,張丙星
張炳林,東莊,泉莊
張炳琳,書城
張炳翔,叔鵬
張炳麟,子振
張為仁,致堂
張為儀,可儀,存中
張為建,升同,升問
張為楍,敦予
張為經,函六,涵六
張為釣,新塘
張為鈞,新塘,秉衡
張為霖,鏡亭
張烇,天左
張烈,惟顯
張烈文,元煥
張烒,用和,雲閣
張烜,吉山
張烺,月陵
張焕,明仲
張焜,大啓
張焜揚,燦如,耕霞
張焜芳,九山,忠節
張無咎,惕庵,惕齋
張無夢,靈隱,鴻濛子
張焯奎,儀翱,星海
張然,陶庵
張煇,寶齋
張煉,九成,子丹
張煌,明徵
張煌言,元箸,忠烈,玄箸,玄著,蒼水,阿雲
張煒,昞堂,炳堂,訒齋,赤侯
張煜,仲華
張煜全,昶雲
張煜珍,漢符
張煥,忠節
張煥堂,仲光
張煥宗,秋岩,維秋
張煥章,君漢,紫亭
張煥綸,經堂,經甫
張煦,輔暘
張煦春,佑賢,曉江,藻池
張照,世澤堂,交蘆盦,古香亭,塔射園,天瓶居士,天瓶齋,張默,得天,得天居士,文敏,梧夕,法華盦,涇南,長卿
張照南,午亭,星舫
張照龍,凌滄
張熊,壽甫,子祥
張熙,子和,耔荷
張熙宇,曉滄,玉田
張熙岳,枚臣
張熙瑞,符軒
張熙純,少華,策時
張熙賡,乃庭
張熙載,春臺
張熷,南漪,曦亮
張燁,斂華
張燆,子行
張燈,十七,文輝,瑞泉
張燕昌,芑堂,金粟山人
張燕翼,叔貽
張燦,菊卿
張燦文,煥章
張燧,和仲
張燭,叔明
張燮,海濱逸史,紹和,羣玉樓,萬石山房,藏真館,霏雲主人,霏雲居
張燮堂,季理,寅淸
張燮霖,和生,鶴生
張燾,盤山
張燿,幼庚,星浦
張爕,紹和
張爽,伯和
張爾基,洪源
張爾奎,錫公
張爾寧,嵋峯
張爾岐,汗漫,爾歧,稷君,稷若,蒿庵,蒿庵先生,蒿庵居士,蒿庵處士,蒿菴,蒿菴居士
張爾康,鄭斯
張爾旦,信甫,眉叔
張爾溫,君玉,鶩庵
張爾牧,芻之,蠡亭
張爾田,孟劬,遁堪
張爾素,賁園
張爾翼,誠庵
張爾耆,伊卿,夬齋,符瑞
張爾葆,二酉,葆生
張牧,舜臣
張特普欽,忍庵,忍盦,忠介
張特書,聖修
張特立,中庸先生,文舉
張猷,張嘉猷
張獎,如相
張獻,時舉
張獻忠,左西國王,敬軒,黃虎
張獻翼,幼于
張玄之,祖希
張玄封,毓德
張玄弼,神匡
張玄晏,寅節
張玄景,元暉
張玄錫,仲若,張懸錫
張率,孟循
張玉,廷禮
張玉堂,大迂,翰齋
張玉娘,一貞居士,若瓊
張玉嫻,季藍,暖貞
張玉孃,一貞居士,若瓊
張玉履,大中,履上
張玉山,瑞生
張玉峯,渭清
張玉崘,合璧
張玉成,華庭
張玉春,笑山
張玉書,京江,力行齋,文貞,潤甫,素存
張玉林,邦輝
張玉樹,德潤,蔭堂
張玉汝,又嘉
張玉珍,藍生
張玉田,藍圃,藍浦,藍甫
張玉穀,樂圃,蔭嘉,覲頌
張玉舜,道恒
張玉良,忠壯,璧田
張玉華,渭清
張玉裁,禮存
張玉貞,蘊仙
張玉麒,幼軒,張輶
張王治,敉庵,無近
張玘,廷玉
張玠,世奇
張玢,蔚石
張玭,席玉,席王
張玶,子珍
張玼,求義
張珂,子文
張珇,廷紳
張珊英,緯青
張珍,子重,秋江
張珍懷,伊參
張珍臬,同莊
張珏,良毓
張珣,竹儕
張珦,國珍
張珩,珮玉
張珪,君如,春江
張珽,忠烈
張球,張景球,真堂
張理,玉文
張理玉,輝山
張琛,獻之
張琠,栗亭,竹溪
張琡,文璧
張琥,十六,宗器
張琦,宋卿
張琪,素華
張琬,琰如
張琮,廷璽
張琯,子律
張琰,汝玉
張琳,怡梅
張琴,佇暉,桐廂
張瑀,愼軒
張瑃,伯珩
張瑄,廷圭
張瑋,汝器
張瑗,蘧若,靜齋
張瑛,仁卿,子燮,退齋
張瑜,伯玉
張瑝,有聲
張瑞,應時
張瑞三,省吾
張瑞全,吉庵
張瑞卿,芝浦,謹三
張瑞圖,二水,果亭,長公
張瑞徵,泰階
張瑞浩,星槎
張瑞溥,伯泉,鑒湖
張瑞澐,筠舟
張瑞璣,衡玉
張瑞芬,杏村,蘭舫
張瑞芳,芷亭,香圃
張瑞輔,璜溪
張瑞麟,伯昂,子文
張瑤,天游
張瑤湘,懷雲
張瑤瑛,巇舟
張瑤輝,仙舫,靜軒
張瑩,子琳,鶴君
張瑩中,德淸,悅齋
張瑭,廷玉,張塘,毅齋
張瑮光,成齋,瞿庵
張瑶瑛,巘丹,巘舟
張瑾,廷玉
張璁,廷璧
張璄,孟輝
張璇,伯祥
張璉,汝器
張璉英,鶴舫
張璐,寶卿,芝佩
張璕,笠山
張璘,文玉
張璝,德潤
張璞,治玉
張璟,矢弓
張璟同,縵笙
張璟槃,延舲,鴻舫
張璠,廷珍
張璡,廷玉
張璣,宗璿
張璥,問珊
張璧,完白
張璨,蘊之
張璪,張琥,簡翼,邃明
張璬,承宗
張環,孟循
張璲,廷佩
張璵,叔美
張璹,全翁
張璽,國用
張璿,天器
張璿華,查山,貢植
張瓉,宗器
張瓉昭,斗峯
張瓊,國用
張瓊如,赤玉
張瓌,唐公,懷玉
張瓚,公執
張瓚昭,斗峰,璞園,絢珊
張瓛,惟敬
張甄陶,希周,惕庵,惕菴,松翠堂,正學堂
張甡,友三,友生
張用,元用
張用泰,第五,純卿
張用瀚,志本
張用禧,莘日,莘田
張用糦,質方
張用誠,平叔,張伯端,紫陽
張用賓,仲翰,拔丞
張用道,夢卿,簫齋
張用錫,質方
張甫翰,鵬程
張田,學齋,芸己
張由,斯道
張甲,成國
張甲徵,懋一
張申,堅老,第五,鐵樹,順舉
張申祜,篤亭
張甸,述功
張畋,無逸
張留孫,師漢
張畤,居卿
張畬,春勝
張當,元膺,友直
張畸,子駿
張畹,秋圃
張疆,定安
張疇曾,望屺
張疾遷,子敏,定軒
張登,張九
張登元,翰臣
張登山,伯倫
張登書,药園
張登瀛,海嶠
張登舉,秀升
張登選,俊升
張登鏜,諧兩
張登雲,攀龍
張登高,子升
張發,啟之
張發辰,維雍
張白,白雲子,虛白
張百城,紫筠
張百揆,敘臣
張百熙,冶秋,埜秋,野秋
張百程,日闢
張百麟,景福,石麒
張百齡,子頤,守意龕,文敏,橄欖軒,珊瑚閣,菊溪
張皆,子同
張皆然,匪譽
張皇后,懿安皇后
張皎,願德
張皓,守白齋,小白,張月告,皜亭,賦閒樓
張益,汝諧,省園
張益齡,子謙,進之
張盛,世隆
張盛世,英才
張盛愷,勁筠,晉雲
張盛藻,君素,春陔
張監,天民,鶴溪
張盤基,乘石
張直,逍遙先生
張相,廷臣
張相侯,廷舉,翰池
張相文,南園,蔚西
張盼,潄雲
張省括,南梁
張眘,希釗
張眞,以誠
張真,素娥
張督,玄略
張睿,劬齋,涵白
張瞻洛,文江,晴沙
張瞻湘,蘭洲
張知孫,哲齋
張知實,冠仁
張知白,文節,晦之,用晦
張知言,公允
張矩,義方
張石,子淸
張碧,太碧
張碧琴,韻岑
張碩士,子頤
張確,子固
張磐,鴻漸
張磻,敬父,松山,渭老
張礎,可用,文敏
張礽傑,丙章,少潭
張祁,晉彥,總得翁
張祈,永伯
張祈諤,欽安
張祉,子受
張祐,可蘭,天祐
張祖信,士誠
張祖厚,宏齋,敦甫,鏡渠
張祖同,詞緣,雨珊
張祖基,念哉
張祖望,仰蟠
張祖榮,山容,顧祖榮
張祖澤,潤之
張祖甄,阿士,陶土,陶士
張祖祺,丹銘
張祖笏,冕堂
張祖翼,坐觀老人,磊盦,逖先
張祖良,少堂,少棠
張祖謨,獻廷
張祖銘,織雲
張祖順,和卿
張祖馥,紉蘭
張祖騫,星海
張祚,宗胤
張祜,元秩
張神武,聲逺,陳神武
張祥,思履
張祥晉,叔謙,賓嵎
張祥榮,雲舲
張祥河,元卿,四銅古齋,四銅鼓齋,小重山房,張公璠,法華山人,溫和,詩舫,詩舲,詩道人,醉鄉侯,鶴在
張祥珍,儷人
張祥辰,曉蕖
張祥鳶,虛齋,道卿
張祥齡,子芾,子馥
張祦,介福
張祹,聖休
張祺,允吉
張祺恆,壽臣,橘卿
張祿,天爵
張祿徵,受之
張禎,國興
張禎叔,禎叔
張禎遜,友讓,張孟子
張福,顯祖
張福僖,南坪,南屏
張福厔,桂堂
張福垕,桂堂
張福屋,桂堂
張福恆,南陔,靜修
張福臺,子厔,子臣
張福興,松亭
張福衍,嵋谷
張福鐄,小秋
張禕,福實
張禧,公錫
張禬,汝吉
張禮,竹溪
張禮公,惺堂
張禮源,庸五,念渠
張禮秩,敘軒
張禮聞,來學
張禮臣,崇讓
張禴,西盤
張禹,伯達
張禹玉,伯績
張禹珪,天錫
張禹遜,醒石
張禹錫,大興
張秀,國華
張秀樗,延卿
張秀端,蘭士
張秀誠,文長
張秉,孟節
張秉乾,大赤
張秉壺,八峰,國鎮
張秉彝,性中
張秉愚,梯南,葆靈
張秉文,敬亭
張秉曜,老圃
張秉清,元量
張秉貞,僖和,元之,張秉真
張秉辰,朴庵
張秉鈞,世臣
張秉銳,石農,穎叔
張科,惟進,達泉
張秩,三十,以敬,鳳林
張程,五十七,以孚
張税,仲山
張稱達,任世,季曠
張稷,公喬
張穀,濟民
張穆,敬之
張穆之,鐵橋
張積中,白石山人,石琴
張積勛,米山,聚中,虹生
張積善,餘慶
張穎,仲山,張頴,祖周,第二十六,麟子
張穟,世美
張立,卓如
張立仁,伯遠
張立勳,建蘭
張立基,藎臣
張立己,張立紀
張立德,俊卿,心蕓,紹侯
張立愛,子仁
張立成,有琴
張立松,秀輿
張立誠,心畬
張立道,顯卿
張端,廷瑞,肯堂
張端亮,寅揆,退庵
張端卿,子方,芝浦
張端弼,廷真
張端甫,直之
張端禮,南仲
張端秀,李生
張端義,正夫
張端莊,順德雙烈
張端衡,張瑞衡
張端誠,研溪
張竹坡,自得,自德
張符驤,依歸草堂,天傭子,海房,良卿,良御,良禦,葯房
張第,汝登
張策,公略
張筠,竹方
張節,夢畹,心在
張節夫,子亭
張範,竹泉
張篤慶,厚齋,歷久,歷友
張篤敬,銘紳
張篤行,右石
張篤鋆,仲衡
張篯,彭齡,述之,雨香
張簠,公文,孝穆
張簡,易從
張簽,張僉
張籌,惟中
張籍,張十八,張司業,張水部,文昌
張籲美,岳瑞
張粲,宗禮
張紀,文正
張約,守之
張約菽,倚蘭
張紆,公飾,張子紆
張紈英,若綺
張紉英,佩芷
張納陛,以登,文石
張純,伯仁
張純仁,厚山
張純儒,士芳
張純叚,季眉
張純熙,晦光
張紘,子剛
張紞,昭季,鷃庵
張素,嬰公,揮孫,穆如
張素臣,東野
張紱,直叟
張紳,仲書
張紹,繼之
張紹元,梓山
張紹先,芑園
張紹宗,蓮舫
張紹愷,亦元
張紹文,庶成
張紹松,嘯泉
張紹棠,子舫,觀香
張紹渠,篁墅
張紹登,振夫
張紹祖,子讓
張紹科,烴叔
張紹華,小船,筱傳,絅甫
張紹謙,道益
張紹魁,天衢,斗垣
張紹齡,壽卿
張絅,午山,美中
張絢,彥素
張絢古,張洵古
張統,一揆
張絳,仲武
張經,天敘
張經田,丹粟,壺山
張經綸,以時
張經贊,南皆,廷相
張經邦,右賢
張綖,世文,南湖
張綠筠,慶松,補蘿山人
張綬,朝用
張維,叔維,西泠寓客
張維世,忠節
張維允,命欽
張維城,張維成
張維屏,南子,南山,子曙,子樹,松心,松心堂,松心子,松心草堂,松軒,玉香亭,珠海老漁,紅蓼灘漁者,聽松園,聽松廬,花竹煙波村舍,雲泉山館
張維岳,堯臣
張維彬,仲文,樸園
張維敘,亮功
張維新,岐東,憲周
張維植,棨圃,榮圃
張維模,矩堂,雪湄
張維正,廷瑞,槐孫,第十一,粹然
張維甲,奎堂,芷畇
張維翰,邦楨
張綱,元扆
張綱孫,祖望,秦亭
張綵,尚質
張綸,子合
張綸英,婉紃
張綺,子霞,默齋
張綽,本寬
張緒,廷瑞
張緒楷,伯超,朗山
張緖,介肅,文綸,無意,甑山先生
張緝,士明
張緯,朝文
張縉,張緒
張縉彥,不死英雄,坦公,濂源,菉居
張縉英,孟媞
張縉雲,太鴻,玉波
張縝,彥智
張縯,季長
張績,季常
張繁,采于
張繡,慧卿
張繡珠,藕香
張繡龍,蒲芳
張繹,思紹
張繼,述之
張繼倫,學海,雪松老人
張繼先,孝伯
張繼前,念瞻
張繼善,石如
張繼孟,子醇
張繼庚,丙垣,炳垣,秉元
張繼昌,愚亭
張繼昺,愛庭
張繼曾,味道人,衣吉
張繼業,光緒
張繼祖,宇清
張繼能,守拙
張繼良,南裓,南陔,蘭思
張繼辛,椿亭
張繼達,正臣
張纂,伯業
張續,禹功
張纓,重卿
張罍,元器
張署,張十一
張羅俊,元美,烈愍
張羅善,舜卿,醒庵
張羅彥,二西,二酉,仲美,節愍
張羅輔,中堂
張羊,君節
張美,元珪,恭惠,玄珪
張美含,哲顯
張美如,尊五,玉溪,第五山樵
張美翊,簡碩,讓三,蹇叟
張義,茂道
張義方,張元達
張義質,張儀質
張羲上,師夔
張羲年,淳初,潛亭
張羽,來儀,附鳳
張羽颺,雲谷
張翀,鵬舉
張翀霄,伯昂,扶青
張翂之,淸畬
張翃,仲龍
張翊,廷弼
張翊儁,菱舟,閎卿,麟洲
張翊興,子偉,蓮屋
張翌,善宜
張習,以翔
張習孔,念難,黃嶽
張翓,鵬舉
張翔,孫翔
張翔泰,南仲
張翔鳳,召山
張翙,桐圃,鳳揚
張翥,汝振
張翬,文翥
張翮,健卿,鳳卿
張翯,鶴林
張翰,宗儒
張翰京,呂年
張翰仙,瀛州,瀛洲
張翰光,藻宸,藻莀
張翰才,育甫
張翰揚,韋豹
張翰翔,汝升
張翱,雲翔
張翼,鵬飛
張翼明,伯寅,滄雲
張翼翔,仲羽,四山
張翼鵬,永豐伯,烈愍,耀先
張耀,隱之
張耀曾,鎔西
張耀淮,臨川
張耀璧,荊巖
張耀臺,甫岑
張考,爾徵
張耆,元弼,張是,榮僖
張耒,宛丘先生,文潛,柯山
張耕,耘夫
張耿南,全吾
張聖佐,帝臣
張聖愉,碧峰(碧峯)
張聖訓,佩伊,蘭谷
張聖詔,松畹
張聘夫,時珍
張聚瑢,佩之
張聚璧,東垣
張聞錦,琴巖
張聯元,捷三,覺庵
張聯奎,映宇
張聯桂,丹叔,問心閣,問心齋,延秋吟館,弢叔
張聯駿,少秋,遹孫
張聰,士敏
張聰咸,傅岩,小阮,阮林
張聰賢,哲甫,愛濤
張聲子,善慶,嗚謙,子升,第千五,鳴謙
張聲玠,奉茲,玉夫
張聲矸,佩琪
張聲繡,蘭芬
張聲遒,聲之
張聲道,聲之
張肄孟,集甫
張肅,穆之
張肅珪,肅珪
張肇,子基
張肇元,西溪,酉溪
張肇昱,晦之
張肇煐,景華
張肇興,景中
張肇銓,子衡,幼平
張肩孟,醇叟
張肯,寄夢,繼孟
張肯堂,載寧,鯢淵
張育,永珍
張育才,英田
張育珽,搢卿
張胃,仲冀
張能,皂旗張
張能照,夢草
張能用,致齋
張能鱗,瑞菴
張脩吉,慎之
張膽,貢赤
張臣,懷忠,東山
張臨,慎與
張自信,友言
張自德,元公,十萬松園,潔源
張自昌,存儒
張自明,丹瑕,丹瑕先生,誠之,誠子
張自烈,爾公,芑山
張自牧,笠臣
張自超,彞嘆
張臬,方壺,汝陳
張至曙,晴舫
張至發,憲松,聖鵠
張至龍,季靈
張致安,濟清
張致遠,江漢先生
張致高,武侯
張與存,懷庭
張與星,張譽星
張與材,國梁,國粱,廣微子,薇山
張與棣,國華,希微子
張與齡,杏初,芳遐
張興,文起
張興世,文德
張興仁,惕齋,話雨齋,讓之,馨伯
張興墉,延庵,遠春,金冶
張興宗,肯堂
張興時,御六
張興泗,東平
張興留,士端,崇菴,房農,縵耕齋
張興祖,公父
張興袓,公父
張興詩,子持,恕齋
張興載,坤厚,悔堂
張興龍,雲卿
張舉,全節
張舒,弘裕
張舜俞,宗卿
張舜元,伯才
張舜典,心虞,鷄山
張舜卿,次夔
張舜咨,師夔
張舜民,浮休居士,芸叟
張舜琴,竹泉,竹軒
張舜璿,碧玉
張舜臣,熙伯
張良信,慎齋
張良卿,弘道
張良嬋,月娟
張良弼,夢徵
張良志,伯敏
張良暹,晉芝,筠坪,進之
張良生,元直,璜溪
張良臣,武子,漢卿,雪窗先生
張良裔,景先
張良貴,子元
張艾珍,緩芳
張芊,十四,廷茂
張芝,庭毓,廷毓
張芝庭,春山
張芝田,仙根
張芬,誦先,黍庵
張芮,文卿,訥菴
張芳,淡翁,菊人,鹿床
張芳湄,篔谷,象賢
張芸芳,梧崗,鳳笙
張芹,獻之
張芾,冰谿,小圃,小浦,小輔,文毅,筱浦,黼侯,黼候
張苕孫,月娟
張苣馨,清溪女史
張若嫻,清婉
張若本,竹春
張若水,益之
張若浦,午橋
張若涵,履綏
張若渟,勤恪,壽雪,聖泉
張若溎,墨莊,樹榖,樹穀
張若澄,鏡壑,默耕
張若濤,薛仙
張若炳,午橋
張若筠,竹鄰
張若羲,帶三
張若翼,湘泉
張若虛,吳中四子
張若詠,蘭塘
張若谷,德繇
張若采,子白,谷漪
張若金,子泥,紫泥
張若需,巾峻
張若震,宗岳,楞阿,靜春齋
張若霖,佐之
張若靄,張若藹,文僖,景彩,景采,晴嵐,鍊雪道人
張若駒,北軒,誌袁
張若麒,圖閣
張英,彥實
張英偉,松泉,松軒
張英哲,明甫
張英湋,松泉
張英麟,振卿
張茁,文葭
張茂,元和
張茂則,平甫
張茂昭,蓮生
張茂枝,芝園
張茂樞,休府
張茂炯,仲淸,君鑒
張茂直,林宗
張茂稷,子蕓,蕓圃
張茂鏞,聲伯,顨庵主人
張茂頤,元貞
張荀鶴,紫鳴,翊卿
張莊,肅堂
張莪,子菁,澹園
張菁,伯峩
張菊韻,傲秋
張華奎,伯忍,藹卿
張華孫,秋屏
張華照,鳳朝
張華甫,實園,松浴
張菼,伯琴,柏岑
張萃,正甫
張萊,又東,漢東
張萬,子大
張萬公,文貞,良輔
張萬年,竹野
張萬璧,柳塘,符五
張萬紀,兌溪,舜卿
張萬選,舉之
張萬鍾,公爵
張萱,九岳,夢奇,孟奇,西園
張萼,綠卿
張葆森,竹人
張葆眞,心佛
張葆連,易山
張著,彥魯
張董達,質夫
張蒭,張芻,聖民
張蒲圻,蒲圻
張蓉鏡,伯元,味經書屋,定球子,小嫏嬛福地,小嫏嬛閣,小琅嬛仙館,小瑯環福地,芙川,長恩,雙芙閣
張蓋,命士,箬菴,覆輿
張蓮,思浦
張蓮芳,張浣江,浣江,蓮芳
張蓽,梧卿
張蔚增,子高
張蔚然,維誠
張蔚藍,西白
張蔭桓,樵野,皓巒,紅棉主人
張蔭棠,佈南
張蔭椿,壽薌,硯孫
張蕓,德廣
張蕙,令畹
張蕙圃,張惠圃
張薀,涵素
張薦,孝舉
張薦馨,德圃
張藎,獻彤
張藹林,吉人
張藻,蘭芳
張蘇,並文,亜文
張蘇錚,浣桐
張蘊,一貞
張蘊玉,潤三
張蘊道,君聘
張蘋,采仙
張蘩,采于
張蘭,涪陽女史,畹香
張蘭芳,香谷
張蘭青,馥齋
張蘭韻,紉香
張虎仁,蘭泉,靜侯
張虎士,環極
張虎拜,召臣,嘯厓,嘯崖,錫山
張虎步,炳堂
張虑,子宓
張處厚,希韋
張虙,壽張,子宓,立靖
張虛白,金門羽客
張蜚聲,獻昂
張蜜譽,道發
張蠙,象文
張衆甫,子初
張行倫,季布
張行婆,菊花
張行成,文銳,文饒,觀物先生
張行滿,德充
張行澍,瀚雲
張衍,朝佐,頤齋
張衍慶,仲承
張衍懿,慶餘,煙舫
張衍普,系先,系光
張衍熙,子緝,文岩
張衍瑞,九承,元承
張衍當,希援,石田,羲園
張衍蕙,畹芳
張衍重,珩秋
張衎,敬先
張衜,應朝
張衡,友石,晴峯
張表,人傑
張表臣,正民
張袞,水南,補之
張裁,子義
張裔縉,碩甫
張裕,蘆汀
張裕勤,又枚
張裕勷,又枋,又枝,文枝
張裕南,益占,謙堂
張裕慶,庭干,庭餘
張裕犖,又牧,幼穆,樊川,鐵船
張裕登,子和
張裕福,敇民
張裕釗,廉亭,廉卿,濂亭,濂卿
張補之,達山
張複,復陽
張襄,雲裳
張西銘,原仁
張見龍,羽京
張覲,仲光
張覲光,黻廷
張覺,張張瑴
張覺民,草堂
張覽,智周
張觀,尚賓
張觀僧,子用
張觀光,屏巖,用賓,直夫
張觀國,南飛,第四一,行可,雲翼
張觀大,天如
張觀準,叔平,皖生,萊山,萊珊
張觀美,寄影老人,硯秋,粹之
張觀藜,蕊青,蕓閣
張觀鈞,仲和,貽山
張觷,柔直
張言,思默
張言+歲,響彥
張言和,貴亭
張訓禮,張敦禮
張許,可亭
張註慶,元長
張詒,延紀,燕季
張詔,朝宣
張詔聞,六英,曠庵
張詠,乖崖子,復之,忠定
張詠之,汝衡,第八六,自道
張詡,元卿
張詢,仲謀,仲謨
張試,式言
張詧,叔儼,退庵
張詩,子言,崑崙山人
張詩日,勤武
張詮,君行
張詳榮,仁夫,德夫,祥應,第南一
張詵,樞言
張誠,應元
張誠吾,桐友
張誠基,岸舫
張誥,古菴,汝欽
張誨,傳師
張說,文貞,說之,道濟
張誼,宜言
張調元,佩渠,寅皋,燮臣
張談英,談英
張諒,知仁
張論,建白,葆一
張諗,張八
張諤,師柔
張諧,允弼
張諧之,公和,敬齋
張諫,孟弼
張諲,張五
張諴,老萊
張諷,隱直
張諾,承之
張謀璧,藺完
張謂,張十四,正言
張謇,嗇庵,季直
張謐,子靖
張謙,伯恭
張謙吉,牧堂
張謙宜,張宜
張謙道,克讓
張謹,慎之
張譓,拙齋
張護,少蓮
張譽,我石
張讀,聖朋,聖用
張讓,孟謙
張讚,宗器
張谷,仲容,應之
張谷貞,勤果,張國樑,張谷禎
張豐恆,厚蘊,厚齋
張象乾,健夫,惕之,果園
張象恩,履謙
張象蒲,嵩陲
張象鉅,彥洪
張象魏,曉孚
張豫,子虞
張豫泰,季勉,立亭
張豫章,寄亭,寄庭
張豳,西獻
張豸,正仲
張豹,文昭
張豹變,仲甫
張貞,拾翠
張貞侯,曾元
張貞生,幹丞,幹臣,簣山,簣山先生
張貞蘭,梅痕
張貞觀,惺宇,維誠
張貫,一之
張貴寬,恕之
張貴栻,補廬
張貴榮,華廷
張貴良,敬之,次侯
張貴謨,子智
張貽鶺,榆華
張賁,彥質
張賈,張十二
張賑,弘濟,洪濟
張賓,廷賓
張賓鶴,仲謀
張賜寧,坤一,桂岩
張賡,夏詹,明臯,瑪竇
張賡謨,竹淇,菉園
張賡颺,伯言,翰卿
張賢,任眞子,堯臣
張賢符,吉猷,筠亭
張質,守樸
張贊,希臯
張贊元,思襄
張赫,莊簡
張起,起之
張起巖,夢臣,文穆,華峯
張起旭,宸軒
張起源,古邨
張起雲,恪毅
張起鳳,竺仙,絅懷
張起鵷,子班
張起鵾,扶南
張起麟,趾肇
張超,能達
張超宗,承祖
張超鹿,萬侯
張路,天馳,平山
張躍鱗,振之,撝庵
張躍龍,錫蒼
張軌,道彥
張軏,勇襄,太平侯
張軫,季心
張輅,莊谿,行素
張載,幼文
張載揚,梅坪
張載華,佩兼,初白庵,涉園,研古樓,芷齋,觀樂堂
張輔,允忠
張輔之,容宇,爾贊
張輗,忠僖,忠禧,文瑞,文端
張輝,蘊之
張輯,宗瑞,東澤
張輻,二十四,文衡,東川
張辭,張綽
張近,幾仲
張近禊,方儀
張迪,吉甫
張迪曾,小委,小樓
張迪范,友韓
張述,明仲
張述古,信之,巽齋
張述善,張善述
張述浚,垣齋
張述燕,又蘇,雲樵
張适,叔度,愚亭
張通,義遠
張通典,伯純,天放樓主
張逢源,淵甫
張逢辛,子泰,輯堂
張連同,協堂
張連姑,泰初
張連捷,羹圃
張連瑞,觀堂,輯庵
張連登,瀛洲,省齋
張連鎬,景西
張進,正德
張進中,子正
張進南,平山
張進忠,靖齋
張進思,忠甫
張進祿,天錫
張逵,九達
張逸,大隱
張逸少,天門
張逸藻,文若
張遂辰,卿子,相期,西農
張遇春,愧農
張運,南仲
張運才,振道
張運昌,雪舫
張運蘭,凱章,忠毅
張運陞,顯之
張道,以中,性泉
張道介,椒岑
張道允,叔學
張道古,子美,張睍
張道宗,景真
張道微,允幾
張道昇,道昇
張道明,太宇,行甫
張道洽,實齋,澤民
張道淵,明洲,蘧庵
張道清,三峰,得一
張道渥,封紫,水屋,竹畦
張道源,仲澄
張道濟,仲美
張道灃,封紫
張道祥,履吉
張道符,夢錫
張道蘊,德庵,潤言
張道謙,仲益
張道超,晴雪
張道陵,輔漢
張達,十二,懋德
張達慶,廳泉
張達觀,子周
張遜,士敏,東皐
張遜業,有功,甌江
張遠,光遠
張遠憲,原若
張遠猷,辰卿
張遠覽,偉瞻,桐岡
張遨,景通
張適,子宜
張遴,君擇
張遵,敬儒
張選,士直
張選明,錕堂
張遹,子平,張準,循中
張遺,濁民,瑤星,白雲道者
張那海,伯堅
張邦伸,石臣,雲谷
張邦佺,全之,堯仙
張邦傑,宣惠,智萬
張邦光,春陽
張邦奇,兀涯,嘗甫,常甫,文定,甬川,甬川先生
張邦弼,淸臣,補梧
張邦彥,允楨,允正,雲屏
張邦憲,貞毅
張邦教,以寬
張邦昌,子能
張邦柱,芷鄉,蔚齋
張邦栢,延傑,廷傑
張邦梁,南橋,孟堅
張邦棟,隆吉
張邦樞,中之,子鶴
張邦治,平侯
張邦淑,涵齋
張邦瑞,天鳳
張邦福,劬亭
張邦緯,逸庵
張邦翼,軫南
張邵,茂宗
張郁,文炳
張郁周,天錫
張郁文,壬士,訚如
張郡猷,孔齋
張郯,和彥
張酉慶,君衡,第三
張采,剋之
張里,示仁
張重,汝任
張重啟,岱瞻
張重振,仲起,筠皋
張重華,虞侯
張金,德純,濮泉
張金剛,金剛
張金吾,愛日精廬,慎旃,月霄,求舊書莊,詒經堂,詩史閣
張金奏,夏甫
張金惠,素圓
張金瀾,茗泉
張金甌,君宰,石邨
張金管,湘東,石生
張金鏞,張敦瞿,海門,笙伯,良甫
張金陵,承翰
張金龍,句山,礪汝
張釜,君量
張釴,少弋,少華,鶴沙
張鈇,德威
張鈍,壽夫
張鈜,平叔
張鈞,蓮舫
張鈞衡,石銘,適園主人
張鈞錫,君錫
張鉉,用鼎
張鉞,有虔,毅亭
張鉦,振甫
張銓,衡齋
張銓慶,佑之
張銘,匏舟
張銘恭,新梓
張銘榮,新梓
張銘盤,又新
張銘紳,又新,新齋
張銘謙,劍潭,心牧
張銘龢,子雍,鶴帆
張銚,九龍
張銜,冰子,廉甫,筠友
張銳,殿英
張銳堂,秦雲
張鋆衡,瞿先,聖延,臞遷
張鋌,搢之
張鋒,子剛
張鋡,緘三
張鋼,廷節
張錄,宗制,張祿
張錡,澤堂
張錤,深父
張錦,儷芬
張錦傳,東峰,輿輝
張錦帆,小亭,湘舟,鶴卿
張錦書,雲卿
張錦枝,佩瓊
張錦江,雲亭
張錦津,魚門
張錦芳,文圃
張錦華,魚門
張錦麟,玉洲,瑞光,瑞夫,碧天,錦德
張錫,貺之
張錫基,培三,敦安
張錫庚,文貞,星白,秋舫
張錫懌,弘軒,越九
張錫榮,張錫嶸
張錫爵,中岩,擔伯,鈍閒詩老
張錫瑞,吟樵,邦玉
張錫璁,德符,韞山
張錫穀,蓮濤
張錫純,敏齋
張錫綸,天恩
張錫謙,乙舟
張錫錦,範舉
張錫鑾,今頗,快馬張,金坡
張錫駒,令韶
張鍈,春漳,春潭
張鍊,伯純,太乙
張鍔,穎長
張鍠,張八
張鍵,君重
張鍾奇,爾康
張鍾琬,象九,雲海
張鍾瑛,仁田
張鍾靈,白湖
張鎋,仲車
張鎌英,緯青
張鎔,從範
張鎛,伯始,漆濵
張鎡,功甫,釣齋
張鎧,廷儀
張鎬,希旦
張鎮,重甫
張鎮孫,粵溪,鼎卿
張鎮芳,是亦,馨庵
張鎰,季萬
張鏊,濟甫,蒙溪
張鏐,心陽子,紫峰,紫磨
張鏗元,韶石
張鏜,水南
張鏞,大器
張鏡徽,張鏡微
張鏡心,仲孝,孝仲,敬心,晦臣,湛虛,用晦,雲隱堂,雲隱居士
張鏡洲,伯笙
張鏡澄,秋浦
張鏡蓉,慶先
張鏻,健亭
張鐩,慵庵,文煥
張鐵珊,雲錦
張鐸,世鳴
張鑄,司化
張鑄山,仲宣,宣卿
張鑅,孟洪
張鑑,惟明
張鑒,放叟,杏村
張鑒堂,海若,筱崧
張鑒衡,公甫,如之,青嵓
張鑫,麗生
張鑰,伯啟
張長寧,遠家,遠峯
張長林,明山,泥人張
張開,彥遠
張開懋,伯翹,環亭
張開東,海嶽游人,白莼,白蓴,賓陽,賔暘
張開甲,鼎臣
張開祁,紹京
張閣,臺卿
張閭,伯高
張閻,宗望
張闡,大猷,忠簡
張阜成,子實,幼廬,鐵孫
張附鳳,棲巖
張陛,登子
張陳鋐,卿溪
張陳鐘,卿虞
張隆,世昌
張際亮,亨甫,借山樓,匡廬,婁光堂,張亨輔,思伯子堂,松寥,松寥山人,翠微亭,翠眉亭,華胥大夫
張際庚,三槐,巽五
張際鵬,蘭岑
張隲,成隲
張雄,文偉
張雄飛,鵬舉
張雅宜,靜山
張集,曼園,殿英
張集義,喻齋,德宜
張集馨,時晴齋,桂吾,椒雲,香海
張雋,英甫
張雍正,槐孫,粹然
張雨,惟時
張雩,志道
張雯,子昭
張雲,友煙,荊素
張雲冲,舉之
張雲卿,伯紀,伯純
張雲吉,暉菴
張雲喬,小江
張雲孫,靜淵
張雲敖,簡松
張雲望,椒岩,椒巖,泰封
張雲瑞,慶峯,慶峰
張雲璈,仲雅,簡松
張雲生,以亭,少亭
張雲祥,石麟
張雲章,倬庵,樸村,漢瞻
張雲翰,鷹揚
張雲翱,文升
張雲翼,萬里,西村,貞敏
張雲藻,伯陶,勱庵,勱盦,勱菴,槐卿
張雲行,湘帆
張雲路,伯登
張雲輝,星槎,藝芳
張雲錦,漁村,綺季
張雲霖,子潤
張雲鵬,天翼
張雲鶚,軒舉
張電,文光,賓山
張霄,瀛洲,軼景
張霆振,謙叔
張震,韞夫
張震維,南音
張震金,禮仲
張霖,雲巖
張霪,帆齋,念藝,笨山
張霸,士傑
張霽,硯廬
張靁,子威
張靄,伯雲
張靈,毓芝
張青榕,敷軒
張青筒,凝碧,蓮舫
張青選,商彜,商彞,雲巢
張青雲,柟亭,楠亭,衢九
張靜,宜則
張靜懿,瑤雪
張靜紈,王靜紈
張革,君信
張韞,仁溥,張蘊,斗墅
張韶,九成
張韶南,伴山,琴五
張頀,少蓮,少運
張順,裕之
張順孫,士浩,子活,文肅
張須,季友
張頌,容之
張預,子虞
張頠,叔靖
張頡,冲卿,彊立,沖卿
張頡輔,採楠,述英
張頡雲,圖南,縉卿
張頤,養正
張頤孫,景川
張顏,雲卿
張顒,子孚
張願,秦卿
張顧行,蓮峯
張顧鑑,鏡千
張顯,緝熙,誠齋先生
張顯光,德晦,文康,旅軒
張顯周,琴樓,載陽
張顯宗,明遠
張顯廷,煜堂
張顯忠,盡節
張顯父,敬之
張顯相,文秉,秉文
張風,大風
張養,惟直,浩庵
張養和,予元,子元
張養志,子尚
張養才,樂吾
張養浩,希孟,文忠,雲莊
張養蒙,叔亨,毅敏,泰亨,見冲
張養重,斗瞻,虞山
張餘慶,善之
張香海,牟子
張馥,蘭坡
張馨,琢聞,秋芷
張馪,合之
張馮,成父,第四三
張馵,行敏
張駒賢,橘坪,默谷
張駕山,海門
張駿,學進
張駿吉,子聲
張騏,瑞徵
張騰,鹿樵
張騰蛟,孟詞
張騰霄,子觀,子鶴
張騷,孝質
張驤,悌孫,棣村
張驥,仲德
張體,孟膚
張體乾,惟健
張體元,長公
張鬴,惠常
張魯,汝才
張魯仲,景東
張魯封,張十五
張鯤,子魚
張鰲山,汝立,石磬
張鱗,小軒,掌夫,紹渠,誠敬堂
張鱗甲,千子,天池
張鳧,羽卿
張鳳,時禎
張鳳䎂,九苞
張鳳來,瑞虞
張鳳儀,來之
張鳳台,鳴岐
張鳳圖,六十三,瑞唐,符輿
張鳳娥,來儀
張鳳孫,少儀,息圃
張鳳岐,鳴治
張鳳年,峽亭,悼棠
張鳳彩,秀岡
張鳳徵,舜夫
張鳳慧,筠香
張鳳憐,伯鸞
張鳳春,輯庭
張鳳梧,果棠
張鳳池,艮菴
張鳳羾,來儀
張鳳翀,文彩
張鳳翔,凌玄,輝止
張鳳翮,梧庵
張鳳翰,文擧
張鳳翼,伯起,靈虛
張鳳起,羽玉
張鳳雍,履中
張鳳騫,鳴岐
張鳳鳴,醒堂
張鳴九,鶴江
張鳴佩,均堂
張鳴岐,啟周,翙儀
張鳴岡,治禎
張鳴珂,錫疇
張鳴瑞,戴禎,載禎,鳳山
張鳴鈞,笠濱,雙南
張鳴韶,恩舜
張鳴鳳,世祥,梧岡子
張鳴鵉,萬青
張鳴鶴,東皋
張鳴鷟,萬青
張鳷,圖南,子羽
張鴻,于漸
張鴻卓,偉甫,嘯峰,篠峰
張鴻咸,時菴
張鴻基,儀祖,研孫
張鴻廡,淑舟
張鴻志,慶菴
張鴻漸,雲儀
張鴻猷,匡鼎
張鴻磐,子石
張鴻範,羽儀
張鴻羽,敬儀,文周
張鴻翊,文周
張鴻肇,岳孫
張鴻荃,剋烺,芳洲
張鴻逑,琴友
張鴻運,希臣,帝臣
張鴻遠,子駿,致夫
張鵬,搏卿
張鵬展,雲衢
張鵬昇,培南,溟洲
張鵬程,萬里
張鵬翀,南華,南華山人,南華山房,南華散仙,合蔭亭主人,天扉,天飛,抑齋,柳庵,漆園散仙,玉堂仙吏,雙淸閣,鵬冲
張鵬翔,步青,高六
張鵬翙,梧岡
張鵬翥,范吾,雲程
張鵬翮,寬宇,文端,運青
張鵬翰,琴山,運夫
張鵬翼,雲閣
張鵬雲,慎洲
張鵬霄,圖南,葵軒
張鵬飛,張九萬
張鶚,一卿
張鶚翼,習之,須野
張鶠,九苞,虹谿
張鶴徵,涉園,選岩,醧舫,雲汀
張鶴瑞,儷琴
張鶴青,一仙,一龍
張鶴騰,元漢
張鶴鳴,鳳臯
張鶴齡,昌國公
張鶴齢,琴甫
張鷟,文成,浮休子,青錢學士
張鸞,應治
張鹵,召和,滸東
張麒,子仁
張麗生,植耀,蕊宮
張麗貞,惜奴
張麟,小軒
張麟文,仁昭
張麟生,魯庵
張麟錫,素書
張黃中,子儀
張黃裳,叔文
張默,成父
張點,子敬
張黻,致美
張黼,良伯,良甫
張鼎,宗器
張鼎五,薌塍
張鼎延,玉調
張鼎彝,清臣
張鼎思,愼吾安陽人,睿甫
張鼎新,公調
張鼎華,延秋
張鼎輔,小峰,楚佩
張鼐,堯臣
張鼒,宗獻
張齊,子修,順泉
張齊華,彥伯,茨若
張齊賢,師亮,文定
張齡,廷壽
張齢,靖生
張龍,鳳翔侯
張龍升,雲津
張龜,且老
張龜齡,子同,張志和,浪跡先生,煙波釣徒,玄真子
張𤦆,燿甫
張𦐿,騰漢
張𦒎,鵠舉
強上林,廷楨,杏齋
強以德,振之
強仲塤,宣六
強偉,玄英
強克捷,月三,樸齋
強可仕,行之
強宏,仕容
強尚質,繩一
強恂,九行
強汝詢,蕘叔,賡廷
強淵明,文定,文憲,文獻,隱季
強溱,東淵,沛崖
強滿,克謙
強珇,彥栗
強珍,庭貴,廷貴
強翊,君翊
強至,幾聖
強行父,幼安
強逢義,綺閩
強鵬飛,孟傅,摶九,樸盦
强珍,庭貴,廷貴
强翊,君翔
强至,幾聖
强黻,叔章
彜昌,子農,蘭生
彥昌,文起
彥智傑,惟周
彥札布彥泰,子謙,顏札布彥泰
彥札彥扎托雲,彥扎托雲
彪居正,德美,敬齋
彪虎臣,漢明
彭䡇,恪庵
彭一楷,秋堂,端樹
彭三壽,仰山,作朋
彭三泰,春霆
彭世呂,曉人
彭世昌,二勿,香九
彭世暹,曉山,渾菴
彭世濟,樸臣
彭世爵,懋賢
彭世璹,仁山
彭世芬,伯桂
彭世襄,應奎,贊臣
彭世賢,吉生
彭世通,文楷,牧堂
彭世鎮,廉夫
彭久安,稷臣
彭久餘,味之,書三
彭之俊,傑人
彭之年,松齋
彭之燦,了凡
彭之鳳,宜生
彭乘,利建,和建
彭九萬,好古,子遠
彭二,彭貳,未詳,武壯
彭京,伯圻
彭人檀,香樹
彭仁本,孝先
彭仁翁,如山
彭仁霑,桂山
彭仕周,典文,碧峘
彭以功,思禹
彭以懋,勉之
彭以竺,篤之,雪嵋
彭以諶,賡虞
彭仲剛,子復
彭任,中叔,草亭,遜士
彭份,洗存,質先
彭佑,承吉,訒庵
彭作檀,亦香
彭作籍,撿青,酉山
彭作邦,對山,荷村
彭來保,佑之,岵瞻
彭侶,儕鶴
彭俊民,廷傑
彭保乂,幼蓮,訒庵
彭信,中孚
彭修,思永,慎齋,時敏
彭倬,叔明,子亭,雲章
彭傑,景俊,水厓
彭億清,溫如,輯軒
彭儷鴻,碧雲
彭元中,檜亭,檜虔
彭元亨,文昌
彭元梅,恭門,萊門
彭元極,隆之
彭元瑋,安廬
彭元瑞,恩餘堂,掌仍,文勤,潛源,芝楣,芸楣,身雲居士,輯五,雲楣,雲湄
彭元達,宣仲
彭元遜,巽吾,選吾
彭兆琳,作吾
彭兆蓀,小謨觴館,懺摩,湘函,湘涵,潘瀾,甘亨,甘亭,甘亭居士
彭先龍,雲翼
彭光湛,少階,若泉
彭光澤,柳林
彭克儀,子羽,硯雙
彭克惠,迪安,迪菴
彭克明,仲德
彭克溫,威卿
彭冠,六一
彭凌霄,用沈
彭几,淵才,淵材
彭劍光,薌林,薛林
彭勖,彭勗,昚菴,春菴,祖期
彭勗,春菴,祖期
彭勝玉,潤甫
彭千里,時學
彭卓,文博
彭南起,九萬
彭友勝,雲臺
彭叔夏,淸卿,清卿
彭叔度,季量,秀量
彭可榮,直齋
彭合,子從
彭名保,新三
彭名湜,湯川
彭君穀,洮湖漁隱,貽孫,頤蓀
彭吳禮,蘭階
彭周老,叔牙
彭唐卿,少顔
彭商老,仲伊
彭啟商,柱臣
彭啟昆,元甫,雨棠
彭啟瑞,式文,次雲
彭啟芷,浣暾
彭啟豐,幔仙閣,延綠軒,涵青閣,環蔭書屋,翰文,芝庭,芝庭先生,蘭陔草堂,蝶夢龕,鉏雲園,香山老人
彭善,彥積
彭嗣昌,興軒
彭嘉炯,鑒三,霽帆
彭嘉玉,砥光
彭國光,用卿,秀角
彭國器,玉成
彭圖南,雲翔
彭在濓,修田
彭圾,仲升
彭坊,儀岳,禮崇
彭城,堯卿
彭堣,孟明
彭堯輔,道夫
彭士奇,冲所,琦初
彭士望,晦農,樹廬,躬庵,躬葊
彭士芳,筱溟,蘭汀,馨甫
彭士荃,沅香
彭士逺,利見
彭壽,仲仁
彭壽山,石夫,石泰
彭壽祖,慕顏
彭夔,師舜
彭夢?,德占
彭夢林,子升
彭夢漁,德占
彭夢祖,應壽
彭夢賜,德寬
彭夢齡,壽符
彭大壽,松友,蓮陂居士,魯岡
彭大昕,京與,莫齋
彭大有,子謙
彭大科,媿名
彭大翮,仲翔
彭大翼,一鶴,雲舉
彭大賓,冠臣,觀成,際淸
彭大雅,子文,忠烈
彭天紱,霞軒
彭天翼,萬里
彭天錫,仁仲
彭好古,伯籛,熙陽
彭如乾,天培
彭如幹,彭如榦
彭如芝,德馨
彭始博,方洲,直上
彭始摶,方洲,直上
彭子俊,彭仁俊
彭子民,彦修
彭孫,仲謀
彭孫倩,孌如
彭孫婧,孌如
彭孫瑩,信芳
彭孫貽,仲謀,孝介先生,管山人,管葛山人,羿仁,茗香堂,茗齋
彭孫遹,問月堂,松桂堂,柏悦堂,羡門,羡門生,羨門,金粟山人,駿孫
彭學皆,乃容,海樓
彭安上,伯禮
彭宏謨,文甫
彭宗岱,小山,詹魯
彭宗求,章甫
彭宗茂,尚英
彭宗達,信甫,珪廷
彭定求,凝止,勤之,勤止,南止,南畇,南畇先生,南畇老人,復初學人,思過居,止庵,訪廉,訪濂,詠真山人
彭定澤,五川,蕖鏡
彭家屏,樂君
彭家桂,馨山
彭家馥,菊園
彭家馪,菊圃
彭寅,味道
彭富,中禮
彭寧求,文洽,瞻庭,約齋
彭寳,惟善
彭寶姑,月遺
彭尋,東園
彭履德,基山,泰階
彭履道,正心,適正
彭岳,伯宗
彭崇仁,景山
彭崇洪,文峰
彭崑,良玉
彭崧毓,於蕃,漁帆,稚宣
彭希向,嘉材,藹堂
彭希曾,懷南,雲軒
彭希洛,景川,瑤圃,簡緣
彭希涑,樂園,蘭臺
彭希濂,修田,溯周
彭希濓,修田
彭希萊,竹坡,絜平
彭希賢,及夫
彭希鄭,會英,闈間,雅泉
彭希韓,守約,玉擎,退齋
彭師度,古晉,省廬
彭師德,大師
彭年,孔嘉,隆池山樵
彭序,昭倫
彭庭堅,允誠,忠愍
彭廕文,惠章
彭廣,深慱
彭廣心,潤堂
彭延慶,衍之
彭廷椿,梁卿
彭廷訓,伊作
彭彝,武山
彭彥充,仲英,十二
彭從虎,觀元
彭徤吾,象玄
彭復初,復之
彭德光,佛照禪師
彭德嗣,繼堂
彭心錦,慕庭,擬陶
彭志傑,毓圃,漢圃
彭志儀,漢圃
彭志德,道一
彭志潛,慕陶
彭思永,季長
彭思眷,鶴田
彭恪,邦憲
彭恭,敬之
彭悅,仲筍
彭惇儒,敘典
彭惟享,子成
彭惟孝,孝求,求志居士,玉峰老人
彭惟成,元性
彭惟方,重義
彭惠高,企僑,子方,紫函
彭慥,公謹
彭慰高,經伯,訥生,鈍舫
彭慶昭,伯麓
彭慶章,松泉
彭慶鍾,夔卿,彭飛鴻,錫之,黃花老圃
彭應先,紹先
彭應參,汝省
彭應奎,勉文
彭應捷,渾田,讓甫
彭應時,化中,宜所
彭應桂,芳翁
彭應麟,允徵,太符,魯溪
彭應龍,集齋
彭懋,汝德
彭懋謙,吉占,小皋
彭戢,子發
彭承初,謙山
彭承堯,繼勳
彭搏,六息
彭擧,仲禮,東坪
彭教,敷五,東瀧
彭敦毅,任甫,訒庵
彭敬叔,叔儀
彭敷,汝言
彭文,十五,相道
彭文亮,白生
彭文嗣,仲文
彭文質,在份
彭斯爽,名鄉
彭斯舉,鴻軒
彭方,季正,季直,文定
彭方迥,中至,仲至,敏則,止所,甲孫,第二
彭旋齡,天來
彭日隆,隱空
彭明輔,伯藎
彭映辰,春圃
彭春爾,怡生
彭昭,景輝
彭昭麟,井南居士
彭昱堯,子穆,閬石山人
彭時,可齋,宏道,弘道,文憲,純道
彭景,叔大
彭曉,真一子,秀川,秀皮
彭曾超,海山
彭會淇,四如,菉洲
彭朗,遐霽
彭朝佐,中行,日泉
彭期,子信
彭期生,節愍,觀我,觀民
彭本用,汝玉
彭杰,景俊
彭松,伯岳
彭松齡,韻谷
彭果,仕顯
彭某(字長卿),山人,長卿
彭某某,弼岑
彭桂,上馨,爰琴
彭桂馥,蘭亭
彭桂馨,伯丹,寶晜,竇昆
彭桓,景武
彭棨,亦堂
彭森,伯森
彭椿年,大老
彭楚明,鏡堂
彭榮槐,蔭軒
彭構,次雲
彭樓,子應
彭樹炳,晉箎
彭樹葵,水南,覲之
彭欽,仲恭,仲敬,澹齋
彭止,應朝,漫者
彭正乾,存誠,惕齋
彭殿元,上虎
彭毓橘,忠壯,杏南
彭毓海,紫君
彭永圖,彭慶圖
彭永思,位存,兩峰
彭永芬,香谷
彭永超,卓廷
彭汝器,宗璉,素庵
彭汝實,子充,子兗,彭汝寔
彭汝方,宜老,忠毅
彭汝疇,復述齋主人
彭汝礪,器資
彭汝讓,九⿱[上棥下鹿],欽之
彭汝霖,滋元,薇元
彭泰,文淵
彭泰來,倚樹樓,夢齋,天問閣,子大,春洲,昨夢齋,詩義堂,趙齋
彭泰士,頡林,魯瞻
彭泰毓,汝舟
彭洋中,彥深,曉杭
彭浚,寶臣,映旟,映璵,賜硯堂
彭涗,巨源
彭涵霖,養田
彭淑,秋潭,谷修
彭淑士,亦婉,葆青
彭清,源潔
彭清藜,少湘
彭渠,玉潤
彭湘懷,楝塘
彭湛,少初
彭湜,文瀾
彭源,源吉
彭滋,益之
彭演,子山
彭漢老,季浩,季皓
彭潤章,澤之,麗川
彭潤芳,漱六,鏡湖
彭澤,民望
彭澤濂,靜園
彭火龍,彭少龍
彭炳,元亮
彭炳文,一蔚
彭烈,肇烈
彭烊,冶金,肯亭
彭焕,子舟
彭焱,圓觀子,然石
彭燧,子木
彭爚,明之
彭爵麟,靜山
彭獻壽,橘泉,頌南
彭獻庚,少白
彭獻忠,琦夫
彭玉田,藍莊,韞珍
彭玉霽,雲墀
彭玉麟,七十二峰樵父,剛直,南嶽山樵,古今第一癡人,吟香外史,吟香館,梅花外子,梅雪山房,退省庵主人,退省散人,雪岑,雪琴
彭玕,叔寶,彭玗
彭珍,洪珍
彭琅,苢舟
彭琉,愼菴,毓敬
彭琨生,廷珍,瑤齋
彭琬,玉映,玉瑛
彭琯,予白,兩古推官,子白,節愍
彭琰,幼玉,畹珠
彭瑛,鳴玉
彭瑜,君玉
彭瑞毓,子嘉,稚雲,芝泉,薑畦,賜龍泉
彭瑞麟,錫侯
彭璉,汝器
彭瓏,一庵,一菴,仁簡先生,雲客
彭瓚,廷器
彭甫,原嶽
彭登瀛,選之
彭百川,叔融
彭百鍊,若金
彭盛,永昌
彭相,良仲
彭眘,孝常
彭祖圭,萬明,遠齋
彭祖壽,商耆,玉屏仙館,芍庭
彭祖彝,榴仙,秉常
彭祖旺,念雲
彭祖潤,岱霖,德身
彭祖賢,商耆,玉屏仙館,芍亭
彭祿,受臣,思貽,荷百
彭福,綏之
彭禕,宗彝
彭禮,二十,彥恭
彭科,登及
彭程,憲卿,萬里
彭程淑,毓元
彭端淑,儀一
彭端甫,倪軒
彭端遇,時可
彭範,士洪
彭簪,世望,石屋山人
彭紹傑,景三,謹安
彭紹升,一行居,二林主人,二林居,二林居士,允初,元初,尺木,尺木居士,知歸子,陽秋閣,際淸
彭紹咸,應山,與吉
彭紹晉,錫蕃
彭紹觀,容若
彭紹謙,濟光,蔚林
彭紹鼎,刑山,荊山
彭絲,魯叔
彭經,載道
彭維孝,孝求
彭維新,墨香閣,石原,石源,肇周,餘山
彭維植,矯堂,鏞堂
彭維炯,式南,梧齋
彭綱,性仁
彭緒瞻,玉章
彭縉,文卿
彭績,其凝,秋士,秋士先生
彭繼昆,景伯
彭繼業,大芳
彭罙,仲愈
彭翊,崧屏,德推
彭翰孫,南屏
彭而珩,命卿,韞白
彭而述,子篯,子籛,禹峰
彭耜,南嶽先生,季益,鶴林
彭聞名,明復
彭肇洙,仲尹,撫松亭
彭自新,滌之,祖銘
彭至德,原順
彭臺,明省
彭與,帝鍚
彭興宗,世昌
彭舒英,辛齋,雲京女史
彭舒萼,棣樓
彭舜卿,素仙
彭良騫,仙樹
彭芝,幼清,幼青
彭若梅,鶴儔
彭若舟,汝涉
彭英,育之
彭華,十四,彥實,文思,素菴
彭蓮峯,錦川
彭蕙芳,湘帆
彭蘊恭,安齋,禮言
彭蘊栝,廷幹,楚翹
彭蘊楷,士模,霽峰
彭蘊煒,懷和,春湖
彭蘊燦,振採,朗峰
彭蘊瑜,子瑾,蓮塘
彭蘊章,咏莪,小園,文敬,松風閣,歸樸庵,澗東,琮達,老學庵,詒榖老人,詠莪,鶴和樓
彭蘊輝,璞岩,葆真,遠峰
彭蟠,仕田
彭蟾,東蟾
彭蠡,師范,彭鳳,梅坡先生
彭行先,務敏,貽令
彭衛,明微
彭衡,南峯
彭襄,退菴
彭見紳,偑芝
彭訓,永年
彭詒孫,穀人,翼仲
彭誠,君實
彭誼,景宜
彭諟庠,畏岩,礪如
彭謹,德全
彭豫,叔介,與志
彭貞,冰淑,筠仙,筠山
彭貞隱,玉嵌,銕君
彭起鵾,雲邨
彭起鷗,雲邨
彭路,通吉
彭輅,子殷
彭載,孔載
彭載賡,北渚
彭述,向青,曏青,硯秋,耕餘
彭通,萬里
彭逢達,元觀
彭連修,秋圃
彭進,子龍
彭遇颽,雲巢
彭運成,子遠
彭運斌,允甫,右文
彭運昌,平階
彭運章,階平
彭運謙,地山
彭遐齡,梅谷
彭遠,務本
彭遵古,季籛,旦陽
彭遵泗,磬泉
彭邦光,南卿,犬子,狗兒,第二十四
彭邦畯,喜塍,荊田
彭邦疇,春農,松華雙研齋,範九,賜珠堂
彭郁,文蔚,鄉山漫叟
彭醇,定庵,臥雲翁,道原,道源
彭鉉,九萬
彭銓,大用
彭錕,劒伯
彭錫命,君寵
彭鍾璐,寶生
彭鏞,匏菴,聲之
彭鏡初,孔彰,德昭,龍山道人
彭鑑,拱辰,方明
彭鑾,瑟軒
彭長宜,德符
彭長庚,齊叔
彭開祐,念韋
彭際盛,虞臣
彭際風,禹霖
彭雲,搆雲
彭雲際,曾菴,會菴
彭霆震,欲中
彭震,大鳴
彭震龍,雷可
彭霖,作之,勖哉
彭靚娟,寄雲女史
彭韶,從吾,惠安,鳳儀
彭顯,薇齋
彭飛鴻,彭慶鐘
彭鳳,十四,夢瀑,起之
彭鳳佳,瀛士
彭鳳來,泰和
彭鳳儀,雲山
彭鳳義,桐莊
彭鳳高,簫九,賡阿
彭鴻勲,立三
彭鵬,九峰,古儒,古愚,奮斯,無山
彭黯,道顯
彭齊,孟舒
彭齡,小竹鏗,小鏗
彭齢,鶴峯
彭龜年,元老
彰蓮峯,鐸川
後松,官五
徐?齡,湘白
徐䋲武,竹村
徐一唯,宗曾
徐一夔,大章
徐一忠,宗顯
徐一文,章甫
徐一檟,七十九,汝材,賓梧
徐一清,永之
徐一甫,天樂
徐一章,美甫
徐一經,履常
徐一鳴,聲伯
徐一鶴,心琴
徐七寶,雅閒
徐三寶,廉峰,徐寶善
徐三畏,子敬,理齋
徐三重,伯同,鴻洲先生
徐上,平山
徐上瀛,石帆,青山
徐上達,孔學,斗南,筱泉
徐上鎕,蓉舫
徐上鏞,幼笙,序聲,蓉舫
徐不器,克領
徐世佐,石亭,輔卿,遁齋
徐世光,健廬,友梅,素一
徐世卿,畏岩
徐世坊,笠山
徐世憲,宗度
徐世昌,徐东海,卜五,水竹邨人,菊人,半日讀書半日靜坐之齋,弢齋,晚晴簃,書髓樓,東海,歸雲樓,水竹村人,談風月館,退耕堂,退耕老人,鞠人
徐世沐,爾翰,青牧
徐世淳,中明,弟之,徐世湻
徐世溥,巨源,臣源
徐世溶,德卿
徐世臣,繼恩,逸亭
徐世良,瓜農
徐世英,國用
徐世蔭,爾純,爾繩,竹孫
徐世隆,威卿
徐世雄,伯豪
徐丞,良仁
徐中立,宗道
徐中行,天目山人,子與,徐子與,龍灣
徐丹中,孚喦
徐乃昌,積餘,隨庵,隨庵老人
徐久德,裕元
徐久道,成齋,敬恆,西雲
徐之凱,子強
徐之寬,栗齊,栗齋
徐之才,文明
徐之珄,徐之性
徐之璉,玉宗
徐之祥,方塘,麒父
徐之綱,漢臣
徐之蛟,大朋,霖卿
徐之銘,新齋
徐之麟,相文
徐九思,一卿
徐九臯,遠卿
徐九齡,壽卿
徐乾,健父,建夫
徐乾學,三徐,健庵,健菴,傳是樓,冠山堂,原一,怡顏堂,憺園,教習堂,東海,玉峰先生,碧山,碧山堂,遂園,頤保樓,願遂室
徐乾貞,禦六,長善
徐予望,菊人
徐二南,藿易
徐亨,武襄,興安伯
徐京,步馮,華廷
徐亭亭,若鴻
徐亮,子寅
徐人傑,蝶莊
徐人雅,藕仙
徐人龍,耳猶
徐仁,君美
徐仁傑,徐人傑,漢英
徐仁則,伯敬
徐仁彝,曉石,雲若
徐仁榮,德剛
徐仁鑄,研甫,硯父,硯甫,縵愔,誦涵
徐介,堅石,孝先,狷庵
徐仕元,松圃
徐仕清,廉臣
徐以升,南陔堂,恕齋,階五
徐以坤,根苑,穀函,茗花
徐以文,用章
徐以泰,柳樊,陶尊
徐以烜,潤亭,養資
徐以貞,本良
徐以震,南墅,省若
徐仲,景吾
徐仲佳,韋承
徐仲儒,直之
徐仲敬,梅雪
徐仲楫,徐君楫,濟卿
徐仲淵,叔靜,徐冲淵,栖霞子
徐仲簧,蕙蘭
徐仲雅,東野
徐任道,仁卿,弘宇
徐休復,廣初
徐伯昌,子期
徐伯琛,通夫
徐伯通,雪崖
徐伯鳳,國祥
徐伸,允達
徐似道,淵子,竹所,竹隱
徐佐廷,寅勷
徐佑,允吉
徐何,子聞
徐作,季儒
徐作梅,寶和,嶺香
徐作肅,恭士
徐作謀,聖思
徐作霖,敬軒,沛岩,雲莊
徐佩芳,味香
徐佩蘭,紉秋
徐佩鉞,民威
徐來,性之
徐來儀,蒼水
徐來復,政之,民上,無政
徐來朝,玄圖,順卿
徐來清,頌穆
徐來鳳,儀甫
徐侖,達人
徐俊,勢傑
徐俊明,子東
徐俊民,達夫
徐俊章,文炳
徐俌,公輔,莊靖
徐保字,沅舲,阮鄰
徐保宇,阮隘
徐信善,履貞,覺生
徐修正,九思,九恩
徐俯,師川
徐倬,方虎
徐偉(鄭欽妾),妙英
徐偉達,徐偉遠
徐健侯,蕃卿
徐傅,起巖
徐傑,民望
徐僑,崇父,崇甫,文淸,毅齋
徐僖,南煙,夢伯,夢蓮
徐儀,德明
徐儀壽,香子
徐儒,邦珍
徐儒棨,戟門
徐儼夫,公望,桃渚
徐允升,猷廷,雲階
徐允年,邃庵
徐允武,維山
徐允福,呈五
徐元,善良
徐元傑,仁伯,子祥,忠愍,梅野
徐元勳,銘臣
徐元叔,亨甫
徐元吉,黃裳
徐元夢,善長
徐元太,汝賢,華陽
徐元履,德基,華谷,見志
徐元得,耕道
徐元德,嗇庵,靜南,靜甫
徐元文,三徐,公肅,含經堂,立齋,陸元文
徐元方,仲盈
徐元春,正夫
徐元杰,仁伯,梅野
徐元榆,僊材
徐元正,振雅,景文
徐元氣,汝和
徐元湝,筱譜
徐元潤,秋士,雲伯
徐元珙,荊山,輯五
徐元琅,琳府
徐元瑞,君祥
徐元祉,良夫
徐元禮,淞橋
徐元稔,明嘉
徐元端,延香,延香主人
徐元第,玉窗,遠香
徐元粲,道力
徐元美,懿公,松岑
徐元聘,芸齋
徐元英,子千
徐元象,奇孺
徐元貞,子幹
徐元隱,元隱
徐元震,孟達
徐兆伯,長公
徐兆瀾,子文,紫雯
徐兆瑋,少逵,虹隱
徐兆舉,秘書
徐兆英,毓才
徐兆蘭,少甫
徐兆豐,乃秋,夢魚,癯道人
徐兆駒,夢嶠
徐兆魁,海石,策廷
徐先第,敬庵
徐光啟,七十八,叔賢
徐光德,子比
徐光文,亭澦,亭預,少峯先生,杏池
徐光溥,睡相
徐光煜,子厚
徐光照,月巖
徐光熙,霽亭
徐光燦,絅齋,頹然居士,鳳輝
徐光祖,柳村,義山,雲鶴
徐光祚,敏齋
徐光興,綬卿
徐克祥,再生老人,蓴湖
徐兢,明叔,自信居士
徐公敬,濱麓
徐公義,槐亭
徐公輔,良卿
徐公遴,擧之,舉之,霓岡
徐其岱,襄豐,雲喦,雲巖
徐其志,伯宏,諶人
徐再思,德可,甜齋
徐冔,以質
徐冠,士元,竹岡居士
徐凌,章侯
徐凝績,工撫,庶卿
徐几,休休翁
徐凱,子安
徐初,復陽
徐則,子美,芝石
徐則寧,從政
徐則文,惟章
徐則論,書評
徐剋剛,經畬,體乾
徐剛振,子大,芝川
徐功甫,文敏
徐勇,忠節,英吾
徐勉,修仁
徐勛,樹山,績臣
徐勣,元功
徐勤,君勉
徐化成,子騶,文侯
徐化民,雨蒼
徐北蓉,白雲詞人,鏡三
徐匯,漪亭
徐十治,興三
徐升,公允
徐南蘋,竹姓
徐南金,體乾
徐南鵬,萬齋,雲九
徐博,德宏
徐即登,匡嶽,匡樂,徳峻,德俊,獻和
徐卿孫,麒仲,麟仲
徐卿龍,禹祥
徐原,均善
徐友蘭,佩之,八杉齋主人,叔蓓
徐友麟,柏岩,石庵,雲卿
徐叔川,濟叔
徐叔用,行甫
徐叔達,延慶
徐受廉,築泉,計甫
徐可先,梅溪,聲服
徐可期,烜父
徐可求,觀我
徐可相,懋忠
徐可行,爾思
徐台英,[徐廣廈],佩章,佩韋
徐司馬,從政,朱司馬,馬兒
徐各紱,香玉,香珪
徐合,全之
徐吉,于靜,月賓
徐同善,公可
徐同愛,仁夫,十六
徐同柏,壽臧,籀莊
徐同藩,環九
徐名湘,勉滋,勉玆
徐名紱,章黼
徐名道,鷺埜
徐向,彦功
徐君召,行可
徐吳錦,天織
徐命均,保拙齋,嘯皐,在澗,平甫,文翼
徐咸,子正
徐咸安,素蓮
徐咸清,仲山,仲由
徐哲,延徽
徐唐,守中,守忠
徐唐佐,君輔,青溪
徐商,秋卿,義聲
徐商濟,佛猿,未園,蒼生
徐問,用中,莊裕,養齋,養齋先生
徐啟堂,琴軒
徐啟山,鏡溪
徐啟文,夢江,黻青
徐啟謨,訏仲,默庵
徐善,文善
徐善慶,元禎
徐善述,好古,文肅
徐善長,天臺,蕙姑
徐喈,丹山
徐喈鳳,竹溪,竹逸,鳴岐
徐嗣曾,兩松,宛東,楊嗣曾
徐嘉,賓華,遁庵
徐嘉善,尚友
徐嘉幹,耘叔
徐嘉炎,勝力,徐焉,華隱
徐嘉瑞,毓珊,述堂
徐嘉言,叔猷,菽友
徐嘉謀,良弼
徐嘉賢,少珊
徐噩,伯殊
徐嚞,吉卿
徐四達,近修
徐國光,尚痴,賓王
徐國全,乂之
徐國安,靜仁
徐國定,永年,治平,治正
徐國才,湘蘅,湘衡,湘衢
徐國昌,孔堅,孔昆
徐國楠,古梅
徐國泰,心湯
徐國相,行淸
徐國英,夔友,子龍
徐園老,孝孫,尚齋先生
徐圓,子方
徐圓老,孝孫,尚齋先生
徐圖,君猷
徐均,古雲,詒孫
徐坊,士言,忠勤,梧生,歸樸草堂,矩庵
徐坦,怡堂,睦庭
徐垕,宗實
徐垣,紫庭,芷亭,芷汀
徐執策,二十,以獻
徐培光,葆常,鈺書
徐培植,函谷,彥成
徐培深,松泉,梅花主人,資之
徐基,士崇
徐堂,栗園
徐堅,孝先,竹友
徐堉,仁甫,易園,東鶴
徐堯臣,甫亭
徐堯莘,徐堯萃,汝聘,賓嶽
徐塘,小如
徐塤慶,萼縷
徐增,子能,而庵
徐增壽,定國公,幼子,忠愍
徐士俊,三友,三有,徐灝,徐翽,紫珍道人,若耶野老,野君,雁樓
徐士修,禹和
徐士儀,岵瞻,白羽
徐士原,仁初
徐士康,一琴
徐士林,兩峰,式儒,雨峰
徐士業,建勳
徐士榖,琴味齋,稼生
徐士榮,五雲,仁則
徐士涓,叔達
徐士溥,巨源,徐世溥
徐士煌,丙南,古愚
徐士燕,谷孫
徐士琛,子珍,楚亭
徐士穀,稼生
徐士芬,惺弇,惺菴,惺葊,漱芳閣,誦淸,辛庵,辛菴
徐士蕃,積甫
徐士訥,恂若,敏庵
徐士鑾,詠山
徐士霖,樗叟,澍行
徐士驤,公驤
徐士鴻,叔矅
徐士龍,星槎,荀若
徐壽,雪村
徐壽仁,子由,菊坡叟
徐壽卿,光岳
徐壽基,桂珤
徐壽慈,秋谷
徐壽春,靜山
徐壽朋,進齊
徐壽茲,亢盦,受之,袖芝
徐壽輝,天完,貞一
徐夔,友龍
徐夔典,石林
徐多紳,藕卿
徐多綬,組卿,菊農
徐多鉁,廷瑞,蓉史,雲書
徐多鏐,杏伯
徐夜,嵇庵,嵇菴,徐元善,東痴,東癡,稽庵,長公,長冥
徐夢元,徐村,端木
徐夢吉,德符,曉山中人
徐夢宏,方大,朝郎,朝都,第二
徐夢得,宗説
徐夢暘,懷劬
徐夢熊,叔祥
徐夢發,君儒
徐夢白,艾石
徐夢莘,商老
徐夢高,明叟
徐夢魁,悟叔
徐夢鳳,肇典
徐夢麟,振公,潤堂
徐大中,元禮
徐大任,以道
徐大勲,蓮舫,連舫
徐大勳,佐川
徐大化,文明
徐大受,君猷
徐大壯,子貞
徐大容,小山
徐大文,蘊齋
徐大方,冲道
徐大椿,半松居,徐大業,泗溪老人,洄溪,洄溪老人,洄溪道人,第三十七洞天,迴溪,靈胎
徐大業,靈胎
徐大榕,惕庵,曏之
徐大正,北山,得之,德之
徐大珅,芥龕,貞六,髡道人
徐大相,覺斯
徐大紳,翰明
徐大緯,思湖,湖恩
徐大貴,勤果
徐天亨,美成
徐天庭,申之
徐天彝,禹疇
徐天柱,擎士
徐天澤,惠民
徐天璋,曦伯,睿川
徐天祐,一初,受之,斯萬
徐天賚,子文
徐天逸,天倪
徐天錫,禹圭
徐天麒,麟卿
徐天麟,仲祥
徐奇,而法
徐奇伯,長公
徐奎,文卿
徐奏鈞,徐奉鈞
徐奕溥,二田
徐奭,周臣
徐奮鵬,筆峒先生,自溟
徐如漢,克昌
徐如澍,寶研山房,春帆,春颿,洵南,郇南,雨芃,靜然,靜齋
徐如珂,季鳴
徐如翰,檀燕
徐如蕙,瑤草
徐妙清,雪軒
徐威,廣威
徐威遠,翼鳶
徐婉,怡怡
徐婉卿,香溪
徐媛,小淑
徐子中,益之
徐子俊,世庸,十六
徐子卿,奇仲,東山翁
徐子器,一百四十六,實卿
徐子寅,協恭
徐子權,忠慤,用中
徐子熙,世昭
徐子石,勁仲
徐子秀,實翁
徐子苓,南陽,毅甫,西叔
徐子貞,善正
徐子鄧,志禹
徐子高,次山
徐子龍,中夫
徐孔徒,服子
徐存,誠叟,逸平翁
徐存德,怕菴,恆甫
徐存義,質夫
徐孚吉,元尹,少石
徐孚遠,復齋,闇公
徐孝基,立本
徐孝德,順孫
徐孝忠,德福
徐孝恭,季中
徐孝華,韻雲,領雲,龍雲
徐孟,咨益
徐學古,子友,有獲
徐學周,尚文,翼所
徐學禮,子立
徐學聚,十四,敬輿,石樓
徐學詩,子言
徐學謨,叔明,太室山人,子言,學詩
徐學質,殷夫
徐學顏,君復,烈愍
徐孺芳,蘭皋
徐宇,天民,瓢翁,雪江居士
徐守信,虛靜冲和先生
徐守樟,順之
徐守清,景伯
徐守義,子和,鳳岡,鳳崗
徐守誠,成之
徐守謙,涵溟
徐守道,子中
徐安國,春渚,衡仲
徐安成,集生
徐安行,允端
徐完,用美
徐宏,尹之
徐宏漸,羽儀
徐宏澤,春門,竹浪老人
徐宏祖,振之,霞客
徐宏道,洞陽子
徐宗,叔本
徐宗亮,晦甫,椒岑,歸廬
徐宗仁,求心
徐宗勉,仲修,霽吟,驥人
徐宗善,仲元
徐宗幹,伯楨,斯未信齋主人,樹人,淸惠
徐宗廈,庇世
徐宗悌,孝叔,孝禧
徐宗泌,固齋,鄴侯
徐宗泰,君望,文孝,晩靜,松厓,瑞谷
徐宗盛,德元
徐宗鄭,叔瞻,瀧槎
徐宗魯,南湖,希曾
徐官,伯賢
徐定,德操
徐定修,璧如
徐定文,質夫
徐定超,班侯
徐宜芬,宛如
徐家傑,偉侯,冠英,東溪居士
徐家槐,守之
徐家疇,洪生,禹九
徐家麟,遠眸
徐家鼎,象三,鑄盦
徐容,仁父
徐寅,徐夤,昭夢
徐寅亮,亦陶,直生,筠莊,雲莊
徐寅第,東堂,虎臣
徐密,梁萬
徐寓,居父,居甫,盤洲叟
徐審翔,似逸
徐寬,栗夫
徐寶善,廉峰
徐寶奎,亞陶
徐寶符,契芝,石如
徐寶謙,公之嚞,子尊,迓裪
徐寶賢,晉臣,雲門
徐寶鍔,星文,淬鋒
徐尊生,大年
徐小螺,月嫫
徐少庚,子西
徐尚,志伯
徐尚卿,師臣
徐尚孝,行先
徐尚德,仲修
徐尚文,鬱周
徐居正,亭亭亭,剛中,四佳亭,子元,文忠
徐履,少初,少駿,第三六,駒兒
徐履方,則聞
徐履祥,子旋
徐岐山,鳳鳴
徐岱,太丘
徐崇文,鬱甫
徐崇焵,西河
徐崧,岳瞻
徐嵩,中望,小石
徐嶰,挺之,涵齋
徐州牧,仁仲
徐希周,士貴,徐景周
徐希林,子林,巨山,第元三,育孫
徐師,珉望
徐師仁,從信,從聖
徐師回,望聖
徐師張,三十五,惟敬
徐師曾,伯魯,魯菴
徐師臣,國賓
徐師謙,冲甫
徐師閔,聖徒
徐師顏,子愚
徐常,彥和
徐常吉,士彰
徐幾,字與,進齋
徐庚,叔義,寄傲老人
徐庚瑞,少溪,愚谷
徐度,敦立,端立
徐庭照,秋鑒
徐庭秀,和父
徐庭筠,季節,徐廷筠
徐庭綬,公綰,懷龍
徐庸,用理
徐廣,居仁
徐廣紱,伯華
徐廣縉,仲升,仲紳,靖侯
徐延壽,余延壽
徐延德,敬齋,用修
徐延旭,曉山
徐延照,秋鑒,藕香
徐廷孫,真卿
徐廷實,德政
徐廷授,受之
徐廷昭,雲櫵
徐廷松,恒山,永平
徐廷桂,丹木
徐廷槐,笠山
徐廷照,雲樵
徐廷獻,榮香,榮齋
徐廷玠,元度
徐廷珍,聘卿
徐廷珨,蜃度
徐廷琛,初香
徐廷璋,公器
徐廷璐,勷臣
徐廷璣,玉衡,雨蓀
徐廷用,良佐
徐廷祼,士敏
徐廷英,敬和
徐廷裸,士敏
徐廷謙,受益
徐廷鉞,閬蓀
徐廷錦,日章,門章
徐廷鏕,石泉
徐廷階,晉堂,藥房,辛楣
徐建中,以正
徐建寅,仲虎
徐建猷,允升
徐引源,伸甫
徐弘,希齋
徐弘仁,徐宏仁,管村,聖木
徐弘祖,宏祖,振之,霞客
徐弼廷,竹農
徐彌性,子常
徐彥,才甫
徐彥伯,長孺
徐彥南,崧橋,松橋
徐彥寬,商隱,夷吾,薇生
徐彥登,允賢,景雍
徐彥若,俞之
徐彥裕,仲寬,去奢
徐彥道,徐念道
徐彩鸞,淑和
徐彪,仲斌
徐彬,忠可
徐彭年,若籛
徐彭齡,允頤,曉秋
徐待,子器
徐待任,廷葵,廷蔡
徐待聘,廷珍
徐律,祖律
徐得之,思叔
徐從治,仲華,忠烈,肩虞
徐復,希賢
徐復儀,徐復議,漢官,節愍
徐復祚,陽初
徐徵,耰園
徐徵鳳,嶰筠
徐徵麟,定侯
徐德修,士敏
徐德儀,坤齋
徐德元,惇元
徐德壽,馥汀
徐德廉,淸夫
徐德懷,邦絞,邦綏
徐德欽,仞千,煇石
徐德洋,育萬
徐德潛,見之
徐德璜,仲光
徐德舉,進之
徐德蕙,嫕卿
徐德裕,啟佑
徐德賢,孟明,靜庵
徐德輝,倩仲,潤身
徐德需,馥汀
徐德音,徐淑則,德音,淑则,綠凈老人
徐徽,仲元,獨山居士
徐徽言,彥猷,忠壯
徐心中,一峯,一峰
徐心如,水臣
徐心泰,尊虞,秀東,階雲
徐心田,慎之,芸門
徐必友,仁卿,逸叟
徐必茂,幼學
徐必藻,弘實
徐必進,以正
徐必遇,杰吾
徐必達,德夫,立伏
徐必遠,六谷,貞憲,載邇
徐必遴,曾廬
徐志,鵠庭
徐志修,一之,拙翁,文淸,松翁
徐志導,孟卿
徐志尹,聘三
徐志文,大華
徐志晉,珊仲
徐志源,伯英,夢榴,左泉
徐志莘,任可,商農
徐忠,仕信
徐忠銳,礪堂,鈍夫
徐忭,子慶,龍溪
徐念慈,彥士,東海覺我
徐思荃,穎墀
徐思莊,孟舒,柳臣
徐思葵,穎墀
徐思遠,彌樂齋,樂齋,行甫
徐思閔,聖徒
徐恆昌,聖初
徐恒和,久和
徐恕,心如
徐恪,公肅
徐恭,蒜仙
徐悱,敬業
徐惟琨,子騰,鍔淸
徐惟貞,德原
徐惟賢,師聖
徐惟輯,汝洽
徐惠,徐賢妃
徐惠疇,代農
徐惺,子星
徐愃,德美
徐愛,曰仁,横山,橫山
徐愧,叔楙
徐愷,士元
徐愻,筠泉
徐愿,恭先
徐慎思,健夫
徐慕蘭,漱芬
徐慶亨,世嘉
徐慶元,曉梅
徐慶昭,來章
徐慶湛,德餘,雲泉
徐慶璋,璵齋
徐憲,振綱
徐憲卿,九亮,泰掖
徐應,十六,廓原,順叔
徐應亨,伯陽
徐應坤,淑媛
徐應奎,文齋
徐應澄,情甫,清甫
徐應秋,君義
徐應聘,伯衡
徐應芬,二其
徐應虎,文蔚先生
徐應蠼,珊若
徐應迎,師仁
徐應鑣,巨翁
徐應鶴,夢得,鳴臯,鳴隼
徐應龍,亢叔,允叔,文肅
徐懋升,元舉
徐懋學,惟敩,竹窗
徐懋昭,勉明
徐懋績,庶卿,荿卿
徐懋蕙,畹香
徐懦選,梅邨
徐懷,明德
徐懷愛,二十二,曰民
徐懷玉,文玉,雲菴
徐懿,德容
徐成,印川
徐成位,中庵,中菴,惟得
徐成勳,仙洲,仙齋
徐成可,汝弼
徐成楚,光南,荊璞,衡望
徐成檀,信模
徐成治,平仲
徐成燕,松亭,桂亭
徐成甫,成甫
徐成章,連庵,連菴,達菴
徐承嗣,克敬
徐承埰,右卿,漳賓
徐承宗,魏國公
徐承宣,啟豐,心耕
徐承恩,天錫,月樵
徐承慶,夢祥,謝山
徐承欽,嗣仁,星墀
徐承烈,悔堂,淸涼道人,紹家
徐承煜,楠士
徐承祖,克修
徐承禧,心燕
徐承禮,乳羔
徐承錦,尚之
徐招,思賢
徐拱,拱辰
徐持敬,臞叟
徐振,定厓
徐振瀛,玉洲,瓊雨,袖海
徐振燕,小鐵居士,詒堂
徐振甲,東麓,解時
徐振翰,翔墀,鳳洲
徐振芳,三素,喝月,太拙
徐振采,耿振采
徐振陵,子才,芝船
徐揆,宅卿
徐揚,徐楊
徐摛,士秀
徐攀雲,赴程
徐放,達夫
徐敏中,冀田,子唐,精一
徐敏之,徐敏中
徐敏功,德新
徐敏子,矩山
徐敦,叔厚
徐敦仁,愛杉
徐敩,湘陰
徐敬,信軒
徐敬儒,東冶,魯新
徐敬德,可久,復齋,文康,花潭
徐敬忠,君輔
徐敬時,可軒,百宜
徐敷詔,定庵
徐文,彥正
徐文中,用和
徐文亨,道行
徐文卿,斯遠,樟丘
徐文向,仲圃,曉坡
徐文學,受傳
徐文尚,國益,松坡,羅山
徐文弼,懋山,蓋山
徐文彪,望之
徐文止,宜卿
徐文沔,可繩,四十七
徐文泂,挹泉
徐文湋,若川
徐文溥,可大,夢漁,岳峰,徐溥,徐鳳
徐文瀚,穆薌
徐文炳,芸園,芸閣
徐文烜,龍山
徐文燦,德章,東洑
徐文獻,德之
徐文璉,殷夫
徐文璧,康惠,武陽侯
徐文英,景華
徐文華,用先,用光
徐文藻,春庭,荇香
徐文裕,季容,貞簡
徐文賓,瓊英
徐文質,處中
徐文輝,朝章,龍潭
徐文通,八十八,汝思
徐文達,仁山
徐文遠,彦博
徐文郁,晦之
徐文重,夢漁亭,恭肅,道潤
徐文銓,三衡
徐文鐸,木齋
徐文雋,如心
徐文震,伯光
徐文靖,位山,容尊,志寧堂,禺尊,顒珍
徐文鳳,伯恭
徐斌,羽儀
徐新,德新
徐新慶,淑媛
徐新華,彤芬
徐方,來夫,十一
徐方允,春田
徐方瑞,五亭
徐方震,春田
徐日久,子卿,魯人
徐日升,爾旭
徐日昌,安椿
徐日昶,碧溪,繼溪,鑑溪
徐日晅,敬齋,潤友
徐日泰,烈愍
徐日章,夢麟,思遠,韡華
徐旭,孟德,孟昭
徐旭旦,浴咸,西泠
徐旭齡,元文,巖耕堂,敬庵,敬菴,玄文
徐昂,徐昴
徐昂發,大臨,絅庵
徐昆,嘯山,後山,柳崖
徐昇,徐吳昇
徐昌,德茂
徐昌之,應時
徐昌緒,子正,琴舫
徐昌薇,紫凝,紫珊,蓑衣老漁
徐昌起,星橋
徐明,文陟
徐明叔,仲晦
徐明善,德新
徐明揚,宗允
徐明英,孟華
徐易,象九
徐映玉,南樓,若冰,香溪
徐春和,瞻雲,肖齋
徐春甫,汝元
徐昭,筠江
徐昭文,秀章
徐昭明,以虛
徐昭然,子融,徐紹然
徐昭華,伊璧,蘭痴
徐是效,今吾,景予,景於
徐昱,檢堂
徐時,山雲
徐時乂,亨仲
徐時作,筠亭,鄴侯
徐時俊,叔升,贊明
徐時偉,訚士
徐時勉,克勤
徐時動,舜鄰
徐時可,惟易
徐時敏,夢巖
徐時棟,同叔,定宇,柳泉,柳泉先生,煙嶼樓
徐時楷,兆行,聖木,醒墨
徐時樑,子舟,憧橋,次楣
徐時泰,大玉,見可
徐時進,見可
徐晉,斐成
徐晉蕃,子衡
徐晉鎔,冶伯,君壽,雙螺
徐晉高,慕庭
徐晞,孟初
徐晟,子初
徐景京,維鎬
徐景埰,硯亭
徐景嵩,伯瞻
徐景揚,岑青,徐景楊
徐景昌,定國公
徐景照,瑞峯
徐景熹,參兩,璞齋,驂兩
徐景福,丹泉,介亭
徐景符,第慶三
徐景軾,同瞻,肖坡
徐景雨,施伯,晩沙
徐景霌,子順,松岡
徐景鴻,賓峯
徐智,景哲
徐智先,渙廷
徐暄,季度
徐暗香,畹蘭
徐暹,公石
徐曉峯,剛毅,徐旭,徐曉峰,雲溪
徐曰呂,拜璜,渭崖,贈君
徐曰忠,公輔
徐曰文,公實
徐曰明,曉窗,東啟
徐曰紀,松圃
徐曰言,孔彰,慎齋
徐書受,尚之,毗陵七才子,毘陵七子
徐書堂,少韓
徐曾,兆麐,皖樵
徐曾庾,裕齋
徐會灃,東甫,渭筠
徐月華,彩雲
徐有,若無
徐有壬,務民義齋,君青,筠卿,莊愍,鈞儒,鈞卿
徐有孚,孿卿,小槎
徐有珂,小豁,韻霅
徐有章,子簡
徐有聲,聞復
徐有貞,元武,元玉,天全,天全居士,天全翁,徐珵,有禎,武功,武功伯
徐朝元,一敬
徐朝彝,商侯
徐朝笏,竹君
徐木,惟喬
徐本,文穆,是齋,立人
徐本僊,佑倫
徐本忠,與正
徐本璿,仙霞
徐本立,子堅,誠庵
徐本誠,存敬
徐本麟,蘅衫
徐杏儒,學山
徐杜,季畏
徐杞,徐木巳,集功,靜谷
徐松,伯雨,孟品,星伯,星白,治樸學齋,老芙蓉庵戍館,蔭綠軒
徐松齡,鶴庭
徐松龍,壽翁
徐枋,俟齋,居易堂,昭法,昭發,泰燕山人,澗上,澗上草堂,澗叟,秦望山人,秦餘山人,間叟,雪林庵主,雪林庵主人,雪牀庵主,雪牀庵主人
徐枕亞,徐徐,泣珠生
徐林,硯山居士,稚山,穉山
徐果遠,劉果遠,岵陟
徐枬,徐柟
徐某,玉堂
徐柔,溫卿
徐柟,晉臣
徐柯,東海一老,貫時
徐柱,夢節,孟卿
徐柱巨,朱草,貞侯
徐校,石渠,范莊
徐栢,守卿
徐栻,懷雲,篠雲,餘雲
徐桂,茂吳
徐桂珍,健堂
徐桂臣,貞侯
徐桂辛,味根,葆真,蘋孫
徐桂馨,一山,誌顏
徐桐,仲琴,廕軒,蔭軒,豫如
徐桓,國武
徐梅龜,臞叟
徐梓,汝良
徐棟,嘯陸,德如,志初,笑陸,致初
徐棪,若虛
徐森,樹百
徐森木,訥翁
徐植,元芳
徐椿年,壽卿
徐楙,問蘧
徐楚,世望
徐楚璧,徐安貞
徐楞,廷模
徐楠,柱明
徐楨立,紹周,餘習
徐楫,升可
徐業,克亭
徐業鈞,虹冶,虹野
徐楷,宗範
徐榕生,滄雲
徐榜,賢甫
徐榮,仁卿,浯溪
徐榮叟,意一,文靖,茂翁
徐槐庭,位三,雲鶴
徐槱,玉屏山人,聖功,醒齋
徐樂善,緝堂,衢堂
徐標,準明,鶴洲
徐樞,叔拱
徐樞年,拙菴,榮叔
徐模,子範
徐樹丕,武子,牆東居士
徐樹屏,敬思,省庵
徐樹庸,去矜
徐樹敏,師魯,玉山
徐樹新,三銘
徐樹本,道積
徐樹楠,南生,讓木
徐樹楷,烜庭
徐樹榖,以約,藝初
徐樹穀,藝初
徐樹蘭,仲凡,檢庵
徐樹觀,子美
徐樹釗,季衡
徐樹鈞,叔鴻,寶鴨齋,淑鴻
徐樹銘,伯徵,伯瀓,壽蘅,澂園
徐樹錚,又錚,鐵珊
徐樾,六十一,子直,波石
徐檜龍,耐翁
徐欐,棟雲
徐次鐸,仲友,文伯
徐欽,敬之
徐正,必端
徐正暄,曉莊
徐正炘,旭初
徐正綬,少白,虀生
徐正誼,方子,果齋
徐正青,筠軒
徐步周,理堂
徐步瀛,十洲
徐步蟾,同三
徐步雲,梅臣
徐殿颺,載賡
徐毅,士弘
徐毓蒼,望治,聖治
徐比玉,芝生
徐氏,妙凈夫人
徐氏(周大器妻),徐清源
徐氏(孟昶妾),花蕊夫人,費氏
徐氏(徐介妻),花蘂夫人
徐氏(成祖后),仁孝文皇后
徐氏(王建妻),徐太妃,淑妃,翊聖太妃
徐氏(葛之泰妻),徐貞娥
徐民先,崇之
徐民式,儉吾,用敬
徐永,昌齡
徐永宣,學人,茶坪
徐永益,友直
徐永達,志道
徐永順,徐永楨
徐汝嶧,泗瞻
徐汝楚,德義
徐汝澗,文波
徐汝灡,文波
徐汝璞,塞齋,我石,雪漁
徐汝瓚,南廬
徐汝翼,君羽
徐汝鑾,敬依,蓮峰
徐汝陽,時泰
徐汧,九一,勿齋,文淸
徐沁,埜公,水浣,若邪野老
徐沂,希曾
徐沂之,聖與
徐沛然,甫亭,雨亭
徐河清,華冶,華野,萌泉
徐治都,襄毅
徐泓,本深
徐法績,又功,定夫,定甫,幼公,熙庵,熙盦,熙菴,熙葊
徐波,元歎,頑庵
徐泮,崇教
徐泰,漁浦
徐泰亨,和甫
徐泰吉,茹香
徐泰時,三錫,叔乘,大來,輿浦
徐泳,太和
徐泳孫,仲時
徐洛,子京
徐津,仲盟
徐洪,公溥
徐浚,孟江
徐浤,八十七,本深,涂法
徐浦,伯源,臺石
徐浩,公苗,季海
徐海,仲寶
徐液,既濟
徐涵,仲米,有容,竹溪
徐淑,景淑
徐淑秀,昭陽遺孑
徐淑貞,葆卿
徐淦,理全
徐淮,伯州
徐淳,中明
徐淳文,俊民
徐淵,文靜
徐添祿,仲貴
徐清,思靜
徐清叟,德壹,忠簡,直翁,真翁
徐渭,天池,文淸,靑藤
徐渭仁,不寐吾士,千聲室,子山,寒木春華館,實事求是齋,寶晉硯齋,文台,文璽,文臺,春暉堂,玉林堂,秋水亭,紫珊,萬竹山房,西漢金鐙之室,隋軒,隨軒
徐渻,忠肅,玄紀,藥峯
徐湘,又娥,菱仙
徐湛恩,沛潢,沛皇,通介堂
徐湧,朝宗
徐源,本淸
徐準,式平,徐士奇
徐準宜,泉初
徐溥,仕弘
徐溥文,雲樵
徐滏,瑞叔
徐演,文敷
徐漢,長粲
徐漢章,清之
徐潞,仲藩,晉藩
徐潤,潤之,雨之
徐潤第,廣軒,德夫
徐潭,汝容
徐潮,文敬,浩軒,雪崖,青來
徐澄,巨源
徐澍,溪南,瀛洲
徐澤,兌若
徐澤醇,恭勤,梅橋,樂天翁
徐濂,清溪女史,蓬卿
徐濙,景禹
徐濟,復齋,時望
徐濟川,南亭,梅亭
徐濤,江庵,聽松
徐濬,哲甫
徐瀾,文淵
徐灝,子遠,靈洲山人
徐灼,用晦
徐炘,吟香,吟香書屋,文侯,晴圃
徐炟,待隅
徐炯,章仲,自强,花谿
徐炳,階平
徐炳廷,丹言,丹青
徐炳文,紫垣,蔚卿
徐炳樞,雲岱
徐炳烈,師竹,省吾,紹圃
徐炳章,琴軒
徐炳華,仙九
徐為崧,嶽南
徐烺,崑銜
徐焕之,徐涣之
徐焱,養晦
徐煥,秉文
徐煥謨,叔雅,綠滄
徐照,耀卿
徐熊光,兆堂
徐熊飛,沖之
徐熙,廉允,章威
徐熙珍,珊寶
徐熥,惟和
徐熾烈,竹人
徐燦,陽溪
徐燮,荔亭,蠡翁
徐燮均,南溪
徐燮鈞,傅兼,傅林,傳兼,樽兼
徐爌,明宇
徐爔,榆村,鼎和
徐爵,宗器
徐爾一,善伯
徐爾勉,幼芬
徐爾恆,象一,青壁
徐爾泰,魯瞻
徐爾燮,會清
徐爾麔,潤生,麟石
徐獻廷,佳修,聘堂
徐獻忠,伯臣,貞憲先生,長谷
徐玉,德卿,方竹
徐玉如,蘭素
徐玉湮,婉珠
徐玉舉,青霞
徐玉諲,婉珠
徐玉豐,萊峰
徐玖,丸如,丹成
徐玠玉,漢光
徐玭,一百十九,叔明
徐珂,仲可,仲玉
徐珊,三溪,汝珮
徐珍,聘卿
徐珏,心航
徐珙,十五,庭實
徐珠,生庵
徐珢,廷玉
徐珦,止齋,溫甫
徐珩,昌眉,楚白
徐珪,國信
徐珽,南臺,子常,紫長
徐理,武康伯
徐琛,國寶
徐琦,廷振
徐琪,元章
徐琬,元亮
徐琰,子方,容齋,養齋
徐琳,剋和,昆圃
徐瑁,廷璧
徐瑄,子敬,野莊道人
徐瑋,葯渚
徐瑋文,植之
徐瑗,仲剛
徐瑞,山玉,松巢
徐瑞星,轅五
徐瑞玉,虎文
徐瑤,三十一,粹卿
徐瑩,潔庵,素輝
徐璁,朝器
徐璂,蘊齋
徐璈,六驤,樗亭
徐璉,宗獻,玉峰
徐璜,焦池,蕉池
徐璟,士良
徐璟慶,贊侯
徐璠,月樵
徐璣,愚谷,陶村
徐璸,采之
徐璹,全父
徐璿,嗣昭
徐瓊,明農翁,時庸,東谷
徐瓚,國用
徐用中,南洲
徐用儀,吉甫,小雲,忠愍,水竹居,筱雲
徐用光,二十三,成孚
徐用檢,三十二,克賢,貞學先生,魯源
徐用熙,伯庸,伯惠
徐用福,曏五,次雲
徐用誠,彥純
徐用錫,晉齋
徐甫宰,允平,鏡山,鏡湖
徐申,維降
徐申錫,勉如
徐畸,南夫,叔範,天民先生
徐登元,複堂
徐登孫,升伯
徐登庸,時若
徐登鼇,海峯
徐的,公準
徐皇后,長女
徐盈,一百八,子謙
徐益,君受,萬竹,萬竹軒
徐益孫,孟孺,與偕
徐直方,古為,立大
徐相,文卿
徐盼,天福,正定
徐眉,六階,壽泉
徐知常,子中
徐知鏡,品石
徐矩,士方
徐石麒,又陵,坦庵,寶摩,忠襄,文治,虞求
徐石麟,仁孚
徐碐,應華,枳村,述坡
徐碩,德甫
徐碩士,洵夫,遜夫
徐確,居易
徐礪,雨岑
徐祉,瀨翁,綏之
徐祐,受天
徐祖圻,安之
徐祖寧,玉林
徐祖德,景熙
徐祖榮,偉齋
徐祚,子厚
徐祥,興安伯
徐祥齡,小亭,玉麒
徐祿生,養賢
徐禎,世兆,堯峯
徐禎卿,昌國,昌榖,昌穀
徐福年,杏墅
徐福謙,壽石老人,漱珊
徐禧,德占,忠愍,忠穆
徐禮,敬先
徐禹圭,天錫
徐禹疇,天彝
徐秀東,震牛,震生
徐秉壽,山公
徐秉富,存義
徐秉寬,在澗,完夫
徐秉懿,純盧
徐秉敬,寅哉,用直
徐秉文,敬亭,桐山,玉成
徐秉正,朝直
徐秉烈,怡圃,日宣
徐秉珪,敬亭,覲王
徐秉義,三徐,培林堂,彥和,果亭,耘圃
徐秋鶚,光祖
徐稚佳,尊孩
徐穆,舜和
徐積,仲車
徐穎柔,仲嘉
徐立之,植夫
徐立綱,條甫,鐵崖
徐立蘇,醒古
徐竤,重侯
徐端,心如,肇之
徐端卿,子長
徐端崇,崇之
徐筠,孟堅
徐節,和卿,頣齋
徐範,彝父,彝甫
徐簡,儒珍
徐紀,大紀
徐純,惇業
徐純觀,少韓
徐素,淡如
徐紫仙,雲芝
徐紳,思行
徐紹,景昭
徐紹先,繼之
徐紹卿,靖甫
徐紹基,尹先,爐峰
徐紹新,藩亭
徐紹曾,芝亭
徐紹棨,信符,舜符
徐紹楨,固卿,學壽堂
徐紹洵,恕閨
徐紹芬,印山,浥淸
徐絃,朝文
徐統藩,又杭,又校,義杭
徐綋,君度,王巠,第曾一,行之
徐經,桓生,甃枰,蕓圃
徐經孫,仲立,徐子柔,文惠,矩山
徐經綸,鐵華
徐經遠,舒成,陸經遠
徐維城,綱伯,韻生
徐維屏,子祥
徐維志,冲宇,希尹,魏國公
徐維楫,汝進
徐維綸,蕙畮
徐維行,禮珍,芷泉
徐綱,邦常
徐綺,景文
徐緘,伯調
徐緝,四十五,文熙
徐緯,藴五
徐緯孫,仲表
徐縉,子容,崦西,文敏
徐縉芳,奕開
徐總,徐聰
徐績,伯凝,雪溪漁者
徐繩甲,烝哉,鄃城
徐繼儒,又穉
徐繼孺,友穉,幼稚,梅齋,蘇門山人
徐繼畬,健男,松龕,松龕先生,牧田,退密齋
徐繼科,賡虞
徐繼耀,秀崖
徐羡之,宗文
徐義,伯制
徐義立,道彰
徐翀,涂翀
徐翊,中行
徐翰,松坪
徐翿,雪翾
徐耀,翰波
徐耀宗,進賢
徐耀崗,僕齋,璞齋
徐聊蓉,芙雙,鏡緣
徐聚井,東園
徐聞詩,子言
徐聯,成章,武章
徐聯奎,璧堂,訥齋
徐聯芳,元實,繩祖
徐聯蓉,芙雙,鏡緣
徐聰,潛溪
徐肇南,寶山
徐肇嵋,蜀畦
徐肇惠,正宏,藎夫
徐肇梁,肇樑
徐肇梅,徐肇嵋
徐肇濓,曉楓
徐膺,思文
徐自信,斯未
徐自得,南州,深之,深父
徐自明,慥堂,誠甫
徐自興,汝傑
徐自華,寄塵,懺慧
徐臯,漢枚
徐至美,烈愍,羽君
徐致祥,季和
徐致章,堯文,拙廬,煥其
徐致覺,先眾
徐致靖,僅叟,子靜
徐與參,原性
徐與憲,文振
徐興祖,宗起,橫陽先生
徐舒,幼安
徐舜臣,熙載
徐舟,楫之
徐舫,方舟,滄江散人
徐良,又次,鄰哉
徐良佐,徐良肱
徐良傅,二十三,子弼,少初,徐良溥
徐良彥,季良
徐良能,彥才
徐良選,幼元
徐芝,琴仙
徐芳,名遠
徐芳庭,蘭圃
徐芳聲,徽之,芳聲
徐苣,古薌,湘生
徐英,文華
徐茂,景芳
徐茂槐,蔭庭
徐范,蹇媛,靜儀
徐茝,古薌,湘生
徐莊,敬夫
徐莊燾,磐山
徐華,苕苕
徐華清,武壯
徐華老,文辭
徐華鼎,鎮九,鑄九
徐菹齡,湘白
徐萬仞,抑之
徐萬壽,濟堂,躋堂
徐萬詵,麟趾
徐葆光,二友老人,亮直,澄齊
徐葆初,石鍾
徐葆莆,南州
徐葆赤,蓋仍
徐葉昭,克莊,聽松主人
徐著,未孩
徐著謙,子梅,述甫
徐蒙,叔珍
徐蔆,鏡如
徐蔚,文啟,文起,松門
徐蕃,宣之
徐蕑,儒修
徐蕙,蕙貞
徐蕙文,素存
徐蕙貞,蘭湘
徐薌坡,澤農,薝林
徐藏,子禮
徐藻,攬香
徐蘇孫,坦翁
徐蘊珠,月英
徐蘊華,小淑,雙韻
徐蘊行,悟空道人
徐蘭,秀夫
徐蘭初,紉香
徐蘭清,韻芬
徐蘷,一臣
徐虔,宗敬
徐虔復,寶彞
徐處仁,擇之
徐行,順理
徐行中,適正
徐行可,三山
徐行慶,二十五,思道
徐衍祚,子厚
徐衡,季平
徐衡紳,瀾愚
徐表,正夫,龍泉
徐衮,文欽
徐袍,仲章,白谷子
徐裕馨,蘭韞
徐褅,誠山
徐觀,滄若
徐觀孫,用賓,雪崖
徐訥,南溪,敏叔
徐詡,元敏
徐詵,邦孚
徐誠,信之
徐說,以中
徐誼,子宜,宏父,忠文
徐誾,小騫,澹園,西樵山人
徐諒,南州先生,子直
徐諫,廷忠
徐謂弟,篁友
徐謙,子恭
徐謩,師謩
徐讚,二十六,復齋,朝儀
徐豐,約之
徐豐曾,戇叟,東海散人,玉生
徐豐玉,勇烈,子逢,石民
徐象震,仲起,春生
徐豫吉,介於
徐豫貞,滄浮,逃葊
徐貞,公路,子貞
徐貞明,二十一,伯繼,儒東,孺東
徐貢,廣賢
徐貢元,十九,孔賜
徐貫,世元,困學先生
徐貴,天爵
徐買,玄幹
徐貽蕃,牧莊
徐賁,北郭,北郭生,幼文
徐資,公正,梅雪
徐資乾,健堂,惕若
徐賓,虞門
徐賜,天錫
徐賞,春卿
徐賡,載叔
徐賡揚,性甫,敬言
徐賡臣,東崖,秋丞
徐賢尊,震卿
徐起,孤靑樵老,待可,頤窩,龜堂
徐起元,望仁,貞復
徐起渭,侶樵
徐起賢,思顏
徐起霖,傅岩,岩叟,弼庵
徐超,周超
徐越,存庵,山琢
徐躍,南墅
徐躣,南墅
徐軻,子車
徐輅,素庵,見田
徐輝,孔昭
徐輝祖,允恭,忠貞,長子,魏國公
徐輿,德載
徐轄,文軾
徐迪新,古薌,疚庵
徐述夔,一柱樓,五色石主人,五色石筆鍊閣,孝文,徐耕野,易朱樓,筆煉閣主人,維止堂,蘧堂,賡雅
徐述虔,徐經,桓生
徐逢,吉甫
徐逢乙,戊山
徐逢吉,紫山
徐連,子達
徐進,與可
徐逵,大亨
徐逸,抱獨子,無競
徐道寧,安道,東山
徐道廣,古岩
徐道泰,芹西
徐道焜,仲文,望欽
徐道隆,伯謙,伯讓
徐達,時顯
徐達乾,易若
徐達左,松雲道人,畊漁子,良夫
徐達源,山民,岷江
徐遜綿,和甫
徐遵宗,務某,務滋,念生
徐遵湯,仲昭
徐選,大叔,彦夫,恭度,海華堂
徐遹,紹聞
徐邁,爾斯
徐邦卿,仲勤
徐邦憲,文子,文肅
徐邦殿,芍園
徐郙,文恪,汝亭,頌閣
徐郫城,郫城令
徐鄂,午閣,棣華
徐鄰唐,我庵,邇黃
徐鄴,華徵
徐采,石耘
徐量,子平
徐金位,石溪
徐金玉,雨堂,雨宗,雨棠
徐金鏡,以人,蕓峴
徐金階,玉岑
徐金霖,漱坡,翔千
徐釚,南州草堂,拙存,掘存,松風,松風書屋,楓江漁父,看奕軒,祝虹亭,菊莊,虹亭,豐草亭,電發,鞠莊
徐鈖,石生
徐鈞,秉國,見心
徐鈺,玉書
徐鉉,鼎臣
徐鉞,用熙
徐鉽,彥常,西澗,鹿崖
徐銓,筠軒
徐銘勛,子樹,芷沅
徐銘彝,硜士,香蓀
徐銳,鈍之
徐鋅庚,嘉言,玉森
徐鋆,淡廬,貫恂
徐鋼,煉夫
徐錦,楓岡,章父,章甫
徐錫亨,會卿
徐錫可,可叔,子申,鄰哉
徐錫垚,悔廬,敬夫
徐錫慶,壬泉
徐錫爵,弁江,景馭
徐錫祉,小齋,星舫
徐錫金,函颿,篔帆,篔颿
徐錫馨,玉泉
徐錫麒,梅塢,瑞生
徐錫麟,伯聖,伯蓀,光漢子
徐鍇,楚金
徐鍵,啟之
徐鍾恂,信伯,紹泉,花隱
徐鍾祐,篤卿
徐鍾震,器之,雪樵
徐鎰,則用
徐鏊,器之,竹深
徐鏌,器之
徐鏞,用和
徐鏡清,植夫
徐鏻,雪樵,雲樵
徐鏽,秀玉
徐鐘璧,賓姮
徐鐵珊,紹裴
徐鐸,孔聲
徐鑄,伯堅,巨卿,香雪
徐鑅,伯壎
徐鑅慶,朗齋
徐鑑,澄懷
徐鑒,觀甫
徐鑒銘,又新,古盤,海文
徐鑾,十一,用和
徐長卿,元公
徐開任,季重,愚谷
徐開業,建菴
徐開法,坦齋,茲念
徐陟,子明,望湖,覺菴,達齋
徐陟明,長世
徐陳謨,廸皋
徐陶璋,端揆
徐階,子升,存齋,少湖,少湖先生,文貞,華亭
徐階平,荀令
徐隱秦,肅然
徐雄,子厚
徐集孫,義夫
徐雙來,忠毅
徐雨民,澍亭
徐雲彰,天孫
徐雲瑞,曉村,書祥
徐雲祥,彩升,蘆江
徐雲程,允升,允登
徐雲芝,瘦淥
徐雲路,懶雲,起萬
徐雲錦,石漁
徐雲驤,孫韞,庚陔,春陔
徐雷龍,幼成
徐霆,長孺
徐震,起之
徐震翱,郇雨
徐霈,十七,孔霖,惠溪,東溪
徐霖,潤蒼
徐靈府,默希子
徐青照,式金,慰堂,稚蘭
徐青選,湘浦,相浦
徐靜安,花蘊
徐鞾,子萼
徐韋,仲韋
徐韞奇,季華
徐順,彥成
徐順昌,子信
徐頊,玄德
徐頲,少鶴,直卿
徐顥,子淳,希道,龍山
徐顯,東昭
徐顯列,幫功,紹功
徐顯卿,公望,檢菴
徐養元,所庵
徐養原,新田,檀園,飴庵
徐養器,梅生
徐養大,子立
徐養正,吉夫,吉甫,蒙泉
徐養相,子存
徐餋中,存吾
徐駿,冠卿,堅蕉,藥師佛,觀卿
徐駿聲,楷生,瘦庵
徐騰,允升
徐騰暉,鶴皋
徐騰芳,玉臺,雲卿
徐驤,天行
徐高,民望
徐鬉仙,畹蘭
徐鳳,文莊
徐鳳垣,掖青,霜皋
徐鳳彩,徐彩鳳,聖期
徐鳳朝,靜菴
徐鳳池,梧岡
徐鳳翔,梧坪
徐鳳鳴,子喈,桐生
徐鳴皋,慕遠,聲偉
徐鳴鶴,子齡
徐鴻,虞鴻
徐鴻泰,宇萊,雨來
徐鴻謨,楷存,若洲,醒齋
徐鴻飛,雲門
徐鵬,大游
徐鵬揚,澹庵
徐鵬起,仲任,澹持
徐鶚,良舉
徐鶴齡,仁甫
徐鷁,鳴川
徐鹿卿,德夫,泉谷,淸正
徐麐,子西
徐麑,次西
徐麟,我錫
徐麟吉,北山,日馭
徐麟瑞,君兆
徐麟趾,拙髯
徐黙,四可
徐鼎,岱淵
徐鼎康,錫丞
徐鼎琛,少川,式齋
徐鼎臣,徐宸相
徐鼐,吉芝
徐鼐臣,巨函
徐鼒,亦才,彜舟,彞舟,敝帚齋,未灰齋
徐齊聃,將道
徐龍遇,特山
徐龜年,翔甫
徐,允升
徐𢖍,大經
徐𤊹,惟起,興公
徒單公履,雲甫,顒軒
從序,子倫
徵光,重明
徵麟,子學,嵰山
德亮,潤之
德俊,剋齋,慎葊
德保,仲容,定圃
德先(字),德先
德克吉訥,德克吉納
德克津布,德克金布
德克登額,靜庵
德克碑,保羅‧德克碑
德克金布,德克進布
德勒克呢瑪,旭東,曉滄,菊庭
德喜保,德崇
德壽,星齋,耀三
德山,小嵩,琴南
德希壽,德喜壽
德恆,永修
德敏,溫殼心
德敦明慶,簡敬
德敦芬車,餘亭
德新,冶亭,新之,星星,治亭
德昌,克齋
德春,午橋,愛棠
德朋阿,輔仁
德木楚克札布,德木楚克扎布,德木楚克札佈
德木齊扎布,德木齊札布,德木齋札布
德格勒,子諤,子鶚
德溥,笑山
德爾格楞貴,德勒格楞貴
德璉,德溥,德連,滋園
德生,體仁
德稜額,小華,笛舟
德興,遠皋
德蔭,心積,潤齋
德霈,傅德霈,雨田
德風,巽齋
德馨,曉峰
德麟,禹廷
德齡,松如
徹台,文德
徹徹篤,徹徹禿,薛徹禿
徹里,忠肅,正憲
徹里帖木兒,通理
徹靈,徹凌
必申達兒,樵隱
必祿福濟,元修
必禮圖,善道
志信,覺羅志信
志和,小軒,春圃
志潤,伯時,白石,雨蒼
志鈞,仲魯,陶安
忙兀的斤,忠簡
忠廉,儉臣,精一
忠斌,右文,正之
忠淳,忠廉,忠湻
忻江明,祖年,紹如
忻潮,太和
忻琳,仲龢
忻都,仲實
忽公泰,吉甫
忽德輝,英甫
忽必烈,世祖,聖德神功文武皇帝
忽憐,忠宣
忽納,景桓
忽蘭,康忠
忽辛,忠簡
忽都不花,伯英
忽都帖木兒,正卿
忽都思,武愍
忽都火者,明卿
忽都達而,通叟
忽都達耳,公琰
忽都魯篤彌實,文穆
忽魯不花,忠獻
忽魯忽都,桓肅
忽魯速蠻,剛毅
怡愉,慕溪
性佳巴都里,巴都哩
怯烈,仲賓
怯烈失,吉甫
恆喜,樂亭
恆奇羅穆騰額,穆勝額,羅穆騰額
恆彥,仲光
恆慶,雲舫
恆明,月舫
恆景,仰齋
恆泰,亨泰
恆熙,登春,緝庵
恆祥,善伯,履庵
恆裕,惇夫,益亭
恩佑,保廷
恩合,海嵐
恩吉,子謙
恩孚,春農
恩寧,恩銘,蘭士
恩寧普,德卿
恩崇,峻峰,褉山
恩承,君錫,楓庭
恩普,夢符,雨園
恩桂,小山
恩榮,爔之,華甫
恩治,覺羅恩治
恩溥,仲淵,公甫
恩煜,子榮
恩福,雲峰
恩銘,恩寧,蘭士
恩錫,竹樵
恩霖,伯言,湛卿
恩霙,春農,雪樵
恩順,子澄,子誠
恩麟,君錫,天放散人,筆花軒,詩樵
恭釗,仲勉,酒五經吟館主,養泉
息武勣,貞武公
息武欽載,景初
悟勒穆濟,伍勒穆集
悳銘,德銘,惪銘,箴庭
惠克隆,育篤
惠周惕,元龍,惠恕,百歲堂,研溪,研溪居士,研谿,硯溪,紅豆主人,紅豆先生,紅豆書屋,老紅豆先生,陽山草堂
惠和道喇,勤襄,輝和道喇
惠哲,茂明
惠士奇,人海,仲儒,仲孺,半農,半農人,半農居士,半農山人,天牧,松崖,歸耕人海,紅豆主人,紅豆先生,紅豆齋
惠士檳,南英
惠希孟,秋崖
惠彥光,彦光
惠思忠,信夫
惠有聲,律和
惠林,杏田
惠棟,九曜齋,定宇,定宇先生,家諱,小紅豆,小紅豆先生,惠九經,松厓,松崖,百歲堂,竹南,紅豆三先生,紅豆山房
惠榮,師僑,濟生
惠泉,惠林,杏田
惠潤,濟寧
惠疇,庶康
惠登甲,臚三,蓮塘
惠端方,敬之
惠芝,德瑞
惠補之,補之
惠賡清,西堂
惠迪,懋吉,楙吉
惠連,仲士
惠遠謨,澹峰,虛中
惠隆,北屏,從道
惠震,恆夫,石泉
惠霖,惠林
惠體廉,介夫
惲世臨,季咸,櫟存草堂,次山,篆香閣
惲元善,凌雲
惲元復,伯初,祖南
惲元箴,琬如
惲光宸,惲爾謙,濬生,薇叔,養拙齋
惲冰,浩如,淸於
惲厥初,伯生,衷白
惲啟巽,元理,平江
惲夔章,叔來
惲寶元,翊虞
惲巍,功甫,東麓
惲庭森,叔植
惲彥彬,樗園,樗園老人,次園,次遠
惲彥琦,亦韓,損齋,莘農,靜園
惲恆,月如
惲敬,大雲山房,子居,簡堂
惲敷,子寬,遜堂
惲文燮,燦之,綺崖
惲日初,仲升,遜庵,遜菴,黍庵,黍菴
惲本初,道生,香山
惲松,爾承,茂齋
惲格,南國餘民,南田,南田客,南田小隱,南田抱甕客,南田翁,南田老人,南田草衣,叔子,園客,壽平,壽平子,夢墨齋,夢暉室,巢楓客,平叔,惟大,抱甕客,望古齋,東園,東園外史,東園客,東園客壽,東園生,東園草衣,東園草衣生,東野道人,棗花齋,樵隱,橫山樵者,正叔,深柳溪堂,甌香散人,甌香館,白華齋,白雲外史,研雲草閣,筠谷,紅雨軒,苕華館
惲桂孫,小山
惲毓嘉,孟樂,衎圃
惲毓巽,季庵,艾齋,靜園
惲毓鼎,薇孫
惲毓齡,季申
惲炳孫,季文,澹翁
惲燮,峰五,星階
惲珠,星聯,珍浦
惲祖祁,心耘,筱薌,萊叟
惲祖翼,叔謀,存幾希室,菘耘
惲祖貽,杏耘
惲福成,履伯
惲秉怡,梧岡,潔士
惲紹芳,光世
惲華,元禦,恕行
惲賢,凝溪,寧溪,聖階
惲輪,印槐
惲釜,后谿,器之
惲鍾禹,緣督,高侯
惲鐵樵,冷風,焦木,藥庵
惲鵬,偉堂,鵬起
惲鶴生,皋聞
惲龍吉,次賢
愛不花,武襄
愛仁,澤民,金聲
愛崇阿,峻齋
愛新覺羅仁壽,睿僖親王
愛新覺羅代善,大貝勒,貴永介
愛新覺羅伊冲阿,伊冲阿,愛新覺羅伊沖阿
愛新覺羅伊鏗額,宜鏗額
愛新覺羅來靈,來齡
愛新覺羅保壽,保綬
愛新覺羅倫惠,吉孚
愛新覺羅傅森,富森
愛新覺羅傑淑,和碩康良親王,愛新覺羅傑書
愛新覺羅允礽,保成,愛新覺羅胤礽,理密親王
愛新覺羅允祁,多羅誠貝勒,多羅誠郡王,東山
愛新覺羅允祉,愛新覺羅胤祉,誠隱郡王
愛新覺羅允祐,淳度親王
愛新覺羅允祕,諴恪親王
愛新覺羅允祜,恭勤,恭勤貝勒
愛新覺羅允祥,安樂堂,怡賢親王,愛新覺羅胤祥,文輝園,與善堂,青山
愛新覺羅允祹,履懿親王
愛新覺羅允祺,愛新覺羅胤祺
愛新覺羅允祿,愛新覺羅胤祿,愛月主人,愛月居士,莊恪親王
愛新覺羅允禑,愉恪郡王
愛新覺羅允禔,愛新覺羅胤禔
愛新覺羅允禕,簡靖,簡靖貝勒
愛新覺羅允禟,九王爺,愛新覺羅塞思黑,愛新覺羅胤禟
愛新覺羅允禧,垢庵,慎靖郡王,據經樓,春浮居士,樗南,紫璚,紫瓊,紫瓊崖,紫瓊道人,花間堂,謙齋,雪窗
愛新覺羅允禩,愛新覺羅阿其那
愛新覺羅允禮,春和主人,春和堂,果毅親王,經畬主人,自得園,雪窗,靜遠齋
愛新覺羅允禵,恂勤郡王,愛新覺羅胤禎
愛新覺羅光裕,勤愍
愛新覺羅功普,愛新覺羅功譜
愛新覺羅努爾哈赤,努爾哈齊,天命,太祖,承天廣運聖德神功肇紀立極仁孝武皇帝,承天廣運聖德神功肇紀立極仁孝睿武端毅欽安弘文定業高皇帝,武皇帝,覆育列國英明可汗,覆育列國英明皇帝,高皇帝
愛新覺羅勒克德渾,多羅順承恭惠郡王,恭惠,稜德弘
愛新覺羅務友,吳友
愛新覺羅博爾都,問亭,大文,東皋漁父,東皋漁隱
愛新覺羅博通額,愛新覺羅博通
愛新覺羅受慶,應雲,次農
愛新覺羅台布,介臣
愛新覺羅吳達海,固山襄毅貝子,愛新覺羅務達海,襄敏,襄敏貝子
愛新覺羅和淳,和湻,愛新覺羅和湻,蘭莊
愛新覺羅和潤,月溪
愛新覺羅善耆,偶遂亭主人,艾堂
愛新覺羅噶爾塞,噶爾賽
愛新覺羅塞克圖,懷儀
愛新覺羅塞勒伯,懷儀
愛新覺羅塞布禮,賽布禮
愛新覺羅塞楞額,色楞額
愛新覺羅塞爾赫,北阡孝子,北阡季子,慄庵,慄菴,曉亭,木栗庵,賽爾赫
愛新覺羅增海,勤果
愛新覺羅壽富,伯茀,菊客
愛新覺羅壽耆,子年,艾伯,芝岩,芝巖
愛新覺羅壽蔭,午卿
愛新覺羅多文,希三,錫三
愛新覺羅多爾袞,九王,台星可汗,和碩睿忠親王,墨爾根代青,墨爾根岱青,墨爾根戴青,墨爾根王,懋德修道廣業定功安民立政誠敬義皇帝,成宗,成宗義皇帝,睿王,阿瑪王
愛新覺羅多鐸,十王,和碩豫通親王,豫王,額爾克楚呼爾,額爾克楚瑚爾,額爾克楚虎爾
愛新覺羅奇通阿,簡勤親王
愛新覺羅奎潤,星齋,鍊雲
愛新覺羅奕劻,輔廷
愛新覺羅奕山,莊簡,靜軒
愛新覺羅奕慶,餘齋
愛新覺羅奕梁,奕樑
愛新覺羅奕橚,奕桓,弈橚
愛新覺羅奕淶,溶川,長源
愛新覺羅奕湘,恪慎,楚江
愛新覺羅奕經,不遠復齋,仲常,潤峯,潤峰
愛新覺羅奕綺,愛新覺羅奕濬
愛新覺羅奕繪,九思堂,太素,太素道人,妙蓮居士,子章,寫春精舍,幻園,幻園居士,思謙堂,明善堂,樸庵,竹窗,蓮華居士,蘭陽,觀古齋主人,退潛別墅,退省齋
愛新覺羅奕訢,恭忠親王,朗潤園,樂道主人,樂道堂,正誼書屋,鑒園主人
愛新覺羅奕詝,且樂道人,協天翊運執中垂謨懋德振武聖孝淵恭端仁寬敏顯皇帝,同樂堂,履信書屋,淸文宗
愛新覺羅奕詢,徯月軒,惜陰主人,棲心室主人,蟫齋
愛新覺羅奕詥,鍾端郡王
愛新覺羅奕詳,多羅惠敬郡王
愛新覺羅奕誌,古懽堂,古歡堂,多羅瑞敏郡王,奕志,愛新覺羅奕約,春澤園,樂循理齋,樂循禮堂,西園主人
愛新覺羅奕誴,東園主人,藏修樓
愛新覺羅奕譓,多羅孚敬郡王,孚敬郡王
愛新覺羅奕譞,九思堂,思謙堂,樸庵,樸菴,皇帝本生祖考醇賢親王,皇帝本生考醇賢親王,竹窗,蘭陽,退潛別墅,退省齋
愛新覺羅如松,素心道人
愛新覺羅存誠,勤恪
愛新覺羅宜烈,子敏
愛新覺羅宜興,桂圃
愛新覺羅富善,傅善,福善
愛新覺羅富春,富椿
愛新覺羅富疆阿,富江阿
愛新覺羅察尼,恪禧,輔國恪僖公
愛新覺羅實麟,愛新覺羅石麟
愛新覺羅寶廷,仲獻,偶齋,寶賢,少溪,竹坡,難齋
愛新覺羅寶熙,瑞臣
愛新覺羅寶琛,獻廷
愛新覺羅寶豐,文潔,靜生,龢年
愛新覺羅寶麟,瑞趾
愛新覺羅尚嘉保,勤僖,尚簡保,尚間保,尚顏保
愛新覺羅尼他哈,呢他哈
愛新覺羅屯珠,吞珠,恪敏
愛新覺羅岐元,子惠
愛新覺羅岳樂,岳洛
愛新覺羅岳琪,小琴
愛新覺羅崇善,佑庭
愛新覺羅崇安,冲安,友竹主人,友竹軒,友竹道人,和碩康修親王
愛新覺羅崇寬,伯言,厚庵
愛新覺羅崇尚,愛新覺羅崇讓
愛新覺羅崇碩,小亭
愛新覺羅崑岡,子如,小峯,小峰,文達,筱峯,筱峰
愛新覺羅嵩孚,蓮舫
愛新覺羅嵩椿,勤僖,奉恩輔國勤僖公
愛新覺羅巴布泰,恪僖
愛新覺羅巴爾圖,和碩康簡親王
愛新覺羅巴爾堪,武襄
愛新覺羅巴賽,襄愍,襄敏
愛新覺羅巴雅喇,剛果,卓禮克圖,篤義
愛新覺羅希哲,保明,濬川
愛新覺羅常寧,常甯,愛新覺羅常穎
愛新覺羅常清,勤毅,長清,靖亭
愛新覺羅廣寧,廣靈
愛新覺羅延信,顏信
愛新覺羅延煦,樹南,育卿
愛新覺羅弘旿,一如居士,恕齋,醉迂
愛新覺羅弘昇,恭恪
愛新覺羅弘明,恭勤
愛新覺羅弘晀,弘眺
愛新覺羅弘晊,和碩恆恪親王
愛新覺羅弘晌,勤肅,弘尚
愛新覺羅弘晝,和恭親王,旭日居士,稽古齋
愛新覺羅弘普,恭勤
愛新覺羅弘暢,和碩誠密郡王
愛新覺羅弘暻,多羅淳慎郡王
愛新覺羅弘曆,乾隆,信天主人,十全老人,古稀天子,法天隆運至誠先覺體元立極敷文奮武欽明孝慈神聖純皇帝,長春居士,高宗
愛新覺羅弘曉,冰玉主人,冰玉道人,和碩怡僖親王,安樂堂,明善堂,秀亭
愛新覺羅弘曕,經畬道人
愛新覺羅弘曣,思敬,石琴道人
愛新覺羅德本,夢麟,建堂
愛新覺羅德沛,和碩簡儀親王,濟齋,濟齋夫子
愛新覺羅德誠,聽香讀畫山房,鶴雲,默庵,默菴
愛新覺羅恆仁,月山,育萬
愛新覺羅恆伯,恆伯,恆博,愛新覺羅恆博,達齋
愛新覺羅恆元,心齋,恆元
愛新覺羅恆山保,恆山保
愛新覺羅恆忠,安良,藎臣
愛新覺羅恆恩,恆恩,雨亭
愛新覺羅恆慶,懷荊堂,梅村,梅邨,餘堂
愛新覺羅恆秀,恆秀
愛新覺羅恆訓,恆訓,詁亭
愛新覺羅恆魯,亨魯,恆祿,恭士冗殳心,輔國恭恪公
愛新覺羅恩元,一樓
愛新覺羅恩桂,小山,文肅,步蟾
愛新覺羅恩華,求真是齋,緘庵,詠春,適齋
愛新覺羅惟勤,鑑堂
愛新覺羅惠林,惠霖,愛新覺羅惠霖
愛新覺羅慶恆,慶恆
愛新覺羅慶惠,多羅克勤敬郡王
愛新覺羅慶祺,恭肅,愛新覺羅慶安,雲舫
愛新覺羅成凱,敬靖
愛新覺羅成剛,簡敬
愛新覺羅成朗,潤芳
愛新覺羅扎山,敏恪
愛新覺羅扎拉芬泰,果肅
愛新覺羅扎爾圖,札爾圖
愛新覺羅敬信,子齋,文恪
愛新覺羅敬徵,文愨
愛新覺羅敬泉,敬穆
愛新覺羅文彩,安恪
愛新覺羅文昭,北柴山人,北砦山人,子晉,檜棲居士,紫幢,薌嬰,薌嬰居士
愛新覺羅旻寧,宣宗,愛新覺羅綿寧,愛新覺羅緜寧,效天符運立中體正至文聖武智勇仁慈儉勤孝敏成皇帝
愛新覺羅昆岡,子如,筱峰
愛新覺羅明俊,敏俊
愛新覺羅明保,名保
愛新覺羅春佑,誠恪
愛新覺羅春山,多羅順承勤郡王
愛新覺羅昭槤,嘯亭,檀樽主人,汲修,汲修主人,汲園主人
愛新覺羅晉昌,且住草堂,戩齋,紅梨主人,紅黎主人
愛新覺羅景厚,敦甫,燮甫
愛新覺羅書諴,子玉,季和,實之,樗仙,貫之
愛新覺羅書麟,德趾,玉堂
愛新覺羅會章,東喬,東橋,石農
愛新覺羅本格,和碩豫誠親王
愛新覺羅杜爾伯,慤厚,杜爾霸
愛新覺羅松安,文濤
愛新覺羅松森,吟濤
愛新覺羅松阿里,嵩噶禮,松阿哩
愛新覺羅果勒豐阿,勤敏
愛新覺羅果良額,齡軒
愛新覺羅果齊斯歡,友三,文僖,益亭
愛新覺羅柏秀,新甫
愛新覺羅根都,根度
愛新覺羅桂昂,杏村,薌林
愛新覺羅椿泰,和碩康悼親王
愛新覺羅楊奇,揚奇,楊起
愛新覺羅楊福,襄毅
愛新覺羅毓奇,竹溪,鍾山
愛新覺羅毓崐,毓崑
愛新覺羅毓朗,敏達,月華,癡生,餘癡,餘癡生
愛新覺羅毓檢,次坪,端卿
愛新覺羅毓科,又坪,條卿
愛新覺羅毓賢,佐臣
愛新覺羅毓隆,少岑,紹岑,絸秋盦
愛新覺羅氏(棟鄂珠亮妻),養易齋夫人
愛新覺羅永㥣,嵩山
愛新覺羅永哲,永澤
愛新覺羅永奎心,嵩山,延芬居士,神淸室,鸞山
愛新覺羅永康,一等奉國將軍,鎮國公
愛新覺羅永忠,九華道人,存齋,延芬居士,敬軒,栟櫚道人,渠仙,臞仙,良甫,良輔,蕖仙,香園
愛新覺羅永恩,和碩禮烈親王,惠周,漪園,菉漪園,蘭亭主人,誠正堂
愛新覺羅永桐,雙橋
愛新覺羅永澤,固山貝子
愛新覺羅永珊,紅玉主人,遠亭
愛新覺羅永珹,寄暢主人,履端親王
愛新覺羅永琅,和碩怡恭親王
愛新覺羅永琨,玉華主人
愛新覺羅永琪,榮純親王,筠亭
愛新覺羅永琮,哲親王,悼敏
愛新覺羅永瑆,即齋,安樂堂,少厂,少廠,成哲親王,明善堂,樂善堂,永理,聽雨書屋,詒晉齋,詒晉齋主人,詒齋主人,鏡泉
愛新覺羅永瑋,奉恩輔國恪勤公,恪勤
愛新覺羅永瑢,九思主人,九思堂,凝瑞堂,惺齋,桐華閣,西園主人,質莊親王
愛新覺羅永瑺,愛新覺羅永常
愛新覺羅永璇,儀慎親王
愛新覺羅永璉,端慧
愛新覺羅永璜,定安親王
愛新覺羅永璥,愛新覺羅公永璥,愛新覺羅輔國公永璥,文玉,欽訓堂,欽訓堂主人,益齋,素菊,素菊道人,訓欽主人,訓欽堂主人,靖訓堂
愛新覺羅永璧,和勤親王,永弼,永碧
愛新覺羅永臶,存齋主人,永珔
愛新覺羅永遐,超然
愛新覺羅永錫,肅恭親王
愛新覺羅汪達,瓦克達,謙襄郡王
愛新覺羅波洛,博洛
愛新覺羅海樸,鏡泉
愛新覺羅海英,昆圃
愛新覺羅淳穎,淳頴,玉盈主人,虛白亭,身雲室
愛新覺羅清凱,捷亭
愛新覺羅準達,凖達,溫恪
愛新覺羅準都,準度
愛新覺羅溥侗,厚齋,紅豆館主,西園
愛新覺羅溥良,四止齋,玉岑,虞臣
愛新覺羅滿達亥,和碩簡親王,巽簡親王,滿打亥,滿打害,滿達海
愛新覺羅滿都護,滿篤祜,滿都祜
愛新覺羅濟度,吉都,和碩簡純親王
愛新覺羅灝善,化善
愛新覺羅烏爾恭阿,愛新覺羅佛爾果崇額,石琴室,石琴道人,雛鳳樓主人
愛新覺羅煜綸,子常,星東
愛新覺羅熙良,多羅順成恪郡王
愛新覺羅玄燁,合天弘運文武睿哲恭儉寬裕孝敬誠信功德大成仁皇帝,康熙,聖祖,體元主人
愛新覺羅玉恆,玉衡
愛新覺羅玉慶,餘齋
愛新覺羅玉明,遠齋
愛新覺羅琳寧,勤僖,愛新覺羅麟寧
愛新覺羅瑞聯,珠垣,睦庵,睦菴,睦葊
愛新覺羅瑞賢,善之,子良
愛新覺羅瑪爾渾,多羅安心郡王,馬爾渾
愛新覺羅瓦三,奉恩輔國襄敏公,瓦山,襄敏,鎮國襄敏公
愛新覺羅申慕德,塞木德,申穆德
愛新覺羅登塞,恪恭
愛新覺羅發度,法度
愛新覺羅百受,百綬
愛新覺羅皇太極,天聰,太宗,寬溫仁聖皇帝,崇德,愛新覺羅阿巴亥,應天興國弘德彰武寬溫仁聖睿孝敬敏昭定隆道顯功文皇帝,應天興國弘德彰武寬溫仁聖睿孝文皇帝,文皇帝
愛新覺羅盛昱,伯兮,伯希,伯熙,伯羲,伯蘊,伯韞,意園,栘林館,盛煜,韻蒔,鬱華閣,鬱華閣者
愛新覺羅碩子,和碩承澤裕親王,碩塞,碩色
愛新覺羅祥厚,寬甫,忠勇
愛新覺羅祿普,恪慎
愛新覺羅福全,和碩裕憲親王,目耕園,裕憲親王
愛新覺羅福彭,平敏郡王,葵心書屋
愛新覺羅福臨,世祖,太和主人,癡道人,臆菴道人,行癡,順治,體元齋主人,體天隆運定統建極英睿欽文顯武大德弘功至仁純孝章皇帝
愛新覺羅福錕,少欣,文慎,箴庭,純甫
愛新覺羅禧恩,仲蕃,凝齋,文莊
愛新覺羅章格,愛新覺羅璋格
愛新覺羅端華,端友
愛新覺羅紀爾哈朗,濟爾哈朗,跡兒哈朗,跡兒哈郎,跡尔哈朗,跡爾哈朗,鄭獻親王
愛新覺羅紳,書庵
愛新覺羅經文泰,仲潔
愛新覺羅綽克都,綽克託
愛新覺羅綿㣚,綿同
愛新覺羅綿勳,綿勲
愛新覺羅綿宜,佩卿,佩鄉,聽濤
愛新覺羅綿德,綿德阿哥,緜德
愛新覺羅綿恩,緜恩
愛新覺羅綿愉,惠端郡王,愛日齋
愛新覺羅綿愷,惇恪親王
愛新覺羅綿文,東喬,達齋
愛新覺羅綿森,端愨
愛新覺羅綿洵,莊武
愛新覺羅綿課,莊襄親王
愛新覺羅義道,和碩豫慎親王
愛新覺羅耆英,介春
愛新覺羅肅順,裕亭,裕庭,豫庭,雨亭
愛新覺羅胤禛,世宗,四宜堂,敬天昌運建中表正文武英明寬仁信毅睿聖大孝至誠憲皇帝,朗口金閣,破塵居士,破塵硯士,雍正
愛新覺羅興肇,興兆
愛新覺羅舒爾哈齊,莊親王,速爾哈赤
愛新覺羅良弼,賚臣
愛新覺羅良誠,瑤圃
愛新覺羅良貴,子修
愛新覺羅色勤,塞勤
愛新覺羅色貝,塞貝,敏僖
愛新覺羅花尚阿,愛新覺羅僧保住
愛新覺羅英元,恭毅
愛新覺羅英慈,竹農
愛新覺羅英綬,若卿,雲樓
愛新覺羅英繼,復初,鐵峰
愛新覺羅英隆,菊人,郅堂
愛新覺羅英震,我東,雲浦
愛新覺羅莽古賚,莽鵠賚
愛新覺羅董格,董額
愛新覺羅薩哈璘,穎毅親王
愛新覺羅蘇嚴,素嚴
愛新覺羅蘇爾發,蘇勒發,蘇爾法
愛新覺羅蘊端,兼山,岳端,正子,紅蘭主人
愛新覺羅蘊著,肅勤親王,雲柱
愛新覺羅蘭軒,蘭軒
愛新覺羅裕全,豫全,豫厚親王
愛新覺羅裕恩,容齋
愛新覺羅裕瑞,思元,棗窗
愛新覺羅褚英,出燕,紅巴兔,阿爾哈圖土門=廣略
愛新覺羅訥爾都,訥爾圖
愛新覺羅諾羅布,宗室諾羅布
愛新覺羅豪格,和碩肅武親王,肅王
愛新覺羅費揚古,費揚嘏
愛新覺羅賴士,來什,賚式
愛新覺羅載垣,心台
愛新覺羅載堉,淸川,潤甫
愛新覺羅載容,敏恪
愛新覺羅載彩,榮錫,雲帆
愛新覺羅載慶,心友
愛新覺羅載振,樂有餘堂主人,育周
愛新覺羅載治,愛新覺羅載中
愛新覺羅載淳,穆宗,繼天開運受中居正保大定功聖智誠孝信敏恭寬毅皇帝
愛新覺羅載湉,同天崇運大中至正經文緯武仁孝睿智端儉寬勤景皇帝,德宗
愛新覺羅載澂,果敏
愛新覺羅載澤,愛新覺羅載蕉
愛新覺羅載瀅,一山房,怡庵,懶雲道人,淸素主人,湛甫,雲林居士,雲林書屋
愛新覺羅載灃,亦雨,伯涵,書癖
愛新覺羅載穆,叔修,愛棠,敬修,敬脩
愛新覺羅載肅,秋濤
愛新覺羅載銓,世澤堂,恆堂,筠鄰主人,行有恆堂
愛新覺羅載鏗,仲琴,瑟庵
愛新覺羅載麟,瑞卿
愛新覺羅載齡,文恪,芷庵,鶴峰
愛新覺羅輯瑞,五橋
愛新覺羅鄂爾端,心齋
愛新覺羅錫齡,遐庵,鶴亭
愛新覺羅鐵麟,仁山,文恪
愛新覺羅鐸尼,信宣和郡王,多尼,宣和
愛新覺羅阿巴泰,饒餘敏郡王
愛新覺羅隆懃,和碩肅良親王
愛新覺羅雅朗阿,多羅克勤莊郡王,雅郎阿
愛新覺羅霍穆歡,子謹,慎齋,申齋
愛新覺羅靈桂,小山,文恭,薌生
愛新覺羅韓代,愛新覺羅韓岱,韓岱
愛新覺羅顒琰,仁宗,受天興敷化綏猷崇文經武孝恭勤儉端敏英哲睿皇帝,嘉慶,愛新覺羅永琰
愛新覺羅麟書,厚甫,文慎,芝弇,芝盦,芝葊
愛星阿,愛興阿
愛猷識里達臘,昭宗,武承和孝皇帝
愛理沙,允中
愛育黎拔力八達,仁宗,聖文欽孝皇帝
愛興阿,溥堂,賓三
愛薛,忠獻
愛魯,忠節,毅敏
愼喜男,吉遠,瀯溪
愼天翊,伯擧,素隱
愼守勤,信度,勤仲,所閒堂
愼居寬,恭簡,栗耳,獨齋
愼希復,梅川,莊靖,觀泉子,養叔
愼後尹,東老
愼懋,勉哉,晩湖
愼承善,仕止堂,元之,子繼,章成
愼景尹,仲立,明谷
愼權,彦仲,樂水
愼海翊,仲擧,病隱
愼無逸,景祖,白淵
慈國璋,奉莪,惺圃
慈禧,叶赫那拉,慈禧太后,西太后,老佛爷,那拉氏
慎學韓,容之,習嚴
慎宗燿,鐵臣
慎從吉,慶之
慎暠,仲素
慎毓林,延青
慎氏(端敬王后),端敬王后
慎蒙,子正
慎鏞,元音
慕之田,仙浦
慕倉棨,戟門
慕卨,仲倫
慕壽祺,子介,少堂
慕天顏,拱極,鶴鳴
慕學勛,玄文
慕完,完夫
慕容三藏,悟真
慕容可隆,可隆
慕容垂,世祖,成武皇帝,道明
慕容威,神威
慕容宗本,泰初
慕容寶,惠愍帝,道祐
慕容彥喜,叔孚
慕容彥逢,叔遇,文友,淑遇
慕容德,元明,獻武帝
慕容德豐,日新
慕容思廉,激貪
慕容懷固,抱貞
慕容昇,捧日
慕容暐,幽帝,景茂
慕容曦晧,曦晧
慕容環,琢璧
慕容皝,元貞,武宣帝,高祖
慕容盛,昭武帝,道運
慕容相,嵩高
慕容知廉,道貞
慕容知敬,思虔
慕容知禮,思恭
慕容紹宗,景惠公
慕容雋,宣英,景昭帝,烈祖
慕容麗,仙娥
慕寅,虎臣,虎陞
慕尚賢,希齋
慕德炎,德琰
慕昌港,壽荃
慕昌溎,壽荃
慕某,徽音詞人
慕榮幹,子荷,慈鶴,次鶴,貞甫
慕榮榦,慈鶴,慕榮幹,榮幹,次和
慕碧雲,素期
慕維德,如山,淇瞻,笠舟
慕芝田,仙圃,茝洲
慕鏊,循陔
慧定,南泉,無盡
慧成,裕亭
慧明,幻隱,性原
慧曇,演梵善世利國崇教大禪師,覺原
慧端,惠端
慧觀,息菴
慧進,棲巖,止翁
慶世仁,心仲,敬齋
慶之源,導岍,愚泉
慶住,慶祿
慶俊,西峯
慶儀,順節
慶元,善圃
慶勛,子猷
慶善,藹仁,雲屏
慶大墉,石城
慶安,慶祺
慶康,建侯
慶廉,雲浦
慶延,大有
慶復興,慶千興,貞烈
慶恆,義烈
慶振甲,玉庭,鷺飛
慶普,慶明
慶暹,七松,三休子,石村,退夫
慶渾,彦晦
慶澤愷,幼儀,幼怡,悔儂
慶玉,雨峰
慶珍,博如,鐵梅
慶瑞,藹然,雲閣
慶祿,極山
慶福,雲亭
慶秀,儁堂
慶童,明德
慶錫榮,立卿,華廷
慶錫綸,子健,敘卿,遜五
慶霖,伯蒼
慶頤,石臣,紹伊
慶鳳亭,湘筠,環峯女史
慶鳳暉,筠仙
應㒡,之道,文敏,葺芷
應㻪,臥園,豈石
應世婉,淑居,蓉江
應之暉,秀庭
應佩絅,景韜
應偉,士奇
應傃,自得,蘭坡
應允中,德聞
應元華,冕卿
應克謙,去盈,旅平
應典,天彝,石門
應兼,古麓,抑之
應劭,仲遠
應啟墀,叔申
應在,止善
應士廉,簡仲
應士龍,長文
應夢虎,彥文
應大猷,容庵,容齋,邦升
應大用,儲可
應天鑾,叔謙,應天燮
應奉,世叔
應存卓,從之
應存性,成之
應孟明,仲寔,仲實
應學韞,珏樓,蒿軒
應宗本,利用
應寶時,可帆,敏齋
應尚倫,思齋,明之
應履平,錫祥
應廷育,仁卿
應後,宏道
應德偉,樹軒,耕軒
應德完,合芳
應志和,宜休居士,復菴
應恂,子孚
應恕,仁仲,艮齋
應惇良,若虛
應懋商,彥及
應才,之紹
應振,伯起
應振緒,纘夫,芬貽
應振聲,楓岩
應揚,唐卿,唐鄉
應撝謙,嗣寅,嗣廣,嗣賓,潛齋,潛齋先生,為應先生,無悶先生
應文虯,秋泉
應明德,在明
應是,敬非,敬齋
應時盛,泰宇
應時良,竺湖,虞卿
應本,中甫
應本仁,本立
應材,伯良
應枬,仲旃
應棐,子忠
應森孫,文孫
應楊,唐卿
應榮春,朋山
應檟,子材
應權,偉節
應欽,志欽
應正祿,恆齊,恆齋
應武,緯之
應洙,師魯
應瀚,克涵
應灌,仲宣
應珩,君哲
應瑞孫,季玘,豸峰
應瑩,菉園
應璋,德夫,東白先生
應璩,休璉
應瓘,仲宣
應策,衍仲
應節嚴,和父,平坡居士,龢父
應簡,子文
應純之,純甫
應綱,恆道
應翔孫,全軒,子翱
應翼孫,子燕
應聞禮,和卿
應聲振,楓岩,超然子
應肖翁,師悅
應舜臣,仁伯
應良,元忠,十七,南洲,原忠
應茂之,應懋之
應行之,平父
應讓,地山,退庵
應象翁,景則,聖泉
應錫智,子信
應鏞,子和,致遠
應雲鸑,瑞伯
應順,華仲
應頤,長文,頤正
應顥,文明
應鳴鳳,時鳴,梧岡
懷恩,顯忠
懷應聘,冰齋,莘皋
懷敏,仲訥
懷渭,淸遠,竹菴
懿璘質班,冲聖嗣孝皇帝,寧宗
戈之奇,穎父,顯父
戈九疇,惟範
戈九章,惟衷
戈保泰,叔安
戈公振,春霆
戈嘉蔭,映文,竹村
戈培,小蓮
戈大本,性甫
戈天驥,靖之
戈孜,勉學
戈守智,漢溪,達夫
戈宙襄,半樹齋,小蓮
戈宜,叔義
戈尚志,伯高,最山,醉禪
戈岱,東長
戈廷棨,樵雲
戈文,文卿
戈榮昌,香齋
戈毅,唐祚
戈涓,仲坊,南村
戈淵,仲顏
戈源,仙舟,橘浦
戈濤,坳堂,巨源,芥舟,蘧園
戈牢,尤牢,左牢,德胶
戈瑄,廷玉,良玉
戈瑤,崑園
戈登,查爾斯‧喬治‧戈登
戈直,以敬,伯敬
戈福,尚潔,弋謙
戈英,實齋,育仲
戈載,寶士,弢甫,弢翁,順卿
戈鎬,仲京
戈雲嚴,錦泉
戈馥華,如芬
戌繼祖,書田
戎上德,載立
戎澄,孟揚
戎繼祖,書田
成㲄,輝蘊
成三問,忠文,梅竹軒,謹甫
成世寧,愼仲
成世平,正仲
成世昌,文莊,蕃仲,遯齋
成世瑄,蘭生
成世章,仲晦,思菴,景晦
成世純,太純,思肅
成于濟,彦功,松齋
成以性,汝習,溪西
成以文,質夫,隱几翁
成以道,敬修,斗回
成仲龍,為霖,環洲
成任,安齋,文安,逸齋,重卿
成伯瑜,成伯嶼
成侃,和仲,眞逸齋
成俊,明肅,時佐
成俊禼,子許
成俊耉,德甫,藏谷
成俔,慵齋,文載,浮休子,磬叔,菊塢,虛白堂
成信,我存
成修,達夫
成俶,士元
成健,子强,文惠
成僎,可文,左泉,盥蓀
成儉,貞固
成允諧,和仲,板谷
成克敬,簡卿
成克襄,贊君,贊均
成克鞏,子固,淸壇,淸慎堂,清壇,素園,耄學臺,青壇
成公志鞏,廣宣
成其範,愚崑
成凱,舜卿
成勇,仁有
成勝,忠肅,赤谷
成占春,梅叔,萼仙
成君信,匡時
成善,寶岩
成國梴,君表,德咸,德涵,成廷梴
成城,成山,衛宗
成基命,文穆,毖予
成士達,文孝,易菴
成壽益,七峯,德久
成夏宗,而述
成多祿,澹堪,祝山,竹山
成夢井,場巖,應卿,襄景
成夢箕,子協,龜山
成大亨,正仲
成奉祖,孝夫,攸行,襄靖
成奎章,振宇
成好善,則優,月簑
成始終,敬之
成子學,井居,惟道,懷道,成于學
成子澤,彦淸
成孺,心巢,成蓉鏡,芙卿
成守琛,仲玉,坡山淸隱,文貞,牛溪閒民,竹雨堂,聽松
成守琮,叔玉,節孝
成守節,子安,甘齋
成安義,精甫,芙蓉堂
成定康,滌泉
成宣,文煒
成實,廷秀
成寧,成齡
成小師,文哲
成岫,雲友
成己,仁卿
成希顔,仁齋,忠定,愚翁
成師,仁表
成庫,萬壽
成康保,自葊
成廷珪,禮執
成彥雄,文幹
成循,萬述
成徵,文義
成德,性德,那蘭性德
成忠,弘意
成念祖,子敬,恭惠
成性,成宗儒,我存,杏懷,率庵,率菴,耐微
成悌元,子敬
成憲,君廸
成懋勲,彝銘
成懷祖,北樵,尚義,蘭田
成揆憲,仲一,圓塘,明灘
成敬,思恭
成文,質夫
成文昭,周卜,過村
成文濬,仲深,永同,滄浪
成昉,耀卿
成明郁,慈江,懷珏,摛茳
成晉,保閑堂,錦陰
成晩徵,秋堂,達卿
成景溫,士雅
成朗,潤芳
成本璞,琢如
成桂珍,芸仙
成楚客,鳳兮
成槪,平仲
成樂,以和,端肅,龍山
成樞,星一
成欽亮,仲鄰
成毓璜,涵齋
成汝學,學顔,雙泉,鶴泉
成汝完,怡軒,成匡自,成漢生,文靖
成汝枋,大叔
成泳,士涵,苔庭
成洛,士集,省菴
成渾,文簡,浩原,牛溪,默庵
成準,北鑰,韋齋
成溥,文孝
成無玷,士愨,士慤
成熺,仁齋,用晦
成琦,主善堂,小韓,成吾所好齋,魏卿
成瑞,輯軒
成瓘,肅中,蒻園
成發翔,威毅
成石珚,桑谷,自由,靖平
成石瑢,文肅,檜谷,自玉
成石璘,文景,獨谷,自修
成章,端甫
成端亮,伯準
成竺,楚望,竺僧,第季一
成節,立德
成聃壽,文斗,耳叟,靖肅
成肇毅,愚中,而卓
成肇麐,漱泉
成胤,公錫
成良昆,雲程
成芳,南樵,甫樵
成觀光,賓王,醇翁
成觀宣,子旬,成觀生,紫筠
成軾,敬甫
成輅,三一堂,潛巖,石田,重任
成運,健叔,大谷,文景
成遠,明達
成遵,誼叔
成邑仁,玄莊
成重淹,季文,晴湖
成鍾音,本諧
成鐸,明之
成閔,居仁
成際雲,庶瞻
成雲,景肅,致遠
成震昇,士舒,禮曹
成霈,兌子
成靜蘭,紉秋
成額,成格
成願壽,願壽
成飴,節孫,絜山
戚于國,忠甫
戚人銑,振南,潤如
戚人鏡,仲蘭,劍南,蓉臺
戚傑,世秀
戚元佐,中岳,仲岳,希仲
戚元佑,希仲
戚元輔,希周
戚勛,世臣,曲泉
戚同文,堅素先生,文約
戚善勖,懋齋,貞庵
戚嗣曾,復村,心距,昧軒
戚士元,曼亭
戚士遜,謙之
戚天保,定仰,少堂,少雲
戚天培,佑生
戚如琥,少伯,少白,貞白先生
戚學標,南墅居士,戚學彪,景文堂,溪山,翰芳,鶴泉,鶴皋
戚寧,永康
戚崇僧,仲咸,朝陽先生
戚崇進,仲升
戚師道,元魯
戚弢言,研齋,魏亭
戚慎,汝初
戚慶,仲禧
戚慶洪,善甫
戚慶祖,遵道
戚揚,升淮,眉倩,顯臣
戚敬,礪齋,秉肅
戚昂,時望
戚明瑞,子雲
戚景通,世顯
戚朝卿,相乾,耀三
戚朝桂,弁亭,約齋,薴園
戚桂裳,夢桃
戚氏(劉邦妾),戚夫人,戚姬
戚瀾,二十,文湍
戚牧,和卿,牛翁,飯牛
戚玾,後升,緩耳,莞爾
戚祖華,像先,象先
戚紹,真孝先生
戚紹洙,魯齋
戚維,仲本
戚維禮,履伯,蘆溪
戚綸,仲言
戚繼光,元敬,南塘,孟諸,武毅,武莊,重熙
戚繼祖,書田
戚繼裳,夢桃,戚桂堂
戚舜臣,世佐
戚芸生,修潔,餘齋,馥林
戚蓼生,念功
戚藩,裕箴
戚象祖,性傳
戚賢,南山,南玄,秀夫
戚輔之,友仁
戚開泰,大來
戚陽生,剛中
戚雄,世英
戚高,崇景
戚麟祥,瓶谷,紅稻書屋,聖來
戢汝止,敬之,金溪
戰效曾,師訓,魯村
戴䲀,少山,時化
戴一俊,惟宅
戴三錫,晉藩,羡門,羨門
戴世佐,琴泉
戴丙南,司夏,蕉巖
戴中,師中
戴之佐,在公,留庵
戴之傑,石房,萬公
戴之儁,介心,務公
戴九元,大圓
戴乾,自強
戴亢,師賢
戴亨,師禮
戴亨遠,致庵
戴亮,採臣
戴仁,行父
戴仔,守庸
戴令言,應之
戴以恆,用柏
戴以讓,振宇
戴似烜,紅貞
戴作基,肇堂
戴佩荃,春亭,蘋南
戴佩蘅,蘊芬
戴佳全德,惕莊
戴佳愛音塔穆,艾音塔木
戴佳慧成,秋谷,秋谷居士,裕亭
戴佳扎克當阿,札克當阿
戴佳晉康,安舟,少谷,蔗存,錫侯
戴佳穆克譚,忠勇,慕克坦,穆克坦
戴佳綳闊,勇節
戴佳那蘇圖,恪勤,愨勤,羲文,那蘓圖
戴侗,仲達,合谿
戴保豫,層巖
戴修道,教亭,濟普,達軒
戴偃,玄黃子
戴傑,樹人
戴僖,大節
戴儀,毓喬
戴儒,汝眞,鴻原
戴儒珍,煥之
戴儼,恪成
戴元,貞甫
戴元侃,二如
戴元樂,雨城
戴元禮,思恭
戴元詵,振子,靜齋先生
戴元鼎,少沐
戴兆佳,士期
戴兆元,蘊山
戴兆春,展韶,青來
戴光啟,中齋,仲升
戴光榮,旭東
戴光義,戴光乂
戴光遠,君實
戴其福,筠山
戴冀聲,楷軒
戴冑,養和,鵬飛先生
戴冕,賓儀
戴冠,仲鶡,邃谷
戴初,復之
戴利和,月三
戴利均,秉堂
戴利玉,躋堂
戴卜年,周曆,經亭
戴厚,俊仲,長文
戴友正,戴存正
戴叔倫,幼公,次公
戴吉,惟謙
戴名世,南山,夏菴,宋潛虛先生,意園,憂庵,潛虛,田有,藥身,褐夫
戴君義,琴甫
戴咸弼,鰲峯
戴哻,士儀,訥菴,退叟
戴啟宗,同父
戴啟寶,小農,野夫
戴啟文,壺翁,子開
戴啟榮,堃山
戴喻讓,思任,景皋
戴嘉猷,前峰,獻之
戴嘉玉,璿生
戴嘉瑛,蝶仙閣女史
戴嘉瑞,藹生
戴國宰,繼南
戴國恩,永霑
戴國英,蓮峯
戴均元,修原,可亭,恆泰,恒泰
戴均恩,愚亭
戴埴,中培,仲培
戴堯臣,南琴,翊唐
戴士垚,仲積
戴士堯,仲積,戴垚
戴士棻,蓉門
戴士琳,伯玉
戴士秀,玉山
戴士衡,章尹,鎮庵
戴夑元,和甫
戴夢月,清曜
戴夢桂,仲芳,秋巖
戴夢麟,蓼園
戴大昌,泰之
戴大禮,子雍
戴大賓,寅仲
戴天,戴天溥
戴天恩,介亭
戴天章,北山,麐郊
戴天錫,巨來,松岩
戴奇勳,子猷
戴子佐,帝臣
戴學鵬,載南
戴守梧,桐孫,桐生
戴安,伯寧
戴完,仲修
戴宏度,象謙
戴宗沅,南江
戴宗濓,冽夫
戴宗騫,孝侯
戴宮桂,昆玉,登蟾
戴家松,公木,叔年,如松
戴宸,晴楓
戴寅,東溟,東溟小戴,統人
戴察,彦衷
戴審,古愚,慣窮老人,誠問
戴小玉,倩梅
戴小瓊,眠雲,蘭亭
戴屺,叔旃,己山,青岩
戴岑,小山,秋崖
戴嵩年,子申
戴師愈,孔文,玉谿子
戴幾先,光祖,子微,慧孫,第百七
戴廣涵,悔庵,鏡源
戴延容,子涵
戴延春,歩泉
戴廷忞,懋卿
戴廷栻,楓仲,符公,維吉
戴廷棟,琢菴
戴廷沐,甫軒
戴廷珪,古香
戴廷綸,敬承
戴廷魁,柑城
戴弁,士章
戴弘奎,五峰
戴彝,松門
戴彥成,彦成
戴彬元,漁青
戴復古,式之,石屏
戴德,譙郡伯
戴德孺,子良
戴德彜,毅直,邦倫
戴徹,戴澈
戴心亨,習之
戴志達,賢輔
戴思中,子先
戴思孝,永言
戴思恭,元禮,原禮,戴恭
戴思顏,戴司顏
戴恩,天錫
戴恩溥,瞻原,雪田
戴惠元,慕僑
戴愬,遠之
戴慶炣,彥可
戴應揚,戴應陽
戴應楓,丹林
戴懷德,南塔
戴才,大需,子需,晉菴
戴振,夀老,文舉,王僧,第一
戴振河,開文
戴揚,傳洙,子澄
戴揚休,箊圃,觀光
戴敏,遜之
戴敔,廷韶
戴敦元,士旋,簡恪,金溪
戴文仲,用中,草窗先生
戴文奎,玄明
戴文宗,十五,時範
戴文燦,蔚華,雲軒
戴文璧,君章
戴文英,雪林
戴文蓮,雪心
戴斯琯,治如
戴於義,子宜,訥庵
戴日宣,德甫
戴昂,時舉
戴昌友,斗垣
戴昌宗,壽卿
戴明伯(字),明伯
戴明說,定圃,定園,定園先生,岩犖,巖犖,茅廬,道默,香雲庵
戴易,南枝,峩仲,巢南,戴冠,西照頭陀
戴昜,南枝,峩仲,戴冠
戴春,景元
戴春榮,忻然
戴昭,德輝,戴氏
戴昺,景明,東野
戴時宗,宗道,梁岡
戴時才,南坡老人,文仲
戴時芳,雪溪亭長
戴時雍,三十七,逢堯
戴晟,唐器,晦夫,西洮
戴景祥,瑞卿
戴智老,正仲,無知子
戴暄,景和
戴書,天錫
戴有恆,保卿,大年
戴有祺,丙章
戴朋,南圃
戴望,子高,謫麐堂,長留閣
戴朝普,澤棠,秉召
戴朝用,三十六,孝升
戴朝華,立望
戴本孝,務旃,鷹阿山樵
戴本義,叔禮,治庭
戴杞,南山
戴枚,乾廷
戴某,靜軒先生
戴某(江峰青夫),羅某
戴栩,文子
戴梓,文開,耕煙老人
戴棠,召亭,茇庵
戴棨,雲楣
戴棻,軾千
戴植,培之,芝農
戴楩,汝材
戴楫,汝舟,純甫
戴榮恩,荷軒
戴榮樞,棻爚
戴槃,澗鄰
戴樟,伯杲,伯皋
戴機,伯度,藝堂
戴檜,寬甫
戴檟,育之,茂軒
戴欽,時亮
戴殿江,履齋,永思軒,襟三
戴殿泗,東珊,東瞻
戴毓某,雲浦
戴毓瀛,仙舟
戴毓燦,先岳,光岳
戴毓瑞,西山
戴氏(蔣倫妻),戴毓齡
戴永植,於庭,農南
戴永椿,卯君,翼皇
戴永魁,生白
戴汝梅,秋漁
戴汝白,君玉,竹巖
戴沛,心田
戴泉,宗淵
戴泰,見大,魯齋
戴泳,適之
戴洪恩,筠軒
戴洪春,月樓
戴洪禌,戴洪?
戴洵,愚齋,汝誠
戴浩,彥廣,默庵,默菴
戴淩濤,文姬
戴淳,厚甫
戴清,靜齋
戴渭洲,海嶼
戴湯裔,樸齋
戴溪,少望,岷隱先生,文端,文靖,肖望
戴潛,起之
戴潤,梅香,椒香
戴潤章,倬夫,溫如
戴澤,雪農
戴澤長,仙臞,紹韓,鏡夫
戴濂,希茂,洛原
戴濚,默叟
戴濟世,達裡布
戴濬,文哲
戴瀚,巨川,逢源,鎮東,雪村
戴焴,晉翁,瑤山
戴煒光,梅卿
戴煥文,漢徵,漢徽
戴煦,仲乙,鄂士,鶴墅
戴熊,夢若
戴熔,筠珍
戴熙,井東居士,孟辛,摝牀居士,文節,斐男,春夢盦,東井居士,松屏,棆葊,榆庵,榆菴,竹書堂,習苦齋,莼涘,莼溪,賜硯齋,酉士,醇士,韮花書屋,鷲峯,鹿床,鹿牀,鹿牀居士
戴熙元,宇春,小亭
戴熙芠,勤軒,穎蓀
戴燝,亨融,今梁
戴燮元,八愚,和甫,少梅
戴燿,德輝
戴玉,德潤
戴玉成,孝章
戴玉萼,緑崋
戴王綸,經碧
戴王縉,雲極
戴王蕚,綠華
戴玣,去瑕
戴珉,廷振
戴珊,虹橋女史,衣仙
戴珙,廷璧
戴珤,廷用
戴珵,君玉
戴琥,廷節
戴瑛,耘芝
戴瑤,仲儀
戴瑺,芬如
戴璇,戴休珽,戴休璇
戴璉,廷獻
戴璐,吟梅居士,小戴,敏夫,菔塘
戴璜,亞堂
戴璠,奐若
戴璡,文進,玉泉山人,靜庵
戴璣,利衡,紫杓
戴璹,仲才
戴璽,閏韞
戴用,廷獻
戴石臣,天柱
戴碩,孔萬,霜岩
戴祁,南堂,小宋
戴祐,元吉
戴祖啟,敬威,未堂,東田
戴祚昌,仲長
戴祥,應和
戴福謙,琴莊,貽仲
戴禮,聖儀
戴秉鈞,伯權
戴科,朝賓,朝賔,筠菴
戴移孝,無忝,碧落後人,笏山
戴穗孫,戴所恆
戴章甫,元禮
戴笠,耕野,貞孝
戴第元,正宇,筤圃,良圃
戴籍基,繼堂,魯瞻
戴紀,肇修
戴純,渭川,蓴浦
戴素蟾,月卿,柔齋,魏塘內史
戴紱,道園
戴絅孫,襲孟,雲帆
戴經,伯常,楚望
戴維師,戴·惟師,秉文
戴綸,經邦
戴縉,子雪
戴縱,大紳
戴繼,叔似,宗魯,淑似
戴繼先,承緒
戴纓,清之
戴羲,馭長
戴翊羽,漢卿,漢宗
戴翼,汝諧,鳳池
戴翼子,芑泉
戴聖聰,無聰
戴聖芳,蕙圃
戴聯奎,紫垣,靜生
戴聰,惟憲,春堂
戴肇辰,友梅,芝生
戴肇長,友梅
戴興善,振吾
戴良,九靈山人,叔能,雲林
戴良偉,蘭舫
戴良齊,彥肅,泉溪
戴芳芝,綺音
戴若冰,景淸
戴若瑛,嵰雪
戴莘,耕墅
戴蒙,戴埜,養伯
戴薲,劍蕘
戴蘇,斝夫
戴蘭,庭芳
戴蘭芬,湘圃,湘浦,畹香
戴蘭英,瑤珍
戴虞臯,性公,遯軒
戴蛟騰,于藩
戴蜚聲,楷軒
戴融,叔倫,幼公,戴叔倫,次公
戴衍,崇禮,景社
戴衢亨,文端,荷之,蓮士,震無咎齋
戴表元,帥初,曾伯
戴記,儀周
戴詠蘩,址香
戴誼,正夫
戴調元,羹堂,鼎臣
戴豪,師文
戴賓,邦彥
戴賓周,子裔,鷺於
戴賡保,勉齋
戴賡元,仲華,良甫
戴起宗,同甫,空玄子
戴起芬,誦淸
戴輔道,月潭,覺先
戴迅,幾仲
戴迎,春郊,禮賓
戴近宸,丹林
戴述,明仲
戴逢旦,扆周
戴逢衢,附青
戴進,文進,玉泉山人,靜菴
戴進贒,嘉賓,戴進賢
戴逸卿,淸叔,清叔
戴道安,和甫
戴道峻,升甫
戴道顯,均用
戴達,景伊
戴達先,子善
戴邦垣,勉之
戴邦正,眞鄉
戴金,純夫,純甫,龍山
戴金仰,紫峯,羣峯
戴鈐,漁溪,豹臣
戴鈞衡,味經山館,存莊,蓉洲,香月山房
戴銑,子聲
戴銘,恬園,湯箴
戴銘金,師韓,桐士
戴錦,伯綗,白齋,綗菴
戴錫之,南蜉,壽臣
戴錫祉,受之
戴錫綸,絲如
戴錫鈞,毅夫,藝郛,鴻慈
戴錫麟,定軒,石生,竹君
戴鍾,蘊芳
戴鎬,之仍,俟庵,雲葉
戴鑒,新圓,鏡秋
戴長治,閬風
戴開文,冶山,韞山
戴闓之,戴闔之
戴雄,戴王雄,果毅
戴雲錦,仙裳
戴震,振聲
戴震辰,戴辰
戴青,書卿,洗蕉老人
戴韞玉,西齋
戴順,德昌
戴顒,師觀
戴顯熊,仁昌
戴駁,允化
戴驥昌,世隆
戴高,小亭,瞻雲
戴鯨,南江,時鳴
戴鰲,駕山
戴鱀,時重,東石
戴鳳翔,志曾,春宇
戴鳳鳴,蘭亭
戴鴻慈,光孺,少懷,文誠,毅庵,毅菴,韻波
戴鴻鈞,寶臣
戴鵬,鵬舉
戴鹿芝,商山
戴黃中,龍泉
戴默,罕言,菱舟
戴鼎恆,子京,春羲,鼎恆
戴龜朋,叔憲,竹洲
房之騏,澹園
房亮,景高
房元震,晩悟,而省
房勝,富昌伯
房千里,鵠舉
房可壯,海客
房基,德本
房如式,憲甫
房威,子儀
房孚,修凝,脩凝
房守仁,德麟
房守士,升甫
房安,子靜
房寬,思恩侯
房寰,中伯
房寶子,子寶
房嵩,申公
房廷祥,發公
房廷禎,興公
房建極,房廷建
房弼,仲明
房彥謙,孝冲
房彪,季文
房志起,冲虛子
房惠琳,惠琳
房應賢,俊夫,沙溪
房懷亮,智玄
房承先,承先
房敬,都賓
房明,廷耀
房有非,郎子
房楠,潭祐
房毓琛,仲南
房氏(房溫女),嚴淨,房氏,辯惠
房氏(房穎叔女),鹿娘
房瀛,登之
房玄齡,喬松
房琯,次律
房瑄,廷獻
房瑒,全珪,琳琅
房皞,希白,白雲子
房芝田,香亭
房誕,文絢
房豹,仲幹
房貴溫,玉汝,錦西
房逸,文傑
房鑑,宗明
扈仲榮,叔義
扈再興,叔起
扈小冲,大亮
扈履亭,省齋
扈永通,一貫,會溪
扈泓,子湛
扈海,巨源
扈湘,孔般
扈聯陞,秀庭
扈蒙,二扈,日用
扈載,仲熙
才宇和,霄堂,霽堂
才寬,汝勵,汝栗,襄愍
扎勒罕泰,威恪
扎哈蘇錫齡阿,松亭,武烈
扎庫塔普吉保,扎庫荅普吉保
扎庫塔景固勒岱,忠直,荊古爾達
扎庫塔烏庫理,扎庫培烏庫禮,烏庫哩
扎庫塔瑪爾當圖,瑪勒圖,瑪爾圖,瑪爾圖當
扎拉芬,麟圃
扎拉豐河,介眉,壽農,星南
扎拉豐阿,札拉豐阿
扎拉里依克唐阿,堯山,堯峰,誠勇
扎穆蘇,扎穆素,札木蘇,查木素,查穆素
托倫佈,托倫布
托克托莫忒策丹,甫之
托克托莫特明訓,托克托莫忒,鼎雲
托克托莫特明誼,勤果,古漁,蘭士
托必泰,施必泰
托忒克端錦,叔絅,忠惠,託和洛端錦
托活洛托和洛托和絡穆蔭,托和洛穆蔭,托和絡穆蔭,淸軒
托活洛端方,匋齋,午亭,午樵,午橋,寶華盦,忠敏,悟樵,歸來庵,浭陽陶父,陶齋
托賴,託賴,陶賴
托闊羅托霍羅烏善,孝先,托霍羅烏善
托闊羅桂清,蓮舫
扶克儉,共之,忠毅,我虛,胡克儉,趨儆
承任,拙齋,是常
承勛,元凱
承培元,夫須山館,守丹,廣潛研堂
承廕,默齋
承德,玉龍,紹武
承林,南江,茂卿
承炷,香亭
承福,疇九
承翰,墨莊
承蔭,小村
承選,衡銓,青亭
把匝剌瓦爾密,柏市刺幹爾密,栢匝剌瓦爾密,梁王
把德伸,仲直
折克行,折家父,遵道
折可存,嗣長
折可適,遵正
折彥質,仲古,葆真居士
折從阮,折從逺
折御勳,世隆
折惟忠,藎臣
折爾金,哲爾金
折繼祖,應之
折繼閔,廣孝
折遇蘭,佩湘,霽山
拉特納巴都爾,喇特納巴都爾,喇納巴都爾
拉都立,卓人
拓拔氏,上庸公主
拓跋什翼犍,昭成皇帝,高祖
拓跋余,南安隱王
拓跋俟,元皇帝
拓跋儈,威皇帝
拓跋利,景皇帝
拓跋力微,始祖,神元皇帝
拓跋嗣,太宗,明元帝,明元皇帝
拓跋寔,獻明皇帝
拓跋廓,恭皇帝
拓跋弗,思皇帝
拓跋弘,獻文皇帝,顯祖,獻文帝
拓跋悉鹿,章皇帝
拓跋推寅,宣皇帝
拓跋晃,恭宗,景穆皇帝
拓跋普根,文平皇帝
拓跋某,哀皇帝
拓跋樓,明皇帝
拓跋機,定皇帝
拓跋毛,成皇帝
拓跋沙漠汗,文皇帝
拓跋濬,文成帝,文成皇帝,高宗
拓跋燾,世祖,太武帝,太武皇帝
拓跋猗㐌,桓皇帝
拓跋猗盧,穆皇帝
拓跋珪,太祖,道武帝,道武皇帝
拓跋祿官,昭皇帝
拓跋紇那,煬皇帝
拓跋綽,平皇帝
拓跋翳槐,烈皇帝
拓跋肆,和皇帝
拓跋蓋,僖皇帝
拓跋觀,莊皇帝
拓跋詰汾,聖武皇帝
拓跋貸,節皇帝
拓跋賀傉,惠皇帝
拓跋越,安皇帝
拓跋鄰,獻皇帝
拓跋鬱律,太祖,平文皇帝
拔不忽,仲淸
拔實,彥卿
拔錫,巴錫
拕穆齊圖,托穆齊圖,拖穆齊圖,託穆齊圖
拖雷,仁聖景襄皇帝,睿宗
招子庸,明珊居士,銘山
招翰昭,景韋,澤衡,玉田
招茂章,桐坡,郁文,隨之
拜住,聞善
拜瑚,文昭
拜禹忒音德布,勤勇,拜禹忒蔭德布
拜禹特占泰,威烈,拜禹忒占泰
拜都伊江阿,誠菴
拜都布蘭泰,愨僖
拜都永貴,以仁,心齋,文勤,目耕
拜都鍾昌,仰山,汝毓
拜降,貞惠
拜陵阿,拜凌阿
按攤,貞孝
按竺邇,武宣
按陳,忠武
掌徹,文通
掌機沙,密卿
掌禹錫,唐卿
探馬哈兒,忠靖,敬簡
揆敘,惟實居士,愷功
揚仁,楊仁
揚伸,二十一,孟舒
揚旡咎,淸夷長者,補之,逃襌老人
揚棟,元極
揚清,志靜
揚蔚本,文菴
揚贊襄,伯樵,伯醮
揭三京,紹尹
揭世名,玉亭,田有
揭世緝,熙文
揭之蘭,又巖,數山
揭來成,哲夫,貞文
揭傒斯,文安,曼碩
揭商霖,必先
揭啟後,怡堂,貽堂
揭啟德,河如
揭垚翁,汝和,竹泉
揭暄,子宣
揭殿賡,魯壇
揭氏(陳忠嫂),陳氏七烈
揭汯,伯防
揭祐民,希韋,旴里子
揭軌,孟同
揭道孫,志道
揭重熙,祝萬
揭飛雄,少穎
揭高,汝祥
揭魁,士元
撒吉思,襄惠
撒吉思卜華,忠武
撒廸彌實,正德
撒滿哈失里,撒滿答失里,撒滿荅失里,李忠,李撒滿答失里
撖君錫,賓王
撖擧,函谷道人,彥擧
撥徹,忠定
操守經,仲權,東川
操斗祥,汝祥
操時賢,國用
操琬,公琰
操琰,公琬
操貴持,子敬
擴廓帖木兒,庫庫特穆爾,王保保
攀桂,月樵
攝圖,沙缽略可汗
支令令,令令,子珪
支以德,天麟
支偉成,懋祺
支叔向,子正
支叔芳,幽齋
支可大,有功
支國弼,藎卿
支大綸,心易,華平
支如璋,德彜
支廣德,普菴
支彥,法柱
支復娘,子璋,復娘
支恆榮,季卿,常華,繼卿,艾卿,芰青
支應昌,雲龍
支應瑞,汝賢
支應酉,榮可
支文玉,文翁
支新娘子,志堅,新娘子
支昭訓,宅安
支昭詔,宅安
支時起,興道
支景山,慕賢,柏岸
支機,靈石
支清彥,少鶴,雙桂堂
支渭興,文舉,龍溪
支爾滋,相器
支琮,敬將
支立,中夫
支茂,德榮
支訥,景回
支詢,小孚,溪郎
支謨,子玄
支郎子,郎子
支錕,文川
支鑑夫,明道
支隆,德林
支雄,良器
支黻,孟哻
攴夔,克敬
攸哈剌拔都,興哥
改淑明,佩芝,古茸女史
改琦,七薌,伯蘊,伯韞,玉壺外史,玉壺山人,白香,香白
效曾,述堂
敏安達爾,達夫
敏悳,銘悳
敏登額,特登額
敏達,月華,餘痴
敖仲實,且齋
敖冊賢,全甫,文卿,金甫
敖右賢,子尚,秋田
敖名震,少海
敖和,正樂
敖國琦,慕韓,浩然
敖宗慶,汝承
敖山,靜之
敖成,丹九,勇慤
敖敬緒,理齋
敖文禎,嘉猷,文穆,龍華
敖毓元,化潛
敖漢萬選,子昭,馬萬選
敖瀾,顧樓
敖璠,蒙泉居士,貴之
敖繼翁,君善
敖翊臣,庚渠
敖英,子發,敖清江,東谷
敖遂初,青陽隱者
敖選,用卿
敖鉞,秉之
敖銑,純之
敖陶孫,器之,臞菴
敖鯤,化甫,南溟
教化新,元公
敦岱,覺羅敦岱
敦崇,禮臣,鐵石
敦敏,子明,懋齋
敦福,覺羅敦福
敦誠,敬亭,松堂
敦鳳舉,鳴岡
敬儼,威卿
敬兆葵,蓮舫
敬和,琴舫
敬天資,穎堂
敬延祚,延祚
敬惇典,禮堂
敬括,叔弓
敬捐之,道行
敬斯忠,鼎臣
敬有齋,季菽,筠卿
敬相,敬湘
敬華南,映海
敬覺,德峻
敬鉉,大寧先生,鼎臣
敷敏本,魯之
敷楚賢,柱六
文三俊,文瀛,癡客
文丕,雨畦,顯亭
文世光,仲英
文中,正甫
文中運,望厓,望盧
文乘,應符
文九成,蘭土
文伯仁,五峰,德承
文作,振甫
文佳成林,竹坪
文俊德,士賓,秋水
文保,介如,佑之
文俶,端容
文儀,士表,革齋
文元,宗之
文元善,子長,虎丘
文元發,子悱,子棑,學圃齋,淸涼居士,湘南
文兆奭,季堂
文兆爽,季棠
文先謐,無非
文先謚,文先謐,無非
文光,鏡堂
文光朝,鶴田
文克謙,德柄,忠肅
文全,煥卿
文冲,一飛,子和
文務光,逸民
文勛,安國
文化遠,又山,可村,殷侯
文午榮,文寧,景仁,第才三
文博,菊坪
文卜年,枚臣
文及甫,周翰,文及
文及翁,時學,本心
文吉,士林,靄如
文同,安靜文同,文湖州,石室先生,笑笑先生,與可,錦江道人
文含,書深,西莊
文啟,伯元,佑人,子承
文啟灥,湘芷
文嘉,休承,修承,文水,次子
文在中,德充
文在人,雪門
文塏,爽齋,裘齋
文壇,杏齋
文士南,山甫
文士弘,元任,安節先生
文士慶,積善
文壽崋,文壽華
文壽華,蕖村,西亭,鎮侯
文夢轅,仲吉,喚醒
文大漳,清泉
文天祥,文文山,文山,宋瑞,履善,信国公,文信国公,天祥,宋端,從龍,忠烈,文雲孫,第千一,雲孫
文天錫,純心
文如玉,璋甫
文孟端,月卿
文守元,定斯,融谷
文安之,汝止,鐵庵,鐵菴
文安國,子家
文宗伊,莘野,萃野
文宗道,敬菴
文宜,時中
文寧,文幹,芝崖,蔚其,遠皋
文岱,震青
文希儒,真卿
文師汲,賓門
文幹,芝崖,蔚其,遠皋
文廷式,知過軒,純常子,羅霄山人,芸閣,葆巖,蕓閣,薌德,道希,道溪,道熾,雲起軒,雲閣,麟生
文弘獻,敬菴,汝徵
文彥博,寬夫,忠烈,潞國公
文彥若,公順
文彭,三橋,壽承,文水,長子
文從昌,南岳,順之
文從簡,彥可,枕煙老人
文復之,廷實
文徵明,征仲,徵仲,文璧,衡山,貞獻先生
文德,修甫
文德敎,可化,東湖
文德翼,燈岩,用昭
文德馨,惟吾,筱銘
文志仁,心之
文志貞,正夫
文志鯨,石濤
文慶,孔修
文應昌,雲龍
文承寵,象屏
文拱臣,德夫
文拱辰,德夫
文掞,二洗子,古香,貞愨,賓日
文教溶,文川
文敬,笏山,雲莊
文敬仝,欽之,滄溪
文斐,幻盦,延年,牧希
文方,子靜,少江
文昌時,亦平
文明,沃焦,用晦,用誨
文明欽,濬川,靜川
文星,奎耀
文星瑞,奎垣,樹臣
文映江,岷山,文麻子
文晟,叔來,壯烈,宜亭,梧生
文景藩,履祥
文景虎,嶧陽
文書海涯,貫道
文月能,國華,第一
文有年,子傅,子傳
文本仁,勿齋,性之
文林,宗儒
文柟,慨庵,慨菴,曲轅,端文
文柱,東川,砥中
文格,式岩,式巖
文森,宗嚴,次子
文榕,南甫
文榘,鈞榘
文正倫,濟道
文氏(王子美妻),博洽
文永譽,公達,天倪
文汝梅,用和,香月老人
文治,叔平
文泰,萬通
文洪,功大,功夫,希素
文淑,端容
文漢光,斗垣,煥章,鍾甫
文澍,橘菴,汝霖
文濬,哲卿,雪吟
文炳,卓峰
文炳星,宿海
文然,弓雲
文煥,仲雲
文煥章,聘莘
文熊,卜庵,建周
文玉,式如
文琦,仲英,少珍
文琴,焦木
文瑞,應祥
文瑾,士輝,雙槐
文璧,季萬,文溪
文皓,孔晹,孔暘,文晧,溫簡先生,西泉
文益周,仲郁,白蓮堂
文益成,叔裁,玉洞
文益漸,三憂堂,忠宣公,日新
文矩,子方
文祖堯,介石,日月外史
文祥,博川
文禮愷,夢得
文秉,南溪石室,孫符,竺塢,蓀符
文穎,叔良
文篁,湘華
文紀房,仲律
文維新,廣田
文綸,如亭,貺之
文緝熙,勵勤,味琴,廷揚
文緯世,叔章,楓巖
文緯地,叔章,楓巖
文繪地,錐錁
文繼貞,希道
文翔鳳,大青,天瑞,太靑
文肇祉,基聖,塔影園,雁峰
文自奎,西坑,西垣
文自峻,稟岳
文臺,允承,祝峰
文舒曜,定齋
文良鳳,梧岡
文蔚,豹人,露軒
文藝,蕉農,道園
文衡,似山,公孺
文調鈞,衡菴
文貴,天爵,松齋
文賚,汝霖
文質,學古,海屋,雁門叟
文赤,周寫,周舄
文起,子行,觀潮
文超靈,文超雲
文輅,子乘
文輝,友石
文輝祥,明山
文連隆,豐園
文運熙,時雍
文達,味書,聰四
文邦選,彥豐
文郁,煥庭,芝楣
文銳,挺之
文陞,學山,文莊,遜志
文隆子,尚志
文階,克升
文雅,以南,正軒
文震亨,啟美,節愍
文震孟,吳中三孟,從鼎,文肅,文起,湛持,湛村
文靜玉,湘霞
文風堂,蘭軒
文魁,華甫
文鳳階,丹山,月山
文鴻盛,逵卿
文點,南雲,南雲山樵,與也
文鼎,學匡,後山,後翁
文龍,雲海
斌椿,友松
斐仁,同仁,愛仁
斐太一,貝多
斐正文,端峯
斐莫志和,叔雅,春圃,藹雲
斐鑑,印川
斛僖,公和,宗魯
斛律光,明月
斛斯師德,仲銳
斛斯政則,公憲,恭公
斛斯祥,德善
斛斯翹,淳風
斛斯虔,景公
斡勒海壽,允常
斡欒海牙,德弘
斡玉倫徒,克莊,海樵
斡脫赤,忠遂
斯泰,世安
新爾丹,祁爾丹
方一夔,富山先生,方夔,時佐,知非子
方一桂,世芬
方一藻,子元
方一鳳,丹山,瑞甫
方三應,伯貞
方世京,可大,可菴
方世儁,毓川,竹溪
方世型,羽儀
方世環,西玉
方世立,孝朗,怡雲居士
方世舉,息翁,扶南
方中,大本
方中履,合山,素伯,素北
方中德,依嚴,傳經樓,書種齋,田伯,遂上居
方中發,有懷,遯叟,鹿湖
方中通,位伯,位白,陪翁
方之孝,孺子
方之慶,公趾
方之泰,嚴仲,巖仲
方九功,允治
方九敍,禹績
方于魯,大滶,建元
方亞夫,幾仲
方亨咸,吉偶,姐哥,邵城,邵村
方京,彩林,方潔
方亮,孝徹
方亮工,季鄰
方仁,行恕
方仁沛,博泉,靜然
方仁淵,侍雲老人,耕霞
方介,子和
方介臣,純甫
方仝翁,希玄,遯庵
方以智,五老,墨歷,大可,宏智,密之,弘智,愚者,文忠先生,昌公,明末四公子,智可,曼公,木立,江北讀書人,江藏軒,浮山,浮山愚者,無可,無可大師,無可道人,無道人,稽古堂,膝寓,藥地,藥地和尚,藥地愚者,連理亭,釋宏智,釋弘智,釋無可,長子,鹿起
方以知,惟義
方仲嘉,朝瑞
方仲梓,雨香
方仲荀,方仲詢
方仲謀,公輔
方价,子嚴,方儼
方任,志伊,近沙
方份,孟文
方伯謙,益堂
方伯鑑,德新,鑑泉逸叟
方伸,石潮
方位,七十六,惟立
方佑,廷輔,建輔
方佺,允吉
方來,脫庵
方來崇,士功
方俊,伯雄
方俊南,衡山
方信孺,好庵,孚若
方倚雲,倚雲女史,雲卿
方偕,齊古
方傅恩,鹿茶
方傑,宗卿
方傳勛,心齋
方傳恩,鹿岑
方傳穆,仲雯,彥和
方傳穟,穎齋
方傳質,子彬
方儀,儀父,懋翁
方儒棠,憩伯,聘梅
方儒灼,見亭
方允昌,全之
方允鐶,子佩
方元修,時敏
方元儒,思曾,欽儒
方元吉,文甫
方元啟,竹友
方元宷,道輔
方元寀,道輔
方元彥,士美,岱陽
方元恪,幾先
方元會,木庵
方元秀,德謙
方元英,俊甫
方元茂,蔚林
方元衡,莘田
方元鵾,振颺,海槎,鐵船
方兆科,耕堇
方先甲,慎雲
方光昭,順存
方光祖,振緒
方克,惟力,西川
方克勤,去矜,愚菴
方克猷,子壯
方全,用周
方公權,石巖,立道,道立
方公衮,汝補
方公袞,汝補
方其乂,同甫
方其柏,庭粹
方其義,次公,直之
方典,大常
方冊,載道
方冲,澹然
方凌翰,起林,韻亭
方剛,抑強
方功惠,慶齡,柳橋,碧琳琅館
方功渤,同春,恬澄
方劭,方邵
方勉,懋德
方勉勤,克成
方勉柔,時剛
方勛,務堂,斐然
方勺,仁聲,泊宅翁
方匋,仁夫
方升,世猷
方占鼇,晟魁
方印,欽佩
方原,景淵
方友桂,燕山
方友楨,寧周
方叔完,子固,道全
方叔毅,百里
方受疇,來青,次耕
方受穀,耕花
方召,茂鄰
方召南,文化,為齊
方可,青君
方史,直作
方吉甫,叔申
方名榮,素傳
方向,一菴,與義
方員,懋規
方啟垚,春田
方啟大,廣居,裕昆
方啟封,春田
方啟賢,惟學,敏公
方啟顏,叔希
方喜,良翰
方喬,仁高,仰喬
方回,希顏
方國佐,君英
方國儒,烈愍,道醇
方國棟,乾霄,干霄,艾賢
方國煥,孔文
方國珍,國眞,方國真,方珍,方真,方谷珍,方谷真,衛國公,谷貞
方國璋,榮愍
方國祥,六橋
方坤,萬成
方坦,丹衢,履上,龍眠山人
方坰,子春,思臧,思藏,朔夫,生齋
方培之,厚栽,子畬,少牧
方培愷,悌丞,鍔青,麗生
方培濬,哲甫,毅齋
方基,天真,性齋
方堃,竹軒
方堯相,節愍,紹虞
方塘,二山
方墉,既堂
方士亮,君繩,慕庵
方士寁,右將,石壁下人,西疇
方士寧,彥昌
方士庶,天慵,天慵庵,天慵庵主人,小師,小師老人,小師道人,小獅道人,循遠,洵遠,獅子,環山
方士彬,筠圃
方士揆,宏略
方士淦,濂舫
方士玢,士魯
方士端,德明
方士繇,伯休,伯謨,遠庵
方士舉,元勛,元勳
方士衡,叔權
方士麟,聖祥
方士鼐,庚眉,羹梅,調臣
方壬,若水
方壽,祖仁
方壽昌,筱亭
方壽明,南翁,慶龍,第百二,震卿
方夏,函之
方大任,君用
方大壯,履之,履齋
方大川,萟蘭
方大東,東叔
方大樂,憲夔
方大淳,希程,稼軒
方大湜,守初,菊人
方大猷,允升,崦藍,歐虞,歐餘,鷗餘
方大琮,壼山,德潤,忠惠,鐵菴
方大美,冲含,思濟
方大輿,德原
方大鎮,君靜,文孝先生,魯岳,魯嶽
方大鏞,德錄
方天瑞,景雲
方天與,景賢
方天若,彥稽
方天葆,石泉
方天錫,景範
方天雨,濟甫
方天驥,翠坡老子,龍友
方太古,一壺生,元素,寒溪子
方如珽,子正
方子容,南圭
方子方,正叔
方子靜,方尚老
方孔時,叔茂,紫岑
方孔炤,仁植,潛夫,貞述
方孔矩,爾從
方存心,中全
方孚,叔達
方孝,舜瞿
方孝友,希賢
方孝孺,侯城先生,小韓子,希古,希直,文正,正學,正學先生,遜志
方孝標,元錫,樓岡
方孝聞,希學
方孟卿,正夫
方孟式,如耀
方孟縉,文卿,朝儀
方學,日升
方學伊,叔任,莘卿
方學周,夢亭,愚谷
方學孟,十五,子醇
方學漸,本庵
方學聖,振林
方學蘇,仲海,次坡
方宇和,霄堂
方守,宜約,省齋
方守彝,倫叔,淸一老人,賁初
方守敦,凌寒,常季,槃君
方安仁,伯壽
方宏綸,漢旃,美卿
方宏靜,定之,采山先生
方宗,伯蕃
方宗敬,春田
方宗昇,季平
方宗誠,玉裁
方宗輈,鶴卿
方宙,子正
方定垣,筱雲
方定遠,靜山
方家模,楠卿,鶴旬
方家橙,景黃
方家澍,誌初,雨亭
方家駿,筠波
方宷,同甫
方寀,德載
方寅亮,子功
方富業,子勤
方實孫,淙山,端仲,端卿
方審權,立之,聽蛙
方寶印,景符,第六
方寶彝,鞠裳
方寶慶,鶴泉
方寶椿,春木
方導,夷吾
方小蘊,懷珠
方尚本,子立
方履泰,節愍
方履篯,彥聞,術民
方履籛,富蘅齋,彥聞,术民,求民,江左僑民,萬善花室,蘅齋
方山京,子高,硯庵,硯菴
方岐,素易
方岡,季山
方岱濟,巨川
方岳,恆謙
方岳貢,四長,忠介,禹修
方峻,景通
方崇年,翼雲,蕊疄
方崇智,宏韜,淸池
方崇棠,樹棠
方崗,予甫
方崙,三十六,石山,靜夫
方崧卿,季申
方嵩,景高
方嶟,可邨,謙山
方嶠,次山
方嶷,耘軒
方左鉞,武成
方希孟,天山逸民,小泉,嶧民
方希覺,民先
方希顥,幼箴
方師尹,元壽,彭老,民瞻,第四十一
方常,秉彞
方幟,漢樹,馬溪
方干,方三拜,玄英先生,玄英處士,補唇先生,雄飛
方幼學,行父
方庭玉,致美
方庸,文中
方廉,以淸,雙江
方廣德,神童
方廷堅,持正
方廷實,公美,廷美,方庭實
方廷淐,方廷焻
方廷瑚,幼樗,鐵珊
方廷瑾,德玉
方廷璽,信之
方式濟,屋源,沃園,沃源,渥源,述本堂,陸塘
方式玉,哂齋,式如,涉江,玉如,石頭,醉翁
方弘靜,定之,釆山,采山先生
方張登,午莊,耘墨,褚堂
方彥珍,岫君,靜雲
方彥老,元卿
方彬,二十三,文中
方得一,以夫
方從哲,中涌,中涵,文端,汝愚
方從義,方壺子,無隅,金門羽客
方從龍,叔雲,淸夫,第十五
方復,文英
方徵,介菴,可久
方德堃,蕙田
方德至,遂初
方德醇,劍潭
方德麟,方賞,藏六
方德龍,雲先
方必受,方必壽
方志讚,襄臣
方忠軾,可憑,慎齋
方念祖,文房
方思孝,立行
方思潤,廷膏
方思行,書紳
方怡,子順
方恆,子永
方恆德,聖懷
方恩壽,仁山
方恪勳,芑田
方恬,引軒
方恭釗,勉夫
方恮,子謹,退齋
方惟深,子通
方愨,性夫
方慎從,惟之
方慎言,應之
方慤,性夫
方慧儀,仲敏
方慶中,壽安
方慶祥,六合堂,子餘
方憲,宜弼
方應元,蓮浦,運湳
方應庚,長卿
方應時,列堂,可堂
方應清,秋鑑
方應瀚,養沖
方應發,君節
方應祥,孟旋,青峒
方應選,明齋,眾甫,衆甫
方應龍,梅叔,梅窗,梅窗居士
方懋學,壯行
方懋德,元相
方懷英,畹餘
方戊昌,季方
方成培,仰松,岫雲
方成珪,國憲,守孔約齋,寶硯齋,敬業堂,珤研齋,瑤齋,雪齋
方成郯,景問,本祚居士,稚官,穉官
方承晟,大生
方拱乾,何陋居,坦庵,方若策,甦庵,甦翁,甦老人,肅之,蘇庵,蘇庵老學人,裕齋
方振,叶文,容齋,小悟齋,少悟齋,葉文
方振業,玉昆
方振聲,義烈
方振鑑,菱塘
方授,子留,季子,月圃
方掌珍,伯珠
方揚,初菴,思善
方揚遠,遐舉
方擢,書升
方擴,端立
方攸績,君謙
方攸躋,君敬,篆石
方政,忠毅
方敏,文勉
方敏中,仕文
方敦靜,性初
方文,用中
方文僎,子公
方文炎,炯亭
方文瑚,邦器
方文瑞,河書
方文翰,樨園
方斫,子木,韋溪先生
方新,定溪,德新
方斲,子木,韋溪先生
方於穀,拳莊,石伍
方日乾,健菴,體道
方日新,永嘉小方,湯夫
方旬,敬肅,晩松堂
方旭,鶴叟,鶴齋
方昂,叔駒,坳堂,訒庵
方昇,啟東,起東
方昌翰,宗屏,滌儕
方明,倚雲女史
方星,文奎
方春熙,拜經,耕梅,鱗伯
方是仙,淡然
方時化,伯雨,少初
方時可,亨仲
方時學,敏之
方晉明,德昭
方暕,文郁
方暹,明父,明甫,明甫(父),連雲先生
方曄,愚迂翁,聖時,迂愚翁
方曜,蓮漪
方曰瓊,偉子
方會,子元
方月容,素玉
方有度,方叔
方有楨,鷺濤
方有臨,簡夫
方有開,溪堂,躬明
方朔,小東,果齋,頑仙
方朝,勺湖,東華,芬靈野人
方朝宗,朝宗
方朝榘,勘伯
方期星,北菴
方東樹,儀衛,儀衛老人,儀衛軒,副墨子,思適居,植之,考槃
方杲,景輝
方松,春生,鶴樓
方林,雲溪
方根矩,晞原
方桂,友蘭,雲軒
方桂森,秋岡
方梅卿,和仲
方梓,子發
方棠如,芾舍,若召
方棫,景楫
方棻如,若遠
方椿,子喬,子橋
方楘如,文輈,樸山,若文,藥房
方楷,句婁,子可,引康
方榮秉,厚卿
方槐生,時擧,時舉
方槑,聖因,遜一,雪屏
方樗,北村,壽父,壽甫,子踐
方樹仁,擇中
方樹本,根遂,竹坪
方次彭,公述
方正澍,伴香閣,子雲,方正添,玉溪,花韻山房,花韻軒
方正玉,葆羽,鶴洲,龍眠
方正璆,五峰,子方,序左
方正脩,仲安
方步瀛,小湘,潤千
方武子,景絢
方殿元,九谷,九谷子,蒙章
方毓昭,煙霞內史,雲軒
方毓辰,荻漁,迪余
方氏,孝烈皇后,孝烈端慎敏惠恭誠祗天衛聖皇后,孝烈端順敏惠恭誠祗天衛聖皇后,孝烈端順敏惠恭誠祗天衛聖肅皇后
方民悅,懋德
方永安,思恭
方永昺,且初,日初,旦初
方永泰,以和
方永齡,無盡
方求,可竹
方汝一,淸卿
方汝嘉,子言
方汝强,南夫
方汝梓,惟恭
方汝疆,南夫
方汝紹,芰塘,際唐
方汝翼,右民
方汝謙,敬承,牧園
方江,山甫,彤奎,海雲
方沆,子及,訒菴
方沛霖,雨三
方治,進卿
方泌,三十一,二宜,繼源
方法,伯通
方泰,岳庵,東山
方泳,方詠
方泳之,子實,方芹之,潛深,芹之
方洄,從伊,星蕓
方洙,聖傅,聖德
方洪,養原
方洲,亦遵
方浩,孟亭,孟高
方涉,文進
方淇,子春,戒軒
方淇藎,寶臣
方淑,智善
方淑儀,玉潯
方淙,伯宗
方淮,履齋
方淵,深之
方淵如,深甫
方清孫,潛仲
方源聚,函光
方溢,文晬
方溥,成大
方滋,務德
方演孫,景行
方漸,富文
方潛,方士超,毋不敬齋,碩存,魯生
方澍,六岳
方澤,玉泉
方澥,源深
方濟奎,東井
方濟寬,嘯霞
方濬,德明
方濬師,夢簪,子嚴,蕉軒
方濬泰,子健,東岩
方濬益,伯裕,子聰
方濬頤,二知軒,古香凹,夢園,子箴,寶米齋,待月簃,忍齋,題襟館,飲茗
方濯,孺纓
方瀾,思源
方灌,菊隱
方炯,杏翁,用晦
方炳,昭遠
方炳奎,月樵
方炳文,星垣,虎臣
方烜,成章
方焕,方涣
方煇,自新
方煒,燮和
方煜,愚迂翁,聖時
方照,子青,春寓,梅岩
方熀,枕雲,梅儔
方熊,望子
方熊祥,子望
方熙,孟明,文一
方燕年,永三,鶴人
方燕庚,希白
方燕昭,伯融,蕊初
方燧,深柳道人,玉山
方爾咸,澤山
方爾謙,地山,無隅
方牧,孟芻
方猶,壯其
方猷,元老
方獻夫,叔賢,文襄,方献夫,方獻科,獻科,西樵
方玄成,孝標,方孝標
方玉坡,石樵
方玉垣,瑤圃
方玉潤,友石,星烈,洪濛
方玉璞,恬庵,理岩
方玉璪,勤庵,採卿,梅翹
方玠,方玉,無為子
方玢,治泉
方珌,元善
方珍,素娟
方珨,仲和,曉山
方珪,純潔
方球,南園
方琚,世良
方琛,元獻
方琢,元章
方琬,宛玉,少君
方琮,橙浦,澄浦
方瑑,元圭,元珪
方瑔,仲淮
方瑛,眉士
方瑜,元忠
方瑞照,淳日
方瑞麟,仁甫,聖徵
方瑾,玉懷
方璘,文玉,鑑海
方環子,仲玉
方瓘,明谷,時素
方用,希才
方用儀,仲鴻
方申,瑞齋,端齋
方甸,季侯
方略,作謀
方疇,困齋,耕道
方登,樵城
方登嶧,屏柘,鳧宗
方發,鳳剛,鳳圃,鳳岡,鳳罔
方矩,大器
方祥,四十七,履祥
方禹錫,文瑞
方禾,耕叟
方秉,月槎
方秉國,均甫
方秉孝,行先,農髯
方秉白,直甫,草堂
方秉鈞,蓮浦
方積,叔高
方積球,彭年
方積驊,楚璋,躡雲
方立盛,竹圃
方立經,錦川
方端,察甫
方竹,白山,瞻彔
方笙,豫賓
方符,子約
方筠,蘭畦,雪廬
方範,敘道
方簡,君在
方簡輿,利用,周尚,第六,赤哥
方粱,方梁
方粹然,心醰,雪瓢
方紀達,行可
方純仁,時勉
方紹堯,祁卿
方紹董,竹軒
方紹震,我田,治田,莪田
方絢,君素,濯錦先生
方維儀,仲賢
方維則,季準
方維幹,濟生
方維甸,勤襄,南耕,南耦,南藕,心蘭室,葆嚴,葆岩,葆巖
方維祺,春之
方綰,五五,念五哥,淸卿,清卿,第念五
方縉,八十八,時彥
方績,展卿,牧青,青展
方義,敬齋
方義壯,伯猷
方義夫,夢得,德充,德輔,第千九七
方翀卿,飛英
方翊清,琴泉
方翥,次雲
方耀,照軒
方耒,困齋,耕道
方聊聚,友槎,樹星
方聯孚,琴舫
方聯甲,木橋,蓬累子
方聯聚,樹星
方聲宏,偉子
方聲洞,子明
方職,藎思
方肯堂,子升
方育盛,拷舟,與三
方胤,穆孫
方臘,聖公
方自華,實君先生
方至,君玉,天慵
方致祥,心齋
方與時,湛一
方興,義軒
方舜年,樵苓
方舟,時濟
方良堂,春宇
方良孺,稚子
方良曙,二十三,子賓,暘谷
方良永,壽卿,松厓,松崖,簡肅
方良節,介卿,雪筠
方良範,子賢
方芳佩,懷蓼,芷齋,鳳池
方芾林,召棠,幼泉
方苞,抗希堂,望溪,望溪先生,靈皋,鳳九
方若坤,子靜
方若夔,衣江
方若徽,仲蕙
方若蘅,叔芷,畹芳
方若麟,湘漁
方華欽,竹南居士
方萬,盈之
方萬山,仰之
方萬有,奎山,如初
方萬策,元忠
方萬里,子萬
方葆珊,保三,海舲
方葇如,荔帷,藥房
方蒙,七星集
方蒙仲,方澄孫,澄孫,蒙仲
方蔭華,季嫻
方薌林,肖蘭
方薰,井研齋,嬾儒,山靜居,抱璞山人,樗庵,樗庵生,樗盦,樗菴,石門布衣,禦兒鄉農,蘭坁,蘭坻,蘭士,蘭如,蘭池,蘭生,語兒鄉農,遇安居士,長青,鬻兒
方薿,耘軒
方蘋,仲禮
方行,明敏
方行可,從志
方裕清,笠津孽女
方覲,蔤汀,近文,近雯
方觀承,問亭,嘉榖,宜田,恪敏,東閣,述本堂,遐榖,遐穀,開寧
方觀旭,升卿,升齋
方觀海,魯山
方觀濤,秋浦
方觀瀾,方山氏,紫庭
方詠,方泳
方誌,信之
方誼,賓王
方誾,彥和,龍亭居士
方謙,纯吉
方豐之,德亨
方象瑛,渭仁,金門大隱,霞莊
方豪,思道,棠陵
方貞,幹周
方貞觀,南堂
方貢孫,去言,竹溪
方資,逄原,逢原
方賢,玉書
方軫,和同
方輅,洪載
方輔,廷臣
方輔宋,方寅
方輔悟,惺民
方輗,叔行
方辛,雲岩
方适,彥周
方通,叔時
方逢嘉,君會,嚴隱
方逢堯,景雍
方逢年,書田,獅巒
方逢振,可齋,君玉,山房先生
方逢時,兆行,樗野,行之,金湖
方逢辰,君錫,夢魁,方夢魁,方達辰,聖錫,蛟峰先生
方逢龍,騰甫
方進,以禮
方逵,景由
方遇,時父
方運籌,幄臣
方過,仁甫
方道叡,以愚,方道壑
方道夫,德弘
方道濟,謙初
方道章,定思,用安
方道通,寓庸
方達,惟望
方遠宜,伯時
方適,虛谷先生
方遵㯙,柳湖
方遵轍,榔澳
方選,于公,子公
方邁,子向,日斯
方邦慶,以賢
方邦望,表民
方都秦,百二
方都鎬,周士,臥雲
方采,君采,墨林居士,方君采,采伯
方重傑,思興
方金彪,寅甫
方鈍,仲敏,子銛,礪庵,礪菴,簡肅
方銘正,一帆
方銳,安平侯,廷器
方鋻觀,鏡湖
方錫慶,浮渡,麟軒
方鍇,楚金,鐵君
方鎔,伯冶,耐軒
方鎬,仲京
方鎰,子兼
方鏞,笙甫
方鑄,劍華,子陶,華胥赤子
方長庚,方復臨
方長春,寅之
方長豫,秋梯,秋槎
方阜鳴,子默
方陟,雲泉
方陶,柳村
方隆,景盛
方際商,卓如
方雲,竹君
方雲卿,怡雲,龍眠女史
方雲翼,景南
方雲駿,又申
方雷震,聲甫
方震,補德
方震初,石泉
方震孺,孩未,念道人
方霖孫,第五一,雲卿
方霞初,石泉
方青,阿青
方韓,若韓
方順,利帆
方頌齡,立之
方頤靜,敬之
方顏,國老,星郎,第二十,鄭哥
方顔,國老
方願瑛,實村,實邨,石村,符白
方顯,孔融
方駿謨,元徵,耐餘
方騄,卓群,鏡湖
方騫,蔭山
方騭,玉裁,雲泉
方體,茶山,道坤
方體祖,仰齋
方鳳,改亭,時鳴
方鳳岐,鳴山
方鳳時,梧生,芰圃
方鳳鳴,藻臣,集阿
方鵬,時擧,矯亭
方麟時,劍子,栗其,牧石道士
方鼎,牧村
方鼎銑,肖園
方齊壽,暢九
於士宏,體乾
於學琴,桐軒,洞軒
於寬,德裕
於心匡,鼎來
於惟一,德夫
於敖,伯度
於斯和,爾節
於聞,子行
於青年,於荷
施㷾,岱霞
施一德,子脩
施三捷,長孺
施世惠,憲章
施世綸,南堂,南堂先生,文賢,潯江,靜齋
施世英,俊卿
施世驃,勇果,怡園,文秉
施丙,仲南
施之勛,顛顛
施之博,濟航
施仁,壽卿
施佩鳴,蘧修
施俊,用章
施保裔,紫園
施偉,卓齋
施偕隱,山居
施健,體乾
施儒,聘之,西亭
施允壽,伯和
施元之,德初
施元孚,六洲,德交
施元徵,曠如,泰先
施元長,景仁
施元龍,殿選
施光顯,文模
施典章,子謙,鼎臣
施化理,贊廷,雲溪
施千祥,善徵
施升,伯信
施南一,與之
施同仁,禮齋
施啓宗,儀先,敏先,毓先
施啟宇,稚桐,雨農
施國祁,北研,吉貝居,禮耕堂,非熊
施均,利亭,和亭
施坤,資生
施坦,季平
施坰,林宗
施培增,翰臣
施培應,起東
施堯百,希舜,華江
施堯臣,忠甫,欽甫
施士洁,應嘉,澐舫,耐公
施士潔,喆園,應嘉,沄舫
施士衡,德求
施夢樞,宋卿
施夢龍,伯雨
施大任,和叟,施天任
施大夏,禹聲
施大業,與三
施天德,象尼
施天麟,以德
施奇,廷偉
施奎,漢章,竹坡
施學澍,春谷,雨王
施學濂,大醇,施學廉,耦堂
施守業,左喬
施安,石友,竹田,靜岩
施宜春,梅江
施宜泰,梅九,梅江
施宜生,三住老人,必達,施逵,明望
施家樹,肯哉,雪樵
施宿,武子
施寶,思琛
施尊賢,左虛
施履亨,春樹
施山,鎭卿
施峻,平叔
施崶宗,西橋,西翹
施嶽,仲山,梅川
施希泰,靜川
施師點,正憲,聖與
施庭臣,廷臣,揚休,施廷臣
施康年,壽翁
施廣,施寅
施廷弼,星南,燮材
施廷桂,鳳橋
施廷樞,北亭,慎甫
施廷燦,紹齋
施廷璜,信齊
施建烈,叔愚,叔隅,獨翁
施彤芳,香谷
施彥士,樸齋
施彰文,美蘅,香海
施得霖,施德霖
施德操,彥執,持正先生
施德欒,北山,蘭皋
施德禎,天瑞
施恕,勉仁,十四
施惠,君美
施愚,小山,鶴雛
施愛,十一,欲周
施慶修,小峯
施慶祥,履庵
施應藻,仲文,徵頌,箏秋
施承蕊,芳英
施振瀛,曼仙
施掌珠,佩蘅
施政,長尹
施文勝,文質
施文銓,壽民,怡雲山人
施文顯,煥伯,膚菴
施昌言,正臣
施昭庭,寄篁,筠瞻
施昱,子貞
施晉卿,子一
施有奎,文晏,聚五
施朝幹,培叔,小鐵,鐵如
施朝榦,六義齋,培叔,小鐵,廷午,施朝幹,朝幹,鐵如
施朝鐺,揚衡,選卿
施杓,鯉門
施柔荘,浣秋
施栗,德寬
施桐,晉卿
施槃,彥器
施樑,仔吾,澹寧
施樞,浮玉,知言,芸隱
施汝欽,典和,少雲
施沆,信之
施沛霖,少垣,潤齋
施泰亨,守正
施泰時,大來
施浚明,二華
施浥培,遂園
施浴升,子明,旭臣,紫明
施淇,竹泉,衛濱
施淏,朴堂,樸堂
施淑儀,學詩,湘痕
施淵然,少才
施溥,伯言
施澐,君珊
施澤緜,子長,孝潔
施炌,涵若,澹珍
施炳星,奎垣
施焜然,孺朗
施焞,孟餘
施煦,次峯,霞峰
施燦,星羽
施爾志,荊塗
施玉鬯,潄芳
施琅,尊侯,泰舒,琢公,琢玉,襄壯
施琪,永叔
施琰,文壁
施瑛,漢瑞
施瑮,質夫,質存,隨村
施璜,施黃,玉虹,虹玉,誠齋
施皋,聖襄
施禮,仲節
施禹功,彥成
施端教,匪莪
施策,勵菴,懋揚
施篤臣,敦甫
施紀雲,鶴生
施純,彥厚
施累,元功
施紹武,施紹培,樹之,樹存,石樵,靈石山房
施紹闇,定安,襄夏
施維翰,及甫,淸惠,研山
施綺,浣溪
施縉,壯毅
施縝,德玉
施繩武,大宗
施繼常,蘅甫
施耳,子安,耐庵
施聚,威靖,懷柔伯
施肇元,長也
施肇曾,省之
施肩吾,希聖,栖真子,華陽真人
施舜顯,聖揚
施芳,蕙貞
施葆修,壽生,靜山
施行義,方屏
施裕,克寬
施補華,均父,均甫,峴傭,施份,澤雅堂,竹屋
施觀民,于我,龍岡
施訓,庭方
施誠,君貴
施調賡,少愚,軸三
施諤,黃施諤
施諲,敬叔
施謙,自勖,自南,蘭垞
施譽,次仲,砥園
施貞,蓮因
施貫之,少曾,慶孫,第千念五
施贊唐,四紅詞人,槁蟫,琴南
施近臣,晉甫
施退翁,以道
施逢元,天虞,惟貞
施道生,績堂,西山,酉山
施遠恩,魯瞻
施邁,德遠
施邦曜,四明先生,忠介,爾韜
施郁,景文
施鈞,則夫
施鉅,大任
施錫曾,借林,永沂,香草
施錫衛,小蓮,康藩
施鍾,秀峯,秀峰
施鏞,洪聲,淇聲
施閏章,上白,夢愚堂,學餘堂,寄雲樓,尚白,屺山,屺雲,愚山,愚山先生,愚道人,愧蘿居士,施佛子,獨樹軒,玉溪外史,矩齋,蠖齋
施陛錦,祖誠
施陽得,復徵
施階,恆占,橫瞻
施際清,穆亭,緝熙
施雋,桐卿
施雨,文峯,文峰,潤之
施霆亨,尊道,榮南
施震,亨甫
施震銓,長六
施霖,廷相
施靜儀,芝田
施韡,佩蘅,棣莊
施鳳,東岡高士,鳴陽
施鳳來,羽皇
施鴻保,可齋,榕生
施鵬,祖鯤,雲翼
施麟瑞,玉符,篔谷
施鼎,立亭,龍文
日運滄,清兮
旺都特那木濟勒,如許齋,衡齋
旻寧,宣宗,效天符運立中體正至文聖武智勇仁慈儉勤孝敏寬定成皇帝
昂吉,啟文
昂天䎖,存庵
昌士氣,養浩
昌應時,廷佐
昌文貴,呂文貴,天爵
昌樹培,冠軒,完軒
昌永,禹功
昌祿,珍齋,綏之
明之綱,禹書,立峰
明俊,仁俊
明保,子徵,竹礀
明倫,天序
明兆麒,紫卿
明克峻,少白
明奎,覺羅明奎
明安,二黑
明安圖,靜庵
明安答兒,武毅
明安達耳,士元
明希晉,家本
明德,至善
明德紹,厚齋
明惠,菊人
明慧,悟修禪師
明昇,歸義侯
明昌,復齋
明春華,龢皆
明時舉,直卿,虞繇
明晟,宋聲
明欲,了菴,南堂
明玉珍,太祖,文武至聖皇帝,旻玉珍,旻珍,旻眼子,旻瞎子,明玉真,明眼子
明理不花,惟一
明睿,作聖
明經,致用
明纘道,用甫
明訓,鼎雲
明通,梅江
明里察,康懿
明鋠,修園
明鋹,修蜀
明鎬,化基,文烈
明雅,子儒
明鳳岐,桐軒
明龍,東陽
易世澤,雨民
易中孚,信菴
易之瀚,浩川,蓉湖
易以巽,汝中
易仲信,雪崖
易佩紳,健齋,函樓,壺天遁叟,壺天遯叟,壺天閣,子笏,子芴,易園,未亭,笏山,芴山
易俊,南舫
易倣之,惟傚,惟效
易偉,兼山,成大
易元吉,慶之
易兆羲,畫初
易先,太初,忠節
易光惠,濂舫,濓舫
易原,以淸
易可久,三十九,德夕即
易國勳,岱松
易培基,寅村,鹿山
易堂俊,海青,見三
易大華,易大年
易天成,卓庵,琢之
易如剛,仁甫,通妙先生,通妙葆真先生
易子彬,鵠惺
易子炎,天祥
易學實,去浮
易學清,業鏡,蘭池
易學起,小坪
易孺,大廠,季復,韋齋
易宗夔,蔚儒
易宗涒,公申,賁庵
易官善,雪峯
易定基,安卿
易家霖,煦庵,煦菴
易寬,十一,栗夫
易寶善,桐雨
易居仁,民表
易履,安道
易履元,垣齋
易履泰,眉川
易延慶,純孝先生,餘慶
易廷斌,思成,石農
易廷望,都人
易思,易偲
易思義,宜中
易恆,久成,泗園叟
易應昌,瑞芝
易應雲,易應榮
易才英,君養
易振元,培亭
易文濬,問齋
易文贇,廣美
易時中,嘉會,愧虛
易景升,方游
易暐,光道
易書紳,縉臣
易本初,致善
易本烺,眉孫
易棠,召甘,念園,貽芬書屋
易正元,占吉,謙齋
易正大,伯芹,文孫,直方,第百十
易準,平叔
易潤壇,畇荄,荷生
易炳,易丙
易炳奎,曼農,望隆,業修
易炳晃,筆山,鳳游
易為鼎,用王
易玉如,晉卿
易瑜,仲厚,玉俞
易瓚,廷用
易登瀛,君選
易祓,山齋,彥祥,彥章
易禧善,允甫,易元善,石坪
易立中,中甫
易章玉,漢喬,漢橋
易節,志遐
易縳,孟微
易舒誥,欽之
易良俶,屏山
易芳,天培
易茂,中莆,靜吉
易莞,德修
易蓁,後齋
易蔭之,春卿,春軒
易蘩,南蘋
易袚,彥章
易謨,嘉言
易貞,丞午,成吾,煚士
易貴,天爵
易贊寧,襄伯
易超,蘇臺
易輗,仲載
易道暹,曦侯,曦賢
易道沛,晴湄
易道談,進明
易重,鼎臣
易鏡清,本傑,蓮毓,蓮航,蓮舫
易鑒章,月潭,鈞衡
易長楨,晴江
易長華,子實
易雍,邵子
易順鼎,一厂,中實,中庸,中碩,仲碩,哭厂,哭庵,哭盦,奚哭齋,容園,實父,實甫,寶瓠齋,慕皋廬,懺绮,懺绮齋,懺绮齋主人,摩圍閣,易碩,林屋,楚頌亭,楚頌樓,照霞樓,玉虛子,玉虛齋,琴志樓,眉伽,眉心,眉心室,石甫,碧湖秋梦詞人,碩甫,種石,葉笑庵,蘭伽,靄園,龍陽才子
易鶚,九霄
易鸞,和鳴
昔依,青寄
昔橫,飛卿
昔溎,文濤
昔里哈剌,襄靖
昔里鈐部,貞獻
昝仝,毅章
昝如心,子推,峩東
昝如思,子學
昝居潤,廣川
昝斌,務斌
昝萬壽,昝順
昝誠,篤學
星吉,吉甫,忠肅
春溥,伯熙,博泉
春熙,介軒
春生,春升,春陞
春臺,顧齋
春輅,和甫,式之,陽和
春長,晴欄,澤如
是奎,晚齋,玉雯
是鏡,仲明,誠齋
晁仲參,孝先
晁仲熙,子政
晁仲衍,子長
晁仲詢,芻民
晁公休,子嘉
晁公壽,公艾,平子,晁公艾
晁公慶,仲石
晁公武,子止,昭德先生
晁公為,子莫
晁公秉,伯均
晁公遡,子西
晁公邁,伯咎,伯皋,傳密居士
晁冲之,具茨先生,叔用,用道
晁升之,升道
晁子健,伯彊,強伯
晁子與,淸容居士,點仲
晁宗恪,世恭
晁宗愨,世良,世長,文莊
晁將之,旡斁,無斁
晁崇,子業
晁德儀,宜興縣君,文柔
晁必登,汝吉
晁昇,曙堂
晁東吳,叔泰
晁氏（元昭皇后）,元昭
晁瑮,君石,春陵
晁百談,元默,晁伯談
晁百谷,元歸
晁盡孝,克仁
晁端中,元升
晁端仁,堯民
晁端友,君成,君陳,晁端有
晁端彥,美叔
晁端禀,大受,寂默居士
晁端禮,次膺
晁端稟,大受,寂默居士
晁端規,夢規
晁補之,旡咎,歸來子,濟北,無咎
晁觀之,盥道
晁詠之,之道,叔予,晁深之,深道,知道
晁說之,以道,伯以,季此,景迂
晁説之,以道,伯以
晁謙之,恭道
晁貫之,季一
晁載之,伯宇,伯羽
晁迥,文元,明遠
晁采,試鶯
晁隆之,伯順
晁顯,顕卿
時中,大本
時偕行,汝徤
時儼,晴川
時元熙,澹川,祉卿
時在,一致
時圯授,期五
時塏,哲夫
時夢洪,壽孫,椿老,毅甫,第省一
時大杭,葦洲
時太初,大本
時嫺,宜幽
時嫻,宜幽
時少章,天彝,所性
時山漢,佃芝,柱和
時式玉,筠石
時彥,邦美
時旦,慕周
時晟天,鳳國,鳳岡
時曰淳,時曰涥,時曰湻,淸甫
時曰醇,淸甫
時植,良材
時永新,汶橋,銘三
時汝功,德懋
時汝翼,德輔
時汝賢,舜舉
時涇,仲淵
時淇,叔瞻
時源,子自,果齋
時澐,伯江,夷介,子澐,子雲,遜齋
時瀾,南堂拙叟,叔觀,子瀾
時畏天,鳳岡
時當可,文舉
時紀,德憲
時經訓,誌畬
時舉,正起,訥齋
時觀,子中,是齋
時象晉,越皆
時軫,允暘,漁逸
時通,睿夫
時鈞轍,西巖
時銘,佩西,香雪
時鋹,長卿
時鑄,壽卿
時際可,逸溪
時震,伯威
晆章煥,德新
晆紘,朝冕
晉人驥,滋雲,潄雲
晉光試,斗淵
晉廷楫,濟川
晉憲,習齋
晉應槐,似齋,念冲先生,植吾
晉榮,景侯,錫三
晉汝賢,才卿
晉鵬舉,雄飛
晏乂,明粲
晏仕翹,應望
晏仲穎,君超
晏君掄,延庸
晏大正,子中
晏大烈,功甫
晏安瀾,丹右,惕庵,海澄
晏宗望,秋文,秋水
晏幾道,叔原,小山
晏承仲,晏承冲
晏敦復,景初
晏文欽,錫珊
晏文輝,懷泉
晏文顯,崇道
晏斯盛,一齋,楚蒙山房,虞際
晏曜,德明
晏殊,元獻,同叔
晏淳一,典五,心田
晏溥,慧開
晏溫,益三
晏然,所同
晏珠,廷光
晏知止,晏崇讓
晏端書,巢芸,彤甫,桐甫,蛻叟,雲巢
晏端溶,翔生
晏訴真,雪研女士
晏輅,邦制
晏轍,同軌
晏鐸,振之
晏防,宗武
晏霱明,雲章
普剌,允中
普化鐵木兒,兼善
普慶,春霖,曉岩
普智,一枝叟,無碍
普祥,博齋,治平,續鐸
普答剌吉,榮襄
普羅鼐,坡羅鼐,婆羅鼐,波羅鼐,玻羅鼐,瑣南多結,頗羅鼐
普達世理,原理
普達實立,仲溫
普顏,子壽
普顏不花,希古
普顏脫忽憐,靖忠
景仲光,文華
景佐,良弼
景公直,頲之
景其濬,劍泉,哲生
景卿,夢弼
景厚,敦甫
景啟祥,青陽
景善,茀亭
景壽春,眉峯
景天相,吉人,慎軒
景如柏,景如栢,東庭
景崇曾,秋田
景嵩,惟中
景廉,秋坪
景延廣,航川
景思忠,進之
景慶,覺羅景慶
景應熊,誠庵
景方旭,明久
景方昶,旭林,樨庵
景日昣,冬昜,冬暘,外方柱史,崧生,崧臺,嵩厂,時禱雨齋,景日珍,東暘,東陽,袖烟堂,袖煙堂,高崖
景昌,海亭
景明,中宇
景星,德輝,訥菴
景星杓,亭北,菊公
景春林,杏村
景暘,伯時
景步瀛,仙洲,遷洲
景步逵,鴻洲
景江錦,秋田,蠡門
景泰,周卿
景清,耿清
景溎,小川
景溱,濟之,蒲津
景潤,子中,礙雨
景澤,小晴,筱晴
景瀛,玉洲,雨滄
景燮,閬仙
景玉,淸如
景發振,衣千
景福,介之
景禐,佩珂
景章,速卿,雲河
景翩翩,三昧,景遙,翩翩
景耀月,太昭
景考祥,履齋
景蘭金,溶文
景謙,福泉
景貞運,我新
景運昌,芝田
景隆,祖庭,空谷
景霖,澍田,雨臣
景麟,東圃
景黃裳,元叔
智京,仲敬
智光,無隱
智及,以中,廣慧
智受益,仲謙
智悟,淨參
智熙善,子元
智迂,仲可
智順,逆川
暗伯,忠遂
暗都剌,瑞芝
暗都剌哈蠻,彥翬
暢,紹川
暢亨,文通,陽亨
暢大隱,潛道
暢師文,文肅,泊然,純甫
暢懷貞,仲鄰
暢昉,欽明
暢泰兆,含元,素庵
暢當,暢大
暢篤,堆音,曾伯
暢華,子實
暢雲松,壽南
暨唐裔,堯本
暨陶,粹翁
暴大儒,梅村,超亭
暴孟竒,純甫
暴式昭,方子
暴昭,剛烈
暴益,仲謙
暴莊,休莊
暴賢,洪相
暴顯,思祖
曉古台,武靖
曠作成,篔谷
曠成春,琴仙
曠敏本,岣嶁,魯之
曠楚賢,振南
曠鳴鸞,聲和
曲世淳,季璞,樸山,漢村
曲元縝,知柔
曲出帖木兒,有誠
曲夢鯉,謂南
曲惠,順卿
曲樞,忠惠
曲氏(李士素妻),麗卿
曲珍,君玉
曲福綬,印臣,夢樓
曲端,壯愍,正甫
曲遷喬,允升,帶溪
曲銳,朝儀
曷剌,安穆
書綸,碩農,紫園
曹?,仁叔
曹?瀛,星槎
曹䦎,次蕭
曹一介,子和,筠軒
曹一元,慎夫
曹一士,濟寰,諤庭,諤廷
曹一夔,子韶
曹一貫,唯夫
曹一鳳,伯儀,翔宇
曹一鵬,冲宇,子運
曹一麟,伯禮
曹三德,安道,日亭
曹三暘,子泰,雲山
曹三祝,襄愨
曹丕,子桓,魏文帝
曹世欽,悅菴
曹世盛,方坡,際卿
曹世貴,仲明
曹丙煇,俊三
曹中,久德,文德
曹中技,小菴
曹中裕,子餘,餘子
曹之升,寅谷,登階
曹之謙,兌齋,益甫
曹之驊,路先
曹九韶,舜音
曹于汴,真予,真予先生,自梁,貞予
曹亞伯,凌雲
曹亨,伯貞
曹京,梅邨,雲路
曹亮武,南耕,渭公
曹仁,子孝
曹仁希,企之,曹仁熙
曹仁虎,來應,來殷,吳中七子,宛委山房,杭仁虎,硯靜庵,習庵,習菴,萊嬰,萊殷,蓉鏡堂,詠典堂
曹仙,小瓊
曹代蕭,畫一,莒岸
曹以植,建甫
曹仲埜,希文
曹伯啟,士開,大開,文貞
曹伯堅,仲益
曹伯成,子諫
曹伯棨,惕忱
曹伯清,以濓
曹佃,耕道
曹佐熙,攄滄,書倉,毅庵
曹作雲,季能,季龍
曹佩英,小琴
曹佺,存之
曹佾,公伯
曹來旬,伯良
曹俞,舜咨
曹信,信玉
曹修古,述之
曹倣,汝學
曹倬,二養堂,大而,恥齋
曹偉,太虛,文莊,梅溪
曹偉皆,莪屺
曹偕,光道
曹傅,幼巖
曹儀,亮疇
曹允儒,魯川
曹允升,中孚
曹允武,季服,寄庵
曹允源,復庵,根蓀
曹元,以貞
曹元忠,君直,夔一
曹元慶,餘亭
曹元方,介皇,淳村,耘庵
曹元會,敬齋,濟父
曹元瑞,侶白
曹元用,子貞,文獻,超然
曹元發,正己
曹元芳,曹元方
曹元錦,綴雲
曹元鼎,彞仲,銘之
曹光,原實
曹光實,顯忠
曹光祚,伯延,胤從
曹光詔,識山
曹光遠,忠景,晦甫
曹克忠,藎臣
曹克明,堯卿
曹公遠,明斗,未詳
曹冠,宗元,宗臣,雙溪
曹凱,宗元,宗原
曹利用,用之,襄悼
曹勑,嘉正
曹勛,公顯,功顯,忠靖,松隱
曹勳,允大,峨雪,東干釣叟
曹勵成,蓮生,運生
曹博,守約
曹卿,廷爵
曹原傑,名父
曹友仁,梅湖,汝益,頤齋
曹友夏,次辰
曹友山,志雲
曹友聞,允叔,毅節
曹叔遠,器遠,文肅
曹叶卜,曹汝弼
曹司勳,應麒
曹司賢,名卿,齊卿
曹同德,同野
曹同統,容庵
曹名世,序五
曹告春,問農,近山
曹命敎,彝甫,澹雲
曹和澍,沛之,雲卿
曹唐,堯賓
曹善,大多山人,復堂
曹嗣宗,益顯
曹嗣昭,性若
曹嗣榮,濮陽,繩之
曹嘉,仲禮
曹嘉期,素庵
曹國柄,翼宸
曹國榘,叔方
曹國樸,槱之
曹國英,月峯
曹坦,中履,己圲
曹垂璨,六琪,綠岩
曹垓,德夫
曹垣,微亭,星樞
曹城,仲宣,顧崖
曹埜,子學
曹基申,建奎,雲亭
曹堃,味廉,味齋
曹堅,子石
曹堯咨,唐弼
曹士俊,智千
曹士冕,端可,陶齋
曹士國,元治
曹士鶴,元翀
曹壽,曼齡
曹壽奴,山姑
曹壽銘,文孺,烺齋
曹大中,和宇,鼎谷
曹大任,景伊,毅齋
曹大俊,即三,心穀
曹大同,子貞
曹大咸,元和,翼野
曹大埜,仲平,荔溪
曹大川,長融
曹大昌,耆卿
曹大有,野臣
曹大本,彥禮
曹大濩,尚白
曹大章,一呈,二十,含齋
曹大聲,子先
曹天佑,慶亭
曹天憲,恆卿
曹天祐,有卿
曹天錫,鴻序
曹奇,仕奇
曹奎,秋舫
曹奐,元帝,元皇帝,景明
曹好益,士友,文簡,芝山,貞簡
曹如海,敬元
曹妙清,比玉,雪齋
曹娥,福應靈孝昭順純懿慧感夫人
曹子勤,祇甫,鼒簠
曹子念,以新
曹子昂,伯仁,鶴泉
曹子朝,以立
曹子登,以漸
曹存心,仁伯,樂山
曹孚,偶寄,非聞
曹孚中,木舟
曹孝先,元恩
曹孝慶,可昌
曹學佺,右倉,夜光堂,忠節,浮山堂,淼閣,澤雁,石倉,石倉園,石倉居士,福廬,聽泉閣,能始,西峰,西峰居士,西峰草堂,雁峰居士,雁澤,雪桂軒
曹學好,少家
曹學彬,介峰,再華
曹學程,希明
曹學詩,以南,震亭
曹學閔,孝如,宗丞,慕堂,紫雲山房
曹守貞,子一
曹宏,維裕
曹宗瀚,于源,嵐樵
曹宗璠,汝珍
曹宗載,問渠,桐石,鐵梅
曹定國,安卿
曹宜溥,子仁,鳳岡
曹宣,子猷,筠石
曹家甲,安峯,爲質
曹家達,尹季,穎甫,鵬南
曹寅,子淸,楝亭
曹察,明卿
曹寶珠,佩秋
曹尚治,子景,忠貞
曹居一,南湖散人,聽翁,通甫
曹履吉,淩軒
曹履泰,曙山,樹珊
曹岐,鳴鳳
曹岐山,雲築
曹岠,巨山
曹峰,魯山
曹崇,子高
曹崇之,唐老
曹崈,宗山
曹崐,來鳳
曹嵩,太皇帝
曹希璨,遁庵,韞生
曹師曾,雲浦
曹平,公正
曹庠業,江盧
曹庭棟,六圃,慈山,楷人
曹廉,惟淸
曹廣楨,梅訪
曹廣榮,桐生
曹廣權,南園,東寅,東瀛
曹延祚,熙載
曹廷傑,亞東平情人,彞卿
曹廷華,端士
曹廷鎬,西伯
曹建,旡妄,立之
曹弘,毅之
曹弘立,弘立
曹彌昌,季文,季父
曹彥可,節愍
曹彥約,昌谷,簡甫
曹彦卿,國老
曹彬,國華,武惠
曹得,希賢
曹德,建德
曹德慶,肯堂
曹德華,山甫,迪諧
曹必聞,天成
曹志,伯康,拱和居士
曹志清,仙楣,鑑塘,鑒堂,顓枚
曹忠,東山,顯卿
曹忭,十二,子誠,紀山
曹忱,曹溪,藎臣
曹思正,貞吾
曹思鑑,鏡齋
曹思順,彥信,柏窗
曹怡老,曹愉老
曹恆吉,履常
曹恕,本忠
曹恩,汝錫
曹恩溁,鼎泉
曹惠琳,康氏
曹惪華,山甫
曹愈參,右淸,方夔
曹愷業,修庭
曹慎,思永
曹慎儀,叔惠,叔蕙
曹慰,雪軒
曹慶,宗禮
曹慶孫,安雅先生,瀼東漫士,繼善
曹慶恩,蘊琛,錫蕃
曹慶龍,子雲,慶孫,景雲,第七
曹憲,正叔
曹應旭,晉之,籜園,米庵
曹應符,梅渚,泰叔,海渚
曹應鸞,和叔
曹懷,于德
曹懷猷,朴齋
曹承宣,式九
曹承祖,松園,松圖
曹振,二白
曹振翎,荀山
曹振鏞,一罫軒,儷笙,懌嘉,文正,綸閣,話雲軒,雲軒
曹振鑣,鐵軒
曹掄彬,炳菴,號炳
曹操,孟德,曹孟德,魏武帝,阿瞒,曹阿瞒,太祖,武皇帝
曹敏,人峰,芝亭
曹敏中,子訥
曹敦琦,又廉,文廉
曹敦禮,雙桂居士
曹敬,慎修
曹敬元,慎修
曹文在,沚人
曹文埴,帶星草堂,文敏,文植,直廬,石鼓硯齋,竹虛,薺原,覲薇,近薇,香山
曹文姬,書仙
曹文昭,鎮齋,鬱軒
曹文晦,伯輝,新山道人
曹文正,景范,芥溪
曹文漢,仙槎,倬雲
曹文炳,德章
曹文秀,子實,雪汀
曹文緯,闇冲
曹文英,景華
曹文衡,君平,曹以衡,㝠鴻先生
曹文錦,濯汀,濯江
曹文魁,子英,英子
曹日增,仲謙
曹旭耀,曙東
曹昈,日華
曹昉,子明
曹昌先,以新,子念
曹昌燮,曹傑
曹昌祺,少蓉,潤之
曹明勖,栗村,汝偶
曹易,一致
曹昞,曹耳丙
曹星谷,禦香,竹人
曹昭,明仲,曹照,雲間寶古生
曹時中,定菴,宜晚,時中
曹時憲,偉齋
曹時聘,嗣山,希尹
曹晟,叔明
曹景,十五,廷彰
曹景宸,映青,楓亭
曹景廷,幹屏
曹景瀛,懶夫,藍甫
曹景芝,宜仙
曹晶慶,桐軒
曹暉,近光
曹曄,彥華
曹曦,羅浮
曹曰英,彥傑
曹有開,必卿
曹木,去非
曹本,子中
曹本仁,務園
曹本榮,伯安,厚庵,厚菴,木欣,欣木
曹松,夢徴
曹松年,壽之
曹松齡,露庭,鶴亭
曹某,元意
曹某某,曹鎭
曹柔則,如範
曹柔和,荇賓
曹柔美,如璧
曹柯,國用
曹梅,子和
曹棟,二十,見川,隆卿
曹棨,嘉徵,戟三
曹森,仲楷,寶書
曹植,健中,南冥,文貞,楗仲
曹楙堅,堅音匏,曇雲閣,樹蕃,樹藩,艮甫
曹楷,正夫
曹榕,菊農
曹榘,居中,曹炬
曹榮,成丞
曹樓,世登
曹樹奎,斗南,金門
曹樹穀,書農,藝五
曹樹翹,春林
曹樹藩,价人,癸午
曹機,虞卿
曹檟,元拱,竹鄰
曹次何,耕道
曹欽,三良
曹正,性之
曹正國,良有
曹正笏,桂亭
曹步庭,敏齋,敬齋
曹毅,士弘
曹毓瑛,子瑜,恭愨,曹毓英,琢如
曹氏(張某妻),易遷
曹氏(曹嗣先女),延美
曹氏(趙禎妻),慈聖光獻
曹氏（李存勗母）,貞簡
曹永,世長
曹永年,君壽
曹永璋,寶峯
曹汝弼,夢得,松蘿山人
曹汝愚,柳溪
曹汝淦,嘉浦
曹汝蘭,斯馨
曹汝鰲,汝鼇
曹汝麟,石如
曹汲,彦修
曹汴,子東,自山
曹汾,子晉,道謙
曹沂,魯泉
曹沆,德廣
曹泰,以安
曹泰曾,匯初,茹庵
曹洪宜,琴和
曹洪梁,寧伯,雉山
曹浦蓮,茂南,隨齋,靜軒
曹涇,弘齋,淸甫,清父,清甫
曹淇,元圭,霞寓
曹淑英,華玉
曹深,文淵
曹渭,朝恩,聖思
曹湘浦,楚卿
曹湘蓮,述齋
曹源郊,東木,東牧
曹溶,倦圃,兩河使者,含漪堂,學耨書屋,巢山亭,文隱堂,桐華書屋,溪山真意軒,潔躬,澄懷閣,留真館,留青館,白學先生,秋岳,秋嶽,秋獄,聽雨齋,自冶園,花尹,芳樹亭,范湖草堂,蒼雪齋,邀月榭,鄴起堂,采山樓,野航,金陀別館,金陀老人,金陀老圃,鈍漢,鉏菜園,鋤菜翁,鑒躬,隙光亭,雙遂堂,靜惕堂,靜春,靜鏡居
曹滎,以年
曹漢弼,公亮
曹漢良,受圮
曹漢英,守而,文忠,晦谷
曹潤堂,柘庵
曹潮,朝卿
曹澄,景澈
曹澍鍾,穎生,雨若
曹濡,汝育
曹瀾,二十三,文源
曹灼,用晦
曹炘,季昭,蘭垞
曹炯,重光
曹炯章,世宏,梧岡
曹炳曾,巢南,為章
曹炳燮,鐵香,鼎臣
曹炳賡,銀香
曹炳麟,吟秋,鈍吟
曹焜,秋漁,素為
曹煃,在魯,聚垣
曹煐曾,春浦,祖望
曹煒,霞坪,霞屏
曹煜,孟輝
曹煥嫣,燦然
曹煥章,采芝生
曹熊,占吉,瀛方
曹熙衡,素徵
曹熾昌,保東,鶴嶼
曹燁,曹曄
曹燮,伯調,敬軒,鏡珊
曹燮培,理邨
曹燮湘,价繁,价藩
曹爾坊,子閒
曹爾堪,子顧
曹爾禎,曹爾楨
曹獻瑞,椒飲
曹玉,廷珮
曹玘,安僖
曹玨英,盥華
曹珖,用韋
曹珪,廷獻
曹理孫,悅道
曹琚,仲玉,十二,桂山先生
曹琛,廷實
曹琥,瑞卿,秀山
曹琦,字瑞,念祖,應瑞,第元一
曹琨,佩瑤,飯藿老人
曹琪,淮湄,玉度
曹琮,寶章,忠恪
曹琳,佩卿,棣華,珮琴
曹瑋,寳臣,寶臣,武穆
曹瑛,曹英
曹瑞,天錫
曹瑞林,鳳山
曹瑾,定庵,懷樸
曹璉,汝器
曹璘,廷暉,廷輝
曹璜,于渭,伯玉,元素,楚石,礎石,維章
曹璣,子衡
曹璨,武懿,韜光
曹璪,子華
曹璽,廷玉
曹甡孫,儀陸,易庭
曹用,子成
曹用之,道冲
曹用霖,雨農
曹申吉,澹餘,逸庵,逸菴,錫餘,餳餘
曹當勉,可賢,衡松
曹登庸,苑仙,薌溪,鉢堂
曹發先,署山
曹皋,見虞
曹盅,囦明,牧庵
曹益淸,襄平
曹盤,新塘
曹眉壽,麋袖
曹睿,新民
曹知白,又玄,雲西
曹矩,誨之
曹石,乖崖
曹確,公易
曹礎,潤夫,潤甫
曹祝齡,申之,鏡淵
曹祥,世奇
曹禋,禮夫
曹福元,仲修,再韓,曹花萼交輝閣,遠翰,邃翰
曹禾,世嘉,龍田
曹秀先,冰持,芝田
曹秀林,華卿
曹秉哲,吉三
曹秉濬,朗川
曹秉衡,子鈞
曹秉譲,虛谷
曹秋雲,秋雲居士
曹科,申聯
曹稹孫,德堅
曹穀,戬宜
曹穎叔,力之,曹熙,秀之
曹穭孫,穎實,許山
曹立身,五峰,顯堂
曹章,闇齋,雲鶴
曹端,月川,月川先生,正夫,靜修
曹笏,定之,石樵
曹筠,庭堅
曹箖雨,和川,稚川,雅川
曹簡,士廉
曹粹中,放齋,純老
曹組,元寵
曹絳,思厚
曹經沅,纕衡
曹緣皋,鶴儕
曹緯,元象,彥文
曹繩柱,介岩,介巖,匪石,壽安
曹繼商,宗聖,忠貞
曹繼孝,達卿
曹繼祖,漢臣
曹義,子宜
曹翁善,君錫,曹宏善,第萬八六
曹翥,元叔
曹翰,武毅
曹翰書,寶臣,硯農
曹翰臣,湘恬
曹耜,仲本
曹聯桂,馨心
曹聿金,象成
曹肅,士先
曹肅孫,伯繩,伯纯,小亭,文亭,柏亭外史
曹肅瑜,尊山
曹胤昌,石霞
曹脩古,述之
曹臣俊,公著,寧耐,無閟
曹自守,伯化
曹致虞,舜卿
曹興,懷遠侯,曹興才,興才
曹興宗,伯起
曹良史,之才,梅南
曹良臣,安國忠烈公,宣寧侯,忠壯,忠莊
曹芝,荔帷,莖九
曹芝田,雲耕
曹芳,厲王,廢帝,蘭卿,邵陵公,邵陵厉公
曹芸,繼芬,誦清
曹英,世傑
曹荃,元宰
曹莊,日強
曹華,蟠根
曹華卿,秀林
曹萬美,掌綸
曹萼真,綠華
曹葆珣,仲璘,希遠
曹葉齡,子壽
曹蓮,熙齋
曹蓼瑞,伊莪,菁阿
曹藍田,琢之,璞山
曹蘭,德芳
曹虎,士威
曹虞,炳嵐
曹衡,宗衡
曹覲,仲寳,仲賓
曹觀先,畏山
曹觀遠,啓善
曹觱,修士,平州
曹言純,古香,種水,絲贊
曹詒孫,梓牟,次謀
曹評,公正
曹詢,汝庸
曹誘,公善,忠定
曹誥,仲宣
曹說,泰宇,習之
曹謙,廷遜
曹豳,文恭,東圳,東甽,東畝,西士
曹貞,元度
曹貞吉,升六,升階,實庵,實菴,珂雪,迪淸
曹貞秀,墨琴
曹貽桂,小山
曹貽誠,心一,心儀,福芝
曹起鳳,士元
曹輔,子方,靜常
曹輻,子進
曹辰容,杼亭,石苓
曹辿,辿容
曹近光,景祐
曹逢己,能謙
曹逢時,夢良
曹連,廷器
曹逵,履中,沙溪
曹道,萃齊,萃齋
曹道振,伯大
曹適,西山
曹邁,熙臺
曹邃,熙臺,熙荃
曹邍,擇可,松山
曹邦輔,子忠,忠烈,東村
曹鄴,業之,鄴之
曹醴泉,石岩
曹金,煥亭
曹金籀,葛民
曹鈇,民威
曹鈿,右文
曹銑,二十二,子良
曹銓,秉衡
曹銘,克修
曹銜達,仲行,子安
曹銜遠,子安
曹銳,又裴,友梅,鍔堂
曹鋼,汝時
曹錕,仲珊
曹錦彝,婁齋,惠齋
曹錫,敬思,晉伯
曹錫嘏,介眉
曹錫堃,采藻
曹錫寶,劍亭,古雪齋,容圃,檢亭,鑑亭,鴻書,鴻鳴
曹錫文,忠簡,順甫
曹錫淑,曹延齡,采荇
曹錫珪,半涇女史,曹榛齡,采蘩
曹錫辰,北樞,畏壘
曹錫黼,菽圃,誔文
曹錫齡,受之,定軒
曹鍔,岱峯
曹鍷,時範
曹鍾浩,寶誠
曹鎡,時用
曹鏷,良金
曹鑑,以齋,克明,文穆
曹鑑倫,彝士
曹鑑冰,曹冰鑑,月娥,葦堅
曹鑒倫,彞士,蓼懷
曹鑒冰,月娥,葦堅
曹鑣,琢文,礪庵
曹锟,曹仲珊,仲珊
曹開業,樹標
曹閏國,閏國
曹閔,宗孝
曹閶,冀成
曹隆,邦盛
曹雪芹,曹霑,梦阮,雪芹,芹圃,芹溪
曹雲昇,履平
曹雷,啟東,素菴
曹震,景川侯
曹霑,夢阮,廢藝齋,悼紅軒,燕市酒徒,空空道人,紅樓夢主,耐冷道人,芹圃,芹溪,芹溪居士,雪亭,雪芹
曹霖,龍溪
曹靖,公安
曹靜照,月士
曹韓,可宗
曹飛鴻,海仙
曹首望,統六
曹騰,高皇帝
曹騰煥,含章
曹騰進,升五
曹驊,吉雲,雋伯
曹驤,潤甫
曹髦,少帝,彥士,高貴鄉公
曹鳳,西野,鳴岐
曹鳴珂,蘭穀,蘭谷
曹鳴遠,篁詩
曹鴻勛,仲銘,曹鴻勳,校經堂,竹銘,蘭生
曹鴻翼,慎齋
曹鴻舉,時庵,秋皋
曹麟,汝祥
曹麟開,雲瀾,黻我
曹麟閣,績庭
曹鼎,曹日鼎,萬鎰
曹鼎望,冠五
曹鼐,怡園
曹龍先,履堂,復堂
曹龍樹,星湖,松陵,松齡
曺一夔,汝一,當以
曺後益,汝謙
曺應仁,善伯,陶村
曺挺立,以正,梧溪
曺次彬,晩花亭
曺義生,敬叔,西郭
曼惠吉,子元,迪齋
曼靖鄂本兌,俄本代
曾?,垤耶,湖峰
曾㮚,德寬
曾䡵,文載
曾一元,叔仁
曾一漢,明善
曾一經,正夫
曾一貫,恕堂
曾一鶚,叔翔
曾三壽,山偕
曾三復,無玷
曾三異,無疑,雲巢先生
曾三聘,忠節,無逸
曾三英,無愧
曾上庚,蓮峯
曾世儀,仲威,鴻階
曾世昌,公裕
曾世榮,德顯,育溪
曾世澤,雨村
曾世爵,乖崴,叔祁
曾世義,宗和,示和
曾丰,幼度,撙齋
曾之撰,君表,聖與,詮仲
曾九喬,教千,翥千,耆千
曾乾亨,于健,健齋
曾于拱,于拱,思極,恩極,魯源
曾五典,昊瞻
曾亨應,子嘉
曾亨甫,會叔
曾介,執初
曾仲魁,斯達,漸溪
曾伉,公立
曾伋,彥思
曾佐平,治齊,治齋
曾佩,德夫,德甫
曾佩琳,錦叢女史
曾佩瑢,錦姿
曾佩璋,錦紋女史
曾侗,魯安
曾倬,一川,漢瞻
曾傑,十二,國佐
曾傳均,文劭,茶村
曾傳贊,仲襄,品石
曾允元,懷可,鷗江
曾元忠,居正,文節先生
曾元海,少坡
曾元澄,亦廬
曾元烈,模遠
曾元福,小曾,輯五
曾元邁,嚴齋,循逸
曾兆霖,意齋
曾先,彥登
曾先之,從野
曾先烈,孟陽,鶴庭
曾光,元明
曾光先,洞莊
曾光岷,蜀章,鶴君
曾光斗,師韓,星齋
曾光烈,蓮亭
曾光祖,承先,景山
曾光祚,彞仲,潛庵
曾光袓,承先,景山
曾光魯,于魯,浴宇
曾克敬,芷潭,躋堂
曾全,復初
曾公亮,宣靖,明仲
曾公尹,景瞻
曾公望,曾濬,武仲
曾公益,誠叔
曾其祀,壽紳
曾冠英,鵬霄
曾冲子,聖和
曾力行,浦亭
曾功傑,雲亭
曾勝,勤勇,誠齋
曾勳垂,鐵珊
曾卓,瀹沂
曾協,同季
曾協均,笙巢,舜臣
曾原一,子實,蒼山
曾原鄔,子周,楚山
曾友德,益三
曾叔卿,升之
曾受一,正萬,靜齋
曾可前,退如,長石
曾同亨,于野,恭端,見臺
曾和應,子瑞,鶴山
曾唯,子一
曾啟賢,敬承,道川
曾善,元父
曾喚,茂昭,莊簡
曾嗣宗,元聲
曾噩,子甫,子肅
曾嚴卿,務光,恭貞
曾囦,廣微
曾国藩,曾伯涵,伯涵,涤生,曾文正,曾涤生
曾國保,事恆,季洪,曾貞榦,靖毅
曾國禎,德符,有菴
曾國荃,叔純,忠襄,沅浦,沅甫
曾國華,愍烈,溫甫
曾國葆,事恆,季洪
曾國藩,伯涵,文正,曾子城,求闕齋,滌生,滌筌,養德養身綿綿穆穆之室
曾國霖,夝初,雨人
曾培祺,壽軒,與九
曾堅,子白
曾士倬,子美
曾士彥,環山
曾士楚,子翹
曾士賢,進之
曾士錧,坤垣,輨經
曾夢傳,習之
曾夢吳,伯珍,寶歌,第二,覺翁
曾夢鰲,君瞻
曾大吉,子脩,潁坡
曾大有,世亨,世享,麟陂
曾大觀,靜齋
曾大鏊,湘之,湘芝
曾大顯,世榮
曾大鼇,湘芝,芝湘
曾奉昂,子蘇
曾如春,仁祥,景默
曾如瑤,尚賢
曾如璋,尚禮
曾如驥,德稱,忠愍
曾子京,型遠
曾子淵,深甫
曾子良,仲材,平山,平山先生
曾孔化,宗周,華山
曾孔遇,惟心,翽羽
曾存,存之
曾存仁,懋逺,梅臺,楙遠
曾孝寬,令綽,公綽
曾孝序,威愍,逢原
曾孝廣,中錫
曾孝純,君施
曾孝蘊,處善
曾季貍,艇齋,裘父
曾學孔,少豐
曾學達,棟山
曾守約,子如
曾安中,舜和
曾安強,南夫,秀溪居士
曾安强,南夫,秀溪居士
曾安止,屠龍,移忠
曾宏蓮,靜香
曾宏迪,幼說
曾宗彥,幼滄,成燾
曾宰,子翊
曾寅,以人
曾察遠,嘨山,陳山
曾寶章,君靜,君麟
曾尚增,南村,謙益
曾尚治,泗亭,虞臣
曾屐,夢登
曾履,德基
曾岳,泰衡
曾崇,希元
曾嶧,舜和,青城山人
曾巽申,巽初
曾布,子宣,文肅
曾希林,茂實
曾幾,吉甫,文淸,茶山居士
曾庠,明升
曾廉,伯隅,非齋
曾廣斌,昺麟,秉麟
曾廣珊,輝遠
曾廣誾,穀堂
曾廣鈞,環遠,約思,重伯
曾廣銓,敬怡,靖彞
曾廣鍾,君融,季融,葆光
曾廣鎔,理初,甄遠
曾廣鑾,君和,恕盦
曾延年,存吾,孝谷
曾延禧,惠伯,舜欽
曾延里,小淑,感萬
曾廷枚,修吉,升三,香墅
曾廷芝,一可,子芳
曾廷試,惟初
曾弘,士弘
曾彝,秉之
曾彥,南洲,士美
曾彥圭,君玉
曾彥季,碩學
曾彬文,仲材,德鈞
曾彰泗,孔林,巨川
曾從龍,一龍,君錫,曾一龍
曾德克,淑珍
曾德操,淑女
曾德耀,淑明
曾德裕,益初
曾必大,萬子
曾志瀛,載文
曾忠,清輔
曾忭,汝誠
曾念,聖初
曾怘,仲常
曾思,懷峴居土,顯道
曾思沂,泗源,浴德
曾思濬,明淵,禹門
曾思睿,厚予,智川
曾恆德,百軒,省軒
曾恬,天隱
曾悟,蒙伯
曾惇,宏父,谹父
曾惠迪,光登,孟吉,希文,第二五
曾愷章,周士
曾慎,敬成,篤齋,麓亭
曾慥,端伯,至游子
曾憲仁,壽亭
曾應召,賡堂
曾應星,冠巖
曾應璋,季章
曾應甫,聲之
曾應貞,元吉
曾應遴,二濂,無擇,韋庵
曾應龍,仁夫,梅所
曾懋,叔夏,曾楙
曾懷,欽道
曾懿,伯淵,朗秋
曾成叔,伯玉
曾才漢,明卿
曾承灝,文鸞
曾承芳,英遇
曾承謙,利川
曾拱辰,朝極
曾振,孝思
曾振宗,子翬
曾振甲,令發,鷺公
曾撙,節夫
曾敏恭,叔謙
曾敏行,浮雲居士,達臣
曾敏遜,積臣
曾敘笏,抬之,搢之
曾敬基,蘭齋
曾文,應彬
曾文炯,華庵
曾文照,知章
曾文龍,月崖,雲叔
曾斗南,南叟,存心
曾日正,秋帆
曾日章,士式,闇谷
曾旦,升仲
曾旺,範填
曾旼,彥和
曾昂,仲英
曾昉,彦和
曾昌正,秋帆
曾明,望蓼,長雲
曾易占,不疑
曾春和,子蘇
曾春昂,子燕,子蘇
曾昭琳,雍之
曾晏,叔陽
曾晞,茂昭
曾晞顏,車軒,達聖
曾晞顔,東軒,達聖
曾景奎,昭文
曾暉春,霽峰
曾曄,晦仲
曾曅,叔茂
曾曙,暘谷
曾曰琥,白卿
曾曰瑛,芝田,芸田,蕓田
曾曰都,姜公,美公,體齋
曾會,以文
曾望顏,冠山,卓如,瞻孔
曾朝棟,景瞻
曾朝瀾,慎衷,谷瞻,鶴園
曾朝節,文恪,植齋,直卿
曾朝陽,仲舒
曾松,堅伯
曾柏,崇介,白茅先生
曾栻,季子
曾梅,以調
曾梧,于陽
曾棟,隆吉
曾棠,方召
曾棨,子啟,襄敏,西墅
曾植,季培
曾楚,維翹
曾極,景建,雪巢
曾楹吉,覺亭
曾榮,仁仲
曾榮祖,聖弼,蘭谷
曾槃,樂道
曾構,叔重,曾慎
曾槐,仲卿,省齋
曾樂,思韶
曾樊貴,茀田
曾樸,彥魯
曾樹椿,怡莊
曾機,伯虞,靜庵
曾櫻,二雲,仲含,忠節,於福州
曾正吉,觀順
曾毓芳,伯醇,香海
曾毓衢,道亨,道寧
曾民瞻,南仲
曾永暄,寅生
曾永清,端本
曾永齡,小楷,小階
曾汝召,公奭,棠墅,澹園
曾汝檀,廊齋,惟馨
曾汝霖,商卿
曾汪源,千波,叔庵
曾汲古,子濬
曾汴,前川,汝誠
曾汾,秋舫
曾治鳳,君儀,君輝
曾泉,本淸
曾浩,德充
曾涉,牧庭,自牧
曾淑品,芳型
曾淑貞,儀型
曾淞,幼荃
曾淳,質夫
曾淵子,廣微,貿遠
曾清,本澄
曾湸,明生
曾源,若泉
曾準,正叔
曾溥,筱泉
曾滂,孟博
曾漸,文莊,鴻甫
曾濟,勉耘,求定
曾炎,南仲,覺翁
曾炤,麗夫
曾炬,日莊
曾炳,旭園
曾炳章,士滸,辛庵
曾炳麟,次鯨,賜經
曾烒,崑圃
曾烻,日宣,筆山
曾焕,少卿,文卿
曾煜,明翁
曾煥,少卿,文卿
曾熙,嗣元,子緝,農髯
曾熙文,叔岩,退庵,酉生
曾熠,定遠
曾燠,唐蕃,庶蕃,藝學軒,西溪漁隱,賓谷,賞雨茅屋,題襟館
曾燦,曾傳燦,止山,青藜
曾爟,日章
曾爾鴻,用逵
曾玉,魯玉
曾玉和,藍田
曾玉屏,星岡
曾玉明,大曾
曾王孫,道扶
曾玥,一峯
曾珏,天鍚,義陽逸叟
曾琿春,咸湘
曾瑀,朝儀
曾瑄,廷獻
曾瑛,廷璧
曾瑞,瑞卿,褐夫
曾瑞棻,福謙,綏臣
曾瑩,石耳,筠園,雪崖
曾璠,子玉
曾璧光,文誠,樞垣
曾璵,少岷山人,東玉
曾瓚,廷器
曾用璜,起渭
曾用虎,君遇
曾甸,奕南
曾異撰,烈愍
曾畹,庭聞,曾傳燈,楚田
曾發,信道
曾發祥,岣嶁山人,戩穀,西坡
曾白柏,新甫
曾益,洪西
曾直,三符,叔溫,惺惺叟
曾省三,又卿,習之
曾省吾,三甫,以三,恪庵,確菴
曾眉,遠山
曾礪,守鈍,石甫
曾祕,泰之
曾祖道,宅之,擇之
曾祿,汝學
曾福謙,伯厚,成垕
曾秀,亦軒,水軒
曾秀翹,仲成,匠林,楚仙
曾秉鈺,平齋
曾秘,泰之
曾穎瑞,履祥
曾穎茂,仲實
曾穜,獻之
曾紀先,經澤
曾紀常,石顛,端銘
曾紀澤,劼剛,夢瞻,惠敏,歸樸齋,詰剛
曾紀芬,崇德老人,舜林
曾紀鳳,摰民
曾紀鴻,栗誠,栗諴
曾紆,曾紓
曾純,景亮
曾紘,伯容,臨漢居士
曾素蓮,潔君
曾紹孔,我山子,泗英
曾紹瑝,佩亭
曾紹芳,世德,某若
曾統,元中
曾經,與權
曾維倫,恆遜,惇吾
曾繼光,企胡,鏡秋
曾繼梧,了園,祖生,鳳崗
曾繼蘭,漢臺,香溪
曾纁,元禮
曾義節,士忠
曾翀,世才,羽中
曾習經,剛父,剛甫,湖樓,湖民,秋翠齋,種參,蟄公,蟄庵,蟄庵居士,蟄盦
曾翕妥,虛淵,虛齋
曾翬,時升,龍坡居士
曾翰,自省
曾耀南,子明,樵江,次豐
曾耆年,壽翁
曾耑,景初
曾肅翁,恭叟,第十七
曾肇,子開,文昭
曾自伊,聘堂,聘章,鶴堂
曾自琇,實符
曾臯,敬修先生,直卿
曾致堯,正臣
曾興仁,受怡,受恬
曾興宗,光祖,唯庵,唯庵鈍叟
曾良儒,作霖,霖巖
曾艾,同俊,虎卿,雲溪
曾芑,子田
曾若洺,漱石
曾若濟,幞岩,心印
曾茂卿,時育
曾華,華叟
曾華蓋,文垣
曾萼,曾蕚
曾蒙簡,曾廉,次子,蒙簡
曾蕃,伯蕃
曾蘭,仲殊,紉秋
曾行中,時仲
曾行崧,榦臣,秀鍾
曾衍,伯曼
曾衍先,樹本,補之
曾衍杲,晴初
曾西元,尚軒,汝鳴
曾覺,道濟
曾覿,海野老農,純甫
曾觀文,伯偉,遹成,頤庵
曾詠,師點
曾誕,敷文
曾誠,存之
曾說,怡如
曾誼,子常
曾諤,正臣
曾諧,小石,載賡
曾譪吉,儀庭
曾豐,幼度,撙齋
曾豫謙,蕓舫,蘊發
曾貞乾,士恆
曾貞幹,事恆,季洪,曾國葆,曾貞榦,靖毅
曾貫,傳道
曾賁,子文,立本,第四十八,道生
曾賢,半山,希聖
曾質粹,南武,好古
曾起濱,雷淵
曾躍鱗,子韻,子龍,曾躍麟
曾載錞,東亭,煉百
曾輔朝,虎臣
曾述棨,思嚴,繼生
曾述經,月樵,譔甫
曾追,文甫
曾逄吉,小樓,小樸
曾逢,原伯
曾逢震,誠叟
曾逢龍,槐甫
曾逮,仲躬,習庵先生
曾逸,世超
曾遇,心傳
曾道南,右興,石興
曾道唯,一齋,右輿
曾道隆,古雪
曾遜淵,慎亭,衍州
曾選遇,衢垣
曾選達,泉之
曾遹,士美
曾重登,科亭
曾釗,冕士,勉士,古輸寥山館,戴靜齋,敏修,毓修,面城樓
曾鈞,前溪,廷和,恭肅
曾鈞謙,溶溪,若豐
曾鉌,聞之
曾銑,子重,石塘,襄愍
曾錫恩,覃甫
曾錫齢,蔚然
曾鎔文,冶成
曾鎰,萬甫
曾鏞,在東,復齋,鯨堂
曾鑄,史卿
曾鑑,煥如
曾長源,白川
曾開,天游
曾開泰,太耒,杜西
曾開源,泉菴
曾集,致虛
曾雲章,士廷
曾震,非白
曾霑霔,會宗
曾靜,夏靚,蒲潭
曾鞏,南豐先生,子固,文定
曾韶顯,子紹
曾順,至順
曾頤吉,笑崖
曾願,謹之
曾魯,守約先生,守約齋,得之
曾鯨,懶雲,波臣
曾鳳,朝陽,秀峰
曾鳳儀,石峯,舜徵,葆眞,金簡
曾鳳韶,唐鳳韶,忠毅
曾鴻子,儀吉
曾鴻翥,雲叔
曾鶴齡,延之,延年,松坡
曾鸞芷,仙洲,華卿
曾麒,祥兆
曾麟,子貞,直素先生
曾麟書,竹亭
曾默,識之
曾黯,曾點,溫伯
曾鼎,十二,復鉉
曾鼎亨,晴湖
曾齡,公壽
曾龍某,子翔
會一貫,載箴
會稽女子,李秀,李秀云
會章,東喬
月倫,宣懿
月倫石護篤,順貞
月倫赤,彥明
月忽難,明德
月擧連赤海牙,襄靖
月朶識脫忽鄰,安惠
月潭,未詳
月赤察兒,忠武
月魯不花,彥明,忠肅
月魯哥,忠靖,莊肅
有慶,餘齋
朔朝霞,曙光,胡朝霞
木兒火赤,忠貞
木天駿,德遠
木安瀾,少泉
木崈,子山
木待問,蘊之
木撒飛,仁甫
木沙剌福丁,忠懿
木盈,濟之
木花里,武毅
木華黎,忠武
木輗,木輅
木青,松鶴,長春
本進忠,勤毅,輔臣
本錫,奔錫
札什嘉木磋,札什札木素
札八兒火者,武定
札剌里丁,彥才
札剌魯丁,明襄
札勒翰,扎爾漢,札爾漢
札庫他柏山,果愍,栢山
札忽兒台,忠肅
札忽兒臣,忠靖
札馬魯丁,愼之
朮其黌,墨泉,雪堂
朮安,簡穆
朮忽難,惠襄
朮赤,穆宗,道寧皇帝
朱?,與西,草孫
朱㫤,明通
朱㫼,師晦
朱㮵,十六子,慶王
朱㰘,二十五子,伊王
朱㲄,晉五
朱䝉繩,季直
朱一冲,第三十,高仲
朱一政,餘齋
朱一新,佩弦齋,拙盦,無邪堂,約經堂,綠芸吟館,蓉生,質盦,鼎甫
朱一是,以養,欠庵,近修
朱一松,應秀
朱一桂,廷萼,月樵
朱一楚,佺齡
朱一沖,高仲
朱一統,烈愍
朱一蜚,健冲,浣桐
朱一貴,朱祖,鴨母王
朱一鍾,堯于,堯千,堯幹
朱一馮,翼之
朱一鳳,儀亭,儀庭,詔廷
朱一龍,虞言
朱三恪,敬軒
朱三省,勝郎,子和,秀永,第百二十七
朱丕基,受之,標謝
朱丕烈,如蘭軒,振巖,正咸
朱世傑,松庭,漢卿
朱世和,節庵
朱世守,惟約,玉槎
朱世平,可均
朱世忠,良弼
朱世炘,衣谷
朱世熙,克咸
朱世爵,葆溪,蔫溪,蕉溪
朱世珍,仁祖,淳皇帝
朱世簠,繼之,飭盦
朱世綸,厚庵,天蘊
朱世衡,仙翁,子平
朱世連,茹升
朱丙壽,少虞,申祿,笙鹿
朱丙鑅,槐亭
朱丙鑠,槐亭
朱丞曾,毅堂
朱中慧,秀含
朱中楣,懿則,石園,遠山
朱乃恭,允卿,平伯
朱乃濟,少蓉
朱之佐,左人
朱之俊,滄起
朱之傑,冕群,冠英
朱之士,符士
朱之弼,右君,右若,右軍,幼庵,幼菴
朱之楫,巨川
朱之榛,仲蕃,常慊慊齋,志慕齋,竹石,經注經齋
朱之淇,泉左,菉溪
朱之焜,岱瞻
朱之瑜,後樂園,文恭先生,楚嶼,舜水,風露齋,駒籠別莊,魯嶼,魯瑜,魯璵
朱之緒,爾餘
朱之翰,鶴門
朱之蕃,元介,蘭嵎
朱之錫,佑安,孟九,寒香館,朱大王,梅麓
朱之馮,之裔,勉齋,德正,忠毅,樂三
朱之麟,靈齋,青選
朱也先不花,彥文
朱乾亨,子貞
朱乾豫,介夫
朱亢宗,紫笙
朱亨衍,淸江,濬伯
朱京,元顯
朱京琦,汝平
朱亮,廷相
朱亮祖,永嘉侯
朱人儀,虞廷
朱人龍,次雲
朱仁勲,芸泉
朱仁和,少堂
朱仁壽,旭辰
朱仁翁,安夫
朱仁表,弘感
朱仁輔,壽生,惠生
朱介,廉齋
朱介卿,介夫
朱仕玠,碧峰,筠園
朱仕琇,斐瞻,梅崖,梅崖居士,裴瞻
朱仕琪,寶廷,岵庵
朱仕遇,張仕遇,秉鈞
朱仕颯,山陰王,端裕
朱以增,研生,硯生,禮耕
朱以寬,容之,補堂
朱以海,巨川,常石子,恆山
朱以禮,敬輿
朱以貞,未詳
朱以鑒,寶珊
朱仲弼,止之
朱仲明,北軒
朱仲炘,德輝
朱仲長,朱伸長
朱价,朱玠
朱份,債園,質國,質園
朱休度,介斐,介裴,俟寧居,壺山,小木,小木子,巽妙軒,梓廬,范湖病漁
朱伯奇,汝穎
朱伯昉,夢龍
朱伯清,源之
朱伯熊,才翁
朱伯臨,希與
朱伯虎,才元
朱伯辰,文拱
朱伯雄,宜孫,少揚,振振,第七十五
朱伯驥,溪南
朱伸之,泰叔
朱似,叔召
朱位南,棠甫
朱佐,廷輔
朱佑,用吉
朱作,巖起,巚起
朱作霖,郎作霖
朱作鵬,朱化鵬
朱作鼎,瞿堂
朱佩,勿厓,衷度
朱佩珍,葆三
朱佩蓮,東江,玉階,稼經草堂,蒻塘
朱佩蘭,湘雲
朱侃,廷直
朱來遠,文臣
朱依栢,甫才
朱依魯,學曾
朱俊,聖求
朱俊升,蘭皋
朱俊噤,林皋長,若訥,蘆花散人
朱俊拔,萃夫
朱俊援,萃夫
朱俊柵,山陰王
朱俊楰,鎮國中尉
朱俊龍,傑父
朱保喆,錦香
朱信,憲祖,昭武皇帝
朱修,德甫,靜庵
朱修爵,莘耕
朱俯,伯昂
朱倫,迪彝
朱倫瀚,一三,亦軒,涵齋,閒青堂
朱倬,孟章
朱健,子强
朱健根,務本,奉國將軍
朱傅恕,方世,方也
朱傑,子俊
朱傳,朱傅
朱傳熙,眠琴,緝卿
朱儀,聞公
朱儀軾,和齋,理齋
朱億,延平
朱儼,居正
朱儼[⿱金靡],伯靡,句曲山人,啟宇
朱允?,哀簡,徐王,敷惠王,甌寧王
朱允中,秋農
朱允元,惇虞
朱允恭,君培
朱允火熙,允熙,哀簡,徐哀王,端簡
朱允炆,嗣天章道誠懿淵功觀文揚武克仁篤孝讓皇帝,建文帝,恭閔惠皇帝,惠宗,惠帝
朱允熞,懷恩王,衡愍王,衡王
朱允熥,吳悼王
朱允通,吳王,廣澤王
朱元,子初
朱元亨,鼇峯
朱元寔,寔傳
朱元弼,良叔,達隱先生
朱元律,夔聲,竹坡
朱元德,東堂
朱元昇,日華,曄號,水簷
朱元椿,歲千
朱元治,冠石,叔平
朱元炳,澹園
朱元理,惕庵
朱元瑜,伯虎,忠甫,朱虎
朱元璋,國瑞,太祖,康帝,洪武,聖神文武欽明啟運俊德成功統天大孝高皇帝,開天行道肇紀立極大聖至神仁文義武俊德成功高皇帝,高皇帝
朱元璧,位子
朱元祿,介繁
朱元英,師晦,荔衣
朱元象,文安,月峰
朱元貴,偉隆
朱元載,仲升,厚所,玉峰
朱元龍,冠之,勵志,勵志先生,景雲
朱兆奎,雪垞
朱兆憲,叔起
朱兆蓉,芙鏡
朱兆鴻,儀吉,壽卿,逵九
朱先,師復,後之
朱光,吉甫
朱光宇,德明,文麓
朱光庭,公掞
朱光普,東美
朱光曜,昱初
朱光祺,賚賢
朱光第,杏簪
朱光紱,伯麟,瘦夫,竺盦
朱光綸,寓琴
朱光裔,公遠
朱光鑒,子衡,鏡吾
朱光陛,仲藻
朱光霽,克明,方茅
朱光黻,紫衡
朱克敬,瞑庵,餐霞翁,香蓀
朱克柔,強甫,研漁
朱克正,平仲
朱克生,國楨,念莪,秋崖
朱克簡,敬可,淡子,澹子,環溪別業,環溪草堂,石崖
朱克閱,伊皋,伊阜
朱全,冠齋
朱公奭,匡山三隱,燕西
朱公節,允中,東武山人
朱公綽,成之
朱公遷,克升
朱公選,克用
朱公錫,惠王
朱其傳,壽芝,忞齋,思貽
朱其昂,雲甫
朱其詔,翼甫
朱其鎮,九山
朱典,天敘
朱典木英,伊庶人
朱典楧,伊厲王
朱冕,文中
朱冕榮,燮臣
朱冠瀛,成蘧,紫仙
朱冲?,長子,韓王
朱冲和,官途惡少
朱冲烋,定肅,樂平王
朱冲秌,次子,莊穆,襄陵王
朱凌,原冲
朱凱,堯民
朱初一,熙祖,裕皇帝
朱勃,彥素,遜之
朱勇,平陰王,惟貞,武愍
朱勉之,元祐,松巖
朱勛,晉階,虛舟
朱勝,仲高
朱勝非,忠靖,藏一
朱勣,仲庸
朱勤,有光,沁軒
朱勳,文德
朱勵志,仲修,幼涵
朱升,自立
朱升吉,惠迪,槐卿,燮辰
朱升堂,英圃
朱升錀,亦樓
朱卉,草衣山人,菱江
朱卓英,伯華,倬夫
朱協亮,惠疇
朱南,子夏
朱南桂,勤勇
朱南英,十七,子醇
朱南雍,子肅,越崢
朱占科,季魏,炳青
朱占魁,勛廷
朱卿,汝弼
朱厚炫,崇仁王,益王
朱厚烇,荊王
朱厚烷,鄭王
朱厚焜,富順王
朱厚煒,蔚悼王
朱厚煜,思訓,枕易道人,趙王
朱厚照,大慶法王,承天達道英肅睿哲昭德顯功弘文思孝毅皇帝,正德,武宗,毅帝
朱厚熜,世宗,嘉靖,欽天履道英毅聖神宣文廣武洪仁大孝肅皇帝,肅帝
朱厚熲,襄王,陽山王
朱厚燁,勿齋,益王
朱厚爝,太淸輔玄宣化忠道真人,安邑王,徽王
朱厚章,以載,藥亭,藥庭
朱原良,友琴生
朱去奢,遜卿
朱又儒,朱文儒
朱及甫,周翰,景齊,第福十三
朱友垓,蜀王
朱友聞,子益,朱有聞
朱友貞,朱瑱,朱鍠
朱叔珤,德裕
朱叔騏,廷祥,朱叔麒,遯山
朱叔麒,廷祥,遁山,遯山
朱受,柘田
朱可久,慶餘,朱大
朱可宗,端夫
朱可必,以義
朱可與,與賢
朱台符,拱正,朱臺符
朱右,伯賢
朱右曾,亮甫,咀霞,咀露,尊魯,春暉軒,歸硯齋,穆行堂,遷之
朱吉,季寧
朱同,輔國將軍
朱同保,嵩生
朱同善,性與
朱名山,子寶,子賢
朱向隆,吉堂
朱君儀,朱君義
朱君緒,法滿
朱吾弼,密所,諧卿
朱和,履中
朱和筠,調元
朱咸清,映嘉,映葭,蔭嘉
朱唐卿,伯大
朱啓昆,我裕
朱啟仁,雲門
朱啟元,沃臣
朱啟勛,又笏
朱啟南,景山
朱啟泰,應階
朱啟連,棣垞,跂惠
朱啟鳳,增齡,小笏
朱啟鴻,少香
朱善,一齋,三老,備萬,文恪
朱善佐,芙亭
朱善元,子欽
朱善張,子弓,山泉
朱善祥,詠裳,雲裳
朱喬秀,霞洲
朱嗚英,笏亭
朱嗣壽,得仁
朱嗣孟,道鳴,鳴道
朱嗣榮,文昌
朱嗣發,從先
朱嗣韓,仰山,抑齋
朱嘉增,善堂,雪堂
朱嘉徵,初亭,岷左,止溪
朱嘉會,亨之,甓湖
朱器墭,宣皇帝
朱嚴,先紫
朱囗,方道
朱四九,恆皇帝,懿祖
朱國俊,甸芳
朱國奇,常石
朱國安,治平
朱國幹,瀛洲
朱國柱,立山
朱國棟,西崑
朱國楨,國禎,平涵,文寧,文肅,虯庵
朱國正,翰臺
朱國淳,湘帆
朱國琦,懶翁,鶴山
朱國盛,敬韜,朱盛國華,雲來
朱國祚,兆隆,文恪,養淳
朱國英,震吳
朱國鑾,上儀,護棠
朱在,叔敬,敬之
朱在勤,幼木,次民
朱在鎔,翰西
朱在鎬,拜石
朱在鎮,定山,蘭田布衣
朱圭,肅齋
朱圻,伯宏,戇齋
朱均,綺生
朱坤,中黃,正甫
朱垕,仲端
朱垚,子厚
朱垣,仲君,維豐
朱埕堦,康僖,沁水王
朱埜,文之
朱埴,古平,堯章,朱夔,第五十四,聖陶
朱執中,汝一
朱執信,去非,懸解,蟄伸
朱培源,怡雲
朱基,夏章
朱堂,季升
朱堅,伯固
朱堉,厚堂
朱塔,梯雲
朱塾,受之
朱墅,原靜
朱墉,僅可,若張,鹿岡
朱士佳,念依,邦題
朱士俊,時英
朱士信,應昌
朱士嘉,蓉江
朱士坊,吟橋,嘉言
朱士完,符禺
朱士寧,安卿
朱士尊,偉臣,石戶
朱士履,禮也
朱士彥,休承,修承,文定,朱福恩,泳齋,詠齋,郁文,陶嘉月軒
朱士心,奎仲
朱士恭,小亭,恪齋
朱士挺,冠卿
朱士曾,唯庵
朱士林,桂芳,西巖
朱士煥,燮辰,遠明
朱士璋,史枚
朱士稚,伯虎,朗詣
朱士端,銓甫
朱士聰,敏仲
朱士蛟,兩棠,雨堂
朱士達,公孚,恕齋
朱士釭,朱士鈺
朱士黻,孔陽,紱卿
朱士鼇,占亭
朱士鼎,玉節,解腕道人
朱壬林,小雲
朱壽,舳艫侯
朱壽保,少樓,眉山
朱壽康,仲輅,榕庵
朱壽慈,斗生,葛廬
朱壽昌,康叔
朱壽朋,曼盦,錫百
朱壽清,澄齋
朱壽熊,星衡,蘭階,辛仲
朱壽祖,永德
朱壽金林,壽琳
朱壽鏞,曼伯
朱壽隆,仲山
朱夏,元會,好謙
朱多炡,不疑,來相如,奉國將軍,淸敏先生,清遠先生,瀑泉,貞吉
朱多煃,奉國將軍,用晦
朱多煌,奉國將軍
朱多熅,中美,奉國將軍
朱多瑽,垣左,崇謙
朱多翽,啟明,履謙
朱多𤏳,宗良,崇良,貞湖
朱夢元,景唐
朱夢吉,君器
朱夢炎,仲雅
朱大任,淑菴
朱大典,延之,未孩
朱大勛,研臣,硯臣,胥山老農
朱大受,亦枚
朱大啟,君輿,廣原
朱大器,東源,自充
朱大基,南墅
朱大寶,元龜
朱大德,元鼎,第二
朱大成,三揣
朱大松,萬梅
朱大理,詡萬
朱大韶,文石,象玄
朱大鵬,萬程
朱天保,九如,鶴田
朱天俸,子學
朱天垣,聖平
朱天基,紹祖
朱天奇,異度
朱天寧,文靜
朱天慶,雲亭
朱天應,國聘
朱天珍,良貴
朱天球,君玉,國器
朱天與,第二十五,與孫,錫甫
朱天衣,漁山,退寮
朱天貴,尊士,忠壯,達三
朱天遺,嵇村
朱天麟,游初,震青
朱奇,治生
朱奇添,輔國將軍
朱奇湞,慶成王,端順
朱奇溯,恭定,西河恭定王,西河王
朱奇齡,與三
朱奉金伊,朱奉鍵
朱奎,思亭,翹亭
朱奎揚,南湖,朱奎陽
朱奎章,比堂
朱奐,礪山,章士,雪村
朱奕,朱弈
朱奠培,寧王,竹林嬾仙,竹林懶仙,靖王
朱奠堵,石城王
朱如梅,友林
朱如玉,又寒
朱妙端,令文,仲嫻
朱子和,節之
朱子敬,寬五,蘭皋
朱子昌,可大
朱子春,香畹
朱子槐,可大
朱子泳,張子泳
朱孔彰,仲我,仲武,半隱,半隱廬,小桃源,朱孔陽,江東半隱,聖和老人
朱孔模,蓮塘,薪傳
朱孔照,浴曙,雲臺
朱孔陽,廷輝
朱存仁,紅圃
朱存理,性之,性父,性甫,野航
朱存瑩,本靜
朱孝威,潤生
朱孝純,子穎,寶扇樓,思堂,晴雪樓,海愚
朱孝臧,古微,彊村,漚尹
朱孝誠,孝誠
朱孟常,守恆
朱孟烷,楚王
朱孟震,二十九,秉器
朱季堄,楚王
朱孫茀,希丞
朱孫詒,石翹
朱孫貽,石翹
朱學勤,修伯,復廬,結一廬
朱學垣,星三
朱學昌,芝亭
朱學濂,若溪,若葵
朱學程,伯庭,雒泉
朱學篤,實甫,祜堂,蓮舫
朱學遂,忍齋
朱學顏,子愚
朱宅正,靜而
朱宇浹,輔國將軍
朱宇溫,惠皇帝
朱守仁,元夫
朱守孚,中孚
朱守恕,尚仁
朱守方,漱芳,瓣香
朱守謙,朱煒,鐵柱,靖江王
朱守譲,少倚,少猗
朱安?,奉國將軍,小山
朱安㳚,博平王,思誠子,恭裕,述古道人
朱安仁,厚村,敦夫
朱安侃,小山
朱安國,琛伯
朱安戌,博平恭裕王,恭裕
朱安期,子和
朱安淤,勤甫,奉國將軍,如山
朱安渭,竹亭,聖遇
朱完,季美
朱宏,濟臣
朱宏孫,允之,隱之
朱宗,成德
朱宗周,蓮浦
朱宗懷,德徵
朱宗文,伯顏,彥章
朱宗梁,梅園,梅岡
朱宗汲,娟雪
朱宗洛,巽齋,紹川,苓泉
朱宗海,容川
朱宗淑,德音,翠娟
朱宗瑛,佩華
朱宗藩,拱之
朱宗贄,莘田
朱宗遠,蓼園
朱宗采,漢生
朱宙栐,順皇帝
朱定元,奎山,寧靜堂,象乾
朱定國,興仲
朱定安,士隆
朱宣,翊嘉
朱宦,良卿
朱家仕,翼明
朱家寶,墨農,經田,金田,髯農
朱家民,同人
朱家法,半石
朱家相,伯鄰
朱家駒,昂若,遁庵
朱家驊,粥叟,雲逵
朱宸濠,寧庶人,寧王
朱容重,子莊
朱宿,遐景
朱寀慶,宦堂,錫三,鱗三
朱寅,松村
朱寔昌,士光
朱寘鐇,安化王
朱察卿,象岡,邦憲,醉石居士,黃浦
朱寢炎,明叔
朱實之,允實
朱實昌,士光
朱實蓮,子潔
朱寬,宏裕
朱寬成,屏舟
朱寯瀛,芷甫,芷青
朱寰,德充
朱寵,別山漢水二先生,德承,西朱
朱寵涭,遼王
朱寶,伏寶
朱寶善,悔齋,櫻船
朱寶晉,康甫,錫三
朱寶書,稷生,稼先,稼軒
朱寶林,小菴
朱寶瀛,芷甫
朱寶田,硯鋤
朱寶篁,叔英
朱寶臣,國寶,直卿,福壽,第子一
朱射斗,穎濱
朱尊霖,雨田
朱導,顯文
朱尚文,質卿
朱尚炳,隱王
朱尚質,宗商
朱尚雲,槐生
朱履中,玉堂
朱履亨,天衢
朱履吉,旦銘
朱履翱,鳧山
朱山,榮實,雲石
朱岐,鳴山
朱岑,維瞻
朱崇德,淳菴,湻菴
朱崇慶,紹隆
朱崇遂,竹亭
朱崇道,惟正
朱崗,朱岡,朱綱
朱崧,枚少
朱嵇,又康,此筠,竹坪,菊雨山房
朱嵩,中峯
朱嶟,仰山,文端,木致堂,致堂
朱嶠,巨山,赤城
朱嶸,山甫
朱嶼,葆瑛
朱左銘,士龍
朱巨川,德源
朱巽,子權
朱希周,恭靖,懋忠
朱希孝,忠僖,純卿
朱希忠,定襄王,成國公,貞卿
朱希文,端仁先生,范若
朱希晦,明宇
朱希真,秋娘
朱希祖,逖先,逷先
朱希良,亦房,榴軒
朱希蘊,玉英
朱希說,子傅
朱希説,子傅
朱帥炊,帥金炊
朱師,君範
朱師聖,堯民
朱常治,沅懷王
朱常洛,光宗,崇天契道英睿恭純憲文景武淵仁懿孝貞皇帝,泰昌,貞帝
朱常洵,恭宗,慕天敷道貞純肅哲修文顯武聖敬仁毅孝皇帝
朱常浩,五子,端王
朱常淓,敬一主人,潞王,蘭花道人
朱常清,淮王,霞新
朱常漵,邠哀王
朱常瀛,禮宗,體天昌道莊毅溫弘興文宣武仁智誠孝端皇帝
朱幼㘧,懶雲,淸源王,莊簡
朱幼土予,莊簡
朱序,宜載
朱庚,愛秋
朱庭佐,良肱
朱庭傑,世英
朱庭玘,南宗
朱庭珍,小園,舜庭,詩隱
朱庭瑾,庭瑾
朱庶,常吉,近堂,錫厓
朱康壽,禄卿
朱庸,伯常,撝齋
朱廉,伯淸
朱廣明,則誠
朱廣熙,汝揆
朱延,君與
朱延壻,澹園
朱延年,萬斯
朱延熙,益齋
朱延薰,舜琴,蔚卿
朱廷偰,聞千
朱廷密,勿齋
朱廷寧,式屏,惶園
朱廷棟,元齡,瑞庭
朱廷楔,開千
朱廷模,遠峯
朱廷欽,敬敖,敬教
朱廷正,周士,芳泉
朱廷煥,中白
朱廷獻,巽谷
朱廷瑛,星槎
朱廷瑞,增城
朱廷璟,山輝
朱廷益,汝虞,虞崶
朱廷立,兩崖,子禮,朱夫子,雨崖
朱廷美,城西
朱廷聲,克諧
朱廷臣,敬之,東城,東川
朱廷薰,朱延薰
朱廷資,朱庭資
朱廷隱,大隱,深甫
朱廷颺,叔安,止庵
朱廷黼,味莊,素濤
朱建溪,立齋
朱弁,少章
朱式欽,昊若
朱式澐,友蘭,友闌,文軒
朱弘祖,弘祖
朱弘祚,厚庵,徽蔭,朱宏祚
朱弘至,周京
朱張銘,西渠
朱彌鉗,唐恭王,唐王,恭靖,文城恭靖王,文成王,秋江叟,秋江翁
朱彌鋠,三子,復齋,承休昭毅王,承休王,昭毅
朱彌鍗,唐王,成王
朱彜尊,南北二大宗,南書房舊講官,古藤書屋,夕陽芳草村落,娛老軒,小長蘆釣客,小長蘆釣魚師,惸獨叟,新儒齋,新愞齋,曝書亭,朱王,朱陳,棗香書屋,潛采堂,石樓,秀鬯,竹坨,竹垞,茶煙閣,藕蕩漁人,藤花書屋,醧舫,醧舫齋,金封亭長,金風亭長,錫鬯,靜志居,魚師,鷗舫
朱彝,真齋,鄂生
朱彝爵,寧臣
朱彥,世英
朱彥美,師實,機山閒人
朱彥臣,大正,語綠
朱彥華,文卿
朱彩,飛紅
朱彬,仲文
朱彭,青湖
朱彭壽,小汀,述盦
朱彭年,仲鏗,春渚草堂居士,莘潛
朱影蓮,亭亭
朱得,受丹
朱得之,本思,近齋
朱得富,榮階
朱從道,復之
朱御廷,錦堂
朱復之,幾仲,湛廬
朱復德,希生
朱徵,宋徵,晉卿
朱德容,又貞
朱德明,子玉
朱德潤,澤民
朱德澄,鏡堂
朱德澤,壬甫,文沅
朱德璲,玉庭,綬堂
朱德禎,必興
朱德芬,苾園,頌淸
朱德華,仲茂,樸齋
朱德蓉,趙璧
朱德行,彦和
朱德麟,聖符
朱徽,子美,遂初
朱徽煠,廣通王
朱心梓,杏南,杏甫
朱心逸,晉珍
朱必坦,惺齋
朱必壎,怡园,怡園
朱必達,仲起
朱志,元逺
朱志先,湄溪
朱志同,與可
朱志𡐤,富平王,秦王
朱快,樂吾
朱思敬,丹訓,子寅
朱思本,本初,貞一
朱思榜,誠庵,誠菴
朱怡,亦田,篤齋,行九
朱性堂,石渠
朱恆,半畦
朱恕,光信
朱恩,南竹
朱恩紱,菊尊
朱恬烄,次子,瀋王
朱恬焯,五子,恭裕,西巖道人,鎮康王
朱恭壽,半塘,孝先
朱悌,舜敏
朱悳,懿卿
朱惟一,吉夫
朱惟焯,秦王
朱惠,東裏,柳衣
朱意珠,寶才
朱愷,舜徵
朱慈炅,獻懷,獻懷太子
朱慈烜,懷隱王,朱慈照
朱慈烺,宋王,獻愍,獻愍太子
朱慈焴,悼懷,悼懷太子,朱慈乙
朱慈然,慈火定,慈甲,懷冲,懷冲太子
朱慈煥,元機慈應真君,孺孝悼靈王玄機慈應真君,宣顯慈應悼靈王,悼靈王,永悼王
朱慧珠,蕊卿
朱慧貞,浣芳
朱慶墉,梓皋
朱慶常,香樵
朱慶瀾,子橋
朱慶聚,仲賢,似碧
朱慶萼,西樓,青渚
朱慶貞,儀昭
朱慶鏞,友笙,序東
朱慶雲,奇逄
朱憲,孝成
朱憲㸅,淸微忠敎眞人,遼王
朱憲曾,鐵琴,鹿山
朱憲熬,伯淳,輔國將軍
朱憲燮,叔和,萃軒
朱憲章,良範
朱憲童,守良,汝濱,筠坡
朱應,少徽
朱應元,慎庵,慎菴,辛傳
朱應和,栗如
朱應奎,士徵
朱應昌,時濟
朱應時,子中
朱應杓,季衡,斗南
朱應楨,秀貞
朱應武,武叔
朱應登,十才子詩,升之,淩溪
朱應祥,岐鳳,玉華外史,鳳山
朱應禎,秀貞
朱應秩,仲德
朱應聲,宏卿,龍卿
朱應詔,朱慶詔
朱應轂,德載
朱應辰,拱之,振之,淮海
朱應雲,從龍
朱應鼎,凝和,君調
朱懋,希哲
朱懋德,汝賢
朱懋政,少萊
朱懋昆,勉堂
朱懋華,弋江
朱懷幹,守正,雙橋
朱懷新,亦甫,苗孫
朱懷玨,楚玉,雙玉
朱成棠,友樵,樹南
朱成烈,篤之,紹庭
朱成熙,孚吉,緝甫
朱成金具,成鋇
朱承勛,亦中,知載
朱承命,雪沽
朱承寵,廉石,異之
朱承欽,敬之,閬風
朱承澧,藍湖
朱承灃,藍朔
朱承烈,偉軒,子揚
朱承爵,子儋,子爵,左庵,舜城,舜城漫士
朱承綵,國華
朱承芳,蓉笙
朱承鉽,保甫,漱珊,秀珊
朱拱枘,奉國將軍
朱拱梴,輔國將軍
朱拱榣,奉國將軍,茂材
朱拱槪,輔國將軍
朱拱樻,弋陽王,端惠
朱拱欏,樂安王,眠雲,端簡
朱振,良玉
朱振瀛,海槎,肖舫
朱振起,雲峯
朱振采,冕玉,壽潛,鐵梅
朱掄英,竹筍,筍林,舜璘
朱撝,好謙
朱擇善,改之
朱擢,登庸
朱攸,好德,淵亭
朱改,國用
朱放,長通
朱敏,公遠,訥之
朱敏中,仲有
朱敏元,光道
朱敏功,彥仁,朱功
朱敦仁,安之
朱敦儒,巖壑,希真,洛川先生
朱敦復,無悔
朱敬,李敬
朱敬則,少連
朱敬循,石門
朱敬禮,約禮
朱文,悅道
朱文倫,勉成
朱文剛,明德
朱文卿,斗墟
朱文圭,原懷王,建庶人,文垚
朱文奎,奇翁,應辰
朱文娟,吟梅
朱文學,季珩,皋亭
朱文德,定宇
朱文杏,午橋,青石
朱文毓,秀甫
朱文江,晴洲,湘舲
朱文治,少仙,詩南
朱文淵,叔龍
朱文漢,章卿
朱文炑,伊蔚子,慎甫
朱文炳,訥山
朱文熊,叔子,叔飛
朱文珮,嬰玉,彩橋,遲農
朱文瑛,子中
朱文環,文珮
朱文翰,屏茲
朱文舉,雙泉
朱文英,松巖
朱文華,朱叔華,朱華
朱文藻,映溽,朗齋
朱文質,彬甫
朱文通,振鏞,次江
朱文進,野夫
朱文選,克用
朱文鈞,幼平,翼庵
朱文鏡,石峰
朱文鑫,槃亭,貢山
朱文霆,原道,葵山先生
朱文震,文霆
朱文魁,晦叔
朱文鰲,六山,小石
朱斌,鳴山
朱斐,知裁
朱斐然,樸园,樸園,樸圓,樸關
朱斗兒,素娥
朱斗南,松皋,瑞星
朱斗文,北湖居士,彥章
朱新,雨華
朱方乾,九龍
朱方增,壽川,慎庵,求聞過齋,秀笙,虹舫
朱方藹,吉人,春橋
朱方輝,繼儒,義晉
朱旂,大占
朱日升,君旭,蓼菴
朱日新,中齋
朱日望,南校,南橋
朱日濬,菊廬,道淵
朱日炎,汝明
朱日爃,靜之
朱日章,南耕,文光
朱旭,養浩
朱旻,希仁
朱昂,廷舉
朱昂之,津裏,青立
朱昆田,文盎,西畯
朱昌,夢環,泰甫
朱昌時,亦常
朱昌燕,苓年,衎廬
朱昌琳,雨田
朱昌祚,勤愍,懋功,雲門
朱昌頤,朵山
朱明,應菖,西崖
朱明之,昌叔
朱明昌,伯際,襄明
朱明時,完素,承六,朱李芳時
朱明普,升朝,叔朝,止善
朱明達,顯之
朱明鎬,昭芑
朱星煒,乙青,垂青,竹友
朱星耀,應春,明南
朱春生,鐵門,韶伯
朱春蘭,子良
朱昭,彥明
朱昱,懋陽
朱昴,文宿
朱昶,朝陽
朱時中,時可
朱時敏,師古
朱時通,誠之
朱晃,朱全忠,朱温,梁太祖,神武元聖孝皇帝
朱晉,景昭
朱晉瑋,韞玉
朱晞顏,景淵
朱晣,師晦
朱景,伯晦
朱景夔,剋典
朱景文,元成
朱景星,光斗,半如,慶喈,翼垣
朱景昭,默存
朱景晦,仲舒
朱景暘,仲舒
朱景熙,應世
朱景玄,朱景元
朱景筌,伯魚
朱景素,菊如
朱景英,幼芝,梅冶,研北
朱景行,仁甫
朱景賢,範之
朱智,存禮
朱暄,少崖,展成
朱暉,釆文
朱曙蓀,景先
朱曰藩,子价,射陂
朱書,字綠
朱曾,魯若
朱月蓮,琴香女史
朱有孚,子貞
朱有廣,學居
朱有德,政甫
朱有志,浩齋
朱有文,朱有同
朱有燉,周王,憲王,誠齋,長子
朱有爌,八子,恭定,恭靖,恭靖王,鎮平恭定王,鎮平恭靖王,鎮平王
朱有筠,譽蜚
朱有義,玉堂
朱有翼,常惺
朱有虔,桓甫,秉如
朱朋孫,朱明孫
朱朋求,道元
朱服,行中
朱朗,子朗
朱朝㙓,朱朝堯
朱朝埨,原武王,溫穆,鳳山
朱朝幹,亮工
朱朝琛,獻南
朱朝瑛,壘庵,美之
朱朝聘,希尹
朱朝選,維元
朱期昌,朱陵,辰翁
朱期至,子得
朱木,近仁
朱木彜,伊厲王
朱木旃,慶靖王
朱本,立行
朱本楫,浩瀾,涇舟
朱杞,九子,朱木巳,趙王
朱東光,元曦,存敬
朱松,二十子,韓憲王,韓王
朱松年,枚長,眉長
朱果,庭椿,補庵
朱柏,十二子,日戾,朱栢,湘獻王,湘王,獻王,紫虛子
朱某,公向
朱某(建安王),中仙,建安王
朱某(衡陽王),衡陽王
朱柔則,順成
朱柯,拱之
朱标,兴宗,和天敬道憲懿勤敏淳文度武明仁慈孝康皇帝
朱栱欏,樂安王,眠雲,端簡王
朱根仁,禮齋,體齋
朱栻,良用
朱栻之,仁山,長書
朱格,仁齋
朱桂,代王,代簡王,十三子
朱桂嶺,小山,水山
朱桂森,澹持,翰臣
朱桂楨,幹臣,樸庵,莊恪,覺修
朱桂榮,伯亮,香岩
朱桂模,崇嶧
朱桂發,光甫
朱桂英,養誠道人
朱桐,鳳亭
朱桓,勗威,芝圃,覲玉
朱桱,二十三子,唐定王,唐王
朱桴,濟道
朱梃,孟齡
朱梅,研香
朱梅秀,寒英,朱梅英
朱梓,八子,潭王
朱梴,孟齡
朱棐,岫雲,秀誠
朱棟,右東
朱棠,尚容,懋齋
朱棡,三子,晉恭王,晉王
朱棣,彥誠
朱棨,勳楣
朱森,良才,良材
朱棻元,雨森,雨霖
朱植,十五子,簡王,遼王,遼簡王
朱椿,十一子,蜀獻王,蜀王,蜀秀才
朱楓,排山,柑園,近漪
朱楚金,雲初
朱楣,藻庭
朱楧,肅莊王
朱楨,六子,楚昭王,楚王
朱楩,十八子,岷王,岷莊王
朱極光,竹坡
朱楹,安惠王,安王,廿二子
朱榑,七子,朱槫,齊王
朱榘,方大
朱榜,金門
朱榮,廷寵
朱榮恩,少廉
朱榮欽,筠軒
朱榮珍,琴仙,琴姑
朱榮璪,曉珊
朱槔,逢年
朱槩,尙節
朱樉,秦愍王
朱標,吳王,孝康皇帝,懿文,懿文太子,興宗
朱樟,慕巢,純一,鹿田
朱模,子範
朱樸,元素,西村
朱樹,朱澍
朱樹敏,蓋園
朱樹翬,念齊,念齋
朱橒,文木
朱橚,五子,吳王,周定王,周王,定王
朱橞,十九子,谷庶人,谷王
朱檀,十子,魯王,魯荒王
朱檃,伯承
朱檉之,九丹,叢碧簃,松廠,淹頌,滂喜堂,玖聃,琴客,皋亭
朱權,聖與,默齋
朱次琦,九江,子勷,子襄,浩虔,稚圭,稚珪
朱欣,朱使欣
朱欽,懋功,懋恭
朱欽則,敬之,敬父
朱欽相,如容,懋忠
朱正倫,子常
朱正初,在明
朱正定,在止
朱正振,敘九
朱正色,南宫
朱步沆,沁泉
朱步洲,海山
朱武,仲桓
朱武姜,十忍
朱殿鼇,凌滄
朱毓楷,幼則
朱毓瑞,朱裕瑞
朱氏(周景妻),重慶公主
朱氏(楚建中嫂),通叔
朱氏(臨安公主),朱鏡靜
朱氏(趙桓妻),仁懷
朱氏(趙頊皇后),欽成
朱永,叔文
朱永凝,孟康
朱永安,士常
朱永寧,孟康,永寧
朱永康,際聖
朱永慶,少庚
朱永祐,爰啟,聞玄
朱永祚,爾祥
朱永裔,信哥,光叔,冠先,第十九
朱永觀,光甫
朱永通,長安
朱汝珍,聘三
朱汝珙,燦如,雲漢
朱汝琳,曉峰
朱汝衡,均萬,平臺
朱汝賡,小圃,繼皋
朱汝鈞,海門
朱江,叔泳
朱汧,晞顔
朱沂,泳道,詠道
朱沄,月波
朱沅,叔元
朱況,伯荀
朱法,是齋,遵先
朱泗,素臣
朱泰,十七,良甫
朱泰卿,亨道
朱泰如,籍剛,裕圃
朱泰安,士栗
朱泰州,藕船
朱泰玉,無瑕
朱泳,廣川
朱洛臣,希齋
朱洪,宗海
朱洪章,武慎,煥之,煥文
朱洪範,子翁,小翁
朱洪謐,雷珊
朱洸,大武
朱浙,原東
朱浚,深源
朱浩,檀園,毅夫,浩然
朱浮,叔元
朱海,克寬
朱涣,約山,約齋,行父
朱淇,斐公
朱淑仁,潔庵
朱淑儀,菊卿
朱淑君,湘霞
朱淑均,蓮卿
朱淑娟,沁芳
朱淑明,淡吟
朱淑真,幽棲居士
朱淑筠,蓮卿
朱淑鳳,貞卿
朱淛,必東,損岩,損巖
朱淥,意園
朱淮,叔明
朱深,淵甫
朱淳,瀛山
朱淳一,徵垣
朱淵,小礪
朱添璧,國玉
朱清,熙之
朱清標,槑喦
朱清耀,憩園
朱清遠,淥夫,韻荷
朱清選,東牧
朱渙,約山,行父
朱渭老,叔霖
朱湉,蓮浦
朱湘,六十八,子淸
朱湘芷,藥房
朱溎,鏡湖
朱源,本深
朱源貞,二十五,季行,朱原貞
朱溶,成源,澂園,石園
朱滿娘,月上
朱漢,景雲
朱漣,居敬,文若
朱漪,綠雲
朱漺,次子,秦王
朱潛,文默
朱潤,天澤
朱潤瓙,元玉
朱潤身,德光,海峰
朱潮,海門
朱澂,子淸
朱澄,天鑑
朱澄瀾,玉圃,琳輝
朱澍功,名亭
朱澤,齊卿
朱澤年,由敏,紀常,芰裳
朱澤楠,小酉
朱澤沄,止泉,湘陶
朱澤況,景顏
朱澤澐,止泉,湘陶
朱澤銑,仁華
朱濂,月槎,熙重,際遠
朱濟,芑岸
朱濟炫,慶成莊惠王,莊惠
朱濤,錦江
朱濬,見虞
朱濬湘,蘅川,衡川,衡州
朱瀚,寅庵
朱瀾,碧波
朱灃,達河
朱灝,文波
朱灣,滄洲子
朱炘,立夫
朱炯,景純
朱炳元,理端,體齋
朱炳奎,繡若
朱炳如,仲南,白野,穉文
朱炳然,鴻亭,鶴亭
朱炳熊,偉侯,劭廉,少蓮
朱為弼,右甫,椒堂,海藏室,涵秋閣,為可堂,積古齋,茮堂,菽堂,菽聲館,蕉堂,蕉聲館,詠花小榭,詠花詩舫,鋤經堂,雲谷書堂,頤齋
朱為霖,雨甫
朱焕,尋蒙,朱涣,濟仲
朱無瑕,泰玉
朱焱,光大
朱煊,春谷
朱煐,臨川,龍坡
朱煒,雪樵
朱煥文,實甫
朱照,光庭
朱熊,吉甫,蝶生
朱熙洽,鴻甫
朱熙載,懋勳,朱頤載
朱熲,景略
朱熹,朱子,朱文公,元晦,仲晦,晦庵,晦翁,紫阳,考亭,季延,文公,沈郎,沋郎,滄洲病叟,第五一,紫陽,遯翁,雲谷老人
朱燕,璞丞,茗麓迂叟
朱燮,吉父,季輔,志老,第百一
朱燮元,恆岳,懋和,衡岳,襄毅
朱燮和,伯咸,理堂
朱燾,穀城
朱爵,仲修,藩室
朱爾漢,麗江
朱爾賡額,丹崖,朱友桂,白泉,述堂
朱牧,子文,文貞先生
朱特立,凝神大師
朱玄儼,望之
朱玉,仲華
朱玉廷,蘭齋
朱玉書,麟徵
朱玉樹,二珍
朱玉藻,香樵,香櫵
朱玉蛟,雲友
朱王仁,予卓
朱玙,小茝,葆瑛
朱玠,寶仁
朱玨,雙璧
朱珊元,共命,韭橋
朱珍,孟浦
朱珏,廷周
朱珔,培風閣,學坡,小萬卷樓,玉存,藤花吟舫,蘭友,蘭坡,蘭坡先生,雙槐書屋
朱珖,桃源子
朱珣,小苣,葆英
朱珪,伯盛
朱珮,珩芳
朱珵堦,康僖
朱珵堯,藩王
朱球,天球,韻采
朱理,文石,燮臣,靜齋
朱琇,廷玉
朱琉,德嘉
朱琛,小唐
朱琦,偉君
朱琨,俠平
朱琬,起莊,載祿
朱琰,琬次
朱瑄,太樸,廷璧
朱瑋,鴻儒
朱瑛,十四,漢王,肅王
朱瑞,朱端
朱瑞果,芙生
朱瑞榕,容叔
朱瑞登,禾仲
朱瑤,昆英,樂天
朱瑩,仲玉,子瓊
朱瑬,孔貴
朱瑴,玉雙
朱璂,聚五
朱璉,欲菴,獻菴
朱璘,綠筠
朱璜,渭珍
朱璞,韞玉
朱璟,梅生
朱璠,廷輝
朱璣,恆齋,文瑞
朱璧,彥益
朱環,君玉
朱璲,廷儀,素菴先生
朱璽,孽兒,鴛雛
朱璿,篆一
朱瓊烴,唐王
朱瓘,楚琦,琴鶴,琴鶴先生,馴鶴亭
朱瓚,朝用
朱生智,明遠
朱用,伯際
朱用純,柏廬,致一
朱用調,子彜
朱由崧,安宗,處天承道誠敬英哲纘文備武宣仁度孝簡皇帝
朱由木學,簡懷王
朱由校,天啟,悊帝,熹宗,達天聞道敦孝篤友章文襄武靖穆莊勤悊皇帝,達天闡道敦孝篤友章文襄武靖穆莊勤悊皇帝
朱由栩,湘懷王
朱由椷,朱由棫,烈愍
朱由楫,齊思王
朱由榔,應天推道敏毅恭儉經文緯武禮仁克孝匡皇帝,昭宗
朱由榛,益王
朱由模,懷惠王
朱由橏,惠昭王
朱由檢,威宗,崇禎,思宗,思陵,愍帝,懷宗,欽天守道敏毅剛明敦儉恪儉宏文襄武體仁至孝端皇帝,毅宗,紹天繹道剛明恪儉揆文奮武敦仁懋孝烈皇帝,莊烈帝,莊烈愍皇帝
朱由義,宜之
朱由𣚅,永寧王
朱申,南伯
朱界平,履安,顧安
朱當沍,歸善王,當亙
朱當澻,安丘榮順王,榮順
朱當濆,輔國將軍
朱當燧,安丘王,榮順
朱登,伯封,友龍,擇中,第八十三
朱登俊,子遴,朱發俊
朱發,聖容
朱發俊,朱登俊
朱白成,燮堂
朱百六,德祖,玄皇帝
朱百遂,適菴
朱益,易亨
朱益濬,純卿,蓴卿,輔源
朱益藩,艾卿
朱盛澯,月巖
朱盛藻,瓊蕤
朱直,子良
朱真靜,雪崖
朱睦㮮,灌甫,西亭,西亭先生,鎮國中尉
朱睦木挈,大山,灌甫,西亭先生
朱睦楧,九子,南陵王,莊裕
朱瞻垍,九子,梁王
朱瞻垠,莊獻,蘄獻王,靜樂莊獻王
朱瞻埈,二子,衛王
朱瞻埏,十子,衛恭王,衛王
朱瞻基,宣宗,宣德,憲天崇道英明神聖欽天昭武寬仁純孝章皇帝,憲天崇道英明神聖欽文昭武寬仁純孝章皇帝,目韋土其,章帝,長春真人
朱瞻堈,六子,瞻棡,荊憲王,荊王
朱瞻塏,八子,滕王
朱瞻墉,三子,越王,越靖王
朱瞻墡,五子,膽墡,襄憲王,襄王
朱瞻墺,七子,淮王,淮靖王
朱知常,久道,此山
朱知烊,晉王
朱知緒,昌亭
朱研,子存
朱碩,陳碩
朱碩熿,端皇帝
朱碩爋,孔炎,鎮國中尉
朱祁鈺,代宗,恭仁康定景皇帝,戾毀,景帝,景泰,符天建道恭仁康定隆文布武顯德崇孝景皇帝
朱祁鎮,天順,正統,法天立道仁明誠敬昭文憲武至德廣孝睿皇帝,睿帝,英宗
朱祐杬,睿宗,知天守道洪德淵仁寬穆純聖恭簡敬文獻皇帝
朱祐梈,汝安王
朱祐棆,岐惠王
朱祐楎,七子,衡恭王,衡王
朱祐楒,夏父,棗陽榮肅王,棗陽王,榮肅
朱祐極,悼恭,悼恭皇太子
朱祐楷,十四子,申懿王,申王
朱祐榰,九子,壽定王,壽王
朱祐槨,十一子,汝王
朱祐樘,孝宗,弘治,敬帝,達天明道純誠中正聖文神武至仁大德敬皇帝,達天明道純識中正聖文神武至仁大德敬皇帝
朱祐樞,十子,榮王,榮莊王
朱祐橒,八子,雍王
朱祐橓,十二子,涇王
朱祐檳,六子,益王,益端王
朱祖文,三復居士,孝□先生,完天
朱祖義,子由
朱祖謀,上彊山民,上彊村民,古微,古薇,尹漚,彊村,彊村老人,彊邨,思悲閣,文直,朱孝臧,漚尹,漚道人,無著庵,畺村,藿生
朱祚,永年,默齋
朱祝,蔣祝
朱祝三,叔壽
朱祺,孟祺,拙庵居士
朱祺元,子友,子方
朱禎,廷瑞
朱福,天錫
朱福基,酉山
朱福榮,伯華
朱福清,修亭
朱福琛,蘭泉
朱福詵,叔基,桂卿
朱禩孫,千載,南山,杞材
朱禮,德嘉
朱秀,蘭英
朱秀文,炳齋
朱秉哲,明原
朱秉成,寄氈,文川
朱秉鑒,淸如,鹿坪
朱租曾,誦清
朱秩炅,安塞王,樗霽,滄洲野客
朱稷,相之
朱稻孫,娛村,稼翁
朱穀,晉五
朱穆,公叔
朱穎,嘉德,雲浦
朱章,時發
朱端,一樵,克正,海寧衛人
朱端妍,靜如
朱端常,正父
朱端揆,錫嘉
朱笈,懋學
朱笏臣,子絡,子縉
朱策,對廷,次方,蕓溪
朱筠,綠君
朱箕壽,國箕,朱耆壽
朱節,全夫
朱節文,用和
朱範址,恭惠,襄陵王
朱篔,二亭,市人
朱粲,可達寒賊,迦樓羅王
朱紀,維憲
朱約,博原,守亭,艮齋
朱紈,子仁,子紀,子純,秋厓,秋崖
朱紋,湘姮
朱純,克粹
朱紘,梯雲
朱素,月樓
朱素娟,月繡
朱紫佐,襄廷,贊虞
朱紫佩,崇增,雨樵
朱紫貴,立齋
朱紱,惕齋
朱紳,懋孚,竹坡
朱紹恩,東江,澤溥
朱紹成,寄梅
朱紹曾,用矩,衣言,魯門
朱紹榮,彤一
朱紹煊,椿崖
朱紹琨,晉英
朱紹頤,子期,養和
朱紹鳳,儀聖,浣花窩,蒿庵,蒿菴
朱絃,廷和
朱統?,芝園
朱統䤞,雪臞
朱統䥫,佛大
朱統鈒,德符
朱統鉓,章華
朱統鉟,無外
朱統銍,寶符,蔚園
朱統鍡,伯壘,群玉山樵
朱統鐩,司烜
朱統鑯,佛大
朱統𨪴,時卿
朱絳,子垣
朱經,恭亮,敘九,燕堂
朱經扶,安肅,靖江王
朱綖,君與
朱綬,文佩
朱維京,可大,訥齋
朱維垣,某三,臺三
朱維熊,兆公,雪礬
朱維藩,价卿
朱維鐸,警齋
朱維鑑,任垣,在垣
朱綱,振甫,肅菴
朱綵,景萊,睂白先生
朱綸,言如
朱緒曾,述之
朱緗,匡生,青士
朱緘緘,萊儒
朱縉,廷儀
朱縡,樞言
朱繡,雍麓
朱繩祖,椒邱
朱繪,完初
朱繹之,貴言
朱繼勳,朱繼勛
朱繼忠,以誠
朱繼祖,孝思,慕菴
朱繼祚,立望,胤岡
朱繼經,六詒,魯詒
朱繼芳,季實
朱纁,玄甫
朱續晫,明遠,近堂
朱續曾,似堂,序之,芝園
朱纓,小松,淸父
朱美英,蕊生
朱美鏐,具甫,彥山
朱群,穎叔
朱羲,朱義
朱翊釴,憲懷,憲懷太子,裕世子
朱翊鈏,益王
朱翊鈞,定陵,神宗,範天合道哲肅敦簡光文章武安仁止孝顯皇帝,萬曆,顯帝
朱翊鈴,翊甲,靖悼王
朱翊鏐,四子,潞王,潞簡王
朱翊𨥌,匡鼎,樊山王,花蕚社,隱眞子
朱翌,新仲,潛山居士,灊山居士,省事老人
朱習龐,煥南,鴻都
朱翠聲,天鳳,雨村
朱翰章,質河,質海
朱翰臣,學甫
朱耀先,友銅
朱耀奎,朱寶瑩
朱耆壽,國箕
朱耜,元益
朱耷,一仙,三耳,个山,人屋,何園,個山,個山驢,傳棨,八大山人,刃庵,十得,寤歌草堂,屋驢,書年,朱由桵,朱道朗,洛園,瀘漢,破雲樵者,錫個,雪個,雪箇,雪衲,驢屋,驢漢
朱聊沄,步青
朱聚雲,五峯
朱聯奎,星楂,淳夫
朱聲濤,昌岐,杏南
朱聲遠,信孚
朱聿?,文宗
朱聿鍵,紹宗,配天至道弘毅肅穆思文烈武敏仁廣孝襄皇帝
朱聿𨮁,唐王
朱肅,敬之
朱肇,本初
朱肇煇,魯王
朱肇開,李肇開
朱肱,亦中,無求子,翼中
朱胤昌,嗣宗
朱胤栘,南山道人,瀋王
朱胤顯,蘭谷
朱能,士弘,成國公,東平王,武烈
朱能作,斯振,雅齋
朱能恕,唯齋
朱膺鋪,安昌王,懷僖
朱臣,升伯
朱臨,時進
朱自振,孟起
朱自方,夢菴
朱自期,君望
朱自清,佩弦,秋實
朱致恭,朱致虚
朱與翹,惺復
朱與言,一諤,一鶚
朱興悌,子愷,西崖
朱興沂,志侯
朱舉直,正民
朱舜民,虞甫
朱舲,芷汀
朱良,良伯
朱良佐,守忠
朱良實,子誠,百拙老人
朱良崑,彥伯
朱良弼,國輔
朱良暹,士英
朱良育,叔英
朱良裘,冶子
朱良輔,君聖
朱芝垝,三城康穆王,三城王,康穆
朱芫星,式山,榆圃
朱芫會,蕙纕
朱芬,芸樓
朱芳徽,懿卿
朱芸,季芬
朱芾,孟辨,滄洲,滄洲生
朱芾煌,子衷,濡須江漁,玉瑠
朱苕,仲魚
朱苞,翔亭,鳳九
朱若東,元暉,曉園
朱若極,元濟,原濟,大滌子,淸湘老人,淸湘遺人,淸湘陳人,瞎尊者,石濤,粵山,老俠,苦瓜和尚,贊之十世孫,釋道濟,阿長,零丁老人,青湘老人
朱英,朱蝎子
朱茂,如松
朱茂昭,子藻
朱茂時,子葵,葵石
朱茂晭,子蓉
朱茂琳,光獻皇帝,敬祖
朱茹,以彙
朱荀,景荀
朱荃,子年,香南
朱莊,敬予,端卿
朱菁,樸園,諤廷
朱華,素卿
朱華圉,五湖長,仲叔,淮仙,陶范公
朱萬仰,野愚
朱萬錦,樸愚
朱萬齡,壽之
朱萱,樹之
朱萼增,沁香
朱葆康,天一,少屏,屏子
朱葆熙,敬伯,敬由
朱著,功一
朱葵之,梅叔,樂甫,粟山
朱蒙正,養源
朱蓀,又荃,受益
朱蓂,堯階
朱蓮,荷亭
朱蔚,西簃,霞山
朱蔚然,玉坡
朱蔭培,澹庵,熙芝
朱蔭穀,少藍
朱蕃時,希孔
朱蕙,紉齋,靜芳
朱蕙貞,清湘
朱藻,以薦
朱蘅,紉齋
朱蘊奇,子節
朱蘭,畹香
朱蘭皋,國香
朱蘭馨,芬若,謝庭
朱虎,中山,堯臣
朱處仁,表臣
朱虛,于園,介庵,可庵,若虛,邵齋
朱融,叔晦
朱行中,朱中行
朱行斌,行斌
朱行祺,吉夫
朱衍,達善
朱術珣,均焉
朱衡,永平
朱衣,正伯
朱衣珍,也默
朱衣點,鈍叟
朱表,民望
朱表欒,恭裕,慶成王
朱衮,文龍
朱袗,汝衷,浠桂
朱袞,子文
朱袞衣,受堂
朱裒,崇晉,鐵漢
朱裕,敏道
朱裳,朱棠
朱裴,小晉,擷蔬園,裴公
朱褒,世德
朱襄,唯齋,雲溪
朱見沛,九子,徽王,徽莊王
朱見治,八子,忻王,忻穆王
朱見浚,七子,吉王,吉簡王
朱見深,憲宗,成化,朱見濬,純帝,繼天凝道誠明仁敬崇文肅武宏德聖孝純皇帝
朱見淳,四子,許悼王,許王
朱見潾,二子,德王,德莊王,朱見淸,榮王,見淸
朱見澋,樊山王,溫懿
朱見澍,五子,秀懷王,秀王
朱見澤,六子,崇王,崇簡王
朱見濟,懷獻,懷獻世子,懷獻皇太子
朱見濡,憲宗,朱見深
朱觀,顒伯
朱觀炊,毅齋,輔國將軍
朱觀熰,中立,鎮國中尉
朱觀謨,孟典,師古
朱觐锥,鍾陵王
朱訓誥,訥庵
朱訔,介然
朱訥,存仁,補齋
朱詒泰,少卿,後成,滌軒
朱試,以功
朱詧,公甫
朱誠,文穆皇帝,烈祖
朱誠泳,秦王,秦簡王,簡王,賓竹道人
朱誠洌,安裕,朱誠冽,汧暘安裕王,汧陽安裕王,汧陽王
朱誥,巽甫,淸泠
朱誼㳆,子斗
朱誼立,仁昭
朱調元,鏡溪
朱諟鋢,伊王,郟城王
朱諤,忠靖,朱紱,聖與
朱諫,君佐,蕩南
朱諶,循道
朱謀㙔,明父,貞靜先生,鎮國中尉,鬱儀
朱謀㬜,公退,康侯
朱謀卦,象吉
朱謀堚,來鯤,子魚
朱謀壑,四溟,文之
朱謀敖,用莊
朱謀虉,太沖,鹿洞
朱謀覲,孔光
朱謀轂,用虛
朱謀遙,履中,西滸
朱謙,益之
朱謨,霜劬
朱議汴,卜初,天中,惠再
朱議霶,冠石,用霖,確庵
朱譽橎,南渭王,石巖山人,莊順
朱讓,克遜
朱讓栩,蜀王
朱象先,西湖隱士
朱象珽,子訥
朱象賁,位中
朱豹,子文,靑岡居士
朱豹章,朱文炳
朱貔孫,興甫
朱貞,懷古
朱貫,貫道
朱貴,黻堂
朱買臣,翁子
朱賁,明叔
朱賡,少欽,文懿,逍遙樓,金庭
朱賡堯,祝礽
朱賡颺,景葊
朱賢,進甫
朱質,吟餘
朱贊,光輔
朱起,彧芑
朱起章,章之
朱起豫,抱和
朱起鳳,丹九
朱路,任葊,木齋
朱蹕,子美
朱身修,安百
朱軒,雪田,韶九
朱軧,叔止,叔正
朱軫裔,三瞻,洛山
朱軾,棠蔭,棠陰
朱載?,長子
朱載㙔,仲佩,奉國將軍
朱載㙺,薊哀王
朱載土几歹,均思王,載凰,載夙土
朱載圳,四子,景恭王,景王
朱載坅,大隱山人,昇甫,樊山王
朱載垕,契天隆道淵懿寬仁顯文光武純德弘孝莊皇帝,穆宗,莊帝,隆慶
朱載埨,徽王,浦城王,淸微翊輔化忠孝真人
朱載基,哀冲,哀冲太子,載直土
朱載堉,伯勤,句曲山人,端淸,端淸世子
朱載堙,廬江王
朱載壐,康憲
朱載壑,二子,莊敬,莊敬太子
朱載戞斗土,戚懷王
朱載璽,康憲,新樂王,誠軒
朱載震,悔人,晦仁
朱載鹵土,朱載?,潁傷王,潁殤王
朱輔,良臣
朱輕雲,露香
朱輝,月樵,混俗道人
朱轅,仲侔
朱迪珍,佩秋
朱述,傅道,傳道
朱逌然,肯夫
朱逢年,大有,雲圃
朱逢辛,新帷,甲三
朱連珍,寶泉
朱進之,婺卿
朱逵,海昌女史,虔齋
朱逵吉,春衢,潁雙,穎艭,穎雙,絳槎,青侶
朱運新,似石,錫圭
朱運昌,允升
朱遐年,敬文
朱遐昌,稻孫,稻生
朱道,海門
朱道南,統文
朱道文,魯存
朱道誠,信中
朱達,道行
朱達吉,潁艭
朱達權,平階
朱遜烇,榮順,靈丘王
朱遜燂,恭簡,朱遜墰,襄垣王
朱遠,元通
朱適之,子正
朱遵度,幕府書厨,朱萬卷
朱遵式,咸則
朱選,萬青
朱邁燡,子昌,美帆
朱邇邁,人遠,日觀山人
朱邦,九龍山樵隱叟,正之,酣珝道人
朱邦喜,景岳
朱邦彥,介卿
朱邦楨,道賢
朱邦達,哲鶴
朱邦遠,哲鴻
朱邪執宜,懿祖,昭烈皇帝
朱邱孫,雲漪
朱酉吉,厚之,履祐,履祥,忠文,忠父,第二十二
朱采,亮生
朱釋老,龜潭
朱重倫,敦堂
朱金發,振仲
朱金蘭,香谷
朱金鐸,倚亭,警寰
朱金隆,海喬
朱金鼇,篤山
朱釗,辰山
朱鈞,可元
朱鈺,研溪,雙璧
朱銓,御陞
朱銘,二思
朱銘瓚,浦珊,補山
朱銘盤,俶僩,俶簡,俶間,日新,曼君,桂之華軒
朱銳,廷鉞
朱鋐,震伯
朱錀,儒宗
朱錞,鍔潭
朱錡,松筠
朱錦,秀文
朱錦標,印川
朱錦江,南鄰,甫麟
朱錦清,朗亭
朱錦琛,秀齋
朱錦琮,尚齋,瑞方
朱錦生,朱綿生
朱錧,以獻
朱錫恩,湛卿
朱錫梁,天壽,夬裔,梁任
朱錫珍,嚴溪,道南
朱錫綬,嘯筠,小雲
朱錫蕃,滋生,葛莊
朱鍵,國材
朱鍾鉉,晉王,榆社王
朱鎔,陶菴
朱鎮,生白
朱鏞,廷用
朱鏡清,平華,至堂,頻華
朱鏡蓉,和甫,晉康
朱鏻,健齋
朱鐩,子新
朱鐸,文鳴
朱鑑,墨壺,墨湖,文籐,文藻
朱鑑孫,明夫
朱鑒,明涵,阿顛
朱鑒孫,明夫,第崇一
朱鑒成,眉君
朱鑒章,海琴,達甫
朱長世,興公
朱長年,奇鶴,松厓
朱長庚,與白
朱長文,伯原,樂圃,樂圃先生
朱長春,大復,太復
朱長泰,謙茹
朱閑聖,嶧庭
朱阜,即山
朱陞塏,朗亭,郎亭
朱陵,紀堂,紫岡,花藥山人
朱陽,正中
朱隆禧,二峯,子謙
朱階吉,莢庭
朱隱老,子方
朱雄英,虞懷王,雄煐
朱集球,韶鳴
朱集璜,以發
朱雘,丹木,朱艧,杍循
朱雝模,三農,南廬,皋亭
朱雪,元白,淸修先生
朱雪英,韻梅
朱雯,復思
朱雲,采章
朱雲亭,惺園
朱雲從,倣泉,蒸浦,貞復
朱雲章,漢卿,益齋
朱雲裳,步華
朱雲駿,畫莊,逸湄
朱雲鳳,瑞卿
朱雷,士聲
朱雷復,伯禮
朱震,坦齋,震之
朱震亨,丹溪,彥修
朱震東,寶泉
朱霈,雨樵,霖臣
朱霖,沛如
朱霞,佩雲
朱霞遠,醒齋
朱霦,玉虹
朱靑選,遴之
朱靖旬,敏齋
朱靖蒲,果齋
朱靜閑,味默
朱革慶,朱華慶
朱韞玉,介石
朱韞珍,琬卿
朱韶香,敬園,碧峰
朱頣坦,寶慶王,魯王
朱頣堀,安丘王,溫僖
朱頣塚,中尉,育甫
朱頣墉,奉國將軍,晁甫
朱顯宗,闇生
朱顯廷,子良,蔭堂
朱顯忠,彥良
朱顯文,子儀
朱顯槐,保康,少鶴,武岡保康王,武岡王
朱顯祖,以君,雪鴻
朱馨潤,蘭馥
朱駿聲,傳經室,允倩,惜花詞客,石隱,石隱山人,經韻樓,臨嘯閣,豐芑,豐苞
朱騫,謹侯
朱驥,尚德
朱高濬,麗中
朱高煦,二子,漢庶人,漢王,高昫火
朱高熾,仁宗,敬天體道純誠至德弘文欽武章聖達孝昭皇帝,昭帝,洪熙
朱高燧,三子,趙王,趙簡王
朱鬥兒,素娥
朱魯卿,希曾
朱魯柏,丹巖
朱鳳,成國公,榮康,鳴周
朱鳳儀,夔笙
朱鳳台,慎人,驥渚
朱鳳揚,桐軒
朱鳳梯,梧岡
朱鳳森,韞山
朱鳳標,建霞,文端,桐軒
朱鳳祥,亮奇
朱鳳翔,小梧
朱鳳英,翽羽
朱鳳藻,曉山
朱鳳鳴,曉山,蠹仙
朱鳴琦,少梅,罽石
朱鳴陽,應周
朱鴛鷺,造子
朱鴻,時賓
朱鴻儒,黼山
朱鴻漸,子明
朱鴻猷,仲嘉,薌圃
朱鴻誥,鉅齋
朱鴻謨,恭介,恭恪,文甫,鑑塘,鑑川
朱鵠,秉直
朱鵬,際飛
朱鵬萬,浙霄,翀霄
朱鶴,子鳴,松隣
朱鶴年,野雲
朱鶴齡,愚庵,愚菴,愚谷叟,松陵散人,猗蘭堂,長儒,長孺
朱鷺,家棟,白民,西空老人
朱鸞,鶴仙
朱麒,萝祥
朱麟,子仁
朱麟漢,石齋
朱麟祥,瑞徵
朱麟祺,定甫,臥雲
朱默,前江,時言
朱點衣,性園,葆齋
朱黯,宣元皇帝,肅祖
朱黻,九如
朱黼,大米,畫亭,與持
朱鼎,朱昇
朱鼎?,朱鼎要
朱鼎延,嵩巖
朱鼎新,爾建,雲門
朱鼎臣,春舫
朱鼐,毅亭
朱鼒枋,慶王,桐鄉王
朱齊之,思賢
朱龍,景亮,珠哥,第一,難僧
朱龍光,晴海,虎泉,雲門
朴㕀,景培
朴㙖,仲獻
朴㴲,仲淨
朴䎩,子治
朴世堂,季肯,文節,潛叟,西溪,西溪樵叟
朴世徵,子久,顔谷
朴世極,濟卿,虎溪
朴世熹,文剛,而晦,道源齋
朴世茂,景蕃,消䍃堂
朴世采,南溪,和叔,文純,玄石
朴乃貞,直卿
朴以洪,士毅,月影
朴仲善,子淑,襄昭
朴仲孫,恭孝,慶胤,默齋
朴仲林,文愍,閑碩堂
朴來章,而慶
朴信,惠肅,敬夫,雪峰
朴信圭,奉卿,淸肅,竹村
朴信龍,澤叟,而澤
朴元亨,之衢,文憲,晩節堂
朴元宗,伯胤,武烈
朴元貞,之成,文靖
朴光一,士元,文肅,遜齋
朴光佑,國耳,潛昭堂,蓽齋,貞節
朴光前,文康,竹川,顯哉
朴光玉,懷齋,景瑗
朴全之,文匡,杏山
朴公達,四休,大觀
朴剛生,柔之,蘿山耕叟
朴友賢,希聖
朴可興,安中,靖厚
朴名賢,朴命賢
朴命龍,忠愍,見叔
朴啓賢,君沃,文莊,灌園
朴堧,坦夫,文獻,朴然,蘭溪
朴增,益之,貞簡
朴增榮,朴希仁,訥齋
朴壕,仲保,仲深
朴士熹,德明,默齋
朴大德,合江,士華
朴大立,守伯,無患,無違堂
朴天祥,靖厚
朴好元,善初,松月堂
朴好問,貞武
朴孝修,石齋
朴守儉,林湖,養伯
朴安悌,季順
朴安期,螺山
朴安臣,伯忠,朴安信,貞肅
朴宗祐,君錫,河濱釣叟,陶谷
朴宗胄,彦仲
朴宜中,子虛,貞齋
朴實,靖孝
朴審問,忠貞,愼叔,淸齋
朴尚玄,寓軒,景初
朴尚衷,文正,誠夫
朴居華,實兮
朴崇元,尙和,忠靖
朴崇質,仲嘉,仲素,恭順
朴師益,兼之,章翼,鷺洲
朴廷老,懶學者,汝獻
朴弘美,君彦,朴敬立,灌圃,直哉
朴弘耉,應邵,朴弘老
朴弘道,子修
朴弼周,尙甫,文敬,黎湖
朴弼夔,一哉
朴弼夢,良卿
朴弼成,士弘,孝靖,雪松齋
朴弼明,仲良,忍齋
朴弼正,季心,逸休
朴弼渭,景望
朴彝敘,忠簡,敍吾,朴文敍,東皐,泌川
朴彦龍,仁德亭,澤卿
朴彭年,仁叟,忠正,醉琴軒
朴從愚,成烈
朴從鱗,子龍
朴忍,彦容
朴忠佐,子華,恥菴,文齊
朴忠侃,叔精
朴忠儉,老谷
朴忠元,仲初,文景,靜觀齋,駱村
朴思寬,寬夫
朴惺,大菴,德凝
朴愈,柳隱
朴慶後,休卿,晩悟,醉翁
朴慶新,三谷,仲吉,寒泉
朴慶業,巖叟,應休,朴承業,秋灘
朴應善,而吉,草亭
朴應天,景遇
朴應男,南逸,文貞,柔仲,退庵
朴應福,慶仲,拙軒
朴應順,健仲,靖懿
朴成龍,見伯
朴承任,嘯皐,重甫
朴承宗,孝伯,肅愍,退憂堂
朴挺蕤,忠質
朴敏道,性之
朴敬祉,亨甫
朴文彬,忠靖,桃隱
朴文秀,忠憲,成甫,耆隱
朴斗南,槐亭,雲裎
朴日省,學魯
朴昌元,善長,澹翁
朴星錫,汝晶
朴春年,仁叔
朴春茂,愍襄,花遷堂
朴晉,明甫,毅烈
朴晉慶,明述
朴普老,敬烈
朴東亮,子龍,寄齋,忠翼,梧窓,鳳洲
朴東善,子粹,西浦,貞憲
朴東望,子眞
朴東說,南郭,說之,鳳村
朴東賢,學起,活塘
朴枝華,君實,守庵
朴栗,寬仲,遯溪
朴楗,子啓,恭簡
朴楣,子瞻,存誠齋,戴敏
朴榮臣,仁輔,忠壯
朴權,歸庵,衡聖
朴毅長,士剛,武毅
朴民獻,希正,樗軒,正菴,瑟僩齋,醫俗軒
朴永緖,忠壯
朴汝樑,公幹,感樹齋
朴汝龍,文溫,松厓,舜卿
朴泓,淸源
朴泰初,吉天,警齋
朴泰定,定之,敬愼齋,敬憲
朴泰尚,士行,存誠齋,文孝,萬休堂
朴泰恒,士心
朴泰維,士安,白石
朴泰輔,士元,定齋,文烈
朴洪鱗,子雲
朴洲,泂之,鼎山
朴海,仲涵,後浦
朴涏,巨源
朴淳,和叔,思菴,文忠
朴渡,貞節,遯叟
朴渾,浩然
朴漑,大均,烟波處士
朴漢柱,天支,迂拙齋
朴漪,仲峰,仲連
朴漸,復庵,景進
朴潢,德雨,懦翁,懦軒
朴澯,景淸,雪峯
朴瀰,仲淵,汾西,錦陽君,錦陽尉
朴炡,大觀,忠肅,霞石
朴炳,少文
朴熙中,子仁,朴熙宗,葦南
朴燁,叔夜,葯窓
朴玄齡,壽之
朴球,景玉,遯翁
朴瑞生,栗亭,汝祥
朴瑺,仲卿
朴相馨,德潤
朴知誡,仁之,文穆,潛冶
朴祐,六峰,昌邦
朴祥,文簡,昌世,訥齋
朴箎,大建
朴素立,豫叔
朴紹,冶川,彦胄,文康
朴繼成,而述,草谷
朴耆年,東齋,松叟
朴而章,叔彬,道川,龍潭
朴致和,士邇,巽齋,朴致遠,泣愆齋
朴致道,學季,黔巖
朴興文,玉銘,玉鎖
朴興生,敬夫,菊塘
朴良佐,復齋
朴英,子實,文穆,松堂
朴英喆,叔明
朴薰,文度,江叟,馨之
朴蘭,叔馨,梧亭
朴蘭英,忠肅
朴處綸,巨卿
朴訔,仰之,平度,釣隱
朴詠,君復
朴說,夷靖,說之
朴誾,仲說,挹翠軒
朴諏,沙隱
朴謹元,一初,望日齋
朴遂一,健齋,明鏡,純伯
朴遂良,三可亭,君擧
朴遠,文康,朴瑗
朴錫命,文肅,頤軒
朴鐔,大叔,芝浦
朴長遠,久堂,仲久,文孝,隰川
朴門壽,松菴
朴雲,伯濡,澤之,龍巖
朴震英,厓西,實哉,武肅
朴鳳瑞,雲祥
朴麟样,圃翁,聖甫
朴鼎元,季善,東湖
朴鼎吉,養而
朴齊仁,仲思,篁巖
朴𥶇,大瓠,魯直
朶兒別台,仲明
朶兒只,愼齋
朶兒只班,善卿
朶兒赤,道明
朶列圖,仲容
朶列秃,仁卿
朶歹忽都魯別,謙齋
朶爾直班,多爾濟巴勒,惟中,朵兒只班,朵爾質班
朶蠻帖木兒,惟時
朶里不花,端甫
朶難,敬先
李,繪光
李(土+靈),柔香,靈玉
李?,德貞
李[⿰王員],薛王
李㙉,叔載,月磵
李㦕,燕山君
李㫤,光遠,柯耕
李㮒,福平君
李㮞,承叔
李㴭,忠敬,松溪,用涵,麟坪大君
李㵝,源潔
李㵾,士淸
李㶧,富春堂,文甫
李㼁,永昌大君
李䌙,巨中
李䎘,仲羽,忠獻,逸休亭
李䓲,子興
李一中,時卿
李一元,調卿
李一公,心石,闇生
李一本,汝培
李一松,茂甫
李一清,聖池
李一瀚,源甫
李一生,無險
李一相,咸卿,文肅,靑湖
李一科,志道
李一經,子源
李一蜚,英叔
李一迪,君哲
李一陽,長卿
李一鳳,岐陽
李丁,明甫
李三姐,孝烈
李三娘,三娘
李三德,俊明
李三才,修吾,道夫,道甫
李三捷,宗凱,月卿,靜軒
李三畏,汝敬
李三省,敬堂
李三齡,壽千
李上馨,子升
李下玉（義陽公主）,義陽公主
李不疑,通叔
李丑父,亭山,李綱,汝礪,艮翁
李丕,子京,李真卿,真卿
李丕則,龍岩
李丕旦,晦之
李丕顯,憲文
李世亨,芝圃
李世仁,堯天
李世伸,屈翁,誌宣
李世佐,孟彦
李世保,滋園
李世倬,伊祁山人,十石居士,天濤,天章,太平拙吏,星厂钬圭,榖齋,淸在居士,漢章,穀齋,菉園
李世傑,恭勤,漢三,雲岩,雲巖
李世勉,季成,柗亭
李世南,唐臣
李世基,立初,行休
李世安,彥豪,龍川
李世完,子固,珍原君
李世寅,協廷,子翼
李世寧,子安,祥原君
李世弼,君輔,文敬,龜川
李世彥,碩甫,顯甫
李世彬,子蔚,棫咸,滋蕙
李世德,伯卲
李世恪,共人
李世惠,李世惪
李世昌,弈侯
李世最,竹牖
李世望,玉樵,蘭臺
李世楷,宗吾
李世民（唐太宗）,太宗,文武大聖大廣孝皇帝
李世治,堯農,怡堂
李世洽,溉林
李世熊,但月,但月老人,但月齋,偷生,元仲,媿庵,寒支,寒支子,寒支道人,寒知,寒知堂,愧庵,愧菴,抗談齋,木居士,檀河先生,檀河書舍
李世珍,修士
李世琦,慕韓
李世瑍,二憂堂,孝獻,季璋,果齋
李世瑞,鳳儀
李世瑾,聖珍,靜軒
李世璋,漁叟,道盛,錦江
李世白,仲庚,北溪,忠正,雩沙
李世祺,壽生
李世章,雲袋,雲裳
李世臣,汝賢
李世芳,伯傳
李世英,子實
李世華,七井,君實,忠肅,雙栢堂
李世蔚,方山
李世藩,邦鎮
李世貴,顯燮
李世達,子成,廓菴,敏肅,漸菴
李世選,選甫
李世鋼,練亭
李世錫,帝侯,霞裳
李世雄,彥豪
李世鰲,于載
李世麒,瑞軒
李世龜,壽翁,養窩
李丙,仲南
李丙榮,樹人
李丞濟,巨川
李並楷,翹林
李並詣,翹林
李中,明巖,而强
李中和,育堂,致庵
李中孚,春山
李中師,加錫,君錫
李中悅,果齋,習之
李中梧,燦宇
李中淑,致軒,陶山
李中白,繪先
李中簡,嘉樹山房,子靜,就樹軒,廉衣,文園
李中素,子鵠
李中行,二水,與之
李中隆,在中
李中黃,子石
李丹,炳文
李丹墀,畹餘
李丹衷,雪田
李主一,主敬
李乃蘭,明馨,汝佩
李久源,月潭,源之
李久澄,栢村,澄源
李之儀,姑溪居士,端叔
李之復,希顏
李之懋,仲勉
李之才,挺之
李之栻,敬軒
李之棻,浥慶,浥齋
李之椿,大椿
李之氐,文正
李之泌,鄴仙
李之濂,恥菴,養而
李之瀚,李之翰
李之煌,雲周,雲洲,雲章
李之珍,席卿
李之琯,寶笙,小華
李之用,實卿
李之皞,華堯
李之直,伯平
李之禮,莊愍,謾芳
李之純,端伯
李之素,定菴,雲山
李之紹,伯宗,果齋
李之翰,周翰
李之翼,桂村,汝輝
李之芬,子約
李之芳,文章伯,詞伯
李之英,允達
李之菡,土亭,文康,水山,馨仲,馨伯
李之蕃,思亭,省菴,馨佰,龜翁
李之藩,价人,巩伯,敬予
李之藻,存園叟,存園寄叟,我存,振之,涼庵,淳菴居士,理探
李之蘊,醉石
李之蘭,式馨,襄烈
李之詩,景毅,松菴,詠而
李之起,樹聲
李之鍠,瀛臺
李之韡,郁和
李之馧,子聞,貧郊
李之鼎,振唐
李乗雲,子雨,荊陽
李乘,德載
李乘雲,忠烈
李九,毅之
李九功,惟敘
李九江,卿鸂
李九烈,又承,柳村
李九苞,瑤臺
李九都,仙亭
李九鵬,化北,天翼
李乾德,雨然
李乾順,崇宗,聖文皇帝
李予之,又何,綏齋
李予望,宮岩主人,岵瞻,怡村
李予瑋,伯瑋
李二,信德
李于涪,滋園
李五娘,玉京仙
李亘,可大
李亞荀,宗卿,李亞筍
李亢,伯起
李亢宗,子能,李克宗
李亨,觀泰
李亨伯,安正
李亨嘉,士元
李亨成,景休,釣翁
李亨（唐肅宗）,太上至道聖皇天帝,文明武德大聖大宣孝皇帝,肅宗
李京,謹齋
李亭謙,龍浦
李亮,長孺
李人儀,士傑
李人發,英萬
李人龍,子乾,雲亭
李仁,一元
李仁俊,曉岑
李仁傑,唐英,士奐,士英
李仁元,伯元,資齋
李仁垕,載叔
李仁夏,夏叔
李仁孝,仁宗,聖德皇帝
李仁孫,仲胤,忠僖,楓厓
李仁復,克禮,文忠,樵隱
李仁忠,誨之
李仁泉,德量
李仁深,聲伯
李仁祐,安卿
李仁老,眉叟
李今蓮,又青
李介,士特
李介叔,直翁
李介白,莘田
李介石,守道
李介祉,紉蘭
李介立,大中,櫟峰,省吾臺
李仕,少徳
李仕清,希獻
李仕良,仲舉
李仕華,邦憲
李仕衡,天均
李仕魯,宗孔
李仙春,蓬山
李仙枝,寶樹,抱犢山人
李仙根,予盤,子靜
李仙蕙（永泰公主）,永泰公主,穠輝
李仙蟠,漪蘭
李代宗兒（文安公主）,文安公主
李令儀,象峰
李令崇,傳芳,南金,坦之
李以制,景禮
李以唐,伯堯
李以申,景厚
李以稱,景平
李以篤,老蕩子,雲田
李以籍,聲叔
李以謙,從吉,德光,春臺
李仰止,君山
李仲,吉父,第一,驥孫
李仲伯,月峯
李仲侯,君直
李仲偃,晉卿
李仲傑,英甫
李仲光,景溫,肯堂
李仲宣,象賢,賢象
李仲容,儀父
李仲寓,叔章,李仲㝢
李仲彬,文卿
李仲昌,令緒
李仲昭,克齋,守謹,次卿,衡門
李仲淹,行可
李仲熊,蒼嶠
李仲章,二仲
李仲義,士亨,李重義
李仲舒,益之
李仲芳,季之,秀之
李仲虎,士文,履素齋,文敬,風后
李仲訓,李懋,江南十才子
李仲謀,敬心
李仲賓,少卿
李仲輔,燮亭
李仲進,公度
李仲龍,堯佐,少逸,第五
李价,少藩
李任,金革
李份,文叔
李伉,常武
李伊晉,退亭
李伊鼎,尹正,成之,第桂一,貴顯
李伍渶,瑤湖剩叟,聖水
李休,休烈
李伯善,長卿
李伯堅,德剛
李伯宗,會之
李伯嶼,君美
李伯康,士豐
李伯敏,好古,敏求
李伯春,友卿,犮卿
李伯時,伯時
李伯湛,若水
李伯溫,昭思
李伯玉,斛峰,李誠,畏齋,純甫
李伯生,子元
李伯由,良厚
李伯芳,廷實
李伯華,允實,大澤
李伯述,彥古,忠愍
李伯遇,載純
李伯鈞,仲舉
李伸,道卿
李似姒,莘子
李佐,良哉,螺峯
李佐宸,公輔,希固,楚楓
李佐賢,竹朋
李佑,吉甫
李佑厚,奉軒
李佑文,白康,白藍
李佑民,治齋
李何煒,緩山,韋夏
李佖其,復堂
李作乂,彥從
李作圻,樹楮
李作堂,素亭
李作孚,若玉
李作楨,幹廷,念慈
李作楫,濟巨,白川
李作樞,斗南,鬥南
李作權,立夫
李作聖,思睿
李作舟,三溪
李佩,季佩
李佩珍,瓊仙
李佩琳,敦信,碧山
李佩瑤,篔秋
李佩璋,筠仙
李佩瓊,蘭仙
李佩金,秋雁詩人,紉蘭
李佩銘,心孚,蓉溪
李佳,彥公,瘦生
李佳覺善,敏勇
李佶,子健
李佺,孝愍,綾昌大君
李佾,子列
李侃,月亭
李來,景節,樂甫
李來南,東莊,薰屏
李來命,承松
李來泰,仲章,石臺,蓮龕
李來章,禮山
李來鳳,瑞黃
李侍堯,恭毅,欽齋,翊唐
李侗,延平先生,愿中,文靖
李侯,思貞
李侯七,侯七
李侯諮,文江
李俁,朗善君,碩卿,觀瀾亭
李俊,隨川
李俊堂,化南,化雨
李俊民,子修,孝翼,新菴
李俊甫,幼傑
李俊素,明中
李俊耉,子喬
李俌,湛恩堂,貞孝
李保保,老保
李保晩,大明,處難
李保泰,嗇生,景三
李信,允亮
李信圭,君信
李信甫,誠父
李修,季長,季长
李修己,思永
李修易,乾齋,子健
李倓,承天皇帝
李倚天,斯立,樸直窩
李倜,員嶠真逸,士弘,章肅
李倧,仁祖,和伯,松窓
李偉,世奇,恭簡,武淸侯
李偉卿,長而
李偉文,右卿
李偉烈,怡國
李偏圖,襄敏
李偕,少峯
李偘偘,元光
李健,天行
李健命,仲剛,寒圃齋,忠愍
李偲,世培,世某
李傅藻,薌墀
李傑,伯奇
李傳元,仲鈞,安般,橘農,淨巖,芝坪,芬陀利館
李傳敏,慧超,遜吾
李傳熊,尚佐,王漁
李僅可,子與
李僑,仙臺,子高
李僚,空雲
李僡,吉人,恭毅,惠人,鳳山
李儀,公著,虛息
李儀古,淑服
李儀廷,韶亭,韻亭
李億,子安
李億祺,景受,毅愍
李億載,大年
李儇（唐僖宗）,僖宗,惠聖恭定孝皇帝,李儼
李儒,宗文,宜散
李儒烈,四十八,忠甫
李儒珍,真卿
李儒用,仲秉,練溪
李儒超,問渠
李儒郊,宋伯,東原
李儼,民望
李允,信之
李允修,勉叔,楓崖
李允儉,子文
李允則,垂範
李允升,季猷
李允常,恆亭,恆崖,恆齋
李允成,公弱,李允武
李允材,竹虎,竹虛
李允正,修己
李允濯,濯之
李允生,李允升
李允登,岳齋
李允禎,修庵,修菴,貞甫
李允符,揆山
李允簡,可大
李元,德元
李元亮,勤恪
李元俊,伯英,慕菴
李元光,安姓,改名元諒
李元凱,舜舉
李元卿,汝先,竹圃
李元吉,允卿
李元善,子髯
李元壽,仁山,鹿野翁
李元奮,伯遠,立夫
李元實,士貞,孚宇
李元崇,季姚,繼姚
李元度,天岳山房,天岳山樵,天岳山館,次青,求實用齋,笏庭,超園老人,超然老人
李元恭,李允恭
李元慶,雲農
李元振,貞孟
李元昊,景宗,武烈皇帝
李元春,時齋,桐閣
李元景,荊王,趙王
李元植,一飛
李元模,洪鑄,范堂
李元泰,道隆
李元淳,李長榮
李元清,子真
李元滬,鶴坪
李元瀹,冲之,沖之
李元烺,雪江
李元獻,修臣,可亭
李元玢,受之
李元珪,廷璧
李元白,三江,景平
李元直,愚村,戇李,李元正,李元真,象先,象山
李元確,居貞
李元祿,廷瑞
李元禎,士徵,文翼,歸巖
李元禮,庭訓
李元章,長卿
李元簡,首禮
李元紘,大綱,文忠
李元素,琢菴
李元綱,國紀,百練真隱
李元緗,葉初,青函
李元翼,公勵,文忠,梧里
李元胄,大胤
李元軌,玄哲
李元輿,濟可
李元鎭,太湖,昇卿
李元鏕,釗門,鈞門
李元陽,中谿,仁甫
李元麒,其鹿
李元鼎,子彞,老曼,芝逸
李元齡,汝長
李充,仲實,李克
李充嗣,士修,士脩,康和,李兄嗣,梧山
李充實,中虛
李充庭,伯振
李充濁,澄之,確齋
李兆元,仲顯,蘊庵
李兆先,徵伯
李兆勖,勖夫,旭芙,錫余
李兆年,元老,文烈,梅雲堂,百花軒
李兆梅,和生,甌臣,肖岩
李兆椿,峭岩,椿生
李兆洛,東南講席第一人,申耆,紳琦,養一,養一子,養一老人
李兆鈺,北樓,式如
李兆鋐,曉庵,東序
李兆錦,淡圃
李兆鐘,廖仁
李兆齡,仁遐,月岩
李兆龍,孺徵
李先,淵宗
李先復,子來
李先本,務生,立齋
李先立,卓菴
李先致,漢卿
李先芳,孟春
李先華,梅埃
李先著,子明
李光,彥明
李光久,健齋,恆亨
李光佐,尙輔,雲谷
李光俊,俊季,鶴洞
李光倬,仲昌,仲章
李光傑,小樹
李光元,二鹿山人,麟初
李光先,東亭
李光卓,仲章,守敬
李光國,定齋,智周
李光地,厚安,厚庵,厚菴,厚齋,成雲洞,文貞,晉卿,林卿,榕村,榕陰書堂
李光坡,皋軒,耜卿,臯軒,茂夫
李光型,儀卿,安雅堂
李光墺,廣卿
李光夏,啓以,貞翼
李光大,實甫,第十
李光宇,剋莊,印岩,簡齋
李光宸,仲熙
李光岳,忠壯,鎭之
李光嶢,惕堂,惺堂,經堂
李光座,東園
李光庭,德輝,海皐
李光廷,恢垣,著道
李光德,杏田
李光恆,覲墀
李光文,李文光
李光斗,希白,星孚,焯垣
李光春,元甫,生石
李光昭,少逸
李光涵,芝圃,芸圃
李光瀾,靖濤
李光炘,平山,晴峰,龍川
李光炯,晦翁
李光烈,潤之,蘭之
李光熙,小峰
李光瑩,白初
李光睿,克睿
李光祖,繩伯
李光祚,鎭靜
李光祺,春洲
李光縉,宗謙,衷一
李光胤,克休,讓西
李光輝,文徵,新宇
李光輪,仲任,忠憲
李光迪,輝古,隱巖,靖憲
李光進,耀卿
李光里,勉庵,東亭
李光顏,光遠
李光高,明齋
李光鼎,雲波
李光龍,在明
李克勤,李克助
李克均,邦衡
李克培,牛峰,翼平,謙甫
李克堪,德輿,文景
李克增,恭長,景祁
李克墩,士高,翼平
李克家,嗣宗
李克己,子復
李克忠,公謹
李克恭,李允恭
李克敏,湛寰
李克用,太祖,武皇帝
李克譲,子遜
李克讓,仲謙
李兌,子西
李兟,世京
李全,求全
李全之,國贄,景純,第二十
李全仁,敬夫,潛溪
李全昌,文宰
李全禮,具儀
李公伉,清父
李公佐,李二十三,顓蒙
李公升,文貞,達夫
李公寅,亮功
李公度,鼎臣
李公弼,仲修
李公彥,元德
李公懋,子勉
李公珪,仲瑛
李公瑋,聘玉
李公略,木齋
李公異,仲珠,後湖居士
李公縉,舜臣
李公裕,好問
李公輔,德載,成甫
李公遂,南村,文忠
李公鰒,有裕
李公麟,伯時,龍眠山人
李兮簪,心禪子,珊朋
李其先,錞庵
李其旦,復旦,旭庵
李其昌,澹菴
李其曉,曉人
李其曙,季子
李其永,漫翁詩老
李其滋,蘭九
李具慶,學蟄
李兼,孟達,雪巖
李兼善,元壽,第二十五,達臣,順老
李兿,交圃
李冀,堯封
李冕,文中
李冕夏,伯周,白谷
李冘,李亢,李元,李冗
李冠,世英
李冲,七澤,巨容
李冲元,元中
李冲奎,拱北
李冲霄,六翮
李冽,在中
李凌漢,賦卿
李凌雲,子鵬
李凌霄,星槎,菊譜
李凝,凝道
李几,公倚,小尊,第紹三,道夫
李凱,圖凌,雪崖
李初元,少貞
李利用,賓王
李則,叔度,貞肅
李則政,令範
李剛己,剛己
李劉,公甫,梅亭
李効元,誠伯,長浦
李勁,典宗,李起,正臣,第百五
李勉,安道
李勉之,希文
李勖,勵堂,南渠
李務滋,培生,景川
李勝,惟吉
李勝茂,實甫
李勣,徐世勣,懋功,貞武公
李勤,時勉
李勲,功大
李勳,世臣
李勵,得之
李化楠,廷節,石亭
李化熙,五弦,五絃
李化麟,澹河
李化龍,惟時
李匡,存翼
李匡德,冠陽,聖賴
李匡文,李匡乂,濟翁
李匯源,濟川
李十八娘,國娘
李十鑑,季明,李文鑑
李千霄,卓如
李升,仲高
李升庸,登汝
李午,亭正
李半千,行可
李卑,侍平
李卓,和父
李南,孝山
李南公,楚老
李南所,嵩以
李南金,三谿冰雪翁,晉卿
李占,知來,雲巢子
李占梅,墨坡
李占解,雨蒼
李占魁,梅村
李卯孫,海孫,潤甫,第三
李印溶,鏡泉
李印萬,實之,柳村
李卿穀,愍肅,虹樵
李卿谷,仲黻,紅樵
李厚,弘載
李厚慶,汝懋,畏齋
李厚望,培園,愚山,澹園
李厚源,士深,忠貞,迂齋
李厚礽,少梅,薇莊
李厚載,德夫
李原,容軒,次山,襄憲
李原中,秀巖
李原名,李彥名,資善
李原浚,擴湖
李去病,仲霍
李參,宿卿
李參魯,孝孺
李及,幼幾,恭惠
李及之,公達
李友仁,叔文
李友慶,義卿
李友杜,升九,澹湖居士
李友枚,堰南
李友梅,會心,松生
李友棠,苕伯,西華,適園
李友直,仲益,文懿,樗老
李友端,貞隱
李友聞,進明
李友諒,進誠
李友齡,壽山,夢九
李叔,德英
李叔元,端和,鹿巢
李叔同,弘一,弘一法师,叔同,息霜,演音,晚晴老人
李叔和,介夫,介甫
李叔夏,周士
李叔寶,景齊
李叔文,季叔文
李叔正,克正,宗頤,李宗頤,李淑正,江西十才子
李叔汶,得源
李叔淮,伯海
李叔玉,叔玉
李叔瑊,夢菴,次公,靖襄
李叔畝,良度
李叔霽,李叔雲
李受,益之
李受祺,遙谷
李可久,之德
李可喬,斗巖
李可大,汝化
李可宗,寅周
李可材,用吾
李可棟,元橋,在美
李可植,在敏,蘇門
李可汧,元仗,處厚,賓侯
李可瓊,佩修
李可登,思善
李可端,凝修
李可蕃,衍修
李台,星伯
李台瑞,公鉉
李右文,伯蘭
李右諫,李若諫,袞思
李右讜,匡山,獻思
李司鐸(JosephLi),陳司鐸
李吉,思迪
李吉孚,李孚吉
李吉甫,弘憲,忠懿,李三
李同亨,於郊
李同揆,混泉,祖然
李同文,雲生
李同聲,月江
李同芳,濟美
李名芳,昌海
李后定,定叔,晩安堂
李向,士疇,重山
李向中,立齋,豹葦
李向芝,洛湄
李向陽,忠卿
李君,李均
李君俞,華光
李君會,奉光,式雅,神感,豁達,陵陽
李君深,致遠
李君穎,叔叡
李君賢,拙菴
李君錫,商溫,宗禹,第一
李含春,梅谷
李含章,蘭貞
李含芳,芝田
李含苞,仁山
李含英,秀初
李含菁,少峨,粹廷
李呂,東老,澹軒,濱老
李呈玉,崑山
李呈祥,五鹿,麟埜
李呈禧,耐庵
李呈香,桂芳
李周,公溥
李周南,浩初
李周士,李周仕
李周望,南屏,渭湄
李周策,獻卿
李周翰,持國
李命世,天保
李命俊,昌期,潛窩,進思齋
李命殷,敬叔,白雲,鳳川
李命百,仁老,寒圃齋,平胡
李命雄,松沙,珽而
李和,二樂亭,義安大君,襄昭
李和卿,子賓,梓濱
李和春,靜亭
李和燮,大猷,梅卿,理臣
李和芳,仁父
李和雨,念雲
李咨,汝弼
李咸用,批沙
李品三,昆田,麗生
李品芳,增美,春皋,求真是軒,淡翁
李哲,十一,希先,致吾先生
李哲明,星樵
李唐,仲卿,忠獻
李唐卿,致堯
李唐咨,堯卿
李唐賓,玉壺道人
李商山,芝田,逸亭
李商耕,莘聘
李商隱,李十六,玉溪生,義山
李問,好問,槱翁
李啟培,性邨,性鄂
李啟文,書一,畫一
李啟昭,升甫
李啟東,元叔
李啟琛,葆初
李啟瑞,星樓
李啟美,充予,應成,應臣
李啟義,信臣
李啟隆,留庵,襄文
李善,元吉
李善來,李椿
李善成,靜東
李善智,有思
李善源,敬甫
李善溥,六松,季泉
李善生,昭夷,樂甫,茂林君
李善蘭,壬叔,秋紉
李善長,伯室,百室,襄愍,韓國公
李喆生,鑒波
李喜之,凝齋,士復
李喜善,伯純
李喜朝,同甫,文簡,芝村
李喬,世臣
李喬岳,伯瞻,惜陰窩
李喬崑,孕厚
李喬年,晉壽
李喬楠,材達
李嗣,克承
李嗣元,春甫
李嗣宗,彥長,慶長
李嗣泌,仲鄴
李嗣源,明宗,聖德和武欽孝皇帝
李嗣眞,承胃,承胄
李嗣真,愿中
李嗣莊,延敬
李嗣鄴,李天培,衡峰
李嗣鶴,琴紡,琴舫,琴飭
李嘉,允堅
李嘉彥,子英
李嘉樂,德申,憲之
李嘉樹,雲皆
李嘉猷,符公,簡齋
李嘉瑞,小山,雪堂
李嘉相,會卿,氷軒
李嘉祐,從一,李二
李嘉祥,時鳳
李嘉福,北溪,笙魚
李嘉秀,君實,東山
李嘉端,吉臣,鐵梅
李嘉績,凝叔,潞河漁者,雲生
李嘉胤,爾存
李嘉謀,李嘉謨,自齋
李嘉謨,鶴山
李嘉賓,屏山,蘋三
李嘉量,仲平,平仲
李器之,一庵,士安
李嚴,正芳
李囗囗,榮益
李四維,振庭,用張
李回,少愚
李回寶,文祥,石屛
李因,今是,今生,是庵,是菴,龕山
李因培,其材,鶴峰
李因篤,天生,子德,孔德
李固恆,少石
李國?,元治,文敏,續溪
李國亮,寅公,朗庵,朗菴
李國傑,偉侯,元直
李國勛,必大
李國士,正屏,汝志
李國宋,大村,大邨,湯孫
李國恪,筠岑
李國愷,響山樵逋
李國昌,文景皇帝,獻祖
李國杞,晉卿
李國松,健甫,木公
李國柱,秋厓
李國桓,伯驄,古漁子,胡青
李國梁,子舉
李國梅,芬子,韞庵
李國棟,襄恪
李國楷,少崖,榮青,餐霞
李國榛,子尊,濟堂,鼎伯
李國榮,華甫
李國標,示章,魚石
李國樞,仲璿,問淞
李國模,濬軒
李國樾,廷蔚
李國正,仲將
李國清,國清
李國瀛,仙洲,蓬山
李國玲,季玉
李國琇,慧叔,瑩齋
李國瑞,石洲
李國璋,經世
李國祥,休徵,松門山房
李國福,碧梧
李國翰,伯藩,懋烈,敏壯
李國英,勤襄,培之
李國華,含章
李國觀,次賓
李國貞,南華
李國賡,虞廷,颺軒
李國輔,必強
李國鈞,秉衡
李國香,味蘭,道淸
李國鳳,景儀
李國鼎,玉璜
李圖,少伯,鴻桷齋
李圖南,簡庵,開士
李在,以政
李在公,希蓮
李在巒,雲齋,龍溪釣叟
李在田,見龍
李在青,柏喬,白橋,貫時
李圭,公桓,小池
李圭杼,香泉
李坡,平仲,明憲,松菊齋,蘇隱
李坤,厚安,思亭生,櫟生
李坤生,順天
李坤臣,中父
李坦,公循,李旦,濡濱
李坦之,道坦
李坦然,平仲
李坧,君邦,正軒,純宗,裕陵
李坰,東野,聱叟
李垂,舜工
李垕,南谷,子重
李垚,堯卿,希閒
李垚晉,文圃,文廉
李垣,叔虎
李埈,叔平,文簡,蒼石
李埜,茂林
李埴,器之
李培之,心泉,靜軒
李培元,春皋,春皐
李培初,念白
李培炆,照南,荔仙
李培真,仲儒
李培祜,靜山
李培筠,竹君,蓮溪
李培蘭,耕先,魯申
李培謙,榆村,貽遜
李培運,文軒
李培順,午橋
李基,伯開
李基卨,公造,蓮峯
李基和,梅崖
李基塙,露園
李基夏,夏卿,貞僖
李基溥,思補過齋,潤野,煥堂
李基祚,子善,忠簡,浩菴
李基稷,伯生
李堂,仲升
李堂揆,基仲,文敬,退村
李堂棟,仲升
李堅,不磷
李堅基,匹休,南亭,安成
李堅幹,山花,汝直
李堣,明仲,松齋
李堥,子三,莊靖,駱溪
李堪,伯勝
李堮,愚山
李堯俞,然明
李堯德,性夫
李堯棟,伯和,寫十三經室,寫十四經室,東採,東采,松堂,松雲
李堯民,汝化,畊堯,雍野
李堯煥,文樓
李堯臣,希梅,約庵
李堯輔,彥夫
李塏,伯高,忠簡,淸甫,白玉軒
李塘,鏡泉
李塤,和伯,安昭,賭翁
李塨,剛主,四友,孝殼心,恕谷,文子
李填,昌父,陶翁
李塾,守默齋,進吾
李墉,紫垣
李墍,可依,松窩,莊貞
李增,北崖,可謙,懿簡
李增興,維岳
李墦,瑤圃
李壁,白夫
李壂,樨安
李壐,紫封
李壘,固村,畏嵐
李士傳,仲芳
李士儒,次山,雅修
李士允,子中
李士元,伯大
李士則,傚堂,柳潭
李士周,廷楨,濟州
李士奎,陸士奎
李士實,十七,若虛
李士弼,夢錫,睡隱
李士彥,俊卿
李士彬,伯質,百之,石叟
李士慶,而善,雙谷
李士文,在中,肖山
李士會,有元
李士林,小嵐,書秋,詠春
李士棻,芋仙,重叔
李士楨,李士杞
李士模,慕春,楷臣
李士浩,滄海,養源
李士淳,二何
李士焜,三山道人,又白,用積,麟篆齋
李士煒,國華,華國
李士燮,和甫,李梁
李士玿,承庵,瑞徵
李士珠,寶巖
李士珪,夢瑞
李士琳,藍圖
李士瑜,子佩
李士瑞,芝田,鼎符
李士瓚,玉舟,秬尊
李士甲,伯宗
李士登,聯之
李士睿,熙勝,竹溪
李士瞻,彥聞
李士祥,善應,醉啞
李士禎,幹臣,閱千
李士翱,長白先生
李士芸,荔園,萊峰
李士華,北麓,庭實
李士行,遵道
李士衡,仲平,伸平
李士逵,鴻飛
李士達,仰槐
李士適,芝田
李士鈺,幼香
李士鉁,嗣香
李士銘,子香,延古堂,延古齋
李士雄,鴻儒
李士高,同玄,孟乾
李士龍,李時龍
李壬,佩青
李壬宣,廳齋,德齋,聴齋,聽齋
李壯祖,處謙
李壯袓,處謙
李壽,神通,靖王
李壽俊,台徵,龍溪
李壽崑,景老,節愼君
李壽慶,子仁,晩醒,笑醒
李壽朋,敘淳,李湘
李壽民,一卿,忠貞
李壽男,子仁,良簡
李壽祺,仲郭,鶴年
李壽萱,慕蓮,映生,蔭堂
李壽蓉,椷叔,秋白,篁仙
李壽通,格軒,紫軒
李壽鐵,剛伯
李夏源,元禮,蘂南,貞拙齋
李夏鎭,六寓堂,夏卿,梅山
李夔,師和,斯和
李多聞,李多文
李多見,子行
李夢亮,定獻,應明
李夢呂,純翁
李夢周,希道
李夢奎,天休堂,昌瑞,聽天堂
李夢宸,李夢辰,玄駒
李夢斗,月東,蜨元,蜨南
李夢昺,震為
李夢松,鶴齡
李夢熊,懹二
李夢瑩,公執,荔村
李夢璁,登五,蓼園
李夢登,仲實
李夢白,孝伯
李夢祥,初徵
李夢箕,季豹,穩臥先生
李夢羣,壯愍,武愍,鶴人
李夢翼,天卿,黃庭
李夢蔣,李夢將
李夢辰,元居
李夢陽,天賜,獻吉,空同子
李夢龍,應靈
李夢龜,松塢
李大㕀,景引,活溪
李大仁,存齋,居在
李大儒,愚庵,魯一
李大元,善長
李大勝,任重
李大吉,九彰,常所
李大同,從仲,蝸室老人
李大嘉,子美
李大宏,屏岳
李大性,伯和,文惠,淸惠
李大成,荷莊,裁之
李大振,容庵
李大方,幾仲
李大昭,汝潛
李大晉,伯康
李大有,謙仲
李大期,任重,雪壑
李大本,公桑,方樞,立之,立齋
李大東,仲詩
李大業,修亭
李大欽,三十,惟敬
李大武,仲吉,晉陽
李大源,浩然
李大瀾,觀甫
李大烈,慎軒
李大異,伯珍
李大福,應綏
李大章,定庵
李大純,貞君
李大經,綸伯
李大耕,無息
李大胤,景述
李大臨,才元
李大茂,蔚然,錫藩
李大融,伯冲,煦堂
李大觀,居正,雲樵
李大訓,君序
李大謨,定園
李大钊,李守常,守常,龟年,耆年
李大防,嘯樓,訒庵
李大霆,李大倉
李大霳,松亭
李大魁,伯掄,敬方
李大鯤,潤菴
李天勇,致宏
李天啓,亨伯,槐堂
李天寵,世來
李天常,雲峰
李天慶,祥甫
李天才,邦美
李天授,張天授
李天敘,典章
李天根,峻公
李天棟,吉軒
李天植,冲函,性甫
李天榮,仁卿
李天浴,敬茲
李天澂,公懷,瘦仙
李天然,一中
李天爟,四休居士,益卿
李天祐,襄度
李天祥,閏芳
李天秀,子俊
李天經,長德
李天英,星九,藥庵
李天衢,行之
李天賦,凝道
李天贊,性孟
李天達,聽泉,醴泉
李天錫,光皇帝,懿祖
李天馥,容齋,文定,湘北,白燕廬
李天驥,嗣任,尹孫,田僧
李天鵬,埸齋
李天麟,仲仁
李太,用之
李太初,古生
李太均,太均
李太恭,太恭
李太玄,李太元
李夷度,旦之
李夷簡,易之,李十一
李夷行,易初,炳大
李奇,平叔
李奇棟,偉堂
李奇生,梅蔭
李奇逢,虬江
李奉,崑坡
李奉堯,慎簡
李奉翰,薌林
李奉雲,隱梧
李奎,文耀
李奎昭,十一,文振
李奎齡,文瑞,貞惠
李奐,元軒,憲宗,文應
李奕,世德,鳳山
李奕疇,書年,立齋
李奕韓,仍夢
李奭棠,貳公
李好古,敏求
李好問,宗舜
李好恩,子惠
李好文,惟中
李好義,忠壯
李好閔,五峯,南郭,孝彦,文僖,睡窩
李如圭,國寶,涔涯
李如岡,敦老,李如剛
李如惠,桂泉
李如晟,向晨,客鷗
李如松,子茂,忠烈,長子
李如柏,子貞
李如栢,李如柏
李如桂,希竇
李如梅,子淸
李如璐,佩五
李如秀,小蘇
李如筠,介夫,虛谷
李如箎,季牖
李如蕙,桂泉,桂泉女史
李如蘭,東岩
李如雷,月溪,貝溪居士
李妍,安似,安侶
李姝,秀英
李威,景仁
李娎,康靖,成宗
李娓娓,韻琴
李婉順,尫娘
李婷,子美,孝文,月山大君,風月亭
李媚,月裳
李媞,吏香,安子
李媺,婉兮
李嫫,夢蘭,子珊
李孅,婉兮
李孌,紫畦
李子培,滋園
李子如,仁靜
李子敬,恭甫
李子方,梅村,端甫
李子昆,李子昂
李子昌,介庵
李子春,宴園,惠伯
李子榮,孔昭,杜生
李子茂,卯生,豐蔚
李子龍,君亮,第五,閏祖
李孔修,子長,子長先生,抱眞子
李孔嘉,仲淑
李孔地,均持,霞亭
李孔授,魯齊
李孔揚,蔚堂
李孔昭,光四,潛翁
李孔淳,鶴生
李孔陽,子朱
李字,李宇
李字甲,淑度
李存,司權
李存勗,亞子,光聖神閔孝皇帝,莊宗
李存吾,孤山,石灘,順卿
李存性,伯眞
李存文,應魁,曲江
李孚,仲安
李孚青,丹壑
李孝伯,希參,恭簡,新宗君
李孝傑,才孺
李孝先,南陔
李孝光,季和
李孝吉,永嘉君
李孝基,伯始
李孝壽,景山
李孝女,朝邑三烈
李孝昌,慕堂
李孝滄,二水
李孝澍,涵齋
李孝稱,彥聞
李孝誠,李誠
李孝貞,元操
李孝述,繼善
李孝連,李孝運
李孟,文忠,秋谷,道復
李孟傳,文授
李孟博,文約
李孟堅,文通
李孟專,伯純,耕隱,貞簡
李孟旭,大昕
李孟昭,李翼城
李孟晊,時泰
李孟暘,南岡,時雍
李孟犨,公悅,李孟犫
李孟珍,文潛,李西臺
李孟畇,士原,文惠,漢齋
李孟皋,問如
李孟群,武愍,鶴人
李季亨,立堂
李季札,季子
李季淵,浩卿
李季男,子傑,翼平
李季甸,存養齋,屛甫,文烈
李季疄,子耕,恭武
李季節,慕札
李孫孫,孫孫
李孫宸,伯襄
李學,時敏
李學一,文軒,萬卿
李學侗,也願,定昌
李學元,元善,子髯,存齊,素心
李學夫,青上
李學思,充道
李學慎,以漪
李學旻,本仁
李學曾,宗魯
李學沂,魯南
李學泗,遡航
李學淑,慧貞
李學源,子清
李學溫,蘭貞
李學禮,子立
李學裕,周南,餘三
李學詩,可言
李學道,汝致
李學顏,幼潛
李孺用,仲秉,練溪,練溪先生
李宇恒,景武,汝久
李宇鼎,重伯
李守一,季純,忠武,隱庵
李守中,正卿
李守亨,嘉仲,菊軒
李守仁,與安
李守南,冠風
李守恕,順夫
李守恭,仲平
李守愚,東樵
李守柔,必強
李守節,得臣
李守約,善夫
李守義,行仁
李守貞,幹仲
李守賢,才叔
李守通,彥誠
李安,楗庵,磐碩
李安世,泰若
李安中,敘堂
李安之,嘉靖
李安仁,體元
李安全,敬穆皇帝,襄宗
李安國,梅山老人
李安堂,碩愚
李安弼,李石
李安春,子餘,次漁
李安期,泰伯
李安柔,而立,西坡
李安眞,葆汝
李安社,穆祖
李安訥,子敏,文惠,東岳
李宋臣,希傑,李漢臣,漢臣
李完,全道
李完鎭,太湖,鼎卿
李宏,有容
李宏墉,南藩
李宏志,亦重,橋水
李宏湑,豫夫
李宏謨,仲達,仲遠
李宏錦,雲帆
李宗之,伯可,書櫥
李宗仁,李德邻,德邻,仁彦
李宗偉,幹卿
李宗傳,介文,孝曾,寄鴻堂,海帆,海颿
李宗儉,雙溪
李宗允,與權
李宗勉,彊父,文淸,疆父
李宗卿,同系
李宗周,魯侯
李宗唐,蓂階,蘭生,虞臣
李宗商,尚質
李宗培,芳草
李宗孔,書雲
李宗學,致用
李宗寶,春暉,瑛園,璞園,璞庵,璞菴
李宗庚,子長
李宗延,崧毓,景喆
李宗張,文卿,武剛
李宗思,伯諫
李宗慶,可善
李宗文,延彬,竹人,郁齋,鬱齋
李宗昉,聞妙香室,芝齡,靜遠
李宗易,簡夫
李宗杭,靄山
李宗栻,敬甫
李宗棠,蔭伯
李宗森,幼青,柏卿
李宗樞,子西,石疊
李宗沅,譪山
李宗沆,敬之,相臣
李宗河,圖軒,龍門
李宗泌,方鄴
李宗泗,希顏
李宗泰,子卓,少村
李宗準,仲鈞,太庭逸民,尙友堂,慵軒,慵齋,浮休子,藏六居士
李宗瀚,公傳,公博,劉溶,北溟,小韋,小韋廬,拓園,春湖,湖東樓,湖西莊,靜娛室
李宗瀛,小韋
李宗煝,爰得,輝亭
李宗燾,午山,味椰,李宗焱,柞生
李宗甫,崧老
李宗申,之翰
李宗番,掓坪,椒坪
李宗禕,佛客,次玉
李宗羨,齊賢
李宗羲,禹亭,耐軒,耐軒主人,雨亭
李宗膺,仙臣,仙若,桃孫
李宗蓮,友蘭,在庚
李宗裕,蕓樵,雲喬
李宗言,畲曾,觕巢
李宗訥,大辨
李宗諤,昌武
李宗質,文叔
李宗達,時望
李宗閔,損之,李七
李宗顥,夷白,煮石,邵齋
李宗魯,學仲,得軒,惟誠
李宙,季長
李定,叔靜
李定國,鴻遠
李定業,向叔
李定魯,位堂
李宜之,緇仲
李宜春,叔芳
李宜晩,善應,農隱,靖貞
李宜民,丹臣,厚齋
李宜突,李宜相
李宜芳,在湄,梅村
李宜茂,蓮軒,馨之
李宜蕃,蔭軒,雪圃
李宜青,荊川
李宣,東皋,禹航
李宣倜,散釋,釋堪,釋戡
李宣古,垂後
李宣向,君式,萼村
李宣龔,拔可
李宥,仲嚴
李宴卿,錦亭,鏡亭
李家孚,子淵
李家庚,振颺,星垣
李家拯,沛霖
李家瑞,香蘋
李家璿,小齋
李家蕙,香谷
李家駒,繼勛,繼薰
李家驥,星房
李宷,亮卿
李宸中,堯咨
李容,也亭
李容瑾,公琰
李寀,邦亮
李寂,蕭然
李寅,三十四,教之
李寅亮,賓觀
李寅仲,君亮
李寅實,于中
李寅清,直參,直齋,自齋
李寅燁,季章,晦窩
李寅爀,仲章,梅山
李寅賓,于暘
李密,法主,玄邃
李富孫,季汸,富盦,既汸,薌沚,香子,香芷
李寓,至愚,至隱
李寔,景真
李察倫,丹嶼,汲赤
李實,虗谷
李實福,永菴,泳菴
李實秀,范林
李寧,懷德
李審之,磐碩
李審規,全則
李寬,宗裕
李寬義,栗亭,義之
李寳,襄敏
李寵,汝承
李寶儀,紫亭
李寶函,李寶賢
李寶嘉,伯元,南亭亭長
李寶林,文肅
李寶淦,漢堂,經畦,荊遺
李寶發,牧圃,牧園
李寶章,待庵老人,斐園,谷貽
李寶紓,小峩
李寶麟,瑞郊
李封,憲平,蕃仲,蘇隱
李尊唐,學山,舉山
李尊庇,持正
李小蘭,季香
李少安,公和
李少贊,元佐
李尙,忠穆,秀芳
李尙弘,春洲,而重
李尙恒,德久
李尙揆,伯尙
李尚,尚文
李尚伋,忠剛,思彦,習齋
李尚倫,希仁
李尚卿,子仁,東圃
李尚吉,士祐,忠肅,東川
李尚安,忠愍,靜而
李尚思,從學,晉峰
李尚慶,馨泉
李尚敬,頤奭
李尚智,汝愚
李尚暲,竹孫
李尚毅,五湖,少陵,巴陵,翼獻,而遠,西山
李尚淳,樸園
李尚璣,文美
李尚眞,天得,忠貞,晩庵
李尚真,尚真,李乂
李尚行,師尹,李上行
李尚衮,南滙
李尚賓,允興
李尚質,子文,家洲
李尚載,文擧
李尚逸,汝林,龍巖
李尚達,尚達
李尚隆,德園
李尚馨,天默齋,德善,忠景
李尚默,四十一,子靜
李尭棟,松雲
李尹桑,壺甫,秦齋,鉥齋
李居仁,恭節,蘭坡
李居壽,伯仁,淳然子
李居廷,金軒
李居易,文度,樂天,淸虛子
李居業,紫堂
李履中,沖一
李山海,文忠,汝受,終南睡翁,鵝溪
李山甫,仲擧,忠簡,鳴谷
李屺,伯瞻,熙怡
李岏,子瞻,懿愍,鳳城君
李岐,伯高,德陽君
李岐生,文亭
李岡,文敬
李岱,魯山
李岱生,萊峰
李岳,東峯
李岳瑞,孟符,小郢,春冰
李岳生,子喬
李岳頒,孫岳頒,樹峯
李岷琛,少東
李岹,德興大院君,景伂
李峘,對陽,恭憲,明宗
李峰,紫巖
李峴壽,育岩
李峻,至道
李峼,仁宗,天胤,獻文懿武章肅欽孝
李崇,原明,懿敬,李暲
李崇仁,子安,陶隱
李崇信,貞甫
李崇元,仲仁,忠簡
李崇光,宗顯
李崇周,友石
李崇嗣,李三
李崇德,象賢
李崇洸,峻臣,紹武
李崇畯,韻英
李崇矩,元靖,守則
李崇稷,御恬
李崇蟠,仙根,根仙
李崑壽,壯武,靜山
李崙,世瞻,靜菴
李崧,應岳
李崧祥,恭川,時望
李崿,李華
李嵋,福城君
李嵒,古雲,文貞,杏村
李嵩,中行
李嵩奇,山立
李嵩陽,雲增
李嶟㟨,後圃,簣齋,蒼存
李嶠,慕之,桃村
李嶲,邦傑
李嶼,魯珍
李嶽,維嵩
李嶽生,山斗
李嶽鍾,天毓
李巒,亦山
李巖,默霞
李巘,獻之
李巙,士高,靜軒
李左,信郎,宜之,第四十五,誠甫
李巨川,下己
李巨源,元通
李己,子復,月濱
李已,子復,李巳
李巴顏,昭信
李巽,令叔
李布,公南
李希傑,幼雲
李希儉,景質,東皐,菊齋
李希召,太宇
李希哲,松溪
李希士,聖始
李希孔,子鑄,尋仲
李希孟,文安,白淳,益齋
李希宗,景玄
李希建,仲植,壯烈
李希彬,小軒,惠如
李希得,德甫,荷潭
李希明,濬文
李希曾,月暉黨,魯翁
李希洛,宗程
李希禮,景節
李希程,景淳
李希聖,亦元,亦園,卧公,盛見先生,雁影齋
李希舜,師聖
李希良,大明居士,馨哉
李希蓮,亦青
李希說,惟肖
李希賢,复菴
李希輔,伯益,安分堂
李希郊,庠卿
李希鄴,仙根
李希閔,孝翁
李希靖,唐英
李希顏,原復
李希顔,愚翁,黃江
李希騫,文憲公
李帝佑,常蔭
李師,守儼
李師中,正甫,蝶園
李師儒,宗正
李師命,伯吉,蒲菴
李師善,復初
李師回,潛聖
李師孔,子肖
李師孟,希賢
李師尚,聖望
李師尹,巖夫
李師庚,起軒
李師庾,起軒
李師愈,好古
李師敏,仲堅,允堂,李本杞
李師正,貞吾
李師泌,辛畦
李師涉,月川,湘帆
李師濂,復齋,蓉江
李師白,恕亭,欲仙
李師聖,昌道
李師舒,誼源
李師芳,潤六
李師魯,省巖
李常,亨常
李常寧,安邦
李常華,叔彥,韡齋
李平,曇定
李平西,西坪
李年,永齡
李幼卿,李十六,長夫
李幼武,士英
李幼滋,元樹,義河
李幼澄,澄源,貞敏
李序,大倫
李序韓,原漢
李庚,也白
李庚生,菊泉,蘅泉
李庠,弘文
李度,仁才
李庭,勞山,武毅
李庭光,午亭,午率
李庭咢,棣亭
李庭桂,子馨,李廷桂
李庭玉,庭玉
李庭秀,君實
李庭芝,祥甫
李庭訓,庭訓
李庭遹,紹宗
李庶,季卿
李康,寧之
李康年,樂道
李康齡,五初
李庸,仲常,用中道人
李庸脩,庸脩
李庾,子虔
李廉,行簡
李廌,太華逸民,方叔,濟南
李廓,忠剛,汝量
李廣勤,安舒
李廣文,夢授
李廣業,囗堯
李廣滋,卷山,琳圃
李廣綬,賡雲
李延,與齡
李延壽,宗仁
李延大,保赤
李延年,翰承
李延康,允吉,黃崖
李延慶,灘叟,貞孝,長吉,龍灘子
李延昰,寒村,我生,辰山
李延榘,壺山
李延真,希仲,幼薌
李延祜,同心
李延興,一山,守成,李守成,繼本
李延馨,允明
李廷,忠靖,瑞卿
李廷佐,唐卿
李廷佶,吉人
李廷依,斧三
李廷偰,開於
李廷傑,栢坡,秀爾,舜甫
李廷儀,鳴鳳
李廷光,德華
李廷冕,四屏堂,志尹
李廷基,慕園
李廷夔,一卿,歸川
李廷孚,鳳山
李廷實,茂中,遂庵
李廷對,書恩
李廷彥,希聖
李廷彩,鳳山
李廷彰,吉甫
李廷忠,居厚,橘山
李廷拔,選亭
李廷揚,步墀
李廷敬,寧圃,昧莊,景叔
李廷春,元甫
李廷松,茂貞
李廷棨,戟門,星垣,萼村
李廷樞,辰玉
李廷樺,小湖
李廷機,久我,九我,文淸,文節,爾張
李廷檳,啟龍,晉澄
李廷欽,惕若
李廷止,櫧山
李廷濟,仲協,孝貞,竹湖
李廷煇,庚扶,韞山
李廷煥,松巖,輝遠
李廷熽,忠獻,春坡,汝章
李廷燁,光甫,遯翁
李廷瑛,潤田
李廷瑞,仲宣,仲豈
李廷璋,宗德
李廷璧,段廷璧
李廷益,在謙
李廷直,世南
李廷相,其章
李廷立,子政,文僖,溪隱
李廷章,子純
李廷簫,小軒,虞階
李廷美,廷美
李廷臣,仲虞
李廷芳,湘浦
李廷蕭,小軒
李廷觀,明文
李廷訓,李庭訓
李廷諫,文源
李廷謨,明皐
李廷軒,左襄
李廷鈺,潤堂,鶴樵
李廷鉽,印山,鎮三
李廷錫,康侯,璧珊,碧山
李廷馣,仲薰,四留齋,忠穆,月塘,退憂堂
李廷馦,士薰,石泉
李廷馨,德薰,東閣,知退堂
李廷鸞,文父
李廷龍,德化
李廷龜,保晩堂,文忠,月沙,癡菴,秋崖,習靜,聖徵
李建,杓直
李建中,巖夫民伯,得中
李建勳,致堯,鍾山公
李建岐,同原
李建泰,復余,括蒼
李建鏞,序東
李弁,宗禮
李弄玉,若耶溪女子
李式典,春泉
李式圃,果亭,賁園
李式玉,東琪
李弘,德庸
李弘亮,廣成
李弘冀,文獻
李弘幹,大立,雙槐
李弘敏,自綠
李弘易,簡之
李弘暐,端宗
李弘業,時立,逋世
李弘毅,道達
李弘淵,三竹,而靜,靜伯
李弘皋,李宏皋
李弘筵,尙之
李弘老,板橋,裕甫
李弘胄,伯胤,忠貞,梨川
李弘茂,子松
李弘裕,大師
李弘述,士善,忠定
李弘道,汝大
李弟,靜端
李強,元強
李強友,剛克
李弼,延軌
李彌大,似矩,無碍居士
李彌正,似表
李彌遜,似之,李彌遠,筠溪
李彖,材叔
李彙,素民
李彝,憲甫
李彤,皋園,赤墀
李彥,邦直
李彥?,祗遹,重五
李彥仙,少嚴,忠威,忠孝,忠烈,李忠孝
李彥士,惟聘
李彥崇,德高
李彥弼,端臣
李彥彬,則雅,蘇樓,蘭屏
李彥忱,仲孚
李彥昭,松生,淞生
李彥浩,養仲
李彥珽,愚若
李彥瑁,華西,輯五
李彥穎,秀實
李彥章,蘭卿
李彥經,士常,天遊
李彥綱,季心,貞孝
李彥華,仲實,藏修先生
李彥藻,茂文
李彥衡,士平
李彥迪,復古,文元,晦齋,紫溪翁
李彥遠,李彥暉,李彥暐
李彦吉,君迪
李彦忠,忠敬,芸齋
李彦著,君美
李彬,伊麗,厚齋
李彬然,印圃,彥林,藹如
李彭,商老
李彭年,元老
李彭老,商隱,篔房
李待問,存我
李後天,悠也,白痴
李後山,子高,雪坡
李後白,季眞,文淸,靑蓮
李得中,用所
李得春,育亭,茂先
李得祐,天吉
李得胤,克欽,西溪
李得陽,伯英
李從今,默溪
李從厚,閔皇帝
李從周,子我,肩吾,蠙州
李從善,子師
李從宜,宗賢
李從心,介石
李從愚,睿叟
李從教,伯勉
李從易,久之,李從簡
李從生,繼之,莊襄
李從甫,可大,李初謙,李從浦,李從誧,李從謙
李從禮,勉仲
李從茂,良厚
李從謙,可大,李從浦,李從誧
李御,夢村,琴夫
李復,居平君
李復來,心陔
李復元,來仲
李復初,學甫,對霍
李復圭,審言
李復淳,晴湖
李復聘,守珍
李復觀,李光
李復貞,明實
李復陽,元冲,宗誠
李微,逸少
李徴,李微
李徵,誠之,雲華
李徵庸,鐵船
李徵枋,海樓
李徵萬,無憫齋,致章
李徵蘭,茀亭,黼廷
李徵龜,汝休,靖淸
李德,智淳
李德一,潛庵
李德中,安道
李德仁,懷恩君
李德休,表逸
李德儀,小黁
李德元,叔泰
李德增,小屏,曉坪
李德壽,仁老,文貞,蘗溪,西堂
李德崇,眉之
李德弘,宏仲,艮齋
李德恢,叔恢
李德應,季潤
李德成,得甫,盤谷,知非子
李德政,保節
李德新,銘三
李德旺,獻宗
李德明,曉山
李德星,景卿,柳邨
李德昭,子晉
李德暉,子光
李德柔,勝之,妙應
李德樹,培根
李德櫥,培根
李德泂,忠肅,竹泉,遠伯
李德洙,師魯,怡愉堂,汝淑
李德淦,梅岩
李德源,心泉,忻荃
李德炳,嘯仙,惺岩,星垣
李德玉,仲德
李德生,僖靖,守道君
李德疇,惠階
李德立,應卿
李德純,畹耘
李德美,克美
李德義,德義
李德良,莊敬
李德英,季馨
李德裕,文饒,李九,李緘
李德豐,子年,鱍庵
李德輝,子光
李德鈞,子衡
李德鑒,朗侯,葆誠
李德馨,抱雍散人,文翼,明甫,漢陰,雙松
李徹,永富
李徽,玄祺
李徽典,菊坪
李徽猷,伯建
李心傳,伯微,微之,秀巖
李心地,平存
李心學,建中
李心敬,一銘
李心簡,慎堂
李心蓮,淨齋,靜齋
李心蕙,雲芝
李心道,嬾翁,旹軒,聖傳
李必恆,北岳,樗巢,百藥
李必果,仁熟
李必榮,晩晦,而賓
李必畀,臣簡
李必行,天微,而遠
李必達,譽章
李忔,尙中,忠章,梧溪,雪汀
李志,元節
李志全,純成子,鼎臣
李志學,聖初
李志完,斗峯,貞簡,養吾
李志宏,守吾,東溟
李志定,聽蟬,靜吾
李志寧,道夫
李志常,浩然,真常子
李志性,誠之
李志方,友之,重玄子
李志明,棲真子,用晦
李志柔,謙叔
李志綱,振紀
李志莘,尹夫
李志賤,彈琴,沙浦
李志道,公翁,漁灣,立翁
李志鈞,錫齋
李志靖,景師
李忠,勿欺,棃各
李忠元,元甫,圓圃,忠憲,松菴,驢叟
李忠楗,子安,木叟,訥齋
李忠浩,贊侯
李忠綽,君貞,拙庵,洛濱
李忠義,厚改
李忠臣,董秦
李忠輔,道舉
李忠鑒,湛軒
李忱,景明君,誠之
李忱（唐宣宗）,宣宗,李忱,李怡,聖武獻文孝皇帝
李念,惟克,松石
李念慈,劬庵,劬菴,屺瞻,敬庵,李念茲
李念玆,慕皋,紫皋
李念茲,慕皋,鐵帆
李忽蘭吉,庭玉,襄敏
李思仁,尚德
李思哲,文安,誠之
李思寅,子衷
李思忠,葵陽
李思恂,孔聸
李思恩,義宗
李思悅,子傳
李思慎,敏齋
李思摩,阿史那氏
李思敬,送月堂
李思明,原晦
李思晉,進軒,遂軒
李思柱,子勝,李思住
李思正,思正
李思永,愼甫
李思理,治齊,治齋
李思衍,克昌,兩山,昌翁
李思訓,建景
李思誠,宗德
李思謨,承伯
李思讓,仲謙
李思貞,惟潔
李思鈞,文剛,訥軒,重卿
李思齊,世賢,邠國公
李怤,去言
李性傳,成之,鳳山
李性明,誠夫
李恂,顧言
李恆,可道
李恆嵩,靄堂
李恆芳,覲墀,觀墀
李恆謙,地山
李恆（唐穆宗）,睿聖文惠孝皇帝,穆宗
李恒,鑲衡
李恒吉,子久,果菴
李恒福,子常,弼雲,文忠,白沙
李恕,惟省
李恕己,厚之
李恕長,子忠,襄簡
李恢,少葛
李恩慶,季雲,寄雲,愛吾廬,集園
李恩熙,績臣
李恩紱,稚玉,雅玉,雉玉
李恩綬,丹叔,亞白,訥盦
李恩繹,巽甫,東雲
李恩銘,伯廣
李恩長,綿齋,芝生
李恬,愔谷
李恬貴,智全,鶴亭
李恭,致敬
李悌吉,廣成君,而順
李悦,公瑜
李情,宗善
李惇,憲仲
李惇五,一竹,子典,忠顯
李惇敍,子倫,忠愍,晩沙
李惕,敬仲
李惕然,同異,東圃,省吾
李惟寅,廉餘,春旭,欽伯
李惟幾,仲思,景純
李惟弘,大仲,艮庭
李惟揚,崧菴
李惟正,中父,李維正
李惟泰,文敬,泰之,草廬
李惟深,彦溪
李惟淸,恭編,直哉
李惟清,直臣
李惟澤,柳谷
李惟聰,自愚
李惟肖,夢得
李惟觀,動可
李惟賢,寶臣
李惟閏,仲舒
李惟馨,庭芳
李惠,廷吉
李惲,孟深
李惸,李恂
李惺,子省
李惺伯,子其,西漚
李愈,惟中,蒲石
李愚,克明
李愫,素心
李愬,元直
李愷,克諧,抑齋
李愷胤,錦林君
李愻,納言
李愼儀,文貞,景則,石灘
李愼孝,子敬
李愼徵,平涼,應三
李愼誠,欣仲
李愿,盤谷子
李慇,道廣
李慈銘,受禮廬,困學樓,孟學齋,季模,小東圃,式侯,式候,息茶庵,愛伯,旌柳簃,暨伯,李星謨,李模,杏花香雪齋,柯山,桃華聖解庵,法長,湖塘林館,白華絳跗閣,知服堂,碧交館,祥琴室,祥琴齋,籒詩揅疋之室,聽花榭,花隱生,荀學老人,荀學齋,莼客,蘿庵,越縵,越縵堂,越縵山房,越縵老人,軒翠舫,霞川花隱
李慎,克念
李慎侯,子卿,瀛仙
李慎修,思永
李慎傳,君胄,子薪
李慎儒,子鈞,鴻軒
李慎堂,子健,子餘
李慎從,公澤
李慎思,敬中
李慎溶,李慎容,樨淸
李慣,仲習
李慤,抱原
李慰喬,思伯,恩伯
李慶,宗善
李慶來,北山,章有,鹿耔
李慶億,文翼,華谷,錫而
李慶全,仲集,石樓
李慶善,君善
李慶徵,君善
李慶徽,君美,春田居士,翼憲,默好
李慶昌,彦及,西村
李慶曾,愚公,省吾
李慶棻,梅亭
李慶沅,雪樵
李慶流,伴琴,長源
李慶熊,仙根
李慶益,中正
李慶祺,君應,東谷,樂天齋
李慶純,松湖,松胡
李慶翱,來慶館,公度,小湘,曉湘,霄驤
李慶胤,秀吉,駱坡,駱村,鶴林正,鶴麓
李慶芬,梅亭
李慶芳,楓圃,楓浦,芳圃
李慶茂,有華
李慶辰,筱筠,醉茶子
李慶銓,伯衡,鈞石
李慶陽,金庭
李慶雲,叔雅,鬱卿
李慶霄,漢青,詠霓
李慶霖,潤皆,閏階
李慶餘,子家
李慶齡,國昌,秋圃
李慶龍,雲衢
李憑,青龍
李憕,忠烈
李憙,子脩,栗里
李憬,念亭,曉堂
李憲,仲軌
李憲卿,廉夫,廉甫
李憲喬,子喬,少鶴
李憲噩,十桐,懷民
李憲國,忠翼,柳谷,欽哉
李憲暠,叔白,蓮塘
李憲章,芍洲
李憲（唐讓皇帝）,寧王,李成器,讓皇帝
李應,慶和
李應乾,御六
李應侯,錫芝
李應元,文徵
李應和,純元
李應培,蔭棠
李應壽,仁生,洋川
李應奎,世鍇,膺紱,荷紳
李應宸,宸卿,震卿
李應己,李應已
李應庚,星村,餐霞仙
李應廌,諫臣
李應昇,仲達,次見
李應昌,文甫
李應星,新川,樞甫
李應時,可行
李應期,均饒,恥菴,菌翁
李應棠,夔樓,萼樓
李應機,密齋,環瀛
李應熙,屯庵
李應田,仲禾,研卿
李應祥,善征,善徵
李應禎,維熊,貞伯
李應策,獻可
李應綬,英九
李應草,子升,式夫,第九,開老
李應莘,劍生,子衡,稼門
李應蓍,君瑞,竹窓,翠竹
李應蘭,芳卿
李應虞,咸五,蓮亭
李應蛟,天木
李應辰,二百七,惟星
李應選,子登
李應陽,穉玄
李應雷,伯壹
李應革,子升,式夫,開老
李應魁,鵬所
李應鴻,翥雲,翰朝
李應龍,玉林
李懋,大來
李懋勛,希程
李懋檜,克蒼,心湖
李懋泗,魯膏
李懋緒,止所,汝時
李懋芳,國華
李懋莘,果山
李懌,中宗,樂天
李懷,益陽君,順之,順平
李懷儼,仲思,李儼
李懷庚,夢徵,星軒
李懷忠,李懷義
李懷才,英堂
李懷琮,子瑞
李懷遠,廣德
李懿,二十九,省齋,美卿
李懿文,如意,第一,純父
李懿曾,拾珊,漁衫
李戎,公敏
李成,伯友
李成吉,德哉,滄洲
李成名,寰知
李成大,宏夫,實夫,忠節,第四
李成寵,欽齋
李成林,茂遠
李成桂,仲潔,君晉,太祖,松軒,至仁啓運聖文神武大王
李成梁,寅城,汝器,汝契,銀城
李成棟,忠武,李訶子
李成渠,萬三
李成禮,敬修
李成章,汝裁
李成童,拙翁,次翁
李成虎,肅峯
李成謀,勇恪,勇愨,與吾
李成鈞,安國
李成集,豫亭
李成高,成屏
李成龍,時庵
李戡,定臣
李戢,和仲
李戴,仁夫,對泉
李戴春,和朝,和軒,如軒,祁軒
李房悏,湘巖
李才,振文,通獻
李扢,藻文
李扶,持國
李扶雲,松岑
李承,懿子
李承之,奉世
李承先,光前
李承勛,主卿,南都四君子,康惠,李承勳,立卿
李承勲,黻之,黼之
李承召,三灘,文簡,胤保
李承嗣,三十五,貞立
李承孝,子述,思謙
李承尹,符三
李承式,之義,敬甫,見衡
李承志,十五,道甫
李承惠,心一
李承槐,應揆,植宇
李承瑞,玉典
李承祖,繼宗
李承祜,軒民
李承章,順卿,鴻渚
李承箕,世卿,大厓,大崖
李承紱,方來
李承緒,伯餘,十五
李承義,制卿
李承芳,漱六
李承華,實甫
李承蓮,澄廉
李承輔,弼庵
李承道,星船,薪傳
李承選,俊卿
李承銜,雲浦
李承陽,秉公
李承霖,休息廬,果亭,雨人
李抒玉,衷懿
李抱樸,李抱朴
李抱真,太玄
李拱,應辰
李拱辰,廷弼
李持正,季秉
李持玉,瑤華
李持盈(李旦女),玉真公主
李挂,潜元
李振世,臥衡
李振南,翼臣,麟洲
李振家,自我,芝字,金生
李振序,豁軒
李振庸,叶鐘
李振清,維饒,醒齋
李振玉,詔亭
李振玘,佩於,樛仙
李振甲,乙山,幼枰,洋溪
李振祐,子嘉
李振祖,中山,第萬一,起翁
李振祜,受之,莊肅,錫民,鍚名,鍚民
李振綱,仙宅
李振翥,竹醉,雲軒
李振聲,靜亭
李振藻,天葩,約齋
李振袓,起翁
李振裕,白石山房,維饒,醒齋
李振鈞,仲衡,守石道者,海初
李振鵬,摶霄,遠程
李挺,一吾
李挺元,仲仁,後浦
李挺豪,師心,英彦
李据,思順
李捷奎,雪峯
李掌珠,蘭如
李掖垣,司直
李接,晉侯
李掦,仲彌,春塘
李推賢,匡仁
李揆,起宗
李揚伯,文仲
李揚華,巳卿
李換揚,釗秋
李摠,忠愍,月牕,百源,茂豊副正,西湖主人,鷗鷺主人
李播,子烈,李十九
李撰,德修
李擎,未齋
李擢,第山
李擢男,根叔,毅靖
李擢英,子襄,紫驤,耔薌
李擧,大聘
李攀龍,李光涵,芝圃
李攸,好德
李放,小石,無放,詞堪
李政,濟民
李敏,知仁
李敏中,好古
李敏之,仲通
李敏佑,中及,中友
李敏修,敏修,闇齋
李敏子,好古,惠僧
李敏德,伯修
李敏敍,彛仲,文簡,西河
李敏求,子時,東洲,觀海
李敏祜,中及
李敏第,瀛少
李敏芬,復齋,漁村,維馨
李敏行,顧菴
李敏迪,惠仲,竹西
李敏道,汝源
李敘,秉彝
李教,孝質皇帝,毅祖
李敦,處厚
李敦仁,商傑
李敦厚,玉生
李敦文,露軒
李敦臨,簡鄉
李敩白,嘯北
李敬,言納
李敬中,丹崖,公直
李敬人,蓮房,靜軒
李敬修,吟舫,子靜
李敬元,括蒼
李敬婉,季瓊
李敬實,夢符
李敬方,中虔
李敬族,遠欽
李敬熙,在中,實之,東竹
李敬玄,文憲
李敬瑜,鎣璧
李敬躋,翼慈,載庵
李敬身,省吾
李敬輿,文貞,白江,直夫,鳳巖
李敵媒,陶吟
李敷,春敷
李斆,克成
李文,顯道
李文中,宗道
李文仲,達卿
李文俊,小岩,藹生
李文保,榮菴,燊庵
李文利,乾遂,兩山
李文勳,秘齋
李文和,伯中,恭度,烏川
李文啟,迪人
李文在,韞華
李文奎,聚五
李文子,公謹,耘叟
李文安,式和,愚荃,玉泉
李文彩,英華
李文彪,才華
李文彬,方白
李文忠,保保,保兒,岐陽武靖王,岐陽王,思本,曹國公,朱文忠,武靖
李文慧,亦士,瑞之
李文慶,德積
李文挺,黃岡
李文敏,如白,如自,少頫,捷峰
李文昇,子蔚
李文昊,三星,岳原
李文昌,云卿,亨道,第六
李文昭,曙樓
李文會,李會文,端友
李文桂,坦翁,鏡秋,魯村
李文森,庶皆,恕皆,樹垓,樹楷,澍垓,澍楷,雙溪
李文楗,休叟,子發,默齋
李文榮,冠仙,桐軒,華亭
李文樞,李廷樞
李文毓,祝三,組珊,訥夫
李文淵,僅堂,靜叔
李文潛,滄洲生
李文澄,子微,子徵
李文濂,鯉門
李文瀚,蓮舫,雲生
李文瀛,厚甫,閒虛
李文灝,心瀾
李文炤,元朗,恆齋,朗軒
李文炯,文安
李文煥,南臣,性章
李文熙,純臺,道光
李文燦,心甫
李文燿,丙峰,亦純,子遠
李文獎,令德
李文田,一癡道人,五千卷室,仲約,仲若,文恭,文誠,泰華山堂,泰華樓,畬光,芍農,若農,藥農,賜書樓,雙溪醉隱
李文祥,天瑞
李文秀,東溪
李文科,玉峰
李文第,後邨
李文簡,志可
李文綬,心齋,若甫
李文續,德延
李文纘,夢公,昭武
李文羆,西巖
李文翰,靄南
李文耕,喜聞過齋,墾石,墾石老人,復齋,復齋先生,心田
李文芳,以蔚
李文英,翰儒
李文荃,馨夫
李文華,惟順
李文藻,南澗,素伯,茝畹
李文詠,蒼石
李文貴,榮齋
李文質,彬叔
李文進,先之,光之,同野
李文遠,伯含
李文選,素懷
李文郁,先質
李文釗,唐伯,蓮舫
李文銳,鼎臣
李文餘,廷積
李文馨,拙翁,馨之
李文駒,易安園主人,符千
李文鳳,廷儀,月峯
李文麟,應楨
李文龍,爰一,臥生
李斌,李贇
李斐,文卿
李斗,北有,艾堂,葵園
李斗岳,季瞻
李斯取,文卓
李新,克明,克銘,李戇
李新其,晚江,曉江
李方,月橋,鏡塘
李方勉,李勉德,遜修
李方囗,安道
李方堪,光甫,白樓
李方子,公晦,果齋
李方懋,六鵬,霽岩
李方焯,俊三
李方煦,桐村
李方玄,景業
李方穀,香畬
李方膺,晴江,虯仲
李方至,如川,小鰲
李方豫,荊南
李方遠,雲崧
李於培,因甫,滋園
李於潢,子沆,李村
李於鍇,冶成,叔堅
李於陽,占亭,即園
李既昌,晴嵐
李日修,初吉
李日宣,尚德,春樓
李日強,元莊,敬齋
李日敏,明若,明谷
李日文,二十七,維實
李日更,皆仰
李日炳,晴峯
李日瑞,耐村
李日生,恆齋
李日章,尚絅,海樓
李日芃,忠敏
李日茂,培吾,文華
李日華,九疑,博物君子,君實,竹懶
李日輔,元卿
李日邁,伯行
李旦,周輔
李旦華,厚齋,憲吉
李旦（唐睿宗）,大聖貞皇帝,李四,李旦,李旭輪,李輪,玄真大聖大興孝皇帝,睿宗
李早榮,果泉
李旬金,仲和,竹山
李旭,彥昇
李旭升,晴亭
李旭陽,士賢
李旲,剛粹景穆峻惠衍祉,孝明,康穆,德寅,敦文顯武仁懿孝明大王,文祖翼皇帝,綏陵,翼宗
李旻,仁甫
李昀,景宗,輝瑞
李昂,文擧,文舉
李昂（唐文宗）,元聖昭獻孝皇帝,文宗
李昆,玉蘊,西峰
李昇,仲高
李昇榮,處約
李昉,宗昉
李昊,守賢
李昌圖,叔永
李昌垣,長文
李昌壽,耻齋
李昌孺,德初
李昌平,小魯,東山
李昌庭,仲蕃,無求翁,華陰
李昌昱,匯川,復旦
李昌時,甫薌,雨燕,雨薌
李昌熾,寄琴,潔華
李昌瑞,祥如,誌符
李昌祚,來園,劍浦,文孫,過廬
李昌祺,李禎
李昌符,巖夢,若夢
李昌臣,克庵,國耳
李昌運,李昌遇
李昌釗,鵬飛
李昌齡,玉川
李明,南橋
李明佐,士遇
李明善,叔明
李明墀,晉齋,玉樓,玉階
李明壎,芝舲,葉和
李明嶅,山顏,蓼園
李明復,伯勇,成叔,明俞,李明俞
李明忠,藎臣
李明性,洞初
李明敏,雲岳
李明敭,雲岳
李明文,題儒
李明新,三江,厚齋
李明會,際叔
李明浚,士深
李明漢,天章,文靖,白洲
李明睿,太虛,閬翁
李明誼,宜伯
李明農,詒卿
李明遠,高光
李昑,光叔,英祖,養性軒
李易,仲占
李易源,伯海
李昕,崇旦
李昖,宣祖,昭敬,李鈞
李昞,世祖,元皇帝
李星垣,子庚
李星彩,台老
李星池,少霞,淑儀
李星沅,子湘,文恭,石吾,石梧,芋香山館
李星漁,季眉,觀香道人
李星耀,约夫
李映,用映
李映庚,嘯溪,岑雪,耀西
李映東,震峯,震峰
李映桃,花溪女史
李映棻,香雪
李春,竹素,遇時
李春元,九畹,元吉
李春光,輝甫
李春叟,子先,梅外處士
李春富,桂堂
李春暉,旭升,旭東
李春江,公楫
李春源,北山
李春熙,元和
李春白,太素
李春皜,元素,西崐
李春瞳,日卿
李春祥,應和
李春芳,實夫
李春英,實之,文肅,體素齋
李春藻,慎堂
李春開,幼實
李春齡,壽林
李昪,哲宗,大勇齋,文顯武成獻仁英孝,道升
李昭亮,晦之,良僖
李昭凝,成之
李昭慶,幼泉,幼荃
李昭漢,玄洲,道章
李昭煒,理臣,蠡純,蠡蒓,蠡蓴
李昭玘,成季,樂靜先生
李昭祥,元韜
李昭美,東竹
李昭象,化文
李昭述,仲祖
李昭遘,逢吉
李昭遠,復之
李昭隱,兼美
李昱,孟晹
李昴英,俊明,忠簡,文溪
李昶,光遠,柯耕
李昶元,東生,竹珊
李晁英,俊明
李時,惟中
李時中,守正
李時亨,嘉仲
李時亮,端夫
李時元,伯生
李時勉,古廉,忠文,文毅,李懋
李時升,享山
李時吉,靜山
李時恒,和隱,士常
李時應,翼龍
李時成,惟中
李時敏,致道
李時新,節之
李時昉,季明,忠靖,西峯
李時春,一元
李時楳,六隱齋,子和
李時楷,南谷,子範,松崖
李時榮,元敷,層峯
李時溥,博齋
李時漸,伯鴻
李時澤,李時擇
李時濟,伯舟
李時珍,東璧
李時發,後潁漁隱,忠翼,碧梧,養久
李時白,忠翼,敦詩,釣巖
李時益,竹齋,聖欽
李時稷,忠穆,竹窓,聖兪
李時聃,四友堂,玄忠
李時興,念劬
李時芳,兩山,惟榮
李時英,含之
李時茂,君遇
李時蓁,子美
李時行,南園後五子,少偕,靑霞
李時達,子行
李時雍,致堯,適齋
李時震,恂庵
李晄,平甫,昌陵,睿宗,襄悼,襄悼欽文聖武懿仁昭孝大王
李晉,行昭
李晉垿,卉圃
李晉客,李晉容
李晉熙,春卿,蕓友
李晏平,子晦,李愚
李晚芳,菉猗
李晝,貞曜
李晞說,商霖
李晟,五峯
李晠,五峯
李晦,隨甫
李晩堅,士冬,觀稼亭
李晩成,器叔
李普,悼懷太子
李普潤,肖鶴
李景㟳,叔瞻,退愛堂
李景傳,古梅
李景僑,嗣循,抱一
李景儉,寬中,李六
李景元,伯善
李景勉,懋之,畸翁
李景南,載弘
李景和,亜白
李景均,熙凝,熙臣,蘭亭
李景奭,尙輔,文忠,白軒
李景孟,宗浩
李景崑,玉亭
李景憲,汝思,芝田
李景文,東谷
李景春,松軒
李景暘,東白
李景曾,松陰,汝省,眉江
李景梅,甌亭,頤亭
李景椿,松阿,莊園,貞卿
李景沆,惺齋
李景泰,樾軒
李景濂,佑周
李景登,瀧川
李景祥,休徵
李景福,石泉
李景稷,孝敏,尙古,石門
李景範,器之
李景綱,式忠
李景繁,澹菴,邦泰
李景義,子方,晩沙
李景萃,德聚
李景董,學醇,桂岩
李景訢,賡陶
李景讓,後己
李景迪,培園
李景遂,文成,退身
李景鈞,孝純
李景雲,浣霞
李景顔,松石,汝愚
李景驤,季緘,少峰
李景龍,從菴
李晳,白而,莊靖
李智,宗哲
李智活,孤隱,忘紀,文靖
李暄,暘谷,紹津
李暐,安氏
李暘,乂脩
李暠,興聖皇帝
李暢,漢陽公主
李暲,原明,德宗,懷簡宣肅恭顯溫文懿敬大王,敬懿世子,敬陵,李崇
李暹,伯暘
李暾,寅伯,東門
李曄,李煜
李曄（唐昭宗）,唐昭宗,李傑,李敏,聖穆景文孝皇帝
李曇,楞香
李曉,未夫
李曙,寅叔,忠正,月峰
李曜,李擢
李曰池,浴咸
李曰良,十二,朝佐
李曰輔,元卿
李書吉,小雲,敬銘
李書源,松亭
李書翰,墨卿,錫申
李曼,志曼
李曾,省吾
李曾伯,可齋,長儒,長孺
李曾珂,蘭墅,鳴玉
李曾裕,小瀛
李曾馥,次香,西峯
李朂,文勉
李會三,壽和,連仲
李會觀,鎮齋,鏡珊
李會龍,堯用
李月桂,含馨
李月白,漢水
李有,聽賢
李有中,時可
李有仁,元之,破愚
李有倫,遜五
李有吉,有之
李有大,有郎,第三,謙甫,讌甫
李有朋,彥孚
李有棠,芾生
李有棻,薌垣
李有相,世卿,東芚
李有謙,受益,晩悔
李有鄰,臨暉
李朋,壽甫
李服義,小崖,良貴
李朝倫,吉人
李朝儀,藻舟
李朝列,長卿
李朝斌,資堂,質堂
李朝柱,廷佐
李朝正,治表
李朝綱,振之,武川
李朝陽,鳴和
李朝隱,君平
李朝鼎,立勳
李木,時升
李末叔,愼原
李本,立之,立菴
李本?,李師敏
李本仁,藹如,見山樓
李本固,叔茂
李本宣,蘧門
李本敬,寬翁
李本方,仲壺
李本晟,暘若
李本梓,文木
李本植,冶人,義民
李本榆,星伯
李本樳,直夫
李本涵,海若
李本瑤,午梧,午橋
李本緯,淶玉
李本道,正倫
李朴,長質
李朵兒只,賀蘭
李朵只,仲善
李材,子構
李杜,子齐
李杜才,鳴儒
李杜詩,范蓮
李杞,山甫
李杞之,義永
李杭,東平君
李杭之,僧篾
李杰,元凱
李東,啟元
李東來,可亭
李東光,晉卿
李東寅,賓旭
李東彥,三復齋,國美
李東明,勿齋
李東曙,晴江
李東標,君則,子剛,忠簡,懶隱
李東溟,白宗,鶴汀
李東稷,舜弼
李東紹,雪溪
李東華,景曉,暘池
李東陽,文正,西涯,貝之,賓之
李杲,宗耀
李杼,成章
李松,子節
李松松,心盦,心菴
李松林,心懿,心菴
李林,韶石
李林喬,鳴遷
李林松,仲熙,心庵
李林楨,峙亭
李林甫,李十
李林芳,蘭畦,養真山人
李林隆,紹銀
李果,智果
李枝昌,介繁,莪村
李枝青,薌園,蘭九,西雲
李枟,秀岐,西屏
李柄,子權
李柏,友松,新甫
李柏齡,壽山,松叔
李某,從道
李某（李浃子）,元哥
李柙,允迪,臺山
李柟,倚江,木庵
李柬,公擧,巍巖,文正,秋月軒
李柬之,公明,懿靖
李柰,景春
李柱,林柱
李柱史,閣菴,閤菴
李柱蘭,誦芬,鐵甫
李柷,季宣
李柷（唐哀宗）,昭宣光烈孝,景宗,李祚
李栖筠,文獻,李十五,李卓,貞一
李校,十二,彥甫
李核,意山
李根仙,聃式
李根永,汝長
李根玉,仙蟠
李根雲,仙幅,玉成
李栻,敬叔,畏庵
李格,承之
李格非,文叔
李桀,陵漢
李桂仙,香雪
李桂林,子丹
李桂玉,桓仙
李桃,問溪,間溪
李桑格,桑峨,桑額
李桓,晉仲
李梁,廷進
李梅,李栻
李梓,本翀
李梓發,材甫
李梧,士仕
李梯,子登
李梲,卿材
李梴,松溪,雨樵
李棅,文眾
李棟,尚隆
李棟朝,劻九
李棠,叔思,恭懿,石塘
李棠階,強齋,强齋,文園,文淸,樹南
李棠馥,漢清
李棡,宗海,韋庵
李棣通,生儀,笙儀
李棨,廷信
李棨美,應成
李棩,昭休,景直,顯宗
李棫,才元
李森,遠伯
李森元,葆初
李森先,椒雨園,灧石,灩石,琳之,琳枝
李棲鳳,瑞吾,瑞梧
李棻,蓉初,香畬
李椆,常季
李植,南宮外史,文靖,汝固,澤堂,澤癯居士
李椿,壽卿
李椿年,仲永,逍遙公
李楘,忠正,文伯,松郊
李楠,中石,伯南,十八
李楣,月裳,桂生
李楨,福昌君
李楨幹,健堂,楗堂
李楫,大濟
李業,少峯
李業修,小立
李業居,紫堂
李極,昌時,昌詩,李拯
李楶,承叔
李楷,範亭
李榕,全年
李榘,訪漁,防逾
李榞,紫藩
李榦,維楨
李榮,志仁
李榮和,木庵
李榮堂,和葊,和齋
李榮慶,松生
李榮春,雲橋
李榮椿,仲衡,松谿
李榮祖,繼先
李榮英,白雲,萼侯
李榮陛,厚岡,奠基
李槃,新甫,樂湖
李構,成之,燕敬堂
李槖,時中
李槩,克節
李樂,和仲
李樑,公擧
李樗,非我
李標,蓼灘,表南
李標鳳,翥霄
李樞,應機
李模,闕菴
李横,幹臣
李樸,質甫
李樹南,眉三
李樹德,沛元
李樹恩,季康
李樹敏,政夫,文卿,武僑
李樹瀛,香洲
李樹穀,耕心
李樹萱,慕劬
李樺,良靖
李橋,文濟,李喬
李橌,伯廣,李櫚
李橒,忠毅,長孺
李橝,厦卿,四隠翁
李橡,孟栗
李檀,子薦
李檉,聖木,苕齋
李檗,時勵
李檝,商卿,棲碧山人
李權,衡文
李次仁,靜菴
李次魚,復齋,直卿
李欣,公愉
李欣榮,陶邨
李欽,元肅
李欽夫,仁敬
李欽式,傅菴
李歆,後主
李正,直齋
李正儀,李正豔
李正勇,義峯
李正卿,肱生
李正寧,章節,端父
李正封,中護,李二十八
李正彞,德敘
李正民,方叔
李正臣,端彥
李正芳,彥碩
李正英,子修,孝簡,西谷
李正蒙,汝明,百六
李正蔚,豹採
李正邦,進之
李正鼇,占一
李步尭,梯雲
李步廷,瀛仙
李步沆,幼匏
李步瀛,次薌,芳洲
李步鄒,師孟
李步雲,星階,煥奎,聯卿
李步青,吟白,遁齋
李步鼇,雲浦
李武仲,定夫
李歲,景清
李歸厚,德元
李殷相,文良,東里,說卿
李殿圖,丸符,九符,文肅,桓符,石渠,石臞,露桐,露桐居士
李殿揚,戴堂
李殿林,蔭墀
李殿英,延青
李殿華,慶庵,瑞廷
李殿超,榮階
李殿邦,叠雲
李殿雄,振坤
李毅,弘略
李毓,鍾秀
李毓昌,榮軒,皋園,皋言,皐言
李毓林,翰卿
李毓楠,喬林
李毓泰,子清
李毓清,秀英
李毓秀,子潛
李毓英,節愍
李氏,昭華公主
李氏(任高妻),李氏三烈
李氏(劉嵩妻),昭聖
李氏(朱翊鈞母),慈聖皇太后
李氏(李亨女),鮮于氏
李氏(李士龍女),胡第十四
李氏(李守禮女),金城公主
李氏(李康女),徐氏,總持
李氏(李思文女),功德山
李氏(李惇女),於天
李氏(李承慶女),守柔
李氏(李敬彝女),小休
李氏(李旦女),蔡國公主
李氏(李昈女),順之
李氏(李有偁女),果娘
李氏(李某(李氏夫)妻),大政
李氏(李某元女),越客
李氏(李玄鑒女),真人
李氏(李玭女),怛之
李氏(李瑁女),應玄
李氏(李立則女),丁老
李氏(李純女),太和公主
李氏(李華女),正姬
李氏(李誦女),雲安公主
李氏(李豫女),普寧公主
李氏(李适女),咸安公主
李氏(李隆基女),永穆公主
李氏(盧甫妻),孝昌縣君
李氏(貞順公主),貞順公主
李氏(趙炅妃),元德
李氏(趙炅妻),明德
李氏(趙禎母),宸妃,章懿,莊懿
李氏(邑石門人),邑石門人
李氏（吳令珪妻）,秦國夫人
李氏（和政公主）,和政公主
李氏（咸宜公主）,咸宜公主
李氏（唐高祖千金公主）,延安大長公主
李氏（嘉豐公主）,嘉豐公主
李氏（壽光公主）,壽光公主
李氏（壽安公主）,壽安公主,蟲娘
李氏（壽昌公主）,壽昌公主
李氏（太平公主）,太平公主,李月令
李氏（太華公主）,太華公主
李氏（安平公主）,安平公主
李氏（宋國公主）,宋國公主
李氏（定安公主),定安公主
李氏（宜都公主）,宜都公主
李氏（宿國公主）,宿國公主
李氏（寧國公主）,寧國公主
李氏（岐陽公主）,莊淑公主
李氏（常山公主）,常山公主
李氏（常樂公主）,常樂公主
李氏（常芬公主),常芬公主
李氏（平原公主）,平原公主,詔贈平原長公主
李氏（平陽公主）,平陽公主
李氏（廣寧公主）,廣寧公主
李氏（延安公主）,延安公主
李氏（新都公主）,新都公主
李氏（晉國公主）,晉國公主
李氏（晉陽公主）,晉陽公主
李氏（普寧公主）,普寧公主
李氏（普康公主）,普康公主
李氏（朗寧公主）,朗寧公主
李氏（李元嘉女）,彌勒
李氏（李嗣源女）,弘願大師
李氏（東陽公主）,東陽公主
李氏（梁國公主）,惠康公主
李氏（楚國公主）,上善,楚國公主
李氏（樂城公主）,樂城公主
李氏（永和公主）,永和公主
李氏（永穆公主）,永穆公主
李氏（永陽公主）,永陽公主
李氏（永順公主）,永順公主
李氏（淮陽公主）,淮陽公主
李氏（玉真公主）,上淸玄都大洞三景師,持盈
李氏（王詮妻）,永和公主
李氏（眞寧公主）,眞寧公主
李氏（眞源公主）,眞源公主
李氏（真陽公主）,真陽公主
李氏（義清公主）,義淸公主
李氏（義豐公主）,義豐公主
李氏（臨川公主）,孟姜,臨川公主
李氏（臨晉公主）,臨晉公主
李氏（臨眞公主）,臨眞公主
李氏（興信公主）,高陽公主,齊國公主
李氏（華陽公主）,瓊華真人,華陽公主
李氏（萬春公主）,萬春公主
李氏（蕭國公主）,蕭國公主
李氏（虢國公主）,虢國公主
李氏（衞國公主）,衞國公主
李氏（襄陽公主）,襄陽公主
李氏（西河公主）,西河公主
李氏（許昌公主）,莊肅公主
李氏（趙國公主）,莊懿公主
李氏（郭曖妻）,昇平公主
李氏（郯國公主）,郯國公主
李氏（鄭國公主）,莊穆公主
李氏（金仙公主）,無上道,西城公主
李氏（金堂公主）,金堂公主
李氏（長寧公主）,長寧公主
李氏（長林公主）,長林公主
李氏（陳留公主）,陳留公主
李氏（雲安公主）,雲安公主
李氏（饒陽公主）,饒陽公主
李氏（高密公主）,高密公主
李氏（高陽公主）,合浦公主,高陽公主
李氏（魏國公主）,憲穆公主
李氏（齊國公主）,恭懷公主
李民宬,寬甫,敬亭
李民寏,忠簡,紫巖,而壯
李民質,元素
李永,懷永
李永寧,敬遠,靜遠
李永敷,貽教
李永昇,志南,青郊
李永昌,鳳山
李永書,綬遠,芳園
李永標,純九
李永瑞,希賢堂,錫類,魯山
李永祺,鶴君
李永紹,繩其
李永芳,廷實
李永茂,孝源
李永褀,松期
李永通,貫道
李永鎮,愷人
李求齡,又彭
李汛,彥夫
李汝喬,樹蒼,櫟亭
李汝嘉,士美
李汝寛,嚴夫
李汝嶠,少峯,少峰
李汝弼,小梁
李汝愚,直庵
李汝成,信甫
李汝文,仁可
李汝明,吉甫,李明
李汝楫,濟卿
李汝楷,宣植
李汝為,槃陸
李汝燦,用章
李汝珍,北平子,松石,松石道人,老松,青蓮
李汝珪,元錫,瑞臺
李汝璨,用章
李汝發,君實,貞翼
李汝相,巖賓,希說
李汝礪,漱石,貢三
李汝節,道亨
李汝翼,右民
李汝華,恭敏,茂夫
李汝蘭,秀夫
李汝覺,子先
李汝遜,水修
李汝鈞,海門
李汝霖,雨巖
李汝鶴,企皋,季仙,雲白
李江,汝貢
李池,漢水
李汧國,汧國
李汪度,受之,寶幢,春谷
李汲,寡言
李汶,宗齊,次溪
李汾,李份
李沂,太淸,太清,景魯
李沃,博泉,文若
李沄,爽齋,稚臣,雨帆
李沅,芝畦
李沆,景武
李沆訓,伊卿,彝卿
李沇,東濟
李沐,浴潭,濯江
李沐仁,安之,誠甫
李沖,李師
李沖元,元中
李沙磧,沙磧女子
李沛,平子
李沛深,梅初,稚萊,雨人
李治,自修
李治運,寧一,寧人,漪亭,玉洲先生,甯人
李治（唐高宗）,天皇大帝,天皇大聖大弘孝皇帝,為善,高宗
李況,希荀
李泂,伯遠
李泉,弘廣
李泌,李鄴侯,長源
李法,維則
李法祖,式林
李法章,冷廠
李泰,西珉
李泰交,大來,昶林,昶林館
李泰來,成美
李泰慶,晉陵君
李泰淵,訥齋,靜叔
李泳,深卿
李泳平,星陔
李洁,南溪,景淵
李洙,源魯
李洞,才江
李洞真,洞真
李洤,子召
李津,濟之
李洧孫,甫山,霽峯
李洪,雙松
李洪男,士重,汲古子
李洪義,李洪威,洪威
李洪鈞,家奴
李洪駒,雪騶
李洸,士武,雨溪散人
李洽,和甫,醉菴
李流芳,愼娛居士,檀園老人,泡菴,茂宰,長蘅,香海
李流謙,澹齋,無變
李浙,宗海
李浚,子淸,忠武,龜城君
李浚原,李浚源
李浚慶,南堂,原吉,忠正,東皐,紅蓮居士,蓮坊老人
李浣,梅竹軒,澄之,貞翼
李浤,歸來亭,深源
李浩,伯揚,直卿
李浵,星橋
李海壽,大仲,敬齋,藥圃
李海昌,季夏,松坡
李海朝,子東,鳴巖
李海源,東洲
李海裕,紹北
李海觀,孔堂,綠園
李浹,孔皆,陶庵,霖瞻
李涇,德清
李涉,青溪子
李涓,浩然
李涪,周禮庫
李涵,恩湖
李涵元,固之
李涵秋,沁香閣主,涵秋
李淇,少峰,竹泉
李淏,孝宗,竹梧,靜淵
李淑,玉山
李淑儀,三十六峰女史
李淑姿,客尚
李淑慧,端芳
李淑昭,端明
李淛,子秀
李淦,性學
李淮,小泉,巨川
李淯仁,號芳崖
李深,淵之
李深培,竹泉
李深源,伯淵,太平眞逸,文忠,朱溪君,醒狂,默齋
李淳,彥穆
李淵,大年,景潛,次彭,第念一
李淵（唐高祖）,叔德,太武,神堯大聖大光孝皇帝,高祖
李淶,源甫,養愚
李淸,季雅
李清,希獻
李清和,蓮舫
李清寯,灼三
李清廉,介亭
李清時,授侯,蕙圃
李清植,主侯,種亭,穆亭,立侯
李清淑,問渠
李清照,易安居士
李清玉,荷風
李清瑞,蓮溪,輯堂
李清綺,錦章
李清臣,邦直
李清芳,同侯
李清載,積齋
李清輝,月卿
李清馥,根侯
李清鳳,古廉,翔千
李渌,為霖
李渡,於岸
李渤,李十,濬之,白鹿先生
李渭,同野,湜之
李渾,公初
李湊,懷懿太子,漳王
李湍元,日莊
李湖,又川,恕齋,恭毅
李湘,永懷
李湘棻,雲舫
李湘芝,秀貞
李湘茝,春畹
李湘萼,壽岩,柯亭,棣生
李湘鸞,李香鸞
李湛,仲久,竹亭
李湛之,淸卿
李湛田,丹孫,伯愚
李湛芳,濬濟,濬齊,濬齋
李湛（唐敬宗）,敬宗,睿武昭愍孝皇帝
李溉之,岱源
李溍,晉甫
李源,君浩,淸香堂
李源名,彥名,資善
李源奎,玉山
李源廣,德潤
李源本,松亭
李源益,子健,子傅,子建
李源道,仲淵,行齋
李準,平叔,懶眞子,肅憲,西坡
李溟,子淵,龜村
李溥,俊之,恭昭,明新堂,永順君
李溥光,玄悟大師,玄暉,雪菴
李溥圓,大方,如菴
李溥錦,尙絅
李溫,景和
李溶,錦湘
李滂,注善
李滄,朝宗
李滉,文純,景浩,退溪,退陶,陶叟
李滋,樹德
李滋南,上林
李滋榮,春圃
李滋然,命三,樹齋
李滌,映湖亭,汲之
李滮,星海,菊邨
李漁,伊山別業,半畝園,天徒,層園,李仙侶,李十郎,湖上笠翁,笠翁,笠道人,笠鴻,芥子園,覺世稗官,謫凡,賤居者,隨庵主人
李漋,砥中,若千,質庵
李演,欽菴
李漢,允昭,充昭,方塘
李漢章,倬齋,南鵬
李漢臣,仲良
李漢超,顯忠
李漱芳,文軒,藝圃
李漳,子淸
李漷,全坪君,魯伯,鷺洲
李漸堂,鴻卿
李漼,懿宗,李溫,睿文昭聖恭惠孝皇帝
李漼（唐懿宗）,懿宗,李溫,睿文昭聖恭惠孝皇帝
李潑,北山,景涵,東巖
李潘,藻夫
李潚,五香亭,江陽君,琴軒,雙松
李潛,仲昭
李潛夫,行甫
李潢,又璜,雲門
李潤,存中,退思菴
李潤之,雨亭
李潤均,惺齋
李潤慶,崇德齋,正獻,重吉
李潤成,集卿
李潤身,泰之,西巖
李潤雨,石潭,茂伯
李潮,剋庵,有聲
李潮三,勺海
李潯,禮源
李澄,致清
李澄中,渭清
李澄宇,洞庭
李澄石,莊剛
李澄觀,樂卿
李澈,伯倫
李澍,彦霖,盆峯,靖穆
李澍生,雨田
李澐,鐵橋
李澗,國用
李澣,濯纓
李澤,澤之
李澤卿,叔五
李澤深,郇雨
李澤潤,浴溥,溶溥,溶濤
李澥,子淵,忠敏,聾翁
李澯,子淨,守谷,靖惠
李澻,世田,左川
李濂,大源
李濓,廉水
李濙,原潔,宗禹,石菴
李濟,星谷,景仁
李濟臣,夢應,平簡,淸江
李濡,子雨,惠定,鹿川
李濤,紫瀾,述修,述齋
李濬,長祥
李濬遠,亮舟,鳧舟
李濱,古餘,夢榴,少堂
李濱老,師武
李瀅,劬庵,鏡月,鏡石
李瀆,河神,長源
李瀚,文博
李瀚章,勤恪,小泉,敏旃,李章銳,筱荃
李瀛,宗澤
李瀛洲,怡亭
李瀛瑞,士仙,海嶼
李瀣,景明,溫溪,貞敏
李瀤,士淵
李瀷,泂如,玉浦,艮翁
李瀾,杭泉,枕泉
李灇,嵩善副正,文憲,淙之,磨齋
李灌,曏若,連璧
李灝,學孟,斂之,海觀
李火熙,李熙
李灰孫,成靖
李灼然,來章,禮山
李灼華,炳蔚,移孝軒,肖峰,蕭峯
李炎子,竹溪,雲仲,雲幼
李炎震,元修,元脩
李炎（唐武宗）,李瀍,武宗,至道昭肅孝皇帝
李炤,星渠,松南
李炯,澹成
李炯然,漢章
李炯胤,汝承,滄洲,蓬菜〔萊〕君
李炱,雲將
李炳,蔚中
李炳南,秋航
李炳堃,旭初
李炳奎,石筠
李炳彥,石圃
李炳榮,擢卿
李炳濤,秋槎
李炳然,人虎,東皋,虎人
李炳照,青侶
李炳章,健夫
李炳耀,星垣
李炳蓉,慎旃
李炳黌,春門
李為臣,用忠
李為芝,明瑞
李為霖,次楫
李烈鈞,俠黃,協和
李烋,海村,簣園
李烓,熙遠,鳴皐
李烜,春堂
李焌,石屏
李焕,觀復
李焜,臨昌君
李焞,元孝,光倫,憲武,敬明,明普,睿聖,章文,肅宗,英烈,顯義
李無塵,不染
李無慮,忠眘
李無晦,行中
李無疆,景休
李焱,德光
李然,曙支
李煃照,曉階
李煇,孟明
李煊,曉生
李煌,十八,德融
李煐,貞如
李煒,峻公,浣廬
李煙南,湘門
李煜,仙岩
李煥,琢明,闇齋
李煥堯,仰琦,藝柟
李煥庭,星海
李煥然,堯文,榆村
李煥章,奮生,惜陰軒主人,文齋
李煦,如明,東川
李熀,映齋
李熊徵,聖輔,黔洲
李熙,伯雍
李熙仁,少澄,皞臣,緝甫
李熙文,叔豹,穎卿
李熙載,伯先
李熙采,子亮
李熙靖,子安,安常
李熙齡,芸渠
李熙齢,雲東,雲渠,雲衢
李熲,宏明,弘明
李熹,明甫
李熽,晦夫
李熾,昌文
李燁,良佐
李燁然,文若,鶴汀
李燔,宏齋,弘齋,敬子,文定
李營室,子定
李燦,堯章,黼堂
李燦珍,國華
李燧,晦夫
李燮藩,伯屏
李燾,若臨
李燿奎,菱川,蔆舟
李爀,文貞
李爔,晴沙
李爗,季常
李爽,乾祐
李爾瞻,得輿,觀松,雙里
李爾育,遂臣
李牧,克治
李特昭,進叔
李猶龍,紫函
李猷,嘉仲,獻夫
李獨明,五千
李獻,景獻
李獻卿,材叔
李獻可,公從
李獻明,思皇
李獻箴,我敬
李玄祚,啓商,景淵堂
李玄祿,囗封
李玄福,文戩
李玄紀,元方,拙齋
李玄逸,文敬,翼昇,葛庵
李玄錫,夏瑞,文敏,游齋
李率泰,叔達,壽濤,壽疇,壽籌,忠襄,李延齡
李玉,琢之,醉白
李玉中,春佩
李玉如,琢齋
李玉容,玉蓉
李玉成,圜一翁
李玉揚,植亭
李玉春,樹增
李玉清,曉泉
李玉湛,一笑先生,會侯,韞川
李玉滋,樹之,西淵
李玉照,潔塵
李玉瑤,碧岑
李玉章,禹簡
李玉葉,百琳
李玉蘭,春谷
李玉貴,良甫
李玉鋐,但山,貢南
李玉鳴,靖亭
李王臣,立誠
李玘,李紀
李玘尊,古彝
李玜,公寶,純祖,純齋
李玠,周錫
李玫,李玖
李玳,廷實
李玳馨,圃泉,栗亭,栗巳,間皋
李珀,步清
李珉,美中
李珊,石圃
李珍,相儒
李珏,廷重,後菴
李珖,敬憲,義昌君,藏中
李珙,侯璧,東溪
李珣,琛伯,耐堂,鳳岡
李珥,叔獻,愚齋,文成,栗谷,石潭
李珦,恭順,文宗,輝之
李珩,朗山,玉屏
李珪,用獻
李珫,粹之
李班,澌泉
李珹,李懷,義安君
李現,池山,鶴山
李球,大玉,隱窩
李琚,公珮
李琛,玉璞
李琡,德昭
李琢,於扇
李琥,次琮
李琦,伯玉
李琨,德嘉
李琪,台秀
李琮,奉天皇帝
李琯,稠源,邦和
李琰,玉吾,雲塘
李琳,李林
李琴堂,知音
李琿,光海君
李瑀,季獻,寄窩,玉山,竹窩
李瑁（壽王）,李淸
李瑅,興安君
李瑈,世祖,惠莊,承天體道烈文英武至德隆功聖神明睿欽肅仁孝大王,粹之
李瑋,公炤
李瑋堂,少梁,玉亭,雪橋
李瑚,周珎
李瑛,仁興君,可韞,孝肅,月窓,醉隱,靖孝
李瑜,貞愍,錦城大君
李瑝,李沔
李瑞,世祥
李瑞傑,步芸,步雲
李瑞和,寶弓
李瑞徵,中峰
李瑞清,仲麟,文潔,李百蟹,梅痴,梅癡,梅盦,梅花庵主,清道人,玉梅花盦道士,阿梅,黃龍硯齋
李瑞芳,時禎
李瑞蔚,秀齋
李瑞裕,了緣道人,德生,竹農
李瑞鍾,靄卿,鵠卿
李瑞雨,松谷,潤甫
李瑞麟,依仁
李瑠,彦珍,桂林君
李瑢,匪懈堂,安平大君,梅竹軒,淸之,琅玕居士,章昭
李瑤,仲玉
李瑩,朗亭,縉雲山人,錦泉
李瑭,安悼,寧海君
李瑱,文定,東菴,溫古
李瑴,中玉,介石
李瑾,德美
李璆,獻之,臨瀛大君,貞簡
李璉,重器
李璋,德方
李璋煌,禮南
李璋煜,愛吾鼎齋,方赤,月汀,禮南,箬亭
李璔,忠昭,桂陽君,顯之
李璖,光寶,松洲
李璜,方玉,韞齋
李璞,中玉
李璟,中主,伯玉,元宗,李景,李景通,李瑤
李璠,瑤圃
李璡,純夫
李璣,衡堂,豐堂
李璥,巴陵君
李璦璨,澂波
李璧,白夫
李璧存,海珊
李璨,子珍
李璩,子玉
李璬,李澐
李璮,李松壽,松壽
李璲,崇信
李璵,廣平大君,明誠堂,煥之,章懿
李璽,德貴
李璿,道政
李瓊,蘊素
李瓊仝,玉汝
李瓊台,玉媛
李瓊林,西圃
李瓊芝,李經禱
李瓔,和義君,忠景,良之
李瓘,廷璧,李罐
李瓘輝,卣香
李瓚,重器
李瓛,世望
李甘,和鼎
李生光,汾曲逸民,闇章
李生棟,鄭良
李生芳,文明
李用,和甫
李用中,舜智
李用之,彥發,李蒙,杜春,第三,蟾老
李用和,元樂
李用庚,季簡
李用敬,仲學,雲坡
李用晋,仲通
李用曾,念詒,翼庭
李用楫,石友
李用清,澄齋,菊圃
李用熒,汝明
李甫欽,大田,忠莊,敬夫
李田,見龍
李由,民載
李甲,伯始
李甲先,李榕
李甲煊,南屏
李申之,勇退居士,永退居士
李畊,子力,松厓
李畋,渭卿,谷子
李畫,元素
李畬,子三,文敬,治甫,浦陰,睡谷
李異品,仙園
李當,李璫
李畸實,季侔
李畹,梅卿
李畿嗣,明卿
李疇,弘道
李疑,思問
李登,伯庸
李登之,李澄之
李登憲,南臺
李登樓,巨成
李登瀛,仙洲,東溪,溱上
李登螭,九峰,翰伯
李登輝,騰飛
李登雲,子漸
李發,浩然
李發枝,培園,鹿友
李發甲,瀛仙
李發魁,經伯
李白,李太白,太白,青莲居士,诗仙,谪仙人,李十二,李拾遺,李翰林,李謫仙,李青蓮,酒仙翁,青蓮居士
李白由,良厚
李白芳,芷泉
李白華,蘭陔,髻儂
李百藥,奇童,重規
李百齡,乾行
李百齢,仁山
李皇臣,道夫
李皋,子銘
李皋榮,果泉
李皐,忘川
李皓,澹生
李皦如,仲明,大同,祿會,第二
李益,景賢
李益壽,久而,文簡,白默堂
李益能,舉之
李益謙,相之
李盛和,介石
李盛春,夢池,淑元
李盛時,伯行
李盛東,肖百
李盛鐸,兩晉六朝三唐五代妙墨之軒,凡將閣,古欣閣,安愚守約之室,延昌書庫,木公,木犀齋,木齋,椒微,椒徵,沐齋,甘露簃,蜚英館
李目,目千
李直,二十三,行斐,行裴,貞惠
李直卿,天衢子,彥方,復齋
李直彥,君美,秋泉,貞簡
李直方,復庵,德方
李相,元輔
李相如,師藺
李相祖,時可
李省身,景三,笠巖
李眈,遐威,長城
李眞儉,仲約,角里
李眞儒,北谷,士珍
李眞卿,希顔
李眞淳,子厚,荷西
李真,洞景
李眺,冰影
李眾,仲師
李睟,忠肅,明遠,望北堂,龜川君
李睟光,文簡,潤卿,芝峯
李睦,友賢
李睿,景明
李瞻,博濟
李知剛,作乂,作義
李知孝,孝章
李知己,智仲
李知微,中甫
李知德,海亭
李知新,溫卿
李知柔,望之
李知白,全華齋,汝玄
李石,中玉
李石亨,伯玉,文康,樗軒
李石根,安良
李硜,次民
李硯田,端溪,蕓軒
李碩達,君敏
李確,介節先生,因仲,天植,潛夫,蜃園,龍湫山人
李磎,景望,李書樓
李祁,肅遠,蕭遠
李祉,錫之
李祐,伯可
李祖,孝仁
李祖垚,卓齋
李祖壽,崧生,耐涵,頌南
李祖年,搢臣,紀堂
李祖惠,屺望
李祖掏,葆貞
李祖望,賓嵎
李祖村,仲三,古愚,煙波居士
李祖植,培之,春舲
李祖牧,李祖悛,翁伯
李祖祹,葆貞
李祖福,蔭堂
李祖芳,桂生
李祖謨,禹言
李祘,亨運,弘齋,文成武烈聖仁莊孝王,正祖
李祚,三十八,光世
李祜,善叔,孝寧大君,蓮江,靖孝
李祥,廷瑞
李祥和,壯武
李祥賡,古山,舜廷
李祥霖,德軒,禮軒
李祥麟,芝巖
李祦,仲謙
李祹,世宗,元正,莊憲
李祺,承先
李祿,宗學
李禂,子周,霞石
李禎,瑞卿
李禎翊,崖軒,鴨擧
李福,介甫
李福亨,雲衢
李福培,仲謙,仲騫,心畬
李福堅,德修
李福泰,星衢
李福男,忠壯
李福簡,子修,竹書
李禔,剛靖,厚伯,讓寧大君
李禬,子方,晩悟
李禮堅,不磷
李禮長,子文,平簡
李禹鼎,德新
李秀,餐花
李秀如,仲筠
李秀彥,正簡,美叔,聾溪,醉夢軒
李秀成,李以文
李秀琮,思忠
李秀發,屺菴
李秀芝,浣雲
李秀荃,景馨,柳門,興寕君
李秀黛,浣蘭
李秉,執中,襄敏
李秉仁,子元
李秉圭,衡齋
李秉常,康靖皇帝,惠宗
李秉彛,天常,龍溝
李秉彜,好德
李秉彝,仲常
李秉德,涪江,蕙紉
李秉成,子平,順庵
李秉方,元直
李秉昭,元晉
李秉淵,一源,槎川,白嶽下
李秉瑞,福雲,體乾
李秉禮,敬之,松甫
李秉義,木塘,木芳
李秉衡,忠節,鑑堂,鑒堂
李秉衷,德夫
李秉袊,榆坡
李秉鍾,士聲,誠齋
李秋,伯成
李秦,仲西,東岡
李秩,序甫,敬持
李移忠,孝卿
李程,八磚學士,李二十六,表臣
李稙,元直,忠襄,李植
李種善,慶夫,良景
李種學,仲文,麟齋
李稶,仲棠,芝江,醉翁
李稷,亨齋,文景,虞庭
李稷勳,伯子,伯粢,堯琴,姚琴,甓盦
李稹,李禎
李穀,仲父,文孝,稼亭
李穆,明遠
李穉賓,祚卿
李穎士,李潁士,茂特
李穎檜,尤會
李穟,伯實
李穡,文靖,牧隱,穎叔
李穰,忠愍
李立,因以
李立元,仁宇
李立基,植園
李立檟,又泉,雪坪
李立言,義方
李章,達夫
李章武,子飛,李十八,飛卿
李章煥,文樓
李章甫,希聖
李童,蔭繩
李端,表正
李端友,子諒
李端夏,季周,文忠,松磵,畏齋
李端彥,相之
李端愨,守道,恭敏
李端愿,公謹,李端願
李端懿,元伯,良定
李端方,靖之
李端本,彦信
李端棻,信臣,苾園
李端榘,子方,少舟,心壺
李端民,平叔
李端澄,學溥
李端生,五絲
李端相,幼能,文貞,西湖,靜觀齋
李端臨,更生
李端行,正達,聖達
李端遇,小岩,小峴,小研,筱岩
李端錫,忠愍,有初,雙壺堂
李竹書,韻琴
李竹溪,海曙
李符,分虎,耕客
李笵,學冶
李策,仲方,秋圃
李策清,採珊,秀先
李筠,禮符
李筠嘉,修林,筍香
李箕洪,汝九,直齋
李箕男,靜叔
李箕翊,國弼,市隱,簡憲
李箕重,子由
李節,子忠
李節義,德周
李範,學冶
李篤培,仁宇,汝植
李篯,筱園
李簡,士廉
李簡能,從易
李籌,彥良
李籲,端伯,緱山先生
李粢,德素
李粲,絅齋
李粹年,鶴舫
李粹白,雪嵐
李紀,邦陳
李約,審初
李約東,平靖,春甫,老村
李納,季訥,敦止
李紓,仲舒,李十七
李純,正義
李純仁,伯玉,伯生,孤潭
李純信,武毅,立夫
李純元,增華,長叔
李純德,得之,德之
李純榮,陽珊
李純樸,文伯
李純燊,陽珊
李純祐,昭簡皇帝,桓宗
李純（唐憲宗）,憲宗,聖神章武孝皇帝
李紘,南園,巨川
李素,文貞
李素貞,太素
李紱,巨來,巨洲,文穆,穆堂,穆堂先生,紫藤軒
李紱藻,伯魚
李紳,大章
李紳文,牧癡
李紹,先述
李紹仁,壽之
李紹先,玉立
李紹周,次公
李紹城,澹畦,築初
李紹恭,以莊
李紹昉,任溪,曉園,東陽
李紹法,僅度,漢度
李紹祖,果壯
李紹祥,煥文
李紹箕,懋承
李紹聞,字山
李紹芬,馥庭
李紹衣,谷士
李紹賢,崇德
李紹鄰,德符
李紹鄴,得符,德符
李紹閔,正騫
李紹閶,雲門
李組紳,李祖年
李絅,伯尚
李結,綠寶
李絢,李宏,繪老
李統賢,元甫,畏亭
李絳,伯葉
李綍,蔭堂
李綏祿,東皐,綏之
李經,大經
李經世,丹崖,偉卿,醉蕓
李經國,彞卿,頤庵
李經方,伯行,端甫
李經畬,伯雄,新吾,橘洲
李經綸,大經,寅清
李經羲,仲仙,仲僊,仲山,仲軒,宓生,悔庵,虛生,蛻叟,蛻廬
李經藩,价丞,勷廷
李經述,仲彭
李經達,拙農,郊雲
李經邁,又蘇,季皋,季高,澄園
李經邦,冰谷,巽之,達夫
李經鈺,耕餘,連之,逸農
李綖,子儀
李綬,佩廷,杏浦,竹溪
李維,國張
李維喬,梁父
李維城,孟堅,孟鋻
李維墉,笏山
李維寅,春畦
李維柱,本石
李維楨,士安,本寍,本寧,翼軒
李維標,本建,本立
李維樞,暉宇
李維樾,天棟,拙予,蔭昌
李維正,仲父
李維源,崧圃,漚舫
李維漢,盤谷,磐若
李維煌,裕光
李維熙,淑青
李維第,仙儕,鶴亭
李維紀,月溪
李維翰,月湖,瑞符,西園
李維藩,子价
李維誠,恂伯
李維諴,李維誠
李維醇,春醴,醴泉
李綱,文紀
李綸,槐亭
李綺,友三
李綺青,倦齋,漢父,漢珍
李綽,肩孟
李緋,廷章
李緒,琴山
李緒曾,斯永
李緝,胡戾,遯軒
李緯,天章
李緯國,台彦,雲浦
李縉,太華
李縉揚,敏齋
李縉明,仲卿
李縕,仲淵
李縝,伯玉,萬如居士
李縠,德師
李縡,寒泉,文正,熙卿,陶菴
李縱,令從
李績,熙卿
李繒,參仲,鍾山先生
李織錦,織錦人
李繩,勉百,綿百
李繩中,印可
李繩武,紹先,繩齋
李繩遠,尋壑,斯年
李繹,叔成
李繼,興嗣
李繼佑,仍啟,孝啟
李繼先,伯孝
李繼叔,紹嗣
李繼周,汝輔
李繼和,周叔
李繼孟,墨巖,墨谷,希醇,文平
李繼孫,引之,敬憲
李繼宗,嗣叔
李繼宣,李繼隆
李繼志,繩叔
李繼旺,美實
李繼昌,世長
李繼武,衛安
李繼沆,沄生,蓉臺
李繼男,伯述,雲城君
李繼白,夢沙,夢河
李繼聖,希天,抱雄兒,振南
李繼貞,平槎,徵尹,散尹
李繼遷,太祖,神武皇帝
李繼隆,圖霸,忠武,霸圖
李繼馨,德潤
李纉,存孝
李續,思仁
李續宜,克讓,剋讓,勇毅,希庵,希菴
李續賓,九一,克惠,希庵,忠武,迪庵,迪菴
李群,處一
李群玉,文山
李義健,宜中,峒隱
李義吉,亮谷,方叔
李義培,宜伯,忠壯
李義宗,得之
李義山,伯高,後林
李義府,人猫,笑中刀
李羲鈞,李錫鈞
李羽,翼之
李翀霄,息六
李翃,翼亭
李翊,季羽,文貞,農齋
李翊漢,稚欽,香坡
李翊煌,博孫,樂三
李翊相,弼卿,文僖,梅磵
李翊聖,官官,瓦谷
李翎,友松齋,和仲
李習,伯羽,雲觀
李習仁,長人
李翔,叔羽,打愚,文穆,雲擧
李翔麟,見川,見田
李翠英,元兒,文玉
李翮,子羽
李翰,仁堂
李翰屏,蕃西,述庵
李翰章,文卿
李翰芬,守一,顯宗
李翰華,夢蘭
李翱,李七,李文公,習之
李翹燊,賢發,際唐
李翹芬,拔如
李翼,王翼
李翼鵬,弱水,翥九
李耀曾,季潛,紅橋
李耀琛,寶溪,翰楣
李耀瑚,伯珊
李耀胡,伯珊,雨耕
李耆壽,南公
李耔,夢翁,文懿,次野,溪翁,陰崖
李耕,原埜
李耳,玄元皇帝,聖祖
李聃命,耳老,靜齋
李聖任,君重,月村
李聖時,汝中
李聖求,分沙,子異,東沙,貞肅
李聖淵,仲遠
李聖碩,仲時,楊村
李聖符,存中,忠壯
李聖龍,子雨,惠靖,杞軒
李聘,伊庵,李瞍
李聞政,一三堂,君弼,孝貞,農叟
李聞禮,聞禮
李聞詩,圉恩,興予
李聯厚,時洲,晴洲
李聯奎,澹岩
李聯宮,雲峯
李聯珠,琇實
李聯琇,季瑩,小湖,秀瑩
李聯璧,溪西
李聯登,廉州,瀛洲
李聯芳,友梅,實齋
李聯蒙,曉湘,曉相
李聰,敏德
李聿,孝恭皇帝,惠祖
李肄頌,彥三,放鶴軒,敬亭,晴暉軒,松潭,素園
李肅,正言,義蘊
李肅之,公儀
李肇,子始,鶴山
李肇南,少軒
李肇基,紹堃
李肇海,蓬仙
李肇禪,雲卿
李肇豐,譽少
李肇錫,子嘉,錦帆,錦航
李肖筠,能一,西園
李肖龍,叔膺
李肛,絳之,馬山
李肯構,世昌
李育,仲蒙
李胄,忘軒,胄之
李胤,子伯,雙梅堂
李胤喦,峩居
李胤永,丹陵,丹陵山人,澹華齋,胤之
李胤緖,善承,壯毅
李能,時舉
李能哲,惠伯,無隱,酒龍夢隱
李能巽,敬亭
李能發,書耕
李脁,冰影
李脩吉,允敬,敬宇
李脩己,玄方
李膂,强哉
李膺,貞景
李膺品,震於
李臣之,思良
李臣典,忠壯,祥雲
李臨安,邦治
李臨湘,漢垣
李臨陽,汝貞
李臨馴,友春,葆齋
李自堅,子固
李自成,李自晟,李鴻基,闖王
李自明,伯誠
李自榮,仁吾,元伯
李自然,信夫
李自華,元實
李自郁,文叔
李臯,子蘭
李至,言幾
李至男,永膺先生,端禮
李致,可遠
李致中,位庵
李臺,午溪,星伯
李與善,伯從,同菴
李與廉,子常
李興,伯起
李興元,若始
李興商,子衍,襄僖
李興宗,似之
李興時,叔起
李興浡,悠然,雲巖
李興祖,廣寧,慎齋
李興銳,勉林,勤恪
李舉,宣直
李舒,戇翁,文簡,松岡,陽伯
李舜岳,汝詢,竹牖
李舜弦,李舜絃
李舜民,伊峰,曍如
李舜田,彦安
李舜臣,忠武,汝諧
李舜舉,公輔,忠敏
李航,東苑,石帆,虛舟
李良,癡和
李良佐,漢臣
李良卿,公輔
李良年,李十九,李法遠,武曹,武曾,法遠,秋錦,虞兆潢,阿京
李良弼,唐臣
李良恆,心一
李良柱,伯任
李良祐,安昭
李良臣,直甫
李艾,十八,子若
李芍,茂華
李芑,敬齋,文仲,文敬
李芘,積仁
李芝,竹友,謹墀
李芝才,漢公
李芝秀,樹門
李芝綬,緘庵,裘桿漫叟
李芝蘭,毓秀,裕秀
李芬,李棻
李芬羲,馨甫,默軒
李芮,可成,文質
李芳,湘洲
李芳先,元秀
李芳審,翰若
李芳幹,懷安大君,良僖
李芳果,光遠,定宗,恭靖溫仁順孝大王,李曔
李芳柳,晴階
李芳毅,安襄,益安大君
李芳碩,宜安大君,昭悼
李芳蒔,若子
李芳蕃,撫安大君
李芳薀,承蜩,羞可
李芳远,太宗,恭定,睿哲成烈,聖德神攻文武光孝,遺德
李芳述,壯敏,贊芝
李芳遠,太宗,恭定,聖德神功文武光孝大王,遺德
李芳雨,敬孝,鎭安大君
李芷,蓉湖女史
李芸子,耘叟,芳洲
李芸經,涵圃
李芹月,李芹,碧地
李芾,叔章,忠節,肯齋
李苕,季茂
李苘,子藎
李苞,元方,敏齋
李若傑,先民,梁甫
李若川,子至
李若愚,德容
李若拙,藏用
李若星,紫垣
李若水,止源,牛泉
李若氷,樽巖,熹初
李若海,景容,首巖
李若琢,小玉
李若立,少室山處士
李若訥,季重
李若谷,子淵,康靖
李若龍,又聃
李英,彩六
李英符,應瑞
李英華,伯庵,和甫,鴻耀
李苾,孝歆,潔菴
李茂,根蟠
李茂之,蕭然羈客
李茂元,維大
李茂則,叔憲
李茂實,澗南,生洲
李茂庠,紹周
李茂弘,用受
李茂昌,明中,李結
李茂春,槐墅,蔚元
李茂材,仲達,容齋
李茂榛,景山
李茂芳,文簡,釋之
李茂英,君秀,淮南
李茂蘭,芳谷
李茂貞,正臣
李茆,叔茂
李茇,定國
李茳,馨甫
李茹旻,覆如,鷺洲
李茹春,載陽
李荃,蘭君
李荇,容齋,擇之,文定,文憲,滄澤漁水,靑鶴道人
李荊,李郱
李莘,耕崖,雲樵
李莞,剛愍,悅甫
李莟,柳堂,楚翹
李菡,挹芳軒,文恪,滋園,豐垣,豐順
李華,實生
李華之,秀實
李華春,君實
李華芬,漱六
李華魯,季榮
李華（代國公主）,代國公主,華婉
李菱,盈盈
李菶,韋坡
李菶堯,子繁
李菹,天章
李萃,慧仙
李萃然,仁夫
李萬傅,聲之
李萬元,二憂堂,伯春
李萬實,少虛
李萬平,惟衡
李萬年,雲峰
李萬慶,射塌天
李萬林,玄之
李萬榮,盛卿,竹陰
李萬源,沛興
李萬澤,蔚文
李萬選,擇中,遽齋
李萬雄,夢灘,心甫
李萬青,雲浦
李萱,妍芳
李萼,文如
李葂,曰殺
李葆實,秋圃
李葆恂,文石,猛庵,鳧翁
李葆素,晚香居士,素瓊
李葆芳,春軒
李葉,叔蘭
李著,墨湖,潛夫
李葵,誠伯
李蒓,茆川
李蒕,花山
李蒙,幼龜
李蒙哥,季彭,胡襄
李蓀,南洲,友石
李蓁,懋承
李蓂,堯瑞,東皐,貞簡
李蓉仙,畹華
李蓉第,海臣
李蓋,節公
李蓮,少峯,石湖
李蓮夢,得句,西堂,謝塘
李蓮生,少蘭
李蓮芳,純卿
李蔉,子田,黃谷
李蔚,仲文
李蔭,燕軒
李蔭棠,芾南,薌農
李蔭池,波來
李蔭田,夢璜,熊錕
李蔭祖,繩武
李蔭鑾,幼齋,玉坡
李蕃,叔翰
李蕃祚,子价,拙庵
李蕆,佛谷,翼襄
李蕊,商舟,奎樓,華卿
李蕙,德馨,浣菴
李蕚,樵逸山人
李蕡,茂實
李蕢,彥實
李蕤,延賓
李薆,景肅
李薈,茂白
李薛,參梁
李薦,忠烈
李薦佳,伯受
李藎,臣忱
李藏用,文眞,顯甫
李藤,遂高
李藩,左治
李藹,吉老
李藻,文甫
李藼,李萱,樂甫,道村
李蘇,環溪,眉三
李蘊,青橋
李蘊章,和甫,撫泉
李蘋,世亨
李蘧,仲尙,南村
李蘩,元昭,桃溪先生,淸叔,第八
李蘩月,采池
李蘭,秀夫
李蘭士,佩芳
李蘭生,蕙艘
李蘭芳,宜芝
李蘭馨,椒園,瑞亭,筱溪
李虎,君威,平岡
李虔,美材
李處全,晦庵,粹伯
李處勱,勤仲
李處厚,載之
李處巽,元讓
李處權,巽伯
李處耘,正元
李處道,深之
李處遯,嘉仲
李虚己,公受
李虛中,常容
李虛己,公受
李虛舟,公濟
李虞仲,見之
李虯榮,君實,梅村
李蛟禎,李蛟貞
李蟠,子根,滄浪客,雪坪
李蟠根,又龍,子仙
李蟲娘(李隆基女),壽安公主
李蟾,冠山
李蠙,懿川,李虬
李行,一可道人,周道,文節,白巖居士,騎牛子
李行簡,易從
李行進,士謙,止菴
李行遇,士會
李行遠,士致,孝貞,西華
李衍,尚文
李衎,衎父
李衛,子文
李衡,李鼐
李衢,亨甫
李衢亨,李村,荷之
李表,玄景
李衷純,元白,天虞,廣霞,激楚齋
李袗,匏山,子晦,孤山
李袤,延之,果菴
李裀,澹園,龍袞
李裔,修之
李裕,汝弼
李裕中,容正
李裕堂,葆初
李裕民,德裕,貞敏
李裕澤,叔謙,問樵,立甫
李裘,紹冶
李補,善叔,喜雨亭,靖孝
李裹兒（安樂公主）,安樂公主,悖逆庶人
李褒,濟美
李褘,李禕
李襄,春帆
李見璧,元瑩
李規,子震
李覮,士瑩,泥丸
李覯,泰伯,盱江先生
李覲曾,泰岩,竹逸
李覺,天民
李覺民,天覺,第百九,聖任
李覿,子範
李觀,延實
李觀光,崧陽
李觀命,子賓,屛山,文靖
李觀徵,國賓,芹翁,芹谷,貞簡
李觀我,素徵
李角,定國
李言恭,惟寅,臨淮侯,靑蓮居士
李訓,仲言,子垂,子訓
李訓釗,景周,漪亭
李訥,彥明
李訦,臞菴,誠之
李註,才卿
李評,持正
李詞伯,希岳,李詢伯,淸巖
李詡,厚德
李詢,孝詢
李詢伯,希岳
李詥,從訓
李詩,吟秋
李詩俊,新庾
李詮,登三,軒轅生
李詳,審言,齳叟
李詵,先之
李詹,中叔,文安,雙梅堂
李誌,旭山
李誕,大方
李誠,子高
李誠中,公著,坡谷,忠簡
李誠之,茂欽
李誠彥,君美
李誠胤,互棄,忠貞,景實,梅牕,梅窗,錦山君
李誡,明仲
李誥,君彰
李誦,至德大聖大安孝皇帝,順宗
李誦（唐順宗）,至德大聖大安孝皇帝,順宗
李誼,宜之
李調元,卍齋,墨莊,看雲樓,秔塘,童山,童山老人,童山蠢翁,羹堂,臥雪山人,萬卷樓,蔗尾,蠢翁,贊庵,贊菴,醒園,鐵員外,雨村,雨邨,鶴洲
李諒,友信
李諒祚,昭英皇帝,毅宗
李諤,尚默
李諧韺,備六
李諭,義翁
李諮,仲詢,憲成
李諴,迂齋
李諿,和叔,恭肅
李謙,益之
李謙之,伯祿
李謙亨,忠肅
李謙思,明通
李謙溥,德明
李謙順,郭奴
李謨,顯卿
李謹,南津,常甫
李謹修,則陽
李謹思,明道,養吾
李謹言,希右,李慎言
李譓,智甫
李譚,同言
李譧,篤水
李譪士,吉門
李護,令休
李譽,循道
李讓,富陽侯,恭敏,景國公
李讚,公美
李象,孟則
李象元,伯猷
李象坤,匊庵,寧侯
李象寅,虹若
李象昺,曉邨
李象池,黃圃
李象辰,星若
李象鵠,侖圃
李象鵾,棣懷堂,雙圃,雲皋
李豫,元奮
李豫亨,中條,元薦
李豫（唐代宗）,代宗,寶應元聖文武孝皇帝,李俶,李大收,睿文孝武皇帝
李豸,子仁
李貞,李禎
李貞佐,忠烈,無欲
李貞儷,淡如
李貞元,淳甫
李貞媛,椒雲
李貞孋,澹如
李貞幹,固夫,孝靖
李貞恩,嵐谷,月湖,正中,秀泉副正,雪窓
李貞敏,子正,玉溪
李貞木,承樸,訥庵
李貞白,朱貞白
李貞順,巽卿
李貢,龍潭
李貫,明實
李貫道,師曾
李貴,忠定,玉汝,默齋
李貴和,子中,節齋
李貴昌,用光
李貴齡,修之,康胡,桂隱
李貺,君右,書城
李貽德,夢春廬,天彜,天彞,攬青閣,杏村,杏邨,次白,淨緣居士
李貽良,枚卿,繼朋
李賀,李昌谷,長吉
李賀礽,俊求,卿雲
李賓,汝和
李賓山,梅村
李賓王,西坪
李賡芸,書田,生甫,生軒,稻香吟館,稻香樓,華陔草堂,許齋,鄦齋
李賡颺,憲皋,掄秀,潤平
李賢,明允,李德,章懷太子
李賢孫,世昌
李賢書,蘋野,鳴鹿
李賢翼,勵齋
李賢輔,孝節,棐仲,聾巖,雪鬢翁
李賢錫,西岡,鳳卿
李賦秀,汝毓,雲岩
李質,文素,永慕堂
李質穎,李質潁
李質素,丹麓
李贄,子執
李贊,尚忠
李贊元,公弼,望石,李立
李赤虹,夢蕉,玉文
李起元,惺原,瞻予
李起宗,弘道
李起庸,子其
李起浡,沛然,西歸
李起渭,肖望
李起築,希說,襄毅
李起龍,霖菴
李超,元超
李超孫,奉墀,引樹,拙守齋
李超瓊,惕夫,紫璈
李超羣,一峯
李路,遵道
李踵,牛山君,貞愍
李蹊,成之
李躍龍,抱一,禹門
李躔,文懿,昭度,李回
李軒,朗臣
李軫,德載
李軸,子任,安襄,沙村
李輅,弘載,東津
李載,從善
李載亨,嘉會,文簡,松巖,章簡
李載恒,君望
李載文,潞帆,鶴丹,默旃
李載熙,采卿
李載贄,進可
李載陽,子春
李輔,子卿
李輔光,君肅
李輔國,李靜忠
李輔耀,定叟,幼梅
李輝,永燦
李輝祖,元美,蒲陽
李輝遠,悅川
李轂,德用
李轅,南岡,敬若
李轍,遵道
李辭,昌道
李辰,奎南
李辰垣,紫亭
李辰庚,子西,李長庚
李辿,季珍
李迂,明遠
李迎,彥將,濟溪
李迎春,錦堂
李近陽,淑東
李迥,韓王
李迥秀,茂之,茂實
李迪,循道
李迪光,覲文
李述,繼之
李述之,季善
李适,白圭
李适（唐德宗）,德宗,神武孝文皇帝
李逈,叔友
李通,天衢
李通儒,道一
李造,原深
李逢,約齋,邦吉
李逢吉,李二十,虛舟
李逢慶,冲真
李逢春,肖亭
李逢時,化甫
李逢登,敬齋
李逢辰,允中,允廷,惺余,馥堂
李逢陽,惟明,維明
李進,廷用
李進修,及時,彭老,第馮大
李進榮,德昌
李進祿,南村,子榮,廉舫
李進道,明叔
李逸老,晦叟,松圃
李逸英,晦白
李遂,良伯
李遂夫,良夫
李遇,洞齋,用之
李遇元,應乾,應謙
李遇孫,上元甲子百歲翁,嬾道人,慶伯,慶百,芝省齋,金瀾
李遇春,汝仁,菊隱
李遇知,仲之,篢谷
李遇鳳,叔儀,叔義
李遇龍,叔興
李過,季辨,西谿
李遐齡,芳健,菊水,香海
李道,忠毅,行之
李道傳,仲貫,文節,貫之
李道光,闇如
李道南,景山,晴山
李道古,李大
李道周,依蒙
李道坦,坦之
李道平,蒲眠,遠山,遵王
李道悠,子遠
李道慶,伯喜,六有堂
李道清,味蘭
李道生,務滋,吟香館,德門,晴川
李道純,元素,淸菴,瑩蟾子
李道素,無雙
李道融,景洛,檢齋
李道謙,雲叟
李道長,泰始,洛村
李達,東里,益之,蓀谷,西潭
李達善,兼之
李達尊,天覺,雲窩
李達衷,文靖,止中,霽亭
李遜,時敏
李遜之,膚公
李遜學,希賢,悔齋
李遠,致遠
李適,子至,東山子
李適之,李昌,飲中八仙
李遴,振之
李遴春,懷瑾
李遵勗,公武,和文,李勗,許國公
李遵憲,彥彰
李遵義,子宜,芷沂
李遵頊,神宗,英文皇帝
李遷,子升,子安,恭介,盤峯,蟠峯,蟠峰
李遷哲,孝彥
李遷梧,茂陽
李選,小白山人,擇之,正簡,芝湖
李邁,志遠
李邈,彥思,忠壯
李邊,貞靖
李邕,太和,李北海,泰和
李邦佐,文岡,治卿
李邦光,明甫
李邦寧,保寧,叔固
李邦彥,子美
李邦彦,南岡,美伯
李邦慶,懷西
李邦楨,士周
李邦燮,虎觀,贊廷
李邦獻,士擧,士舉
李邦珍,子玉
李邦瑞,昌國
李邦直,淸卿,義谷
李邦維,立齋
李邦義,喩齋,宜之
李邦聚,仁叔
李邦華,孟闇,忠文,忠文公,忠肅,懋明,文忠,籀明,茂明
李邦魁,士元
李邦黻,梯雲
李邴,忠肅,文敏,漢老,雲龕
李郁,宗文
李郁文,蔚雲
李郁然,德林,晴圃
李郁生,文盛
李郁芬,煥文,馥庭
李郁華,果仙
李郃,子玄
李郇,子宣
李郡,士牧
李郢,楚望
李郭,大防
李鄴,永亭
李鄴嗣,杲堂
李醇修,靜之
李釆菲,君釆,君采,李采菲,臨江
李釋,元楷
李釋之,南谷
李重,元任
李重協,和仲
李重慶,叔喜
李重潤,懿德太子
李重發,培軒,宏盛,春圃
李重老,忠壯,鎭之
李重茂,北海王,殤皇帝
李重華,實君
李金,宣之
李金臺,子駿
李金銓,崇珊
李金鏞,秋亭
李釗,小山
李釜,元量
李釴,虛谷
李鈛,虛谷
李鈞,許國
李鈞策,仰衡,惺原
李鈞簡,小松,秉和
李鈺,其章
李鉅,李淮
李鉉,伯鼎
李鉞,康簡,恭簡,毅齋,虔甫,處甫
李銓,彥庸
李銘,自新
李銘常,紀功
李銘漢,雲章
李銘皖,薇生
李銘紳,佩華
李銘經,子畬
李銘霍,宮山,步於
李銳,抑之
李鋕,一百六十三,廷新
李鋥,河原君
李鋼,敬齋,至剛
李錄,貢卿
李錄予,山公
李錙,龜殼軒
李錞,希聲
李錦,絅文
李錦業,心一,菊田
李錦江,東瀛
李錦章,曉霞
李錫,天爵
李錫命,眉三
李錫彬,又蓮,少林
李錫恩,晉蕃
李錫恭,協襄,蘅塘
李錫書,洪九,見庵
李錫桂,月樵
李錫澤,潤生
李錫珍,聘三
李錫瓚,李錫智,秬香
李錫祐,菊凌
李錫祚,菊坡,菊裳
李錫祜,錫名
李錫秦,瞻仲,研農,硯農
李錫蕃,晉夫,靖夫
李錫逵,青侶
李錫麟,後臣
李錫齡,夢九,若疇
李鍇,幽求子,廌青山人,後髥生,樵明子,焦明子,眉山,睂山,蝶巢,豸青,豸青仙人,鐵君
李鍔,蓮峰,蘭亭
李鍵,六十五,廷守
李鍾,古愚,虞章
李鍾倫,世得
李鍾僑,世份,世邠
李鍾問,淑園
李鍾學,仲文,麟齋
李鍾岳,正卿
李鍾峩,西原,西源
李鍾德,三堂
李鍾旺,世昌,世蕡,艮湖
李鍾泗,濱石
李鍾泰,春塢,蓄之
李鍾潢,子喬,渚橋
李鍾瀚,瀛門
李鍾繡,召南
李鍾萼,棣村,棣林
李鍾鈺,平書,瑟齋
李鎔,古陶,吉陶
李鎔經,子畬
李鎧,公凱,公愷,恪素堂,惺庵,惺菴,艮庵,艮齋
李鎬,子京
李鎭衡,南谷,平仲,忠簡
李鎮,存耕
李鎮安,圭卿,芝山
李鎰,壯襄,重卿
李鏊,時濟
李鏋,余谷
李鏐,季相
李鏗,叔立
李鏞,序東,笙友
李鏞金,雒九
李鏡,四十五,文明
李鏶,莊肅
李鐩,圓丘
李鐵林,子錚,鍔華
李鐸,善鳴,定肅,藥峰
李鑌,松亭,異九
李鑑,正明
李鑒,在懸,涵白
李鑫,崇珊
李鑰,元啓,元啟,景晦,第百三,縣道,顯道
李鑾宣,伯宣,石農,鳳書
李長,元龜
李長坤,寓灣,希剛,琴軒,琴齋,貞度,鶴皐
李長庚,夢白,西卿,酉卿
李長昂,維章
李長春,卉圃
李長根,仙蟠,蟠莊
李長森,學濂,木三,蔭原
李長榮,壽卿,竹谷
李長樂,勤勇,漢春
李長清,李長倩
李長盛,宗裕
李長祚,延初,延明,延溪
李長祥,子發,石井道人,研齋
李長科,小有,根大
李長胤,雲孫
李長英,子千
李長蕃,宣伯,屏南
李長霞,德霄,錡齋
李長齢,芝圃
李開,孫老,昌後,春卿,第四七
李開先,中麓,伯華,石麓
李開國,節愍
李開早,友鹿
李開春,真吾
李開楚,彦彬
李開美,秋實
李開芳,伯東,啟東,還素
李開葉,奕夫,磁林
李開藻,啟鑑
李開鄴,處厚
李閌,伯皋
李閎,李閤
李閎祖,守約,綱齊,綱齋
李閑,德門,檢若,靜山
李闖伯,文謙
李關,北源,子羽
李阜,子陵,杏園
李防,幼安
李陌,井夫
李陔華,紫笙
李陞,汝登,玉田耕隱
李陟,元升,元昇
李陳常,時夏,晴峰
李陶,唐父
李陶世,驂螭
李陸,放翁,靑坡
李陽元,伯春,文憲,鷺渚
李陽冰,少溫
李陽孫,袓德
李陽春,時化
李陽昭,太宗,汝建,琴隱
李陽生,襄平
李隆,世昌
李隆基（唐玄宗）,三郎,唐明皇,明皇,玄宗,至道大聖大明孝皇帝
李隆範,李範
李隆萼,劭青,棣春
李階,皆平
李階平,友松,春圃
李際元,通甫
李際可,公遇
李際寅,賓甫
李際春,和元
李際期,僖平,元獻,庚生,應五
李際運,楚玙,淸臣
李際雲,雨亭
李隨,寬谷,擇之,文靖,深隱
李隱,巖士
李隲,天升
李雄,文偉
李集,浩然,遁村
李雍,欽讓
李雍熙,淦秋,翠岩
李難,同業
李雨生,雲和
李雯,舒章,蓼齋
李雲,衡嶽
李雲慶,作霖,霖卿
李雲棟,扶青
李雲路,莊敬
李雲鴻,東石
李雲鵠,黃羽
李雲麟,同安,雨蒼
李雲龍,景見,東溪
李雷應,子應,雲亨,震亨
李霆,仲燮,石陽君
李震,伯胤
李震休,伯起,省菴,省齋
李震吉,子脩
李震成,霖九
李震殷,正叔,瓠峰
李震生,一男,慎庵,慎菴
李震華,泣陪,郁哉
李霓,孝成皇帝,德祖
李霔,李霑
李霖,仲望
李霖雨,默齋
李霞,雲生
李霞光,霞光
李霦,玉臣
李霨,坦園,據梧居士,文勤,景矞,景霱,景靄,李蔚,臺書
李青桐,菶齋,藝齋
李青標,芳圃,芳筒
李青美,士彥,士彦
李青選,荔亭,銅士
李靖,景武,李藥師,李衛公
李靖國,可亭
李靚,彥和
李靜,玉霞
李靜娵,蔽仙
李靜芳,又淑,紉蘭
李靜莊,靜莊
李靜華,凝香
李革,行之
李鞉,彥淵
李韌,翼孝
李韶,元伯
李韶玉,篠雲
李頂,柱仁
李順孫,繼先
李順昌,燮五
李頊,柔香,繡雲,靈玉
李頌,西音
李頎,粹老
李頤,及泉,惟禎,惟貞
李頤命,忠文,智仁,疎齋,養叔
李頤根,可久,華巖
李頻,德新
李顆,顆之
李顒,李禺
李顒年,世舉
李願可,心齋
李顥,松腹
李顯,中宗,大和大聖大昭孝皇帝
李顯光,惕潛,惜觚
李顯忠,君錫,忠安,忠襄,忠襄(忠安),李世輔
李顯益,仲謙,正菴
李顯祖,坦之
李顯祿,永甫
李顯章,誠甫
李顯臣,獻廷
李顯英,忠貞,蒼谷,重卿,雙山
李顯（唐中宗）,中宗,大和大聖大昭孝皇帝,李三,李哲
李颙,中孚
李飛,定臣,李天授,李戡
李飛英,山漁,雲韶,鼎赤
李養中,公浩
李養正,玄白,若蒙
李養立,立之
李養質,從樸,涵醇
李餘慶,昌宗
李饒,萬德
李香,汝蘭,澗山
李馥,汝嘉
李馥蒸,雲伯
李馨,徳芬,德芬
李馨秀,四吾堂,薰卿
李馨郁,德懋,蘭皐
李馴,習之
李駉,子野,晞范子
李駿,冀超
李騏,李馬
李騤,致遠
李騰,惟振
李騰芳,四履,子實,文莊,湘洲
李騰蛟,辛峰,鼎北,龍友
李驎,虯峰,西駿
李驥,尚德
李驥元,鳧塘
李驥千,伯顧
李體,仲全
李高,自早
李高驥,華五
李高魁,壽齋
李魁,士元
李魁春,元英,竹隱,筠叟
李魁芳,元夫
李魯,松巖,汝唯,貞義
李鯨,騰海
李鱓,宗揚,復堂
李鳳,景儀
李鳳來,德儀
李鳳嗚,桐軒
李鳳娘,壽仁,慈懿
李鳳徵,隱峰,鳴瑞
李鳳書,純嘏
李鳳毛,于翔
李鳳祥,儀叔,忠愍
李鳳章,桂山,稚荃
李鳳翥,瑞徵
李鳳舞,魯堂
李鳳苞,丹厓,丹崖,丹巖,海客
李鳳起,曉亭
李鳳雛,紫翔
李鳳鳴,九苞,邦瑞
李鳴九,鶴亭
李鳴周,惺齋
李鳴復,復山,成叔
李鳴謙,得卿
李鳴鳳,時陽
李鴻,漸卿
李鴻儀,子豪
李鴻卓,元圃,山立,森立
李鴻烈,駿卿
李鴻瑞,硯雲,道昇
李鴻疇,受彭,小嵐
李鴻章,儀叟,儀齋,半仙居,子黼,小滄浪亭,少泉,少荃,文忠,李章銅,漸甫,許鴻章
李鴻藻,季雲,寄雲,文正,石孫,硯齋,蘭孫,蘭生,蘭蓀
李鴻裔,眉生,蘇鄰,香嚴
李鴻賓,象三,還耕居,陸平,鹿苹,鹿蘋
李鴻逵,小川,達九
李鴻雷,仲默,錦秋
李鴻霔,厚餘,季霖
李鵠,回上
李鵬,萬里
李鵬壽,仲恒
李鵬程,扶九
李鵬翀,仲達,忠悼,次見
李鵬翰,梅村,梅林
李鵬飛,九華澄心老人
李鵬鳴,約菴
李鶚,凌秋
李鶴亭,仙九,竹樓
李鶴年,子和,雪岑,雪樵
李鶴章,仙儕,仙槎,半仙居,季荃,浮槎山人
李鶴雲,和笙
李鶴鳴,九臯,二十四
李鶴齡,恆驥,臞仙,臞卿
李鸞,鳴國
李鸿章,李少荃,少荃,渐甫,李中堂,李合肥,仪叟
李麗質,長樂公主
李麟,次公
李麟吉,小敘
李麟圖,蓉生
李麟奇,仁瑞,松溪
李麟章,日功,灑雲
李黑廝,廷瑞
李默,簡菴
李黻,元明,默堂
李黼,子威,忠文
李黼平,子黼,李十五書生,繡子,花庵,著光庵,貞子,貞甫
李黿,再思堂,浪翁
李鼎,長卿
李鼎元,墨莊
李鼎玉,水樵
李鼐,雪堂
李鼒,纕蘭
李齊,公平
李齊杜,孝憲,忠潭,漢卿
李齊物,怡齋
李齊賢,仲思,文忠,櫟翁,益齋
李齊運,仲達
李齊閔,景誾,西澗
李齎,聖符,與孟
李齡壽,君錫,抱齋,辛垞
李龍?,李龍翰,龍翰守義奉國履常懷德
李龍官,渭英
李龍登,子莊
李龏,仲甫,和父,雪林
李龜,四美亭,子長
李龜年,嗣曹王
李龜朋,才翁,靜齋
李龠通,菊泉
李𡐔,素翁,野叟
李𢢝,完原君,得之,昭悼
李𣞗,就規,霞谷
李𤥽,漢南君,群玉,貞悼
李𥙆,子章,忠貞,月灘,灘翁
杏俏,杏倩
杜㠐,宗哲,宗岳,杜嶠
杜䎗,杜翻,筠巢,雲巢
杜䎙,桐巢,鶴雲
杜且,挺之
杜世學,孟傳
杜世捷,武功
杜世昌,忠肅,舜卿
杜世英,瓊友,蓮亭
杜世農,湘民
杜世銘,心田,心齋,酉山
杜丙傑,廌卿,菊生
杜中士,杜彥士,蕉林
杜之高,杜之亮
杜予和,竹溪
杜亞泉,秋帆
杜亨,時泰
杜仁,仲良
杜仁傑,東洲
杜令姿,德耀
杜仲陽,杜秋娘
杜伏威,李伏威
杜伯,貞簡先生
杜伯僖,安常
杜伯元,亨甫
杜伸,汝直
杜佑,君卿,安簡,杜十
杜作航,彩文,葦如
杜來錫,蓉珊
杜俁,碩甫,野翁
杜俊彥,筠圃
杜俞,元穆,海嶽軒,采菽堂,雲秋,黃陵散人
杜信,立言
杜傑魁,卓峰
杜儉,景裕
杜儒,席珍
杜儲,公運
杜允中,信甫
杜允繼,念齊,惟序
杜元,一元
杜元勣,鼎臣
杜元志,道寧
杜元穎,元穎,杜十四
杜充,公美
杜兆熊,啟鳴
杜兆豐,南邨
杜光庭,廣成先生,東瀛子,登瀛子,華頂羽人,賓聖,賓至
杜光德,晉齋,虹山
杜光瀛,理齋
杜克温,知新
杜其俊,又賓
杜其萌,于先
杜其驕,汝大
杜兼,處弘
杜冀龍,士良
杜剛久,夢僧,明孫,昭孫,景仁
杜化中,民孚
杜南棠,召亭
杜博囗,候仁
杜去輕,端父
杜友李,運清,遠清
杜友白,湨陽,蓮青
杜友蘭,化卿
杜友開,陽父
杜叔元,君懿
杜受全,仲容,芳坪
杜受田,文正,芝農,錫之
杜各榮,世瑋
杜君澤,小癡
杜和,彥謙
杜和春,體健
杜唐卿,興宗
杜啟,子開
杜喬羽,雲巢
杜嚴,友梅,毅齋
杜四郎,杜荀鴨
杜國柱,石安
杜國英,東山
杜圯,受言
杜培,心田
杜堇,古狂,懼男,檉居,檉居古狂,燿南,陸堇,青霞亭,青霞亭長
杜堮,十研齋,文端,次厓,次崖,石樵,石畫齋,遂初草廬
杜墨林,翰坪,西園
杜士元,元甫
杜士希,杜晞
杜壽朋,鶴儕,黼庭
杜夔,舜臣
杜夢冠,叔範,第一
杜大成,三山狂生,允修
杜大林,清園,青園
杜天樞,惺園,星垣
杜威戎,定遠
杜嬰,大和,大醇
杜子和,竹溪
杜子麟,本厚
杜孚,若虛
杜孝嚴,忠可
杜學,時敏
杜學恆,子久
杜學林,西園
杜學禮,召棠
杜學謙,勝庵
杜宇昕,嶁山,曉初
杜安,元安
杜安世,壽域,杜郎中
杜安詩,容鏡
杜完,子脩
杜宏,淵之
杜宏瑒,杜應金
杜宗文,熊兒
杜宗曜,尊季,蕁季
杜宗武,驥子
杜宗象,仲祖
杜宜,公宇
杜宥,叔寛,叔寬
杜家龍,兩田
杜實,伯潤
杜寧,宗謐
杜審瓊,恭僖
杜審肇,溫肅
杜審言,必簡,杜五
杜審進,恭惠
杜小英,湘娥
杜居實,處厚
杜居敬,簡卿
杜岕,些山,蒼略
杜岳,堯臣
杜崧年,友坡
杜崯,杜崟,藏用
杜嶠,仲山
杜希仲,德稱
杜希鵬,化甫
杜師孟,企顏
杜常,正甫
杜并,惟兼
杜幼節,季堅
杜庠,公序
杜庭珠,怡谷
杜庭璞,茗州
杜庶,康侯
杜廕,舜延
杜廣心,德充
杜延茂,忠恪
杜廷仕,魯南
杜建徽,威烈,延光,虎子
杜彥卿,六人
杜彥士,亮詢,蕉林
杜彬,國賓,思成
杜彰,德明
杜從古,唐稽
杜從訓,義方
杜循,伯理
杜德咸,石坡
杜德遠,弘道
杜忠,世臣
杜忠良,子直
杜忱,思誠
杜念典,春嚴,春巖
杜思,子睿
杜思忠,信甫
杜思恭,敬叔
杜思敬,亨甫,寶善老人,敬夫,文定,醉經
杜思明,彥昭
杜思望,友山
杜悰,永裕
杜惟則,定國
杜惟序,舜功
杜惟熙,子光,見山
杜慶元,星伯,雲藩
杜應之,同孟,夢祖,定文,定父,第七二
杜應酉,開先
杜懋,大勉
杜才,思訓
杜抑之,伯陽,帶溪
杜拯,二百四,子民,道濟
杜搢,二百五十八,端叔
杜敏,思賢
杜敏求,拙翁,趣翁
杜敬,夷門老人,行簡
杜整,皇育
杜斅,拙菴老人,致道
杜文寧,謐軒
杜文岡,君山
杜文瀾,小舫,憩園
杜文炳,虎臣
杜文甫,南峯山民,南峰山民,宜之
杜文衡,公銓
杜文裕,希大
杜斷,友房
杜方叔,方叔
杜斿,叔高
杜旃,仲高,癖齋
杜旝,幼高
杜旞,季高
杜旟,伯高
杜日章,錦吾
杜旻,德仁
杜昆吾,景山
杜昌丁,松風
杜昌期,信臣
杜明,文昭
杜昱,宜中
杜時芳,子實
杜時髦,觀生
杜景佺,杜景儉
杜景清,磻溪
杜曾,孝先
杜有晉,杜友晉
杜朝聘,莘夫
杜本,淸碧
杜本崇,喬生,子洵,翹生
杜本祟,喬生,翹生
杜李,希古
杜杞,偉長
杜東,晦之,月渚
杜杲,啓明
杜松,來靑,武壯,鶴林
杜松喬,壽昌
杜某,榮福
杜柟,子彥,子才,硏岡
杜桂,玄冲
杜桐,來儀
杜桓,宗表
杜棟,孔材
杜棠,善政
杜椿,大年
杜楷,公式
杜榮昌,明甫
杜槐,實珊,寶珊,賓珊
杜樓,景輝
杜樾,林庵,榮木
杜欽,敬惠
杜欽卨,寬伯
杜欽德,子敬
杜正民,民則
杜氏,承茂
杜氏(孫虯妻),令儀
杜氏(趙弘殷妻),昭憲
杜民表,望之
杜永勝,嵩山
杜永棠,召道
杜汝楨,杜汝真
杜汝益,希進
杜汝禎,公寧,翼所
杜汝能,北山,叔謙
杜汝霖,仁翁
杜沂,道源
杜沛,樸庵,豐其
杜泮,希登
杜泮林,蔭亭
杜涣,濟叔
杜淦,鄉雪
杜淹,執禮
杜渙,濟叔
杜渭,若村
杜游,南園,善輝,洛川
杜源,永靖
杜準,杜淮
杜滸,貴卿
杜漪蘭,中素
杜漸,子長
杜漺,修來園,子濂,湄村,湄湖
杜潛,孔昭
杜澐,杜橒
杜澤,子潤
杜濟,應物
杜濬,亮之
杜濬之,若川
杜濱,同民堂,文瀾,澹廬,砥峰
杜灝,拙初,茂村,載良
杜炤,自明
杜炳珩,坊皆,楚白,錫齡
杜煜,南湖,良仲
杜煥章,成軒,畬經老人
杜煦,尺莊,春暉,棣君
杜熙傑,漢三,韓三
杜熙陽,光寰,曜均
杜爗,南湖先生,杜曄,良仲
杜牧,杜十三,牧之
杜玉林,凝臺,曲江
杜玗,美父
杜玧,仲純
杜理,敬庵,炳文
杜琢章,寶田,嶧齋
杜瑄,懷玉
杜瑛,文獻,文玉
杜瑞聯,星垣,棣雲,聚五,鶴田
杜瑞麟,小農,玉田,石笙
杜瑩,德溫
杜瑽,佩玉,杜縱,浣雲
杜璁,玉仲
杜環,叔循,子循,德環
杜璲,汝鳴
杜璿,子重
杜瓊,東原先生,用嘉,鹿冠老人
杜生,杜五郎
杜甡,拙齋,易原,道甫
杜甫,杜子美,子美,少陵野老,杜工部,杜拾遗,诗圣,杜少陵,杜二,杜拾遺,杜陵布衣,老杜,詩聖
杜田之,心農,甸南
杜甲,晚晴,補堂
杜登春,九高,薑翁,讓水
杜皇輔,碩公
杜盈盈,如水
杜盛,子實
杜知仁,仁仲,方山
杜知耕,伯瞿,端甫
杜祖銘,侃紳
杜禎,文昌
杜禮,玉節
杜秀,侯英
杜秉和,燮均
杜秉彛,性之
杜秉忠,心一,致齋
杜秉鈞,德維
杜稜,騰雲
杜穎,君美
杜立德,純一
杜範,成之,成己,立齋
杜篤祜,振門
杜純,孝錫
杜紘,君章
杜紹,述之
杜紹唐,培菴
杜紹祁,奉政,少京,退翁
杜維城,晴巖
杜縝,伯玉
杜縻,惟公
杜繼凱,左待
杜繼召,孫夫
杜美,郎仁
杜羣五,壽山
杜羲,仲虙
杜翃,仙瀛
杜翊,仙瀛
杜翰,季園,寄園,繼園,鴻舉
杜耒,子野,小山
杜聯,蓮衢
杜聿臻,有山
杜育德,國華
杜臻,徐臻,慕徐,文星閣,經緯堂,肇余,肇餘,遇徐
杜與可,希聖
杜良臣,子卿
杜芳,實夫
杜芳漱,若香
杜芳英,菊隱
杜若,耀眉,默溪,默蹊,點蹊
杜若椿,盧溪,蘆溪
杜英,若洲
杜英發,俊卿
杜荀鶴,九華山人,彥之,杜十五
杜莊,敞軒
杜莘老,起來,起莘
杜華,歛甫
杜華先,孝卿,胤臺
杜葆光,仲儒
杜蓋,子仁,杜益
杜蕙,維馨
杜蕭,彥表
杜蘭,伯芳
杜處愿,榮季
杜行方,友直
杜衍,世昌,正獻
杜裕,子問
杜褒,伯稱
杜襲,德輝,憲輝
杜觀,公儼
杜觀德,輔長,霍麓
杜詔,紫綸,雲川
杜詔春,藕香
杜詩,與言
杜詮,杜銓,詮夫(謹夫)
杜詵,叔溫
杜詹,紫垣,青圃
杜誼,漢臣
杜謐,慎微
杜謙,子益
杜谹,希聲
杜豐,唐臣
杜貞,唐卿
杜貴墀,仲丹,吉階,鈍安
杜質,文美
杜起,齊賢
杜越,君異,文定先生,紫峰
杜蹤,佩玉,浣雲
杜輅,從殷
杜輔良,弼老,敷老
杜輝,輝卿
杜輿,子師
杜述孔,明軒
杜連標,斗南
杜道堅,南谷子,處逸
杜醇,石臺
杜采瀛,翰卿
杜采生,瓊章
杜采采,韻芙
杜鈜,聞遠
杜銘,敬修,敬脩
杜錇,晶源
杜錫熊,登瀛,蘭圃
杜錫鬯,春堂
杜錫齡,念祖
杜鍷,十四,邦平,館江
杜鎬,文周,文正
杜鎮,子靜
杜鐸,文振
杜鑑,仲明
杜陟,子遷
杜陶,筠溪,際華
杜雋,季英
杜雲址,湘若
杜雲湘,蘭雪
杜震遠,福生
杜霖,潤生
杜霽遠,長虹
杜韋玉,書山
杜韍,時舉
杜顏,杜頠
杜顗,勝之
杜首昌,湘草
杜首瀛,登長
杜馬兒,文秀
杜馴,克善
杜體元,聲遠
杜鳳梧,尺巢,秋來
杜鳳治,後山,後川
杜鴻,昭遠,貞固先生
杜鴻儒,再牧
杜鴻圖,鶴翔
杜鴻漸,之巽,文憲
杜鵬翔,雲翀
杜鸞,文祥,羽文
杜麗,仙姬
杜麟徵,素浣
杜默,師雄
杜,素君
杞梁,杞殖
束向,元道
束啟宗,顯侯
束宗庚,章孟
束宗芳,德馨
束斌卿,邦憲
束端卿,表臣
束良,嘉慶
束蘅,珮君
杭世駿,分橙花館,堇浦,堇甫,大宗,寄巢,小隱園,智先居士,智光居士,松吹,松吹書堂,桂堂,榕桂堂,槿浦,欣託齋,江聲草堂,秦亭老民,蓳浦,補史亭,道古堂
杭仁,仁甫
杭其玉,溫如,玉輝
杭喻義,海查
杭安福,祿庭
杭徐,劉杭
杭愛,杭艾
杭氏,肅孝
杭淮,復溪,東卿
杭溫如,玉輝
杭澄,定水老人,淸之
杭濟,世卿,澤西
杭祖良,筱軒
杭禮,和卿
杭辛齋,一葦,夷則
杭錦,七襄
杭阿坦奎斌,樂山
杭阿坦阿彥達,朗山
杭雄,世威
杭齊蘇,東侯,東儀
東必曾,孝先
東思忠,進伯
東思恭,進賢
東思誠,進道
東漢,三子,希節,渭川
東郊,希宋
東野,季子,希孟
東野子儀,仲立,達泉
東野子寅,仲賓
東野子禮,仲節
東野德中,惟執
東野德欽,惟敬
東野榮,茂之
東野潛,剛克
東野賁,以光
東阿長春,勤勇,董鄂長春
松壽,嵩壽
松峻,翰生,芸樵,蕓樵
松年,雲棟,雲樵
松廷,叔愷,堯臣,繼雲
松桂,靜泉,香林
松森,吟濤
松椿,峻峰
松福,六皆,謙吉,雪莊
林㙔,平仲,東里,無悶
林㙱,世調,雙松
林㝱協,孔壽,林夢協,第三十二,若山
林㟽,珙中
林㥠,子愼,石村
林㭘,藏英
林一新,躋夫
林一材,以成
林一枝,桂仙
林一柱,元功
林一銘,小巖
林一陽,復夫
林一飛,升卿,升卿(一作陞卿),陞卿
林一鳳,伯羽
林一鳴,聞卿
林一鶚,雲卿
林一龍,景雲,石室先生
林三英,朝叔
林上達,遠夫
林不息,烈愍,蒼永
林世壽,蓮波
林世文,蔚之
林世武,繼亭
林世燾,昭彥,次煌,翊安
林世矩,子儀
林世章,尚闇
林世遠,思紹
林丙修,南樵,霨生
林中彥,粲加,粲如
林中蕙,芳谷
林中麟,儼齋,素書
林乃檉,子璋,巽牧,聖木
林之升,少海,熙臣,芙初
林之夏,復生,涼笙,秋葉
林之奇,三山,三山先生,少穎,拙齋,文昭
林之平,國衡
林之懿,少淵
林之望,尚夫
林之洛,書原,書廪
林之濬,象湖
林之焜,望侯
林之盛,儆菴,貞伯
林之華,伯滋,果存
林之菼,林元菼
林之蒨,梅村,素園
林之蕃,涵齋
林之驥,心壺
林井,才美
林亞文,希仲
林亦之,學可,文介,月漁,網山,網山先生
林亨,貞甫
林亨業,繼榮
林亨秀,士遂,錦湖
林享,炳叔
林亮,滌侯,漢侯,漢臣
林人槐,心芝
林仁伯,敬夫
林仁壽,元齡
林仁實,敏翁
林仁寶,敏翁
林仁澤,德俊,龍門牧翁
林介,子石
林介卿,同甫
林介弼,停雲館,右丞,溉園,解園,遁石山人
林介甫,正叔
林仍,伯淵,因可
林仕鳳,鳴盛
林仙人,金門羽客
林令旭,夝江,晴江,豫中,豫仲
林以寧,亞清,墨莊
林以畏,寅三
林以禮,敬父
林以立,公可
林以辨,子泉,玉井
林仰,少瞻
林仰崧,子珊,筱舟
林仰東,子萊
林仲堪,大任
林仲彪,景騰
林仲損,炳之
林仲樑,仲任
林仲節,景和
林仲翼,子鳳
林仲虎,定窗,景瞻
林仲達,蔣仲達
林仲麟,景中,景仲,景沖
林仲龍,學之
林任真,器之
林企,望之
林休復,仲正
林休徵,景徵
林伯介,剛中,林昂,第七八,與之
林伯俊,伯俊
林伯大,貫夫
林伯成,林伯誠,知萬
林伯桐,月亭,月寒,桐君
林伯生,成之
林伯順,祥道
林伸,伸之
林佩琴,羲桐,雲和
林佳璣,衡者
林佶,吉人,樸學齋,竹聲柏影軒,紫微內史,荔水軒,蘭話堂,警露軒,道山亭長,長林,靜寄軒,鹿原,鹿眠庵,麓原子
林侗,來齋,同人
林俊,大用,待用,見素,貞肅,雲莊
林保,庇民,庇民(芘民),芘民
林信孚,信孚
林修,一凡
林修德,立誠
林偁,子實
林偉,文之
林偕春,孚元,警庸
林健,克順
林傅,叔瑤
林傑,廷賓
林傳,以道
林傳甲,奎雲,歸雲
林儀鳳,顏儀鳳
林儁,西崖
林億齡,大樹,石川
林允中,擴之
林允宗,希曾
林元,阮林
林元卿,廷輔
林元孫,善父
林元彬,文卿,梅軒
林元復,仁初,元老,壯猶,第九十三
林元晉,德父
林元榮,桐甫
林元甫,元甫,普長,秉仁,豫齋
林元立,宗介
林元菼,慕韓,炳如
林元賡,詠平,霽襟
林元龍,元郎
林兆恩,三教先生,子谷子,懋勛,龍江
林兆惠,子方,平亭,瀚海
林兆泰,東峙
林兆熊,渭庵,癯叟
林兆珂,懋忠
林兆璠,玉田
林兆金,懋南
林先味,養大
林光,子輝
林光世,水村,逢聖
林光朝,文節,艾軒,謙之
林光祖,卒亭,存亭
林光祿,子高
林光袓,忱叔
林克,宅之
林克己,仁齊
林克敬,肅齋
林克賢,一中
林公一,道初
林公俊,伯奇
林公奕,養大
林公度,伯厚
林公志,伯誠
林公慶,子仁
林公望,叔山,楊老,税山,第八百,褊子
林公水,養之
林公演,寅文
林公瑞,允玉,元圭
林公遇,寒齋,文隱,養正
林公選,君章
林公黼,忠恪,石峰,質夫
林其年,子壽
林其茂,培根
林冀,希聖
林冑,甲父
林冕,端吾
林冠英,伯實
林冲,子和
林冲之,和叔,林沖之
林初文,林章
林則徐,元撫,少穆,文忠,石麟,竢村老人,竢村退叟,雲左山房
林則方,正夫
林劉舉,漢士
林功懋,以謙,竹溪
林動,林勛
林務滋,元德
林勱,勉夫
林千,能之
林千之,能一
林半千,君遇
林卞,公美
林占梅,雪村,雪邨,鶴山
林卨,子中
林及之,時可
林友,表臣
林友仁,公輔
林友蘭,春仙
林叔豹,德惠,懿文
林叔起,儀甫
林叔震,廷發
林叢,野庵先生
林叢桂,孟芳
林叢槐,應昌
林古度,茂之,那之
林召棠,愛封,芾南
林可大,有之
林可成,志文
林可行,用之
林右,公輔,貞穆
林合,子常
林同,大韶
林同季,幼康
林同生,亦流,淸流
林君椅,共德先生
林君陞,溫僖,聖躋
林周卿,少望
林命,子順,梅墩
林和,十一,恆肅
林問禮,尚本
林啟,迪臣
林啟東,乙垣,羅峰,藜閣
林啟泰,佑垂,約齋
林啟龍,北海
林善,體元
林善同,舜與
林喨高,吉臣
林喬年,松孫
林喬梧,碧巖
林喬相,廷翰
林喬蔭,樾亭,瓶城居士
林嗣復,延叔
林嗣英,繼之
林嘉猷,林昇,林良,穆愍
林嘉謀,仲猷
林圃,伯農
林國材,崇元
林國柱,篤甫,薇卿
林國相,廷賛
林國良,果壯
林國英,俊甫
林國賡,敭伯
林國贊,明仲,鯉祥
林國釗,遠亭
林國鈞,公秉,回年居士
林均翁,彥祥,敏齋
林坌,世集
林坤,誠齋,載卿
林坰,宗魯
林垐,子野,恥齋
林執善,成己
林培光,直勉,紹軒,魯直
林培厚,寶香山館,敏齋,輝山
林培原,敏寶
林培玠,用覲
林培由,有櫱
林堅,仲實
林堉,克茂
林堪,舜卿
林堯俞,兼宇,咨伯,文簡
林堯臣,安民
林堯英,淡亭,澹亭
林堯龍,林元,聲發,霆龍
林報曾,小桐
林塾,從學,石泉,秋旦
林增志,任先,可任,此山道人
林墰,世崇,西麓
林壁,二十,茂東
林士傅,說巖
林士夔,汝咨
林士宗,伯逵
林士弘,仁甫
林士復,子安
林士志,仲嘉
林士愷,仲容
林士桓,汝達
林士榮,汝華
林士炳,汝功
林士琦,亦韓
林士瑛,林士煥
林士瞻,仲飛
林士章,德斐,璧東
林士能,若拙
林士菁,崇進,肖瞻
林士衡,商卿
林壬,韋生
林壽圖,恭三,歐齋,穎叔,英奇,鷗齋,黃鵠山人
林壽熙,少明,少朋
林夔,元佐
林夔孫,子式,子武,蒙谷
林外,豈塵
林夙,子特
林夢協,孔壽,若山
林夢正,古泉,幼范
林夢琦,儆瑕
林夢英,叔虎,子應,山房先生,應之
林夢隆,強齋,德本
林夢鶴,獻禎,鑒蒼
林夢龍,仲舉
林大中,協君,惕庵
林大備,伯順
林大受,叔容,慶崇,源遠,第十
林大定,健齊,健齋
林大年,壽卿
林大敷,紫軒
林大明,林文明
林大春,井丹,邦陽
林大有,端時
林大木,梅溪,棟軒
林大椿,又蒼
林大欽,敬夫,東峯,東莆
林大猷,子道,思軒
林大章,章之
林大經,月川
林大聲,欲仲
林大興,子詩
林大輅,二山,以乘
林大鼐,梅卿
林天書,林詔,靖春
林天木,毓子,荔山
林天洛,鳳臺
林天瑞,子輯
林天申,昭道
林天祥,時若
林天驥,彦著
林天齡,受恆,錫三
林奇材,濟卿
林奇迪,敏教
林奉先,伯崇
林奭,君召
林如楚,碧麓,道翹,道茂
林子充,拙齋
林子冲,通卿,雲岫居士
林子升,升之
林子卿,安國
林子善,常甫,西河
林子威,武宣
林子建,林子安
林子恭,安父
林子文,元章
林子昌,文甫
林子明,東岡,玉華吟客,用晦
林子春,仰之,彥齋
林子正,少蒙
林子沖,詹叔
林子濟,德遇,林逢丁
林子燕,子熙,林子熙,申甫
林子發,藻之
林子立,伯與
林子雲,質夫
林孔仁,孔仁
林孔寬,博山
林孔彰,嘉言
林孔昭,潛夫
林孔暘,繼性
林孔滋,孔滋
林存,以道
林孝淵,全一
林孝澤,世傳
林孝聞,質父
林孝謹,彥信,樸軒
林孝雍,天和
林孟和,汝和
林孟喬,孟喬
林孟治,叔美,叔良
林孟焕,居海
林孟磁,國瑞,國端,第五
林孟辰,仕可,仕明
林孟雲,行之
林孟麟,鳳侶
林季仲,懿成,竹軒,蘆山老人
林季昌,伯諧,善和,文卿,第百十一
林孫枝,汝侃,鳳棲
林學履,安卿
林學曾,省身
林學衡,庚白,浚南
林守信,士孚,成寰
林守謙,愼翁,益之,葛谷
林守道,守一,艾隱
林安,陳安
林安上,民瞻
林安佐,夢遐,蝶蘧,蝶遽,蝶邃
林安國,邦翰
林安宅,君仁,居仁
林安行,彥由
林安道,文父
林宋偉,力叟,橘園居士
林宋卿,小涪,朝彥,林宗卿
林宋輔,左叔
林宋鈞,林宗鈞
林宋顯,孝揚,林宗顯
林宗,惟正
林宗放,問禮
林宗臣,實夫
林宗賢,友蘭
林宗邁,仲遠
林宗黯,朗存
林定學,遜菴
林定老,君則
林宜春,咸有
林宥,子常
林宰,平華
林宷,伯玉
林寅,叔華
林寅賓,爾亮
林密,子茂
林富,守仁,省吾
林富春,景嚴
林寬,彥栗
林少嘉,子嘉
林少從,振之
林尚仁,潤叟,端隱
林尚炅,丙卿
林居實,安之
林履端,其文,椒辰,良玉
林山,士仁
林岊,仲山,仲岊
林岡孫,于高,慎齋
林岳,栢岡,邦鎮
林崢嶸,小岩,謙山
林崿,望山
林嵋,小眉,蕊齋,蘂齋
林嵐,曉岑
林嵩,降神,降臣
林嵩堯,粲英,餐英
林巨正,林巨叱正,林巪正
林巽,巽之,草範
林希,子中,文節,醒老
林希元,十五,次崖,茂貞
林希蔭,宜民,貧樂
林希逸,淵翁,竹溪,肅翁,鬳齋
林希道,薦翁
林師仲,質夫
林師回,希顔
林師皋,右之
林師萃,子野
林師蒧,林師點,竹村,詠道
林師說,箕仲
林師魯,芸谷,魯山
林常,伯英
林常滋,易敏
林幹,國材,木榴子
林庠,志學
林庭㭿,利瞻,小泉,康懿
林庭壆,利節,虛江
林庭彥,廷彦,朝美
林庭揮,汝玉
林庭木昂,利瞻,小泉,康懿,廷木昂
林庭植,槐卿
林庭機,利仁,文僖,肖泉
林廣,公遠
林廣發,三溪,明卿
林延昌,怡園,洽圖
林廷俊,林庭俊
林廷宣,召其
林廷岳,淸泉,詢四
林廷庸,廷庸
林廷憲,德言,瀛洲先生
林廷標,赤城
林廷玉,南澗,煙霞病叟,粹夫
林廷琛,世獻
林廷瑞,端甫
林廷瓛,公器
林廷禧,笵亭
林廷秀,朝美
林廷舉,雲鵬
林廷選,樊廷選,竹田,舜擧,舜舉
林廷陞,彥賓
林廷龍,夏卿,雷發
林建,彥中
林建鼎,玉川
林式之,子敬
林弼,元凱,唐臣
林彖,商卿,萍齋
林彥掞,子清,梅溪
林彥華,城南
林彥達,叔通
林彪,叔武
林彬之,元質,囿山
林彬祖,彥文
林彭年,朝三
林待聘,少伊
林得中,企會,企賢
林得遇,林德遇,若時
林從實,義夫
林從炯,子朗,石笥
林復之,亦顏,幾叟
林德,有本
林德仁,肫伯
林德芳,淸甫
林德載,敬輿
林徽之,天和
林必達,河子,洞秋
林志仁,少眉,心齋
林志清,靜如
林志烜,仲樞
林忠幹,直卿
林忠恕,國仁
林忠清,子諒
林思咨,齊賢
林思哲,仲文
林思承,思承
林思永,申孫,第四十六,致遠
林怡庭,春芳
林性之,一川,帥吾
林恕,道近
林恪,叔恭
林悅,民達
林悌,嘯癡,子順,楓江,白湖,碧山,謙齋
林惟揚,季卿
林惠元,石峯
林惠輔,表臣
林愈蕃,澗松,青山
林愛民,惟政
林愿,積慶公
林慎思,伸蒙子,虔中
林慥,慎之
林慶,養源
林慶業,孤松,忠愍,英白
林慶老,昌儒
林慶貽,福泉
林慶銓,藥叟
林慶鏞,聲卿
林憲,景思,雪巢
林憲卿,公度,存齋,存齋先生
林應亮,少峯,熙載
林應元,漢城
林應嘉,君會,第六十一
林應奎,德暉
林應成,林應承,汝大,矩軒
林應承,林應成,汝大,汝夫,矩軒
林應昂,仲虎
林應昴,仲虎,第十六
林應標,君儀
林應炎,光遠
林應箕,十一,輝南
林應節,時卿
林應翔,應期
林應行,宜之
林應訓,子啟
林應辰,渭起
林應運,恭卿
林應雷,宗復
林應驄,林應聰,汝桓
林應麒,必仁
林懋和,惟介,雙臺
林懋植,君本
林懋舉,直卿
林戀臺,有筠
林戆孫,達叟
林成,世玉
林成味,忠簡
林成季,井伯
林成材,擇之
林所秩,禮圃
林承澤,春涵,麗生
林承芳,文峰,開先
林承訓,西石
林披,茂則
林拱,邦立
林拱辰,巖起
林拾,宗山
林振,子玉,宗玉
林振先,梅南,耀萱
林振東,豫堂
林振棨,戟門,見堯,鈍叟
林挺春,元育,少和
林挺秀,君實
林掾,景良
林揆,一之
林揚光,勝莊,孕熙
林揚祖,岵瞻
林損,公鐸,攻瀆
林攄,彥振,彥進
林放,達本
林敏,正父
林敏修,子來
林敏元,夢協
林敏功,子仁,高隱處士
林敦復,子重
林敬,確成
林敬冕,紹周
林整,恭惠,輔德,雲峰
林敷,十一,從寬
林文,上林先生,恆簡,澹軒,襄敏
林文之,子彬
林文仲,次章
林文俊,文修,文脩,方齋,汝英
林文勉,懋之
林文友,會之
林文壽,仲仁
林文察,剛愍,子明,密卿
林文度,伯符,師歐
林文廸,廷吉
林文德,季修
林文敏,懋之
林文沛,維德
林文潛,景昭
林文澧,有蘭
林文煇,水心
林文璉,得齋,聖與
林文纘,德緒
林文翰,子繩
林文耀,絅齋
林文興,德顯
林文英,德甫
林文華,丹丘,質夫
林文蔚,宗之
林文龍,用雨
林日升,南堂
林日瑞,浴元
林日華,世榮
林旦,士明,子明,林雄,次中
林旭,景初
林昂,嘉超
林昇,子勝
林昉,子揚,子楊
林昊,思欽
林昌彝,茶叟,蕙常,薌溪
林昌琰,珍壁
林明之,濟甫
林明倫,穆堂
林明命,協廷
林易,藏用
林易簡,一之
林映棠,樹南
林春,德元
林春一,德父,瑞父,第百五,詔子
林春仁,靜山
林春溥,立源,鑒堂
林春溶,立翰,蘇門
林春澤,德敷,旗峯
林昭卿,明甫
林昶,亮奇,寒碧
林昺,森甫
林時,介立山人,懋易
林時升,秀美
林時對,殿颺,繭庵,繭菴
林時深,時深
林時潤,德溫
林時珍,樸園,璞園
林時益,朱儀雨滂,朱議雨滂,朱議霶,用霖,确齋,確齋
林時英,才甫
林時蕃,敬立
林時讓,純禮
林時躍,荔堂,遐擧
林時遇,仲剛,時仲,正仰,第四五
林晉奎,念航,裕庵,錫蕃
林晞孟,醇老
林晞顏,幾老
林晟,美中
林普晴,敬紉
林景怡,德和,曉山
林景暘,弘齋,紹熈,紹熙
林景曦,德陽,霽山
林景熙,德暘,德陽,德陽(暘),林景曦,霽山
林景申,及甫
林景英,德芳,隱山
林景達,泰叔
林智,勿齋,若濬
林暉,明之
林暐,公著
林暹,叔明
林暾,伯昇,竹雪
林曉高,吉臣
林曰本,原長
林有之,公似,公佀,公佀(似)
林有仁,心甫,愛山
林有孚,以吉,石崖
林有席,儒珍,平園
林有年,以永,寒谷
林有彬,瓠園,雅成
林有望,思道
林有源,育初
林有麟,仁甫,衷齋
林朝俊,可求
林朝崧,俊堂,無悶,痴仙
林朝聘,君珍
林朝鑰,希平
林本鳳,紫庭
林杆,妙慶,廷植,應奴,第十七
林材,十一,楚石,謹任
林杞,南仲
林杞材,桂山,萬英
林東海,世觀
林松,鶴汀
林松孫,兌光居士,喬年
林枅,子方
林枝春,繼仁,青圃
林枝秀,松石
林枝芳,蕉軒,蘭九
林栗,寬夫,簡肅,黃中
林桂發,德馨
林桷,子長,景安,景寔,景實
林梅,以和
林梓,達材
林梧,柄鳳,棲鳳
林棐,功輔
林棟,國輔,與守,訥庵
林棣,子華
林棨,從信
林森,星橋
林椅,奇卿
林植,叔茂,松坡
林椿,耆之,西河
林楓,芾庭,退村居士
林楚,春齋
林概,元公
林榕,子容
林榮,孟仁
林樞,邦拱
林樸,元質
林樹堂,沛南
林樹寅,曉青,賓曦
林樹梅,實夫,歗雲,瘦雲
林樹聲,與吉,陸樹聲
林樹芳,喜亭
林樹蕃,于宣
林橚,恭之,林肅
林機,景度
林檜,公直,觀海
林次融,仲舉,子孝,第六十,順祖
林次齡,仲喬
林欣榮,向其
林欲廈,從奐,隆南
林欽夫,叔敬
林正,克全
林正大,敬之,隨菴
林正心,省吾
林正紀,協五,耐閑
林正茂,孔時
林正輝,德雲,斗南
林正道,中行
林武,景文
林殆庶,希顏
林殿,世南
林毓麟,澹如,濤如,韻秋
林氏,林女,青夢帳女
林氏女,天后,天妃,媽祖,林默娘,護國庇民妙靈昭應宏仁普濟福佑群生誠感咸孚顯神贊順垂慈篤祐天后
林民悅,益夫
林民正,敬夫
林永箐,廣芳,蘭芳
林求,得益
林汝泱,伯深
林汝浹,伯深
林汝礪,君用
林汝翥,大葳
林汝能,季簡
林汝詔,光璧,君綸
林沂,居魯
林沖,子和
林泉生,文敏,淸源
林泮,成齋,用養
林泰定,淸宇,清宇
林泰旻,慶章,雨屏
林泳,德涵,滄溪
林洙,孔源
林洪,文範,福三
林洪烈,念亭
林浦,東之
林浩,克浩
林涇,淸叔
林涇楫,子載
林淑,喬叔
林淑媛,玉筠
林淮,桐川
林深,叔厚
林淳,太冲
林淳厚,季雅
林淵叔,懿仲
林淵明,德深
林清,以寧,梅隱處士
林清之,直甫
林清卿,吉先,季仁,慶孫
林清標,章亭,韋亭
林清源,用清
林温,伯恭
林湜,正甫,盤隱
林源,仁本
林溶,伯華
林滋,厚象,後象
林滋秀,紉秋,蘭友
林演,景大
林漢,載廣
林漢輔,公佐
林潤,九霖,念堂,若雨
林潭,忠翼,淸曜,淸癯,載叔
林潮,君信,沙溪
林潮孫,伯鳳
林澄源,仲源
林澍蕃,南陔,於宣,香海
林澡,深夫
林澤,堅叔,梅逸
林澧,同叔,林長官
林濟,作舟
林濬淵,用淵
林濬源,厓屏,厓泉
林瀍,洛西,非衣子
林瀚,亨大,亨甫,文安,泉山
林瀛,廣叔
林瀾,觀子
林灝,弘端
林灼三,功仲,心甫
林炊瓊,粢香
林炎,起晦
林炘堂,崇鳳
林炫,貞孚
林炳文,鈺南
林炳然,蒙甫
林炳章,惠亭
林炳麟,純履
林烈,孔承,艾陵
林烋,裕甫
林烴,仲山,貞燿,貞耀
林烶,廷光
林烶章,繼暉
林焞,炳叔
林煇,焕然
林煒,謙之
林煥曦,景熙,熙堂
林熙,井窗子,紹眉
林熙春,志和
林燦章,繼顯
林燫,對山,文恪,貞恆,長子
林特,士奇,士竒
林獬,宣樊,少泉,白水
林獲,誠身
林獻材,廷翰
林玠,介玉
林玭,廷珍
林珙,仲恭
林珪,介卿
林珹,時獻
林琅奉,玉亭
林琥,君玉
林琰,季圭,稚圭
林瑋,中璞
林瑑,景良,玉融
林瑛佩,懸蔾
林瑜,子潤
林瑞琪,統承
林瑱,廷美
林璋,用玉
林璐,玉逵,鹿庵
林璞,伯振
林璟,繼文
林璣,林機
林璧,廷美
林璧卿,樵谷,節隱先生
林璨,珠史,素卿
林環,崇璧
林璹,叔玉,壽玉
林璿,衡玉
林瓊山,昌健
林瓌,景溫
林甄,武伯
林生澤,春膏,雨如
林用中,擇之,敬仲,東屏,草堂
林田,叔疇
林申,伯翰
林畊,耕叟
林略,孔英,浩齋
林番,豈漁
林疇,用錫
林登,即道
林發深,子澤,湛廷
林發藻,次董
林百順,子倉
林百齡,仁順,文忠,昭夷,槐馬
林益,民悅
林益彬,有文,農軒
林盛,大材
林目遠,靜菴
林直,子隅,湘帆
林相祖,榮光
林瞻龍,士攀
林石,介夫,塘奧先生
林碩,懋弘,茂弘
林確,子固
林祀,茂南
林祖中,宗道
林祖望,修伯
林祖泰,約翁
林祖洽,元禮,子禮
林祖述,槐庭,道卿
林祥,李洋
林祥瀧,染柳居士,豈潛
林祥紱,穆堂,軒臣
林祥翥,冷江
林祥鳳,鳴皐
林祫,藏英
林福熙,揚煇,皞農
林福祚,晚翠
林福祥,亮子,桂楣
林秀,元實
林秀發,實甫
林秉文,民師
林秉漢,伯昭,文端,聚五
林秉相,樸園
林秋香,奴兒
林稊,木道,林辰
林積,公濟,功濟
林積仁,元美,充美
林穎,褒然
林穎秀,實之
林穗,子穎,富年,擷雲
林立,少竹,尚中,融麓
林立之,叔恭
林立叔,子善
林章,以成
林童,本初
林端仁,望之,醉禪外史
林端仲,端仲
林端禮,述周
林端起,伯起
林符,朝信
林策,直夫
林簡,綺伯
林籥,繼和
林約,伯埜
林紅卿,竹雲
林紓,六橋補柳翁,春覺齋主人,林秉輝,林群玉,琴南,畏廬,蠡叟,踐卓翁
林純子,仲卿
林紘,紘之
林素君,浣香,瘦秋樓主
林紱,湘帆,達善
林紳,佩之
林紹,文肖
林紹周,敬甫
林紹年,贊虞
林紹用,向卿
林絢,伯素
林絳,彦來
林經,美君
林經德,伯大
林綠,映山
林維屏,榕臺,邦援
林維新,如亭,有養
林維昌,鹿濱
林維暹,孺弢
林維源,冏卿,時甫
林維翰,康侯
林綱,德舉
林綵,彦禮
林綸,繹甫,釋甫
林緒光,廣業,餘齋,鳳溪
林縉,肅齋
林縉光,峩池,蘭文,輔文,黼文
林績,林積
林繕,林絢
林繼?,對江,惟中
林繼夑,理亭
林繼篁,有筠
林繼臯,十八,德謨
林纉振,公說
林纾,林琴南,琴南,畏庐,冷红生,践卓翁
林義,尚質
林義順,發初
林羽,林學蒙,正卿
林翥,叔軒
林翰,卯翼,士豪,應孺,第三
林翰清,壽雲,東湖,衍元
林翹然,端夫
林耀廷,甫丞
林耀東,蓉初,藻生
林耕,耕叟
林聞譽,靜山,體仁
林聯桂,辛山,道子
林聯綬,澹生
林聰,季聦,季聰,恭敏,秀聰,莊敏,見菴
林聳,巖望,第三
林聿,德修,德脩
林肅,恭之
林肇,公權
林育,德溫
林膚,碩儒
林自,疑獨
林自立,卓峯
林至,德久
林至堅,仁齋
林致祥,公履
林興宗,全璧,景復
林興祖,伯禎
林舍,虚白
林舜俞,伯夔
林舜咨,君疇
林舜道,允中
林舯子,應之
林良,以善
林良弼,力善,秋士
林良瑞,林珩
林良銓,睡廬,衡公
林良顯,伯嘉
林芝齡,仙皋
林芝齢,仙皋,傅皋
林芳,韻芳
林芳春,崇蘭,敬廬
林芳蘭,佩香
林若周,吾從
林英,毅節,章叔
林茂,茂叔
林茂勛,汝策
林茂桂,丹臺,德芬
林茂濬,顯之
林茂竹,仲修
林茂輕,淸隱居士
林茂達,孚可,翠庭
林華,原積
林萃芳,六引,衆茹
林萬,晦卿
林萬全,允成
林萬年,倚松
林萬潮,石樓,石門山人,養晦
林萬頃,叔度
林蒙亨,宿西
林蒲封,桓次
林蒼,塵庵,羹梅
林蔚,敬甫,霞岩
林蕃鍾,毓奇,蠡槎
林蕙,孟採
林蕙圃,蕙蘭
林蕙蘭,蕙圃
林薰,仲成,孝簡,枯查翁,自怡堂,葛川
林藩,厚甫
林藴,粹道
林藻,緯乾
林蘊,粹道
林蘭友,翰荃
林蘭秀,獨樂
林虒,伯威
林處厚,淳甫
林虙,大雲翁,德祖
林虚,季野
林虛,季野
林虞仲,虞仲
林行可,可叔
林行知,子大
林衡,汝平
林表,廷儀
林表民,玉溪,逢吉
林袓恭,允翁
林裒,秀實
林補,庭翊,廷翔
林褧雲,懺愆
林覺,大任
林覺民,天外生,意洞
林觀,子光
林觀海,龍津
林觀過,自知,退齋
林角,景長
林訔,德言
林詔,天書
林詢,復言,白菴
林誌,尚默,蔀齋,見一居士
林誕,仲成,仲誠
林誠,井菴,抑菴,貴實
林誼,德元
林調謝,鹿沙
林諧,舜咨
林諫,格非
林謨,丕顯
林議,邦直
林譱鳴,翼孟
林譽,茂安,茂實
林譽詢,誠叔
林谷,聲之
林豈,厚之,無惑
林象德,彛好,潤甫,老村
林豪,卓人,嘉卓,次通
林豫,林預
林貞儒,文源
林貴,良貴
林貴謙,牧仲
林賀峒,訪西
林資,性初
林資修,南強,幼春,老秋
林資深,居安
林賓日,孟養,暘谷
林賜,聞一
林質,質卿
林贊,君俞
林起宗,伯始
林起巖,濟叔
林起潛,東皋,用夫
林起莘,任之
林起龍,竹友
林軏,濟遠
林軒開,文輈,蓼懷
林軾,和伯
林輅,恒載
林輔臣,成材
林輝,德夫
林辨,載中
林辰建,泰父
林近龍,雲從
林迪,允吉
林述慶,頌亭
林述祖,少筠,舜臣
林逋,君復,和靖
林通,達夫
林逢午,亦之
林逢春,茂蕭,茂齋
林逢龍,慶雲
林逸,國安
林遇春,鐵山
林道楠,廷任,廷佐,柱宇
林達泉,海岩,海巖
林遜,敏子,立軒
林適中,敬亭,權先
林遯,復之
林遵善,適可
林遷喬,遷于
林遹,述中
林邁佳,子篤
林邦福,大彥
林邵,才中
林郁,襲休,襲林
林采,伯玉
林釬,實甫,文穆,鶴昭
林釴,克相
林鈞,怡如,陶然
林鉞,宏用,西泉
林銘鼎,林錯鼎
林錞,仲和,元應,夢符,第三十八
林錦,文漪
林錦堂,子家
林錫齡,虹庭
林鍧,大鳴
林鍾,太和,硯山
林鍾岱,子詹,實庵
林鍾岳,韭香
林鎮江,砥山
林鏜,伯大,第七
林鏞,叔大
林鐄,世堅
林鑄禹,安水
林鑑,起塵
林鑒中,保三,傳鑒
林長懋,景時
林長春,蓉山
林長民,宗孟
林長清,長清
林長繁,世殷
林長蒿,中一,盟鷗
林開,道甫
林開仕,誦芬
林開先,大有
林開謩,放庵,益書,詒書,貽書
林閌,林閱,閌道
林闈階,雋升,雲衢
林闓,端甫
林關,伯啓,林闢
林陶,仲謨
林雍,萬容,蒙菴,蒙菴先生
林雪,天素
林雱,德溥
林雲,景内
林雲京,士爵,雙城
林雲同,汝雨,端簡,退齋
林雲東,震來
林雲程,登卿
林雲銘,損齋,西仲
林雲鳳,若撫
林雲龍,仕長,士俊
林雷,惠霖
林雷龍,伯雨,春山,漫翁,青逸處士
林霄,克冲,克翀
林霆,時隱
林震,元東,宙侯
林靁,惠霖,惪霖
林靈素,玄妙先生,通叟
林靜,子山,愚齋
林韞,少君
林韻芳,瓊山女士
林頎,佩環
林頡芳,瓊山女史
林頤叔,正仲
林頤山,晉霞,蒙溪
林顏,仲和
林顒,後子
林風從,仲虎
林飭,僩士
林養高,汝貞
林駉,德頌
林駿元,杏農
林駿聲,伯遹,崇鏡,秋阪
林騰蛟,士才
林高,子羽
林魁,廷元
林鳳,應道
林鳳儀,九岡,汝苞
林鳳治,後山
林鳳輝,林式恭
林鳴善,梅南
林鳴盛,元和
林鳴鶯,柳亭,翼黃
林鴻,子羽,閩中十才子
林鴻年,勿村,勿邨,松風仙館
林鵬,仲擧,歸來堂
林鵬飛,希翰
林鵾翔,半櫻,鐵尊
林鶚,太冲,景一
林鶚翁,朝叔
林鶴年,樸山
林麟焻,石來,紫峯
林黃,中行,以寧,國寶
林黻楨,肖蜦
林鼇,冠蓬
林鼎,渙文,貞獻
林鼐,伯和,元秀
林鼒,叔和,草廬(蘆)先生
林龍光,圃亭,覲亭,觀亭
林龍章,旭臺
林龜從,同卿
果祥,米祥
果齊斯歡,益亭
柏之操,子雍
柏之蕃,栢之蕃
柏元封,子上
柏守貞,一峰,仲梅,東堂
柏帖穆爾,君壽
柏延烏臺,仲紀
柏應理,信未
柏文蔚,烈武
柏春,東旉,老鐵
柏景偉,子俊,忍庵,石樵
柏松齡,鶴亭
柏永馥,栢永馥
柏清額,栢寧
柏盟鷗,映潭
柏肯堂,君房
柏葉,清香
柏葰,松葰,聽濤
柏虔玉,淸務
柏謙,東皋,藹高,蘊皋
柏貴,雨田
柏錦林,雲卿
某㮣,德汪
某世通,世通
某仁,景真
某仁愻,玄基
某令賓,令賓
某信,師言
某儼,思儼
某元,趙買
某元晟,長仁
某光,承光
某嘉慶,嘉慶
某基,政本
某堯,志剛
某士端,公直
某婉,順美
某孝敏,至德
某孝甫,李甫
某孝長,仁宗
某客,文政
某宮,善進
某寂,僧空
某尹甫,公佇
某嶷,開明
某差,令熟
某廷綖,藴亭
某建達,元禮
某弘則,崇道,貞隱子先生
某德,儒宗
某德備,仁周
某志約,志約
某忠,處信
某惲,留生
某愛,季冲
某懷文,思武
某押(某光父),子押
某敬,仁恪
某旦,允義
某昉,子昇
某景(某謩父),宇文,忠莊公
某暉(某秀父),壯公
某朗,志明
某某,耶書
某某之,表民
某某英,仲傑
某模,仲甫
某氏,龍城公主
某氏(劉旦妻),華容夫人
某氏(樂羊子妻),貞義
某氏(白勝妻),貞姫
某氏(耶律李胡妻),和敬皇后
某氏(賀鑄妾),賀方回姬
某氏(邱富妻),石門孝婦
某氏(鮑蘇妻),女宗
某氏（曹鎮女）,尚簡
某汪,光明
某海,三良
某海生,海生
某湘,文煥
某玄,曇仙
某玉,留寶
某珩,福瓚
某瑤,少良
某相,思祖
某碩,大範
某祖,同穎
某祿贊,薩邏
某禕,士華
某禮元,同節
某秀,善才
某純,思誠
某紹業,弘業
某綱,逸民,遵詳
某舉,義高
某英,君佐
某藻,行斌
某表,師子
某裴,慧靜
某詮,文升
某謇,柱叔
某謩,孝忠,安公
某貞,君幹
某賓,士外
某達,叔通
某遠,彥深
某鍾葵,鍾葵
某長先,後巳
某隱,適道子
某隴,淑德
某高,如敬,智亮,茂先,行感
查世佑,學山,念曾
查世倓,恬叔,訒堂
查世官,南廬,懷忠
查世榮,松亭
查世璜,仲牙
查之屏,子珍,岑生,筱浦
查人和,羲侶,藹亭
查人渶,仲湛,青華
查仲道,文夫
查偉,德充
查允元,仁卿,虞臯
查元偁,又山,岑華
查兆允,六征
查光述,子孝
查克丹,克旦
查克弘,可亭,龍耕
查克忠,厚村,言思
查克敏,憲文
查克贊,堯賞,晚香
查冬榮,子珍,蘭舫,辛香
查初揆,伯葵,梅史
查善長,樹初,篴槎,鐵雲
查嗣庭,橫浦,潤木
查嗣珣,東亭,閭英
查嗣瑮,德尹
查嗣萇,右宏
查嗣韓,荊州
查嗣高,復安,梅廬
查培繼,王望
查堂,木鈴,瞻高,蘭圃
查士標,二瞻,後乙卯生,梅壑,梅壑散人
查士英,寄幻
查奕慶,欽餘,葑塘,豐五
查奕照,丙唐,麗中
查奕熙,蓉江
查子庚,李子庚
查孟,次光
查孟常,秉庸
查學,七倫,硯北
查容,漸江,韜荒
查容端,查端容,淑正
查居廣,廣居
查岐昌,岩門,藥師
查崇華,九峯,九峰,實庵,實菴
查廷榮,少仙
查志立,鳴朝
查志隆,鳴治
查恕,恕己
查恩綏,蔭階
查惜,淑英
查慎行,他山,初白,初白庵,初白老人,初白菴主人,南書房史官,夏仲,夏重,得樹樓,悔菴,悔餘,慎旃,敬業堂,查嗣璉,查山,查田,棗東書屋,橘州,煙波釣徒,窳軒,老查
查應兆,瑞徵
查應光,賓王
查懋昌,允言
查承源,芷珊
查振聲,蒲六
查揆,伯葵,查初揆,梅史
查文清,沛思,滄珊
查文經,少泉,查墀香館,耕六,耕麓
查日乾,天行
查昇,仲韋,漢中,聲山,邱昇
查昌鵷,鳳佐
查映玉,春帆,璧人
查景,士瞻,望齋
查景璠,冠玙
查朂已,孝友先生
查有新,春園,銘三
查林,松生,花農
查桴,潭隱,濟海
查淑順,蕙圃
查深,淸容先生,道源
查淳,厚之,梅舫,篆仙
查清,太清
查澤祺,介壽
查濟元,掄先
查炳華,含輝,小蓮,藍田
查為仁,心穀,心谷,蓮坡
查為義,履方,集堂
查煥,文顯
查燕緒,樅亭
查玲,若琰
查琛,伯玉
查瑩,映山,韞暉,韞輝
查璚,肯堂
查祥,星南
查祥考,吉人
查禧,芝庭
查禮,九峰老人,儉堂,恂叔,查學禮,查為禮,榕巢,澹安居士,紅螺山人,茶坨,藕汀,銅鼓書堂,鐵橋,魯存
查秉彛,性甫,近川
查端,端抒,花溪女史
查籥,元章
查約,原博,毖齋
查紈,織素
查紹篯,嘉斟,玉彭,鏗友
查絳,汝素
查綺文,麗言
查繼佐,三秀,不省,伊璜,左尹,左尹非人,支三,東山,東山釣叟,東山釣史,查繼佑,樸園,歉修,與齋,興翁,興齋,輿齋,釣叟,釣史,釣正,釣玉,釣玉軒,非人
查芝生,九英,鬉雲
查若筠,佩芬,綺庵,緱山譴客
查茂蔭,樸硯
查荃,韞芳
查蔭元,履祥,石生
查虞昌,明甫,梧岡,鳳喈
查許國,匪躬
查詩繼,二南,愚溪
查誠,子通,衛中,靜岩
查調鳳,鳴祥
查謙,甫蒼,雨蒼
查道,湛然
查遺,學圃,柱青,逸遠
查遺義,查羲
查鐸,子警,毅齋
查陶,大均,大鈞
查雋,元凱
查雲標,勉耘,學庵
查餘穀,稻孫
柯一騰,柯蘭墀
柯之桂,虹泉
柯九思,丹丘生,敬仲
柯亨宗,本開
柯介,子堅
柯偶,林遇
柯元佑,柯元伯
柯光澍,青墅
柯光裕,竹訂
柯公煥,德章
柯劭忞,仲勉,蓼園,鳳孫,鳳笙,鳳蓀
柯劭慧,稚筠
柯劭憼,二州山房,二珠山人,敬儒,麟伯
柯喬,遷之
柯喬年,松齡,橿齡
柯垓,經父
柯培元,易堂
柯士偉,誠中
柯夢得,東海
柯大春,大雷山民,德華
柯宗孟,伯醇
柯實卿,光仲,十四,肖海
柯希侗,同人
柯希同,同人
柯廷堅,柯庭堅,誠季
柯彬,季文
柯必卿,茂之
柯忠,與節
柯才聳,雅才
柯拱北,斗南
柯振岳,訥齋,霽雲
柯挺,以拔,立台
柯掄,健庵,儲卿,子菁
柯文,守白,酉室
柯昌,廷言
柯映伊,月山,月川
柯時中,伯蒙
柯暹,啟暉,景輝,東岡,用晦,起暉,起輝
柯本,正之
柯棐,季忱
柯森,積仁
柯楫,濟川
柯榮,子華
柯永昇,貞階
柯永蓁,柯永榛
柯漢,時昭
柯潛,孟時,柯潜,竹嵓,竹巖
柯煜,南陔,石庵
柯熙,嘉仲
柯燉,在亨,塞軒
柯琴,似峰,韻伯
柯瑾,拙閑老人,禹峰,禺峯,禺峰,醇倩,醇淸
柯甲,德初
柯相,元卿,獅山
柯紹庚,公望
柯維熊,奇徵
柯維翰,從周
柯維蓁,峴賓
柯維騏,奇純,希齋先生
柯翊,仲舉,仲遠
柯翰,國材
柯聳,岸初
柯肇惠,坤齋
柯舉,柯山
柯芝,士先
柯若褆,安上
柯茂枝,根臣
柯茂竹,堯叟
柯茂謙,退之
柯萬卿,通老
柯萬源,小坡,星廬,蘭錡
柯葆,景光
柯藩,仲平
柯蘅,佩韋,春雨堂,蒨雨草堂
柯誠中,明之
柯謙,山齋,自牧
柯謙宗,次恭
柯賡昌,退谷
柯輅,淳庵,瞻莪
柯述,仲常
柯逢,君時
柯逢時,巽庵,懋修,欽臣,翼庵,遜庵
柯遠,臻道
柯適,君正
柯鉞,曉荃
柯銘,受丹
柯闌墀,策甫
柯雙鳳,棲梧
柯願,又鄒
柯鴻年,澹園居士,貞賢
柯龍受,用之
柰亨,彥通
柳[⿰言函],景時,霞塢
柳世鳴,寓軒,爾能
柳世麟,八友堂,士仁,活灘
柳之發,起之,陶隠
柳交,成叔
柳亮,忠景,明仲
柳人月,伴月
柳仁淑,原明,文貞,靜叟
柳仁貴,子榮,睡齋
柳以升,仲進,東湖
柳以蕃,价人,子屏,韜廬
柳仲永,宜之,德修,第三十四,詵郎
柳仲淹,巴山,希範
柳仲郢,彦遇,立巖
柳伯濡,文靖
柳佐,宗相,賡虞
柳佛婢,柳和娘
柳佩蘭,石齋
柳依依,靈和
柳偘,承茂
柳兆薰,蒔庵,詠南
柳光纘,宗伯
柳兒,荷香
柳公亮,屯翁,彦明
柳公權,文簡,正平
柳公綽,起之
柳冕,敬叔
柳初,柳彥初
柳加長,兼三,皖亭
柳升,子漸,安遠侯,襄愍
柳卣,致明
柳命堅,伯固,茅山
柳命天,士元,退堂
柳命賢,士希,靜齋
柳商賢,蘧庵,質卿
柳嗣峰,以忠,鶴汀
柳均,正平
柳堂,勖庵,壽餘,純齋
柳堃元,次乾
柳堪,克任,壺隱,芝齋
柳士忠,子中
柳士恕,子如
柳士魯,子得
柳夢井,淸溪
柳夢寅,應文,於于堂,義貞,艮齋,默好子
柳夢鼎,景任,鶴巖
柳大任,華門
柳大年,曼青
柳奕,大叔
柳如是,柳是,柳隱,河東君
柳如權,傳世
柳如鈺,蘭圃,蘭園,蘭西
柳婆歸,尼子
柳子光,于復
柳子文,仲遠
柳孝傑,莊毅,誠伯
柳孝立,行源
柳學洙,師孟
柳宏,巨卿
柳宗介,季裕
柳宗元,柳子厚,子厚,柳河东,柳柳州,柳八,柳河東
柳宗智,明仲,潮溪
柳宗直,柳十,正夫
柳宗興,振甫,月谷
柳宗芳,汝馨,芷汀
柳宗葵,公獻
柳宜,無疑
柳寬,夏亭,夢思,敬夫,文簡
柳寶詒,谷孫
柳尚義,宗正
柳尚運,忠簡,悠久,約齋,陋室
柳就章,武愍,汝進
柳崇,子高,建谿處士
柳崇祖,宗孝,文穆,眞一齋
柳希亮,峯陰,霽嶠,龍卿
柳希奮,亨佰,華南
柳希春,仁仲,文節,眉巖
柳希玭,子敬
柳希發,軔初
柳希霖,文陽,景說
柳希點,汝志
柳希齡,元老,夢菴
柳師聖(字),師聖
柳平,子儀
柳庸謹,圭復
柳延宗,昌藝
柳廷亮,子龍,孝貞,素閒堂
柳廷森,松喬
柳廷秀,國俊
柳廷顯,月亭,汝明
柳彚進,彦遇,忠毅,晩翠
柳彬,子均
柳彭老,亨叔,君壽,月坡
柳彰,廷顯
柳從龍,雲卿
柳復,叔寶
柳復明,晩村,貞簡,陽輝
柳復立,君瑞,墨溪
柳德粹,仲精
柳忠傑,藎伯,錦沙
柳思瑗,暻晤,雲甫
柳思誠,善詳,心繹,省吾
柳恂,鶴儕
柳慶宗,善元
柳慶昌,善伯,聲灘,薇川
柳應墀,子范,笠雲
柳應辰,拱之
柳懷觀,望亭
柳成春,城隱,天章,懶翁
柳成龍,文忠,而見,西厓
柳承昫,承胤,繼華
柳承翰,繼儒
柳承遠,繼宗
柳承陟,繼遐
柳拱辰,伯瞻
柳擎天,重如
柳敘,元德
柳文洙,如荃,道源
柳斌,顯父
柳斐然,文仲,浦翁
柳方善,子繼,泰齋
柳昌辰,汝遇,海西
柳昌門,與伯
柳明獻,太初
柳昕,少雲
柳星樞,天一
柳星河,天師,楸齋
柳是,半野草堂,如是,影憐,惜依,惠香居,惠香閣,我聞室,我聞居士,柳影憐,柳隱,柳隱雯,楊因,楊愛,楊愛兒,楊朝,楊隱,楊隱柳,河東君,河東夫人,秋水閣,糜蕪,紅豆村莊,絳雲樓,美人,蕪靡君,蘼蕪,隱斐,青寄,鴛鴦樓
柳昱,季昭
柳景深,太浩,龜村
柳暹,祝三
柳曼殊,得休
柳本明,誠甫
柳杞,叔堅
柳東,春卿
柳東伯,孟卿
柳東秀,秀甫,老谷
柳杲,寅賓
柳某,明演
柳根,文靖,晦夫,西坰
柳格,晴巒,正夫
柳栽,雲卿
柳梓,材卿
柳棠,子邵
柳森,子林
柳植,子春
柳楫,用汝,白石
柳楷,文範,萬竹山人
柳榮宗,德齋,涉田山房,翼南
柳樹芳,古查,湄生
柳權,忠肅,松堂,松菴,權之
柳正封,靜略
柳正確,隱之
柳毓芳,秀山,蘊章
柳氏(柳銳女),內則
柳氏(韓翃妻),章臺柳
柳氏（高宗廢后母）,魏國夫人
柳永,三變,柳三變,柳屯田,耆卿
柳永吉,德純,月蓬
柳永慶,善餘,春湖
柳永緖,彦紹
柳永詢,北川,拙庵,詢之
柳汝恒,久而,汶翁
柳汝舟,處蘭
柳汶,三省堂,希閔
柳沃,啓彦,石軒,靖簡
柳洙,安襄,魯澤
柳洵,希明,文僖,老圃堂
柳活,泰宇,源叔
柳淑,思菴,文僖,純夫
柳淡,中庸
柳淰,澄甫,道溪
柳淳,文粹
柳淸臣,英密
柳清,師伯
柳清源,松琴,覺翁,鄂生
柳渶,浩如,濂齋
柳渾,元輿,夷曠,柳八,柳載,維深
柳溥,彦博,文成
柳演,宗疇
柳潚,淵叔,醉吃
柳澗,後村,老泉,貞愍
柳濯,忠靖,春卿
柳瀚,宗海
柳瀹,瀹而
柳灌,忠肅,松庵,灌之
柳炳然,忠毅,文叔
柳煐,臨川
柳熙緖,南麓,敬承
柳燦,晦甫
柳珣,靖平
柳珩,楚材
柳珪,効玄
柳琇,衛瑩,遜村
柳琠,克厚,愚伏,文貞
柳琰,州人,文簡,默齋
柳琳,忠壯,汝溫
柳瑊,伯玉
柳瑛,廷玉
柳瑾,子玉
柳璟,景文
柳璨,昭之,炤之
柳甡春,秄青
柳甲,雲軒,震軒
柳申錫,彥養
柳登,成伯
柳監,元潔
柳真召,真召
柳碩,德甫,皆山
柳祖訒,柳祖認,泛愛,認之
柳秉謙,牧人,益夫
柳秩,子常
柳程,叔則
柳稠,叔簡
柳稷,庭堅,百拙庵
柳穆,叔雍
柳穎,柳巷,洗耳
柳穟,叔豐
柳約,元禮
柳維欽,俞若
柳線,如絲
柳緯漢,而首
柳義孫,孝叔,檜軒,聾巖
柳義臣,介翁
柳聰,天性
柳聳,本立
柳肩吾,柳震,象先
柳自新,止彦
柳自湄,元之,西山
柳興恩,壹宿齋,宿壹齋,寶叔,柳興宗,潤江,賓叔,達興齋
柳興龍,塾翁,致雲
柳舜翼,勵仲,忠靖,芝岡
柳芳,仲敷
柳英,子鍾,鶴峯
柳華,彥輝
柳葵,靖公
柳蓁,春亭
柳藕,西峯,養淸
柳蘊,元積
柳行滿,無溢
柳補之,山甫
柳詒徵,劬堂,希丱,盋山髯,知非,翼謀,龍蟠迂叟,龍蟠釣叟
柳誠源,太初,忠景,瑯玕
柳謐,仲靜
柳識,方明
柳谿點,汝志
柳豸,廷直,憨菴
柳貞,復元
柳貫,文肅,烏蜀山人,道傳
柳貴三,守眞堂,道卿
柳赫然,晦爾,武愍,野堂
柳軒,伯輿,駱峯
柳軻,廷輿
柳輊,平簡
柳辰仝,叔春,竹堂,貞敏
柳述,懷祖
柳道三,敬庵,汝一
柳邁祖,宜齋
柳邦傑,匡廬
柳郴,柳郯
柳金,時某
柳釣,擴泉
柳鈞,擴泉
柳鋭,進堂
柳鑄,師顏
柳開,仲塗,東郊野夫,柳肩愈,紹先,肩愈,補亡先生
柳閎,展如
柳閏,仲甫
柳閔,肩回
柳闢,太初
柳雲,從龍,恒齋,文敬,醒齋
柳雲龍,應見,謙菴
柳青,春華
柳順,娘奴
柳順善,純仲,素齋
柳順汀,文定,智翁
柳預生,立凡
柳馨遠,德夫,磻溪
柳鴻,漸于
柳默然,希音
柳鼓,懷舜
柳𢡮,耐軒,警甫
柴一桂,廷玉,靜德
柴中守,蒙堂
柴中行,南溪先生,獻肅,與之,輿之
柴作舟,星甫,燦五
柴偉觀,遜麓
柴傑,觀齋
柴儒,伯真
柴元亨,吉甫
柴元彪,澤臞,炳中
柴元裕,強恕先生,益之
柴克,柴堯
柴喆,吉卿
柴大履,行素
柴大本,立齋
柴天植,小園,少園
柴太,德弘
柴奇,德美,黼菴
柴子春,震叔
柴孚中,靜齋
柴孝響,念依
柴宗慶,天祐,榮密
柴宗義,子集
柴宗訓,恭皇帝,郭宗訓
柴廣,文博
柴廣敬,柴欽
柴廷望,岱雲
柴得仁,希堯
柴惟道,允中,白巖山人
柴慶成,芝楣
柴應聰,仲初
柴成務,寳臣,寶臣
柴文元,枝庠,載庠
柴文顯,柴中庸,道明
柴昇,公照
柴時霖,雨林,雨邨
柴景望,渭叟
柴望,宗禮
柴椿,莊卿
柴楨,君正,適齋
柴榮,世宗,睿武孝文皇帝
柴次堯,雲倩
柴欽,廣敬
柴正衡,予平
柴永清,集勳
柴浩,養吾
柴淵,益深
柴淶,季東
柴溥,伯淵
柴潮生,禹門
柴瑾,懷叔,退翁
柴祥,汝嘉
柴禹聲,元振,懋績
柴禹錫,元圭,玄圭
柴紹炳,省軒,翼望山人,虎臣
柴經,季常,松洲
柴義,宜石,時中
柴翼,鴻舉
柴聯儀,炳生
柴肅,舜元
柴英,仲實
柴衛,元忠,文忠,潛心,第三,老哥,蕙老
柴衡,元忠,潛心
柴貞儀,如光
柴車,叔輿
柴通玄,又玄,羅山太乙洞主
柴遇春,茂齋
柴道人,五溪
柴隨亨,剛中,瞻岵,第十九
柴雲鶴,嗚皋,暘泉,陽泉,陽皋,陽雀,鳴皋
柴靈珠,葆青
柴靜儀,季嫺
柴額,浚夫
柴鳳,後愚
査容端,淑正
査文徽,五鬼,光慎
査爾泰,查勒泰
査玲,若琰
査穆肅,扎木蘇
査綺文,麗言
査芸生,繡雲
査辰,蒔梅
査進泰,覺羅扎進泰,覺羅札進泰,覺羅查進泰
査道,湛然
栗在庭,應鳳,瑞軒
栗寬,裕堂
栗應宏,道夫,道甫
栗應麟,仁甫
栗成棟,隆若
栗極敬,儼若,般若
栗榮山,映嵐
栗毓椿,茂園
栗毓美,友梅,含輝,恭勤,樸園,箕山
栗永祿,士學
栗涗,獻實
栗燿,仲然,向然,日昭,栗耀
栗爾寬,裕如
栗祁,子登,東巖
栗穗,芸畦,芸進
栗簡,孝策
栗芳林,穎三
栗郢,稼軒
栗魁周,汝元
栢宗回,幾聖
栢琨,柏琨
栢臺,春齋
栢良器,公亮
栢謙,蘊皋,韞皋
根特木,根特木爾
格何恩額爾慶額,藹堂
格佳拉玉山,勤壯
格吉勒札克桑阿,扎克桑阿
格哲德淩阿,德凌阿,德齡阿
格哷鏗額,寅甫,少溪
格濟勒伊巴罕,伊巴漢,伊把漢
格美,行德
格處仁,處仁
桂?,古香老樵,懷英
桂中行,履真
桂之文,希文,敬齋
桂俊英,芳三
桂元,師善
桂光國,化亭
桂光弘,舍若
桂南升,志和,東湖散人
桂嗣宜,扶重
桂嘉孝,純甫
桂坫,南屏
桂士元,殿一
桂大祥,子興
桂天祥,子興
桂姮,月仙
桂子恭,伯允
桂宗儒,文藪
桂宗鼇,一占,占一
桂山,本寧
桂崑,韞山
桂年,一山,月浦
桂廷圭,公瑞
桂彬,質夫
桂德偁,彥良,文裕,桂德,桂德稱,淸節
桂念祖,伯華
桂怡,二十三,廷顏
桂成,貴成
桂敬順,介軒,翼昭
桂文燦,子白,昊庭,潛心堂,皓亭,皓庭
桂文燿,子淳,星垣
桂斌,文圃
桂春,月亭
桂昭然,桂照然
桂曄,桂煜
桂有根,伯深
桂木馨,榮枝
桂本誠,禮堂
桂材,元珍
桂枝揚,孟遠
桂梁材,上達,殿臣
桂梓,材甫
桂森,寶書,楫森
桂楙,德山,桐生
桂榮,君用
桂橒,燮堂
桂涵,壯勇
桂滋瑞,小山
桂濬瑞,小山
桂珣,立夫
桂琛,獻之
桂紳,述賢
桂縝,彦栗
桂績,彦成
桂繩生,繩繩
桂義方,心淵
桂舟,桂丹
桂芬,小山
桂芳,子發,復齋
桂茂之,廷秀
桂華,子朴
桂萬榮,夢協,石坡
桂萼,月馨
桂蔭,培圃,培園
桂蕚,古山,子實,文襄,見山
桂衡,孟平
桂詔,世欽,四十三
桂超萬,丹盟,惇裕堂,池春堂,養浩齋
桂軻,子行,希孟
桂輪,運卿
桂迓衡,穆堂,錫茲
桂邦傑,蔚丞
桂錫孫,予之
桂鎬,宗周
桂震,恐修,省庵
桂霖,方崖,香雨
桂馥,借書園,冬卉,冬柟,凟井,凟井復民,十二篆師精舍,印日凟井復民,品竹齋,夢泉,忍媿陋生,晚學居士,未谷,未谷居士,東卉,桂复,歸耕齋,老苔,老菭,肅然小史,肅然山外史,雩門,雲門
桂鴻,會川,漸齋
桂鴻烈,松泉
桑世傑,伯武,忠烈,永義,永義侯
桑世昌,澤卿,莫庵
桑介,于石
桑仟,宗之
桑倫,友峯
桑光輔,魯卿
桑哥失里,世榮,靜庵
桑喬,南皐,子木
桑天顯,文侯
桑學夔,世澄
桑悅,思玄居士,民懌
桑愼,仲修
桑敬,徽先伯
桑文煥,耀亭
桑春榮,仙根,伯儕,文恪,柏儕,百儕,百齋
桑果爾依興阿,依星阿,依興阿
桑格,三格
桑椿榮,百齋
桑汝棻,桐侯,楞侯
桑維藩,明楨
桑維高,汝抑
桑芸,笈雲,紉蘭
桑莊,公肅
桑調元,伊佐,弢甫,獨往生
桑貞,正道
桑貞白,月妹
桑金,知令
桑開運,雨嵐
桓伊,子野
桓彥範,士則,忠烈
桓歸秦,歸秦
桓氏(鮑宣妻),少君
桓温,元子
桓謙,敬祖
桓豁,郎子
桓銳,仁毅
梁上國,九山,斯儀
梁世勳,廷庸,鶴汀
梁世華,春園
梁世驃,應房
梁丙,南叟
梁中孚,虛舟
梁中靖,東園,與亭
梁乃賡,耕莘,贊臣
梁九圖,福草
梁于涘,谷菴,飲光
梁京元,杏邨
梁仁鏻,子固,子岡
梁介,子輔
梁仕紳,縉齋
梁令嫻,梁思順
梁令直,元祥
梁以桂,惕居
梁以樟,公狄,鷦林
梁以蘅,仲房
梁仲善,烈愍
梁仲敏,元功
梁仲衡,樹生,湘南,薌南
梁份,朝舉
梁伯臣,明道
梁佐,應台
梁佐中,寶生
梁作文,有造,絅庵
梁佩祥,紫波
梁佩茳,梅史
梁佩蘭,六瑩堂,芝五,芸五,藥亭,鬱洲
梁佳植,南有
梁俊,克端
梁保定,保定
梁信芳,薌甫
梁修,梅想
梁偉,士奇
梁傅年,子嚴,子巖
梁僧寶,容安室,穎倩,頴倩
梁億,叔永
梁億年,少甫,開萬
梁儒,宗洙
梁儲,倫菴,厚齋,叔厚,文康,鬱州居士,鬱洲,鬱洲居士
梁元,一峯
梁元柱,仲玉
梁元桂,世液,馨士
梁元楨,周卿,周鄉
梁元珍,元珍
梁元珣,束美
梁元翀,儕石,章遠
梁元臣,琴思,秀思
梁元輔,月潭
梁先,信甫
梁克家,叔子,文靖
梁全,伯謙
梁全材,聚中
梁凝達,靜通
梁剛中,應叔
梁化鳳,冲天,岐山,敏壯,灃源,翀天
梁卓午,丙南,伯正,悔庵
梁南一,力行,唐老,安兒,第八十七
梁又源,湖泉
梁吉祥,崧生
梁同新,應辰,旭初,梁綸機,矩亭
梁同書,不翁,元穎,山舟,山舟先生,山舟齋,新吾長翁,日貫齋,署不翁,頻羅庵
梁启超,梁任公,梁卓如,卓如,任甫,任公,饮冰室主人,饮冰子,哀时客
梁周翰,元褒,梁補闕
梁問孟,尚賢,靜齋
梁啟心,蔎林,首存
梁啟讓,揖亭
梁啟超,中國之新民,中國少年,任公,任父,任甫,兼士,卓如,吉田晉,哀時客,外史氏,如晦庵主人,孟遠,宏猷,少年中國之少年,愛國者,憲民,新史氏,新民叢報記者,新民子,曼殊室主人,梁任,檀山旅客,滄江,社員,社員某,自由齋主人,賃廬,軼賜,逸史氏,遠公,雙濤,雙濤閣,飲冰,飲冰子,飲冰室主人
梁善,明善
梁善濟,伯祥,庸齋
梁善長,崇一
梁喜,九拙菴,懼而
梁喬,遷之
梁喬升,以順
梁嗚謙,禮堂
梁嘉樹,茂亭
梁嘉蔭,蔚亭
梁嘉鈺,相亭
梁嘉麟,石亭
梁囗,匡仁
梁固,達夫
梁國成,振西
梁國林,德俊
梁國治,堯峰,承雲,敬思堂,文定,瑤峰,豐山,階平
梁國琮,儷堂
梁國瑜,魯璧
梁國賓,景賢
梁園埭,友華
梁基,知本
梁士彥,聖若
梁士衡,士衡
梁士詒,燕孫,翼夫
梁士選,問心,淡吾,萬青
梁士魁,畢林
梁士鶴,硯農,雲亭
梁壽賢,少雲
梁夢善,兼士,午樓
梁夢庚,李明
梁夢說,天賚
梁夢龍,乹吉,乾吉,貞敏,鳴泉
梁大亮,明焕
梁大樸,士眞,忠壯,松巖,竹巖,荷谷,靑溪道人
梁大用,益之
梁天德,達夫
梁天昂,岱雲,梯雲
梁天爵,世臣,水鳧
梁天祐,祐之
梁天翔,飛卿
梁奇蜀,玉峯
梁如浩,夢亭,孟亭
梁嫕,梁夫人
梁嫻,淑莊
梁子張,振叔
梁子強,華叔
梁子强,莊叔
梁子澂,仲明,鼓巗
梁子琦,汝珍,石渠
梁子美,才甫
梁子諒,叔忱
梁孜,思伯,浮山
梁孟昭,夷素
梁季珌,飾父
梁守謙,虛己
梁守讓,儒門處士,玄德
梁安世,次張
梁安壽,壽之
梁安泰,魯山
梁宏,士遠
梁宏勳,銘菴
梁宗善,明世
梁宗範,世則
梁宜,彦中
梁宜生,際元
梁寅,孟敬,梁五經,石門先生
梁寶常,楚香
梁寺,師暕
梁將,新之
梁小玉,玉姬,瑯環女史
梁尚秉,介峰,文言
梁履繩,夬庵,央菴,澹足軒,處素
梁山甫,彦鎭,瀟灑翁
梁岳鎮,紹魯
梁巖老,允濟,梁汝霖
梁巘,文山,松齋,聞山
梁希阜,康侯
梁師亮,永徽
梁師孟,醇之
梁師成,守道
梁師都,大度毗伽可汗,解事天子
梁師閔,循德,梁士閔
梁序鏞,雲門
梁庭楷,國長,孝則,直生
梁廉夫,子材
梁廣有,鶴峯
梁延懷,憗道
梁廷振,伯綱
梁廷枏,梁廷木丹,梁廷柟,章冉,自明誠樓,藤花亭,藤花亭主人
梁廷棟,無它
梁廷爵,錦堂
梁廷翰,藎臣
梁廷蘭,馨甫
梁廷賓,尚治
梁廷霖,寅莊
梁建中,心齊,心齋,秉極
梁建猷,辰告
梁式,似之,鳳巖
梁弓,原山
梁彥回,亞之
梁彥昌,得之
梁彥明,發之
梁彥深,純之
梁彥通,貫之
梁彦鎭,山甫,蕭灑
梁彭孫,大椿,學圃,惠康
梁從吉,君祐,敏恪
梁御鼎,大千
梁德珪,伯溫,忠哲
梁德繩,楚生
梁必強,柔可
梁志仁,烈愍,霏玉
梁志學,博文
梁志道,梁至道
梁思齊,國賢
梁恩,子承
梁恩照,晝一,曙亭
梁恭辰,敬叔
梁惟夑,理齊
梁惠,民懷
梁惠祖,吉泉
梁慧姑,守愚
梁慶桂,小山,筱山
梁憲,無悶,緒仲
梁應奇,平叔
梁應庚,本仁,止堂
梁應春,仁卿,道谷
梁應材,瑤石
梁應鼎,公燮,松川
梁懷仁,宅之
梁成,公濟
梁成哲,小峰,曉汾,濬卿
梁成大,謙之
梁才偀,廷標
梁承光,星階,迪人,雅香
梁承學,師顏,師顔,心齋
梁承政,拱之
梁承褔,昌祿
梁承誥,少卿
梁振羽,鳳西,鳳酉
梁揆,仲敘
梁敏遜,業純
梁敦懷,梁家,素園
梁敬,德興
梁敬事,子恭
梁文,光輔
梁文山,望東
梁文承,衍斯
梁文標,師臣
梁文泓,深甫,秋潭,龍泓
梁文浩,養軒
梁文濂,次周,蓮峰,谿父
梁文煊,幾汀,闇齋
梁文煥,含素
梁文獻,國寶
梁文鈺,崑圃,崑甫
梁方,惟義
梁於涘,飲光
梁於渭,杭叔,杭雪,鴻飛
梁昉,景熙
梁明,廷光
梁明翰,維憲
梁星源,敏肅,石泉
梁春湘,荊痴,迴瀾
梁昱,文輝
梁昺,景明
梁時,用行
梁晉國,伯卿
梁景先,曦初
梁景行,宗烈
梁景陽,梧岡
梁曔,重光
梁曼容,梧齋,長卿
梁曾,貢父
梁有,九思
梁有才,幹臣
梁有章,星曹
梁有譽,公實,蘭汀
梁朝元,鎮臣
梁朝宗,東之
梁朝鍾,文貞,未央,梁朝宗,梁朝鐘,節愍,車匿
梁木,仁夫
梁本之,坦菴
梁本恭,昧愚
梁材,大用
梁松年,夢軒
梁林,杏坡
梁枚,功甫,小帆
梁柱,中砥,塵外道人
梁格,君正,定齋
梁桓,彥武
梁梅,子春,錫仲
梁梅先,若冰
梁梧,鳳鳴
梁棟,克道
梁椅,子奇
梁椿選,壽卿
梁楘,叔車,松軒
梁楷,白梁
梁楹,汝直
梁榞,任天,君實,順受
梁榥,學器,眞愚齋
梁槤,器甫,寒塘居士
梁樞,子極
梁樹功,藹仁,豆村
梁樹勳,蓬舟
梁橋,公濟,冰川子
梁機,仙來,慎齋
梁權智,益謙
梁欽構,羽宸
梁正心,散修,敬修
梁殿象,巍卿,艮齋
梁毅,致遠
梁氏(梁暉女),大娘,無量
梁氏(韓世忠妻),梁紅玉
梁民相,食泉
梁永寧,恰亭
梁永康,晉蕃
梁永登,遠略
梁永純,懿齋
梁汝元,何心隱,夫山
梁汝嘉,仲謨,仲讚
梁汝恭,敬之,柳亭
梁汝昌,二老,大任,渭奴,第四十
梁汝永,昭遠
梁汝瀛,朗先,朝先,翰先
梁汝璧,應文
梁治旭,海樓
梁泰來,伯大,菊平子
梁洞,挹之
梁津,濟卿
梁淑,慕貞
梁淢,豐來
梁淮,南洲,南淵
梁淯,又農,瓊仲
梁清寬,敷五
梁清標,冶溪漁隱,悠然齋,棠村,玉立,秋碧堂,蒼岩,蒼巖,蒼巖子,蒼樵子,蕉林,蕉林居士,蕉林書屋
梁清芬,慧蘭
梁清遠,無垢
梁溥,德宏,時齋
梁溥龍,小池
梁潛,泊菴先生,用之,鍾潛
梁澤,汝霖
梁濟,孟匡,巨川
梁濟民,時中
梁濟瀍,我東
梁濤觀,季沅,衛泉
梁濬,秋谷
梁瀚,平橋,海樓
梁灌,沃之,逸老堂
梁炳,叔麟,石樓
梁炳漢,垣輝,星池
梁為徑,有年
梁焯,日孚
梁煥,光時
梁煥奎,澹廬,碧園,青郊
梁照,鶴寶,鶴賓
梁熙,子明,筿樓
梁燾,況之
梁燿樞,叔簡,斗南,梁耀樞
梁爾壽,山公
梁獄鍾,潤田
梁玉繩,不暇嬾齋,暉北,曜北,淸白堂,淸白士,無心子,諫庵
梁珏,伯瑜,少雲,鑒塘
梁琛,寶卿,靜臣
梁琬,玉姬
梁琮,文玉
梁瑑,文叔
梁瑞璜,渭川
梁瑞祥,紫波,贊臣
梁瑞芝,玉田
梁瑞霖,歐亭
梁瑤,保定侯,襄靖
梁璟,廷美
梁璨,伯琛,星橋,醒樵
梁璵,希杭
梁瓚,汝玉,蘭浦
梁生甲,健庵,肇乾
梁甫,仲將
梁田,春睦
梁異英,同人
梁登瀛,曉舲
梁發,亨甫
梁百揆,宗盛,端懿先生
梁皎,元亮
梁益,友直,庸齋
梁相,必大
梁知先,朗公
梁知微,梁六
梁矩,式之
梁祖恩,久竹
梁祖齡,景泉,紹首
梁祚璿,愚谷老樵,璣辰,龜山主人
梁禎,用之
梁福海,東如
梁禧,伯祥
梁禹甸,瀾平,訓恭
梁秀,弘粲
梁秉常,仲常
梁秉年,壽篯,廉夫
梁穀,仲用,北厓子,默菴
梁穆,改亭,敬仲
梁章鉅,二思堂,北東園,古瓦研齋,小滄浪,懷淸堂,戲綵亭,東園,池上草堂,花舫,茝林,茝鄰,藤花吟館,退庵,退庵居士,閎中
梁端,無非
梁符瑞,紫瑛
梁策,對之,梁孝子
梁節,景行,高峯
梁籛慶,壽侶,壽禹,壽禺
梁紀,晴石,理夫,長子,靖孝先生
梁紈,尚素
梁純熙,和軒
梁純素,雲虛
梁紹儒,存業,玉菴
梁紹壬,應來,晉竹
梁紹獻,國樂,怡雲山房,槐軒
梁經先,曦初
梁綬祖,紫軒
梁維新,鍾石
梁維本,立南,立甫
梁維樞,慎可,文孝先生,玉劍,西韓生
梁綱,立夫
梁綸樞,丞禧,九老寄廬,承禧,拱辰,星藩,星辰,梁經官,經官
梁繩祖,述菴
梁繪章,子雲,慵岩
梁群英,偃坡,瀛實,瀛賓
梁羽明,芝山
梁羽翰,于翰
梁翰,宗文
梁耀金,玉閨
梁耿光,景文
梁聖揆,一卿,休齋
梁肅,孟容
梁肇晉,少亭,振康
梁肇榮,則仲,幼麟
梁肇煌,思誠齋,振侯,檀圃,檀浦
梁肯堂,春淙,晚香,梁堂,構亭,石幢,石幢居士
梁至剛,南溪,浩然
梁舟,木天
梁英,慈明
梁英佐,春叔,秋圃
梁茜,夢符
梁菼,公約,飲真
梁萬方,廣菴,統一
梁萬爵,天若
梁萬鍾,天錫
梁萼,紹輝
梁萼涵,君蘅,君衡,心芳,隸軒
梁葆仁,承心,西園
梁蒨,夢符
梁藹如,遠文,青崖
梁藻,仲華
梁蘭,不移,庭秀,畦樂
梁蘭漪,素涵,蓉溪
梁蘭省,筠如
梁蘭臺,壽研
梁蘭芬,楚畹
梁蘭芳,楚畹
梁表,令威
梁觀國,賓卿
梁許,君可
梁詢,好間
梁詩正,古鯨書屋,味初齋,文莊,淸勤堂,薌林,青乳齋,養仲,養正
梁誌,彦信,忠愍
梁誠,義衷,震東
梁誠之,文襄,松坡,純夫,訥齋
梁謹,敬之
梁豫熙,和軒
梁貞,叔亨
梁賛化,翼卿,葵東
梁賦茗,藻芬
梁赋茗,藻芬
梁輅,仙軺,仙輅
梁輈,仲楘
梁載,遜耕
梁辰,應樞
梁辰魚,白龍
梁通洛,文濤
梁逢辰,吉甫,聿磐
梁逸,春隱,逸民
梁遂,大呂
梁運昌,慎中,曼雲,江田田父
梁達才,文振
梁達時,屋臺,星臺
梁適,仲賢,莊肅
梁遷,彥升
梁金英,淡如
梁銓,叔衡
梁銘,保定伯,自新
梁鋐,子遠
梁錦,美中
梁錦奎,梓元,紫垣,菊生
梁錦瀾,豫卿,陶泉
梁錫,聖與
梁錫侯,爵堂
梁錫玙,確軒,魯望
梁錫珩,楚白,深山
梁錫璵,確軒
梁鍇,梁楷
梁鎔,振之
梁鎣,南金
梁鏞,劉鏞
梁鑄,淑陶
梁鑾藻,伯樸,澤綿,翎遠
梁陟,斗南
梁隆吉,定西侯
梁際殷,步洲
梁雕龍,孚先
梁雲扶,圓嶠,輝生
梁雲構,康僖,眉居
梁雲龍,會可
梁雷,百星
梁震,武壯,武莊
梁靄,梁震,荊臺隱士
梁青笏,芳白
梁鞏,邦寧
梁韻書,蓉函
梁順孫,景樞
梁須楩,大木
梁頎,秀中,袖石道人
梁頠,習之
梁頵,微之
梁顥,太素
梁體覲,澹緣
梁鳳儀,桐軒
梁鳳翔,德覺
梁鳴謙,禮堂,莊璋
梁鴻志,仲毅,衆異
梁鴻煒,雪舫,雲舫
梁鴻翥,志南
梁鵬,孔適
梁鼎,凝正
梁鼎勲,偉臣
梁鼎芬,一醆軒,不回山民,不回翁,二十八松草堂,二志樓,二忠樓,人間人,今雨軒,伯烈,佳處,佳處亭,佳處亭客,元節,六梅堂,別茶庵,刻翠詞人,劍叟,劍氣樓,千鈎堂,四松亭,四柿亭,坦照樓,夕庵,多閒齋,天山草堂,好松,孤庵,寒木堂,寒霜亭,寒齋,小玉玲瓏館,尚存學人,幽蘭居,心海,性公,抗憤堂,抱冰堂弟子,抱膝亭,教忠堂,敝牛齋
梅之煥,信天居士,彬父,長公
梅之熉,惠連
梅之珩,左白,月川
梅以燕,正謀
梅倫,彥常
梅儒寶,瑞石
梅光晨,含英
梅光鼎,象三
梅克芳,樹田,雨亭
梅凌雲,尚志
梅勒阿克敦布,介石,勤恪,固齋
梅勝志,香心五娘
梅友松,茂卿
梅啓熙,少巖
梅啟照,小嚴,小岩,拱薇,筱嚴
梅國楨,克生
梅國樓,公岑,瓊宇
梅國禎,克生,公生,梅國楨,衡湘
梅執禮,和勝,節愍
梅堯中,復予
梅堯臣,宛陵先生,聖俞
梅士仁,仁山,靜涵
梅士蘭,湘帆
梅天鈞,陟南
梅守峻,春濤,貞卿
梅守德,宛溪先生,紀甫,純甫
梅實,仲實
梅寬夫,伯大,裕堂
梅崧,子翰
梅庚,子長,耦耕,耦長,聽山翁,藕長,雪坪,雪耕
梅廷對,以茂,汲古堂,第三,策三,素巖
梅廷瑞,祥伯
梅廷謨,以式,定齋
梅徇,蓉裳
梅德音,仲谿
梅念殷,瘦橫
梅思祖,汝南侯
梅惟和,元臣
梅愈,宗韓
梅應奇,和甫
梅應春,子秀,李茂,穎伯,第萬三,雪樵
梅應發,定夫,艮巖,艮翁
梅成和,德修
梅成棟,吟齋,樹君
梅戭,愷朋
梅摯,公儀
梅文,二鬱
梅文鼎,勿庵,勿菴,定九,績學堂
梅文鼏,爾素
梅文鼐,和仲
梅春,健男,壽楙,小庾
梅昭,仲潛
梅昱,景熙
梅時舉,舜臣
梅曰瑚,殷六
梅曾亮,伯言,柏峴,柏梘山房,梅曾蔭,葛君
梅杞,材之
梅枚,功臣,慕堂
梅枝鳳,子翔,東渚
梅棠,子聘,小素
梅植之,嵇庵,蘊生
梅樹南,野愚
梅正,堃亭
梅正臣,君平
梅殷,伯殷,榮定
梅毓,延祖
梅毓翰,仙泉
梅汝鼎,芷苕,銘孫,震伯
梅汝龍,霖濸
梅江,文淵
梅洙,杏川
梅淳,徳涵
梅清,冰若,月樓
梅澤,說之
梅灝,子明
梅珂,邦振
梅珪,秉玉
梅理,生谷
梅瑴成,循齋,文穆,梅榖成,玉如,玉汝
梅璇樞,環中
梅立本,望園,望圓,秋竢
梅純,一之,損齋
梅素清,秋澄
梅素貞,德嫻
梅纉高,卓葊
梅自修,幾生,篾生
梅致和,彥達,彥遠
梅茂南,庾村
梅藹春,伯卿
梅蟠,子升
梅行思,梅再思
梅見田,利五,菊階
梅詢,昌言
梅讓,古讓
梅運昌,堯明,蕘明
梅遠,維明
梅金魁,春林
梅鈁,導和
梅鉁,二如,式堂
梅鉞,淡克
梅鋆,培生
梅鋗,爾止
梅鍾澍,蘇民,霖生
梅鑒源,肇森,雅岑
梅際郇,念石翁,黍雨
梅隱,聘君
梅震煦,筱山
梅霈霖,杏田
梅頤,昌年,甦菴
梅體萱,小素
梅鳳,楊鳳
梅鵾祚,仲舉
梅鶚,幼和
梅麗春,玉英
梅鼎祚,禹金
棍楚克林沁,棍楚克淋沁
棟佳德興,文恭
棟鄂三格,剛勇
棟鄂何和禮,何和哩,何和里,勇勤,和和理,溫順,溫順公
棟鄂和碩圖,勇勤,端恪
棟鄂喀喇,董鄂喀喇
棟鄂噶禮,董鄂噶禮
棟鄂孫柱,董鄂遜柱,遜柱
棟鄂嵩山,伯仁
棟鄂拉布敦,壯果
棟鄂普齡,董鄂
棟鄂朋春,彭春,彭珠,鵬春
棟鄂氏,孝獻皇后,孝獻莊和至德宣仁溫惠端敬皇后,董鄂氏
棟鄂永順,董鄂永順,雍舜
棟鄂洛多歡,董鄂洛多歡
棟鄂玉保,德浮,德符,樂賢堂,石經堂,蘿月軒,閬峰
棟鄂瑞元,十六硯樓,十六硯齋,容堂,少梅,春山,端節
棟鄂舒里渾,舒里琿,董鄂舒里琿
棟鄂費揚古,襄壯
棟鄂都類,杜雷,都賴,都雷
棟鄂鄂碩,剛毅,董鄂鄂碩
棟鄂鐵保,冶亭,孩道人,急就園,惟淸齋,梅庵,梅弇,梅翁,楳庵,白山,石經堂,老鐵,茶半香初之堂,鐵卿
棟鄂阿蘭珠,順毅
棟鄂額勒登額,額爾登額
森密拍照廣勅拍馬嘑陸坤司尤提雅普埃,森密拍照廣勅馬嘑陸坤司尤提雅普埃
植堯蘭,南輝,虞賓
植璋,裕南
楊一位,元韻,素其
楊一和,貞甫
楊一峰,蓬萊
楊一桂,文芳
楊一洲,伯海
楊一清,介夫,應寧,應甯,文襄,石淙,石淙先生,邃菴
楊一渶,子山
楊一漳,子淵,蘇崖
楊一葵,致五
楊一謨,世文
楊一鈞,秉衡
楊一魁,子選,後山
楊一鯉,文躍
楊一鵬,凌翔,圖南
楊三傑,曼卿
楊三炯,千木,南喬
楊三珠,巢鶴,毅齋,蘭士
楊三登,儀之
楊三辰,曙白
楊上容,玉生,維恭,鏡伊
楊上林,子漸,龍津
楊丕,大中
楊丕復,愚齋
楊世奕,仲山
楊世昌,子京
楊世淦,紹曾
楊世瑞,鳳來
楊世禎,拙庵,維周
楊世福,壽霞
楊世第,伯雄
楊世綸,尚因,彌之
楊世興,伯起
楊世芳,懋德
楊世英,子千,小澤
楊世華,十四,完愚,懋成
楊世襲,南岡
楊世謙,伯撝,怡堂
楊世霖,冷齋,慰農
楊世鳳,應韶
楊世鼇,梅溪
楊中,檢齋,致行
楊中訥,晚研,耑木
楊中選,晴軒
楊中龍,北海
楊乃庚,祿霓,詠霓
楊久祜,吉元,溫泉
楊之奇,佩璜
楊之徐,沛若
楊之新,春橋
楊之璋,荊岫,錫之
楊之綱,葵興
楊之范,海文
楊之蘭,暢園
楊乘,文載
楊乘槎,立夫
楊乘鵔,冠亭,錦園
楊乙,伯海,祖孟,第一,重慶
楊九功,惟叙,溴東
楊九澤,子德
楊九畹,余田,巽峯草廬,蘭畬
楊九韶,成甫
楊九鼎,叔鎮
楊乾,子淸
楊乾亨,啟元,起元
楊乾光,耀卿
楊乾初,榕村
楊予高,蘋香
楊二億,西崑,西昆
楊二和,十八,恭甫
楊二酉,學山,恕堂,西函,西園
楊于,干郎,漢望,第一,賢可
楊于庭,道行
楊于楷,心符
楊于淵,旌庵
楊亦溥,宏士
楊亨,泰可
楊亮,季子
楊亶驊,華林,鐵帆
楊人傑,岸堂,達夫
楊仁方,懷則
楊仁晝,柳泌,楊仁力
楊仁風,文卿
楊介,公望
楊介如,固卿
楊介康,伯臧,少麓
楊介福,紫峙
楊仕偉,景奇
楊仕敬,敬甫,直菴
楊仙枝,簡人
楊令圭,如斯
楊以任,維節
楊以儼,維莊
楊以叡,維明
楊以增,冬樵,四經四史之齋,東樵,海源閣,益之,端勤,至堂,退思廬
楊以忠,顯卿
楊以成,石溪,習之
楊以誠,明夫
楊以貞,正夫,鐵山
楊仲倫,宗理
楊仲元,舜明
楊仲名,彥才
楊仲增,方川,簣山
楊仲昌,楊仲宣
楊仲瓊,子石
楊仲興,四餘,楊中興,直庭,直廷,訒庵
楊仲良,明叔,柳溪
楊仲雅,繼周
楊任,子重,烈愍,重之
楊任光,砥皆
楊任楓,慎修
楊企元,長卿
楊伊志,子任,胥江
楊伋,謙思
楊伯允,文川
楊伯巖,彥思,楊伯嵒,泳濟,泳齋
楊伯循,循禮
楊伯柯,直甫,謙益
楊伯淵,忠簡
楊伯潤,佩夫,南湖外史,茶禪
楊伯雨,楚望
楊伯顏,忠烈
楊似祖,石舫
楊似雲,伯雄
楊位,德興
楊佐,公儀
楊佐國,荊湖
楊佑廷,一臣,翊宸,萊峰
楊余椋,華林
楊作,次文,白雲子
楊作楨,瑞齋,薪菴
楊作楫,子晉,汝舟
楊作舟,濟川,齊川
楊佩璋,子珍,湘帆,筱村
楊佩芝,秀三
楊佩訓,仰恂,維式
楊侃,發齋
楊侃如,景陶,直庵
楊來鳳,伯羽
楊侑,恭皇帝
楊侗,恭皇帝
楊依斗,筱亭
楊俊,季才
楊俊卿,介菴
楊俊士,伯賢
楊俊彥,伯美,毓菴
楊俊德,克明
楊俊民,士傑
楊保,建齋,念蘧
楊保彝,奭齡,瓻庵氏,鳳阿
楊信,以成
楊信恆,崇文
楊修章,治亭
楊倓,子靖
楊倚,永年
楊倩玉,秀姑,羊市女子
楊倫,九柏山房,敦五,敷五,毗陵七才子,毘陵七子,羅峰,西河,西禾
楊偀,素鑑
楊偉,季眞
楊偕,次公
楊偘,光杲
楊健,任庵,禦六
楊偰,子寬,惠懿
楊傑,拱北
楊傑只哥,拔都
楊備,修之
楊傳棨,屺懷,慕如,槐溪
楊傳第,汀鷺,聽臚
楊僅,澄齋
楊僎,邦臣
楊儀,仲立
楊儀韶,屏垣,翼如
楊億,大年
楊儒,子通
楊儒魯,平石,得之
楊儲,元秀,毅齋,鐵面御史
楊儻,楊讜
楊允,執中
楊允中,祖堯
楊允孚,和吉
楊允恭,謙仲
楊允真,無識
楊允繩,忠恪,抑齋,翼少
楊元,長才
楊元亨,伯進
楊元卿,正臣
楊元吉,來貞
楊元坦,友直
楊元定,元定
楊元愷,湘石
楊元杲,文素,楊元果
楊元璫,聖偉
楊元申,貫汀
楊元祥,曰泰
楊元第,雲庵
楊元興,雲浦
楊元錫,康侯
楊元龍,楊元隆
楊兆,夢鏡
楊兆中,小川
楊兆傑,又仁
楊兆和,由菴
楊兆堭,古生
楊兆昌,春圃
楊兆李,仲燮,夢蓮
楊兆璜,古生,飱秋
楊兆運,夢齡,桃西,鐵香
楊兆鋆,誠之,須圃,須曼廬,須曼精廬
楊兆鏊,信之
楊兆隆,兆龍,剛慧,汝基
楊兆魯,青巖
楊兆麒,琢齋,錫臣
楊兆麟,次典
楊先棻,茹香
楊先澤,楊先英
楊先英,楊先澤
楊先進,用之
楊光儀,庸叟,香吟
楊光先,長公,長工
楊光楣,蓮鏡
楊光溥,文卿
楊光照,厚存,養拙
楊光美,仲和,楊美
楊光訓,汝若,華端
楊克,道孚
楊克一,道孚
楊克恭,德基
楊克昌,景周
楊克讓,慶孫
楊全,寶行
楊全蔭,芬若
楊公俊,君穎
楊公則,君冀
楊公度,元宏,玉峰
楊公弼,彪之
楊公榮,仲仁
楊公甫,宮余
楊公畿,曾魯,第起五,至甫
楊公羽,雲翁
楊公衍,維昌,繼昌
楊公遠,叔明,野趣
楊六,臨淄縣主
楊其休,振孫
楊典訓,伯康
楊再甲,首山
楊冕,松山
楊冠,尙文
楊冠卿,夢錫
楊冲,飛卿
楊凌,恭履
楊凌漢,傑人
楊凌閣,仲唐,允齋,遁庵
楊凝,三楊,懋功
楊凝式,希維居士,景度,楊虛白,楊風子,癸巳人,關西老農
楊凝淞,睿生
楊凝照,乙帆,亦凡,映藜
楊凱,江亭,賡起
楊則之,彝老
楊剛中,志行
楊劭惟,偲甫,怡園
楊勉,子學
楊勉學,仲潛,菊塢
楊勛,介子
楊勝岳,芥澍
楊勝桂,馥堂
楊勝檊,竹屏
楊勝達,暢園,陽園
楊勝雲,雨亭
楊勳,功讓
楊勳德,谷軒
楊匯,源澈
楊升雲,雲衢
楊卓,立堂,鶴然
楊博,惟約,文敏,楊愽,楊漙,虞坡,襄毅
楊卯君,雲和
楊卿雲,星衢
楊去盈,流謙
楊友勝,鹿溪
楊友直,敬齋先生
楊友聲,鶯谷
楊叔器,德周,東岡
楊叔方,學睡
楊叔濟,濟叔,第壬一,若濟
楊受百,廉丞
楊受祐,保之
楊受祜,保之,葆之
楊可大,業甫
楊可春,宜之
楊可繩,其武
楊可震,東園,東閔
楊吉,夢龍
楊吉老,克一
楊同善,克一
楊同福,師載,思贊
楊名,實卿,方洲
楊名寧,武屏,簡在
楊名揚,燕山
楊名時,凝齋,凝齋先生,文定,賓實,賡實
楊名標,實庭,輝世
楊名正,實先,梧峰
楊名穀,江亭
楊名耀,毖齋
楊名聲,江亭
楊名貴,錫三
楊名颺,崇峰,崈峰
楊向春,野壓,體仁
楊向榮,益堂
楊向芸,書田,香遠
楊君璽,廷信
楊呈秀,子實,洙源
楊呈芳,有恩
楊告,道之
楊周,道甫
楊周憲,覺山
楊命九,一松
楊和,平仲
楊咸章,晦之
楊商佐,子揚
楊啟後,昭堂
楊善,幼淸,忠敏,忠敬,思敬,敬思,興濟伯
楊善德,樹堂
楊喬年,壽之
楊嗣參,唯叔
楊嗣復,孝穆,慶門,楊三,繼之
楊嗣昌,子微,文弱
楊嗣曾,兩松
楊嗣沅,湘帆
楊嗣海,耀亭
楊嗣璟,星亭
楊嗣秉,去三
楊嘉,則剛
楊嘉棟,小雲,松崖
楊嘉瑞,興甫
楊嘉祚,寨雲
楊四畏,敬甫,知菴
楊四知,元述
楊國勛,成周,澹園,養齋
楊國寶,應之
楊國楨,海梁
楊國濟,保丞
楊國璋,璧人,達夫
楊國相,工亮
楊國聲,廣譽,西崖
楊國興,楊元
楊國頤,儀臣,怡臣
楊在韶,瑤圃
楊在餘,節愍
楊圭,國瑞
楊圻,野王,雲史
楊均,仲平
楊坦,彝思,素書
楊垂,可庵,戴春,統甫
楊垕,子載,恥夫
楊城書,香林
楊埴,永謀
楊執一,太初
楊培,伯深,心畬,心畲
楊培元,蔭堂,薩堂,陰堂
楊培年,心田
楊基,孟載,眉庵
楊堅,文帝,文皇帝,那羅延,高祖
楊堯佐,協堂
楊塏,爽泉
楊塤,景和
楊塽,允昭
楊墉,亦垣,勤甫
楊增新,子周,靜生,鼎臣
楊增犖,延真,昀谷,滋陽山人
楊增瑛,湄村,英玉
楊增輝,寅谷,璨園
楊壐,輯五
楊士(仕)訓,尹叔,楊仕訓,盤菴
楊士倧,原父
楊士元,仁甫
楊士凝,立誠
楊士奇,僑仲,文貞,東楊,東里先生,楊寄,楊寓,楊遇,羅寓,西楊,西陽先生
楊士弘,伯謙
楊士彥,完邱,應聘,海客,滄海,蓬萊
楊士徽,若游
楊士惇,崇樸
楊士文,冠三,吉園
楊士昌,汝茂
楊士晟,曙新,蔚霞,藕船
楊士欽,魯丞
楊士漢,子泉
楊士炌,楊世炌
楊士燮,味春,味純,蔚春
楊士琦,杏丞,杏城
楊士真,弘諒
楊士端,子方
楊士聰,朝徹,胡徵,鳧岫
楊士芳,蕓堂,蘭如
楊士衡,季平,暎霞亭,漁隱
楊士訓,尹叔
楊士達,崇福
楊士選,有貞
楊士鉊,俞皋,槐亭
楊士雲,弘山,從龍
楊士驤,文敬,萍石,蓮府,蓮甫,超甫
楊士龍,明夫
楊壯行,伯學
楊壽,德邵
楊壽孫,受祉,鹿岑
楊壽寶,夢園主人,鶴卿
楊壽彤,惠皆
楊壽慈,伯畬
楊壽杓,少雲,楚孫,蘅意
楊壽枬,味雲
楊壽楠,味雲,苓泉居士
楊壽榛,浣芬
楊夑,芝泉
楊夔生,伯夔,浣薌
楊夢信,材翁
楊夢惠,彦仁
楊夢斗,仰福,山父,第八
楊夢松,公兆,聽庵
楊夢符,六士,西岑,西躔
楊夢陶,忠靖校尉
楊夢魁,岳孫,應壬,成父,第百百
楊夢龍,雲徵
楊夢龜,壽明,壽朋
楊大光,仲約
楊大全,壽哥,第八十一,行甫,道夫
楊大受,受之
楊大堉,雅輪
楊大容,心如,惺予,莘畬
楊大建,石峯
楊大承,亮元,季子
楊大明,明瞻,至樂子
楊大本,景和
楊大法,元範
楊大淵,肅翼
楊大琛,寶研,謙山退士
楊大異,同伯,愚齋
楊大章,章之
楊大臨,治卿
楊大芳,一樵
楊大進,翰序
楊大鑅,琴香
楊大雅,子正,楊侃
楊大鶴,大鵾,芝田
楊大鼇,用極
楊天倪,致一
楊天孫,雲錦
楊天德,君美
楊天惠,佑父,回光
楊天文,九皋,就皋
楊天柱,楊銘柱
楊天植,篤材
楊天民,正甫
楊天澤,守愚子,履齋
楊天瓊,瑤甫
楊天眷,一齋
楊天祥,興寰
楊天縱,景聖
楊天芳,叔芳
楊天霖,雨生
楊太冲,不盈
楊太榮,崇仁
楊奇,松坡,秀夫
楊奇璇,伯衡
楊奇遇,傳三,巽望,椿壽,第二
楊奉春,世元
楊奎,陳昌世
楊奎生,仲翰
楊奐,文憲,煥然,紫陽
楊奕紳,警菴
楊奭,芾林
楊好生,樹滋,錦堂
楊如山,少游
楊如浩,菊裳
楊如溥,少南
楊如瑶,西望
楊如蘭,畹春
楊妙真,四娘子
楊威,震亨
楊婉如,漢卿
楊婉素,叔卿
楊媛,叔姬
楊子器,十七,名父,柳塘
楊子實,中孚
楊子文,明熙
楊子楚,葵芹
楊子祥,吉甫
楊子禎,楊子稹
楊子臣,維人
楊子謨,伯昌,浩齋
楊子麟,琴如
楊存,存之,正叟
楊存中,楊沂中,正甫,武恭
楊存理,天根,性夫
楊孝寬,墨池,墨痴,裕安
楊孝誠,曉芸
楊孝騏,楊孝彪
楊孟瑛,温甫,溫甫
楊孟芳,景春
楊季鸞,紫卿
楊學,文斅,文斆
楊學敏,希文,時卿
楊學文,必節,竹澗
楊學易,琴最,羲承
楊學李,希聖,明齋
楊學沂,綬卿
楊學泗,魯嶧
楊學禮,立夫
楊宇,子麻
楊守一,楊守泰,象先
楊守仁,嘉復
楊守儉,姒音
楊守勤,克之,昆阜
楊守愚,子發
楊守敬,惺吾,晦明軒,望古堂,望堂,激素,觀海堂,鄰蘇,鄰蘇園,鄰蘇老人,飛青閣
楊守珍,仲寶
楊守知,晚研,次也,致軒
楊守禮,南澗,秉節
楊守範,陳守範,靜閑
楊守約,巨峯
楊守范,靜閑
楊守謙,允亨,恪愍,次村
楊守閑,禮持
楊守阯,惟立,碧川,維立
楊守陳,十一,文懿,維新,鏡川,鏡川先生
楊守隅,維德,默菴
楊守隨,康簡,惟貞,文湖,納貞,維禎,維貞,貞菴
楊守魯,允得
楊安,勉之
楊安國,君倚
楊安誠,道父
楊完,德金
楊完澤,孝先
楊完者,彥英,忠愍
楊宏,容堂,希仁
楊宏中,充甫
楊宏備,無我
楊宏器,左法
楊宏科,意白,融博
楊宏道,叔能
楊宗仁,天爵,淸端
楊宗伯,禮卿
楊宗堯,從道
楊宗惠,敦夫,楊忠惠
楊宗敏,楊地仙
楊宗旦,次周
楊宗昌,永庵
楊宗本,宗本
楊宗武,燮周
楊宗氣,子正,活水
楊宗海,伯融
楊宗濂,潛齋,潛齋主人,聊自娛齋,藝芳
楊宗濟,作舟,用舟
楊宗瑞,廷鎮
楊宗禮,敬軒
楊宗稷,九嶷山人,時百
楊宗訓,源淸
楊宗閔,忠介,景賢,魏國公
楊宗震,仲起
楊定,應之
楊定國,淸宇
楊宛,宛叔
楊宜,彥理
楊宜三,雨田
楊宜中,行可
楊宜崙,賓國
楊宜治,虞裳
楊宜芬,宜芬公主
楊宣,浚明
楊宣之,存齋
楊家源,鞠孫
楊家相,君卿
楊家驥,德孫
楊家龍,惕若
楊宸,起肅,起蕭
楊宻,景稠
楊寅,敬伯
楊寅生,統人
楊寅秋,羲叔,臨皋
楊寓,楊遇
楊寔,南里,誠之
楊寘,審賢
楊察,宣懿,隱甫
楊寧,彥謐
楊寶武,雅亭
楊寶臣,湘蕓,鐵臣
楊寶賢,慎齋
楊寶鏞,序東,篴盦
楊導,叔簡
楊尚煐,芝雲
楊尤奇,如西
楊居,溫如
楊居實,貞一
楊居寬,子裕
楊居簡,子敬,正惠
楊居義,子宜
楊屋,子載,恥夫
楊履垣,吉軒
楊履基,履德,惕齋,鐵齋
楊履晉,康侯
楊履正,子順
楊履泰,子安,耕心老人
楊山,伯鎮
楊山龍,云骧,公保,第百一,雲驤
楊屾,雙山
楊岦,維嶽
楊岳,雲蓋
楊岳斌,勇愨,厚庵,厚菴,問竹軒,楊載福
楊岳東,愚山,曉岩,鳳泉
楊峒,書岩
楊峴,庸齋,見山
楊峻,惟高,維高
楊崇,尚賢
楊崇伊,正南,莘伯
楊崇勳,寶臣,恭毅
楊崇康,壽山,遐齡
楊崈,景山
楊崙,昆濤,星源
楊嵎谷,麗中
楊巍,伯謙,夢山
楊州儒,汝為
楊州彥,倩公,宣樓
楊巨卿,信甫
楊巨源,景山,楊十二
楊巨鯨,文瀾,霽嶼
楊巽申,剛中,熟齋
楊布銓,硯芬,視芬
楊布震,慎知
楊希彪,子麟
楊希曾,東軒,申一,魯公
楊希淳,道南
楊希賢,敬仁
楊希鈺,研培
楊希銓,仲衡,研芬,硯芬,菘畦
楊希閔,臥雲,鐵鏞
楊師孔,冷然,願之
楊師孟,小樓
楊師道,景猷
楊師震,子畏
楊常,叔倫
楊幹,之才
楊幼度,叔憲
楊庚,星山,星珊
楊度,九九,學佛,帝制餘孽,楊周公,楊承瓚,湘潭楊氏,皙子,虎公,虎禪,虎禪師,虎頭陀,釋虎
楊度汪,勖齋,若千
楊庭傑,子厚,文安
楊庭堅,公實,吉老,慶郎,第祖大
楊庭碩,伯寬,雪堂
楊庭芳,孟仁
楊庭顯,時發
楊庶堪,滄白,邠齋
楊康,君表
楊庸,子忠,潛齋
楊廉,文恪,方震,月湖,月湖先生,畏軒
楊廣欽,敬符,窗軒
楊廣（隋煬帝）,世祖,明皇帝,煬帝,阿摩
楊延亮,昭節,月塘樵隱,菊泉
楊延俊,吁尊,菊仙,菊先
楊延年,玉暉
楊延慶,雲章
楊延昭,楊延郎
楊廷俊,秀升
楊廷傳,心貺,惺遠,星舫,鑾卿
楊廷儀,正夫
楊廷勳,廕堂,蔭堂,陰堂
楊廷和,介夫,文忠,石齋
楊廷宥,彥寬
楊廷寵,一亭,一齋
楊廷愛,思所
楊廷撰,述臣
楊廷望,兢如
楊廷棟,四輔
楊廷榕,翼南,蓼園
楊廷榜,含山,金山
楊廷樞,復庵,忠節,維斗
楊廷理,半緣,更生,淸和
楊廷琮,杏村
楊廷瑛,華亭
楊廷璋,勤愨,奉峨,奉莪,玉亭
楊廷璧,君璋
楊廷璵,春航
楊廷相,爕甫
楊廷筠,仲堅,安福,庭筠,彌格,泌園居士,淇園,鄭圃居士
楊廷耀,彤華
楊廷蘭,秀夫,芳臺
楊廷貴,汝弼
楊廷選,仲青,楊廷勷
楊廷鉁,香泉
楊廷錦,闇齋
楊廷錫,謹堂
楊廷騭,菊人
楊廷麟,文正
楊建,立三,竹坡
楊建廷,玉軒
楊建昭,澗泉,鑒泉
楊式榖,似之,稼生,貽堂
楊式穀,詒堂
楊引傳,薪圃,醒逋
楊引祚,湄崧
楊弘,河間王
楊弘慶,弘慶
楊弘綱,敦大
楊弘道,叔能,文節,素庵
楊彛,宗敘
楊彜,宗彜,萬松老人,銀塘生
楊彜珍,季涵,性農
楊彝,好德
楊彝珍,性農,湘涵
楊彥,邦傑
楊彬,文質
楊彭齡,商賢
楊得善,勵齋
楊得春,東卿
楊得質,文泉
楊從,存道
楊從禹,敷九
楊從義,子和
楊從龍,學海
楊復,楊名高
楊復吉,列歐,慧樓
楊復義,子宜,西淸隱士
楊復謙,祇園
楊循吉,南峰,君謙
楊徵,元卿
楊德,務本
楊德中,順英
楊德亨,仲乾
楊德容,西村
楊德峻,梁岡,洪岡,淇岡
楊德崇,康懿
楊德政,公亮,叔向
楊德春,子明,峻亭,曉嵐
楊德桂,坤載
楊德榮,燕京閭
楊德浩,松溪,百行
楊德澤,信菴,濟忠
楊德祿,悔軒,景綏
楊德誠,和卿
楊德貞,慧端
楊德鄰,德鄰,德麟
楊德鑅,仲琪,耀珊
楊德馨,維卿,芷亭
楊徹,朝如
楊徽,舜美
楊徽之,仲猷,文莊
楊心鎔,序東,慶車
楊必大,伯起
楊必謙,子益
楊必進,南樓,抑之
楊志,石甫
楊志伊,莘耕
楊志信,蘭如,行可
楊志學,五華,康惠,遜夫
楊志洵,景蘇,澹溪
楊志溫,幼梅
楊志濂,希逸,筱荔,評蓮
楊志道,聖階
楊志遠,西印
楊志隱,空靜
楊志體,具卿
楊忞,心傳
楊忠,本臣
楊忠華,靜庭
楊忱,明叔
楊忱中,德夫
楊念劬,庸齋,蔚齋
楊念惕,和盛,若臣
楊念祖,聿修
楊忻,存樸,質庵
楊思勗,祐之
楊思忠,南泉,孝夫
楊思敬,存之,惕庵
楊思玄,處寂
楊思立,立之
楊思義,次崖,肯堂,蜀亭
楊思聖,猶龍,雪樵
楊性,小鐵,秉中
楊性魯,誠宇
楊恂,以純,伯純
楊恆,本初,白鹿生
楊恆燦,杜若,蒼舒
楊恆福,月如,玉銘,雲岫退叟
楊恕,勉仁
楊恢,伯洪
楊恢元,大文
楊恩壽,蓬海,蓬道人,鶴儔
楊恩樹,汝桐,鳳岡
楊恩浦,庶民,篤臣,蔗民
楊恪,叔謹,磬齋
楊恪曾,雨梧
楊恭,秉虔
楊恭懿,元甫,文康,潛齋
楊惇,載夫
楊惇禮,穆仲
楊惟中,彥誠,忠肅
楊惟休,叔度
楊惟喬,幼植
楊惟寅,恭叔
楊惟平,君正
楊惟康,南陸,叔安
楊惟治,同野
楊惟相,無技
楊惟粹,龍洲
楊惟肖,與似
楊惠,子宣
楊惠元,心淮
楊惠心,孚仲
楊惪,心得
楊惺惺,柳枝
楊愈,希賢
楊愈茂,伯榮
楊愚,北峰,大智
楊愷,煦南
楊愿,原仲
楊慈德,竹溪
楊慎,升菴,文憲,新都,用修
楊慎交,楊昚交
楊慎言,中默,語可
楊慕侃,亦陶,子訚,甓庼
楊慧,定生
楊慧林,林下風,雲友
楊慶,郇王
楊慶之,笏山,雲五
楊慶恩,仁安
楊慶源,宗善
楊慶琛,廷元,絳雪老人,際春,雪椒,雪茉
楊慶琮,雲椒
楊慶麟,振甫,敬士,瓶麓齋
楊憑,嗣仁,楊十,虛受
楊憲,月菴
楊憲曾,愧長
楊應中,子貞
楊應元,伯仁
楊應奇,時望,西泉
楊應奎,文煥
楊應宿,宗辰
楊應文,子修,鳳麓
楊應時,澹所,際甫
楊應東,子仁
楊應標,勝材,南城
楊應琚,佩之,松門,秋水
楊應登,幼平,幼年
楊應聘,志尹
楊應藻,仲素
楊應詔,天遊山人,邦彥
楊應詢,仲謀,康理
楊應辰,大遇,惠高,真惠,第萬一
楊應霆,文轟
楊懋,克勤
楊懋建,掌生,爾園,蕊珠舊史
楊懋恬,和甫,雪颿
楊懋珩,桐石,稹甫
楊懋經,九有
楊懌,悅甫,用懌,第三十八
楊懌䥸,挹峯,挹峰
楊懌曾,介坪,咸甫,成夫
楊懌銓,曉香
楊懌鑾,超峯
楊懷震,旦齋,西卿
楊懿孺,彝父
楊成,全卿,水田
楊成名,志完
楊成域,濟山
楊成材,超用
楊所修,修白
楊扶,圖南
楊承信,守真,楊信
楊承愻,名雲,竹雲
楊承澤,輔山
楊承照,杏農
楊承祖,大宗
楊承福,名遠
楊承禧,懥庵居士,致存
楊承閔,子孝
楊承鯤,伯翼
楊振,楊文振
楊振鴻,秋帆,誌復
楊振鵬,瘦竹
楊挺高,叔謙,維齋
楊捷,元凯,敏壯
楊捷三,少泉,少石,敏文
楊掀,潛叔
楊掄,方叔,蓮趺
楊掞,純父,純甫
楊揆,同叔,桐華吟館,桐華館,瓔珞香龕,荔裳
楊揆龍,誠之
楊損,楊僕射,楊勛
楊損之,益之
楊搢,永叔,蘊山
楊摛藻,樸庵,錦園
楊撫,二十三,安世
楊操,履貞
楊收,成之(藏之),藏之
楊政,以仁
楊敏,依仁,桃湯
楊敏中,俊之
楊教化,襄敏
楊敞,尙文
楊敦仁,仲遠
楊敩,學山,念齋
楊敬之,楊八,茂孝
楊敬修,景堂
楊敬惪,仲禮
楊敬直,忠肅
楊敬秩,敘五,西村
楊敬遠,子嘉,芝槎
楊敷,楊溥,震卿
楊文,貫道
楊文之,簡堂
楊文乾,元統,霖宰
楊文仲,時發,見山
楊文修,中理,楊佛子,楊修
楊文光,誠甫
楊文卿,質夫
楊文和,芝農
楊文安,泰叔
楊文岳,京宜,斗望
楊文廣,仲容
楊文彩,一水,治文
楊文志,思武,思道
楊文揚,藻壇
楊文擧,宜菴,楊文舉,直卿
楊文明,仲謨
楊文春,叔平,啟發,繡軒
楊文會,仁山
楊文正,天柱
楊文濤,榆園
楊文煒,彤臣
楊文煥,太素
楊文照,劍潭,得天,芋庵
楊文熙,乾庵,敬亭
楊文燦,谷士
楊文瑩,雪漁
楊文紀,溫範
楊文舉,松亭
楊文蓀,秀實,蕓士
楊文蔚,夑卿,煥卿
楊文薦,又如,幼宇,忠節
楊文蘭,佛奴,香九
楊文詡,巨卿
楊文逸,慕賢
楊文郁,從周,損齋,文安
楊文鍇,循園,鬯孫
楊文震,明叟
楊文驄,一山,子山,洵美堂,阿龍,龍友
楊文鼎,俊卿,晉卿
楊斌,兼子
楊新甲,振華,艾山,西園
楊方,子直,淡軒老叟
楊方春,宏發
楊方立,中甫,念中,白存,默堂,默齋
楊方興,浡然
楊方達,扶蒼,符蒼
楊於果,審岩,碩亭
楊於陵,楊三,貞孝,達夫
楊旂,汝章
楊无咎,補之
楊日休,垂美
楊日嚴,垂訓
楊日宣,垂裕
楊日昇,旭孟,白石
楊日言,莊簡,詢直
楊日都,慶堂,賡堂
楊旦,明甫
楊旬瑛,似公
楊昂,夏卿,新哥,漢卿,第五
楊昇,孟潛
楊昉,彥明
楊昌,竹唐
楊昌宇,蓮汀,青士
楊昌江,劭柏,柱石
楊昌泗,剛介,濂泉
楊昌濟,懷中,華生,闆倉老人
楊昌濬,石泉
楊明,士昂,士昻,楊青
楊明復,復翁
楊明德,朗軒,釋經
楊明時,不棄
楊明月,依依
楊明琅,質人
楊明瑞,庭輯,延楫,廷楫,廷輯
楊明輝,清叔
楊昕,希黯
楊星階,星卿,景卿
楊映奎,星臣,聚五
楊昤,厄仲,旭仲
楊春,元之,留耕
楊春池,夢連,秋苑
楊春芳,四知
楊春茂,奎東
楊春陽,鏡川
楊春階,地橋,旭嶠
楊昭,世宗,孝成皇帝
楊昭儉,仲寶
楊昭華,韻侯
楊昭述,宗魯,景魯
楊是甫,德師
楊昹,永明
楊昺,文昭
楊時,中立,文靖,行可,龜山先生
楊時中,庸齋
楊時儼,士衡
楊時化,季雨,沁湄,蘋閣
楊時喬,六十一,宐遷,宜遷,楊時寧,止庵,止菴,端潔
楊時寧,子安,小林
楊時暢,知休
楊時泰,道亨
楊時煦,庸齋,春卿
楊時秀,叔茂
楊時薦,賢甫
楊時雍,宇安,鷺洲
楊晅,以貞
楊晉,子馬
楊晉藩,蕉隱
楊晙,冬可
楊晞,元暉
楊晟,泰峯
楊晨,定叟,定夫,定旉,定甫,崇雅堂,蓉初
楊景,如晦
楊景仁,育之,靜岩,靜間
楊景商,子起
楊景孟,嶧亭,浩軒,端甫
楊景宗,正臣,莊定
楊景廉,東材,東村
楊景思,成巳
楊景文,竹泉
楊景昌,鍾田
楊景淳,敦初
楊景煌,適庵
楊景猷,荻慶,載賡
楊景略,康功
楊景程,宗洛,雪門
楊景章,季含
楊景素,木業園,樸園
楊景芬,祖德
楊景行,賢可
楊景辰,載甫
楊景隆,伯淳
楊智,思明
楊智積,仲謀
楊暄,杏園,烈愍
楊暈,公明
楊暉,景陽
楊暟,好善
楊暢,海門
楊暹,景言,景賢,汝齋
楊曉春,惺齋,泰初
楊曉盷,春野
楊曜,景明
楊曰鯤,滄石
楊書最,恭庵,恭菴
楊書蕙,紉仙
楊書蘭,畹香
楊書詹,允臣,贊堂
楊書鞭,策軒
楊書香,芸坪
楊曾,景參
楊最,忠節,果齋,殿之
楊有仁,以義
楊有恆,北樵
楊有慶,履旋
楊有成,用之
楊有涵,能蓄,養齋
楊有源,筠峯
楊服彩,平齋,拾紫
楊朏,持正
楊朝位,要蓮
楊朝南,時輔
楊朝攦,華亭
楊朝棟,曹文龍
楊朝英,澹齋
楊朝藩,奕韓,滌山
楊朝鐸,和齋
楊朝鳳,應時
楊朝麟,堯藪
楊本仁,次山
楊本初,芝舫
楊本峻,蓮峯
楊本明,九峰樵隱
楊本深,季淵,西村
楊本然,舜擧,舜舉,龍溪
楊朴,文之
楊朶兒只,襄愍
楊材,楚良
楊杞,元卿,鱣堂
楊東,啓明
楊東明,啟修,啟昧,子旭,惜陰居士,晉安,晉庵,起修
楊東野,啟明
楊杲,孟暉
楊松,壽夫
楊松年,崑林
楊林盛,春浦,春溥,蒼浦
楊果,實夫
楊枝遠,季重
楊柄鋥,切齋,春樵,楊炳鋥,用庚
楊柏,允節,古崖
楊某,保救
楊某哲,茂道
楊柟,仲木
楊栻,雲黼
楊桂芳,小岩,馨源
楊桂蔭,肯堂
楊桐,時卿
楊桓,子威
楊梁,廷材
楊梅卿,子和
楊梓,康惠
楊棐,賓周
楊棟,元極,平舟
楊棨,大拯
楊森,偉臣
楊棲鶚,木於
楊棻,德順,酅公
楊椅翁,安叔
楊植,爾立
楊椿,農先
楊椿年,又元
楊楙瑔,雪樵
楊楚枝,雲根,雲極
楊楧,國材
楊楫,允通
楊業,繼業
楊極,楊拯,齊物
楊概,孔平
楊榕林,欣如
楊榦,之才
楊榮,毅軒
楊榮宇,耀堂
楊榮第,蔭軒
楊榮緒,黼香
楊榮緖,孟桐,楊榮,浦香,黼香
楊榮陞,級堂
楊榮隰,材美,竹友
楊構,雲工
楊槮,子喬,石川
楊樂閔,訚如
楊樊龍,伯霞
楊樗年,茂良
楊標,朱標
楊樞,愼齋,運卿
楊模,範甫
楊樸,克淳
楊樹,松窗,求心得齋,澡雪堂,珍林
楊樹基,瀛濱,裕光
楊樹本,蔭軒,薩軒
楊樹棠,荷舫
楊樹琪,瑤圃
楊檟,毓奇
楊權,用中
楊次山,仲甫
楊次鄭,仲富
楊欽,敬之
楊欽琦,亦韓,葉航,魏卿
楊正中,爾茂
楊正祥,吉臣
楊正經,懷玉
楊正苾,惺弦
楊正觀,小瀛,曉寅,覲臣
楊武,宗文
楊武仲,子臧
楊武烈,澹中
楊歸儒,季中
楊殿奎,叔賡,夙根
楊殿梓,琴齋,雨崖
楊殿邦,壘雲,疊雲,翰屏,翰平,菜香小圃館,鶴平
楊毅成,竹泉
楊毓健,乾齋,力人
楊毓泗,子泉,潤東
楊毓良,心壺
楊毓藻,翰華
楊毓蘭,東始
楊毓貞,韞秀
楊毓麟,篤生,衋庵
楊氏,越溪楊女
楊氏(孫陞妻),楊文儷
楊氏(楊元嗣女),永樂公主
楊氏(趙恆妃),章惠
楊氏（元獻皇后）,元獻皇后
楊永傑,卓菴
楊永寧,地一
楊永斌,壽廷,陸山
楊永祜,元錫
楊永節,公操
楊永衍,椒坪,蕃昌
楊永言,岑立
楊永詳,盛如
楊永道,履坦
楊汝偕,仁皆,同士,小泉
楊汝允,十三,惟明,懋功
楊汝南,彥侯,快然居士
楊汝士,慕巢,楊六
楊汝文,蘭堂,黼堂
楊汝明,叔禹
楊汝榖,令詒,令詔,令誥,令貽,勤恪,石湖,靜用齋
楊汝樟,巨卿
楊汝濱,覲文
楊汝穀,令詒,令貽
楊汝立,惟誠
楊汝經,石夫
楊汝輔,惟德
楊汝鏊,奐周,詠花
楊汪中,季子
楊汲,淸父
楊沂,子興
楊沂孫,子與,濠叟,觀濠居士,詠春
楊沐,子新
楊沔,東之
楊沖,飛卿
楊治寧,階平
楊泗孫,濱石
楊泗洪,錫九
楊泮,十四,文淵
楊泰,天寵
楊泰之,克齋,叔正
楊泰亨,理菴
楊泰來,小田
楊泰起,秋圃
楊泳春,汝欽,舒和
楊津,汝問
楊洪,宗道,昌平侯,楊王,武襄,頴國公
楊洪勛,崧屏,蓮峰
楊洪士,東瀛
楊洪才,拙生
楊洵,崑源
楊浚,子元
楊浣雨,楊沅雨
楊浩,春濤
楊浩然,秀山
楊海,事齋,汝容
楊涓,碧秋
楊涘好,婉琴
楊涵,映千,月峰
楊淑修,敬庵,曉材
楊淑媛,幼荃
楊淑貞,端一
楊淞,公謹
楊淮,東川,果齋
楊深秀,一邨,儀村,孴子,孴孴子,楊毓秀,漪春,漪村,漪莼,漪邨,甓居山房,雪虛聲堂
楊淳,淳夫
楊清,汝正
楊清一,元潔,逸峯
楊清材,琴珊
楊清澤,銳泉,鏡泉
楊清魁,冠瀛,鑒潭
楊渙,德濟
楊渤,啔隆
楊渭起,少望
楊游,季常
楊渼好,婉琴
楊渼皋,婉蕙
楊湄,伊溪,文在
楊湜,彥淸
楊湝,滙南
楊湯,仵朗
楊源,忠懷,本淸,貴潔
楊源懋,勉齋
楊準,汝正
楊溢,宗謙
楊溥,利川
楊溫,恭仁
楊溶,硯農,遹甫
楊滉,孔明
楊滋,天澤
楊漌,楊瑾
楊漢公,楊九,用乂
楊漢皋,婉惠
楊漢章,雲坡
楊漢英,中齋,忠宣,熙載
楊漣,大洪,天孺,忠烈,文孺
楊漵,武溪
楊潤,伯玉
楊潤富,濟生
楊潤身,雨亭
楊潭,映千
楊潮觀,宏度,笠湖
楊澂,元卿
楊澄,憲父
楊澄鑒,伯衡,扶雅
楊澈,朝如
楊澍,慰三,雨亭
楊澍先,筿皆,雨蒼
楊澍增,楊樹曾,楊澍曾
楊澤,商霖
楊澤山,伯咸,子通,潤生
楊濂,伯淸
楊濟,濟道
楊濟時,建達,省吾
楊濤,執珪
楊濬英,海門
楊濯,石齋
楊濱,幼溪,瀚卿
楊瀚,禮仁,豈淮,豐泓,體仁
楊瀛,蟠洲
楊瀠,楊蒙
楊瀹,南郛,弘功
楊瀾,晴嵐
楊灝,復葊
楊灦生,幼簡,香厓
楊炎,公南,小楊山人,平厲,楊七
楊炎昌,劭農,少農,鍾武
楊炎正,濟翁
楊炤,明遠
楊炳,子萱,蔚生
楊炳勛,小煦,硯珊,硯香
楊炳咸,西舫
楊炳堃,硯徵書簃,蕉雨
楊炳星,書元
楊炳春,漱蕓,漱雲
楊炳鋥,切齋,春樵,用庚
楊為棟,隆吉
楊為棫,楊為域
楊為龍,寥園
楊烈,子承
楊烱,楊七,楊盈川
楊無咎,易亭,正孝先生,震伯,震百
楊煃,東垣,聚五
楊煊,桂堂,煦亭
楊煒,星園,槐占
楊煥,文伯
楊煥南,暘之
楊煥斗,文光
楊煥章,夢蕉
楊照,明遠
楊熙,子明
楊熙之,緝甫
楊熙業,眉洲
楊熙止,可行,大峰,楨父
楊燕奇,燕奇
楊燦基,杏村
楊燧,心緯
楊燫,烈愍
楊爵,伯修,伯珍,伯脩,忠介,斛山
楊爾德,升聞,質為
楊爾昌,安惠
楊爾淑,敬菴
楊爾皓,素臣
楊爾讓,能禮
楊牢,松年
楊獎,懋德
楊獬,丑丑,正伯,武子,第百一
楊獻可,子襄
楊玄略,子遠
楊玉,待齋
楊玉姿,玉姿
楊玉環,太真,楊貴妃
楊玉科,武愍
楊玉蓮,馨雲
楊玉銜,鐵夫
楊王休,子美
楊王廷,楊玉廷
楊王發,右周,春山
楊玠,承玉,繼齋
楊玢,靖夫
楊玨,雙玉
楊珂,汝鳴
楊珊珊,珮聲
楊珍,國寳
楊珍秀,稼邨
楊珏,君寶,簡齋
楊珖,秀學,秀峯,秀峰
楊珙,懷英
楊珠,淑貞
楊珮,仲玉
楊珽,瓊華
楊現,廷蘊
楊琅,朝重
楊理,貫之
楊理向,濟寬
楊琇,倩玉
楊琚,朝用
楊琛,十二,叔瓛
楊琦,亦韓,宏甫,第六
楊琪,寶臣
楊琪光,仲琳
楊琬,山齋
楊琮,以凝
楊琰,用思
楊琳,君全
楊瑀,文珮
楊瑄,玉符
楊瑋,景奇
楊瑛,崗雲,嵩雲
楊瑛昶,印蘧,米人
楊瑛棨,嵩雲
楊瑛森,英玉,鶴亭
楊瑛青,碧珠
楊瑝,楊煌
楊瑞,帷賢
楊瑞雲,肖韓
楊瑩,大潔
楊瑯樹,孝齋
楊瑱,安如
楊瑶,楊珣
楊瑾華,映蟾
楊璇,機平
楊璉,可權
楊璋,廷宜
楊璐,潤玉
楊璘,貢琛
楊璛,荊石
楊璜,半玉,半雲,澹若
楊璞,契玄,東野,楊樸
楊璟,武信,營陽侯,芮國公
楊璡,文玉
楊璥,執玉,若虛
楊璧,應奎,楊壁
楊璨,仲玉,璞菴
楊璪,溫如
楊璲,廷佩,廷珮,靜軒
楊璽,瑞圖,瑞齋,輯五
楊璿,師貴
楊璿華,楊瑄華,蘊萼
楊瓊,叔玉,迥樓
楊瓊林,紫享,紫亭
楊瓊枝,伯龍
楊瓌寶,器之
楊瓘,汝玉
楊瓚,宗器
楊用霖,洵若,雨臣
楊由義,宜之
楊甲,嗣卿,嗣淸,鼎卿
楊申,子應,文起,第一
楊畋,樂道
楊畏,子安
楊畏知,介甫
楊畸翁,畸翁
楊登,子先
楊登甲,東泉
楊登訓,鋻泉,鑒泉
楊登魁,步雲,象文
楊發,祿祥
楊白,元絜
楊皆,十九,同鄉
楊皓,肩目
楊益,光謙
楊益介,友石
楊直方,端甫
楊相,中峰,允立
楊相孫,敬在,艮翁
楊睫之,楊捷之
楊瞻,叔後,舜原
楊知容,克容
楊知新,元鼎,拙園
楊知章,雲山老人
楊知至,幾之
楊石,介之
楊砥,大用
楊礪,楊勵,汝勵,汝礪
楊祁麗,祁麗
楊祐,丹泉先生,二十三,晉卿,汝承
楊祖,自新
楊祖培,雲孫
楊祖堯(光),楊祖光,述甫
楊祖恕,仲如,近齋
楊祖憲,星若
楊祖成,伯振
楊祖楫,乘萬
楊祖純,粹中
楊祖蘭,惠孫,穗生
楊祖識,世孫
楊祚,慶之
楊祜,受夫
楊神威,靈均
楊祥,孟禎
楊福,伯昌
楊福煌,暉庵
楊福田,萬春
楊福祺,君耆,陽湖逸叟
楊福臻,聽梧,駢卿
楊福豫,祺海,順侯
楊禮,以敬
楊禮和,節之
楊禹傳,楊禹傅
楊秀,掄升
楊秀俸,會華,會菴,魯華
楊秀實,茂才
楊秀岩,玉峰,鹿城
楊秀清,楊嗣龍
楊秀珠,碧如
楊秀藻,畹淸
楊秇,碩甫,雪湖
楊秉中,南里舟子,用之
楊秉夔,玉衡
楊秉桂,老辛,蟾翁,辛甫
楊秉模,陳謨
楊秉璋,宜伯,峨士,禮南
楊秉義,士宜,麟山
楊秉萃,癯仙
楊秉鑑,虛堂
楊秦,濟之
楊稷,宗璉
楊穎,茂實
楊穟,景實
楊立,正綱
楊立人,層山,成三
楊立先,花農
楊立旭,曉潭
楊立誠,以明
楊端叔,子正
楊端本,函東,樹滋
楊筠,禧堂,禮堂
楊管管,管管
楊節,居儉
楊範,禹疇,禺疇
楊篤,巩同,秋湄,稚劉
楊篤生,介菴
楊簡,居敬
楊簧,履春,方伯,竹圃
楊籌,伯明
楊粹,樸之
楊粹然,容川
楊紀元,本立,鏡湖,靜庵
楊約,君素
楊純,彥誠
楊純禮,卓峯,卓峰
楊純道,仁山
楊紘,祖綰
楊素書,種竹人
楊素蘊,弱玉,筠湄,筠眉,筠碧,芳臣,見山樓,退庵,退菴
楊紱章,慎齋
楊紹,紹宗
楊紹和,勰卿,協卿,彥合
楊紹基,克構
楊紹奭,穉棠
楊紹恭,子靖
楊紹時,待雪
楊紹炯,明甫,隱顛小史
楊紹祖,繼先
楊紹程,儒系
楊紹芳,伯傳
楊紹裘,冶堂,學良,餘山
楊紹雲,建太
楊紹霆,春聲,龍池
楊統,洪崖
楊綏燕,北屏
楊經,子正
楊綠綬,公垂,易軒
楊綬,宗敬
楊維,憲維
楊維坤,地臣,研堂,素堂
楊維培,仙根,篤庵
楊維寧,紫淵
楊維屏,大邦,翠岩
楊維嶽,五參
楊維庠,星君,星巖
楊維新,希周,望峯
楊維昆,璞山
楊維湘,寶田
楊維禎,廉夫,抱遺老人,東維子,鐵崖,鐵笛道人
楊維翰,子固,方塘
楊維聰,方城,達甫
楊維鎔,茂南
楊綱,道紀
楊綵,質甫
楊綸,理之
楊緒,曾遠,朗溪
楊緯,宗武
楊縉,廷紳
楊總,公元
楊繩武,昌倩
楊繪,元素,无為子
楊繹,宗嗣
楊繼先,思孝,肖吾
楊繼孫,叔宏
楊繼宗,承芳,貞肅
楊繼盛,仲芳,忠愍,椒山,椒山先生,楊父,關西夫子
楊繼祖,耘葛,蕓閣
楊繼禮,石閭
楊繼程,紹榮
楊繼端,古雪,明霞
楊繼經,傳人,菊廬
楊繼芳,仲延
楊繼袓,光宗
楊繼雲,錦堂
楊纘,矞昔
楊纘緒,式光
楊纮,望之
楊美益,五十八,以謙
楊義,崑嶽,昆岳
楊義忠,大書
楊翊,正臣
楊翊清,安溪
楊翔龍,振飛
楊翠疇,虛崖
楊翥,仲擧,仲舉
楊翮,文擧
楊翰,伯飛,息柯,海琴
楊翱,天池
楊翺,雲鳳
楊翼之,獻臣
楊翼武,燕庭
楊耀林,旭亭,靜軒
楊耀瑚,殷六
楊耿,國光
楊耿光,環溪,覲之
楊聖恩,萃菴
楊聖清,允甫,希夷,竹坡
楊聯桂,古香,馨山
楊聯祿,譽卿
楊聯第,捷三
楊肇懋,官亭
楊肇泰,六符,楊肇秦
楊胤賢,子容
楊能,文敬,武強伯
楊能格,仲良,季良,玉堂種竹生,簡侯
楊脫歡,景仁,謙齋
楊臣川,松岩,濟舟
楊自唐,翊淸
楊自欽,端叔
楊至,至之
楊至質,休文,勿齋
楊與立,子權,船山
楊興,晴孚
楊興國,愛日堂,芷庵
楊興宗,似之
楊興植,士滋,蓀圃
楊興護,子樓,白元
楊興邦,仁山
楊舜民,子春
楊舜賡,希白
楊舫,小橋
楊艮孫,山甫,慶宗,第仁一
楊良孺,子正
楊芃棫,瑟民
楊芝,淑秀
楊芝年,徵麗,綺簏,綺麓
楊芝茂,春峯
楊芬,瑤季
楊芳,平寰
楊芳燦,才叔,真率齋,芙蓉山館,花笑樓,蓉裳,雙溪詞客
楊芳騰,頤園
楊芷,文植,白兆山人
楊芸,子書
楊芾,若米
楊若,知類,義先
楊英燦,文叔,羅裳,蘿裳
楊英豪,紫溪
楊茀,大慶
楊茂,叔亨
楊茂仁,志道
楊茂元,志仁,麟洲
楊茂先,楊茂光
楊茂勳,楊茂勛
楊茂卿,士蕤
楊茂明,志澄,芝山
楊茂春,子東
楊茂論,鼎峯
楊莊,叔姬
楊華,世英
楊萊兒,蓬仙
楊萬春,松年
楊萬林,墨卿
楊萬程,志搏
楊萬里,万里,廷秀,文節,誠齋先生
楊葆元,古醖
楊葆光,古醞,蘇盦
楊葆彝,佩瑗,大亭山人
楊蔚,彥亨,梅溪
楊蔚春,子相
楊蔭堂,樾菴,誠菴
楊蕃生,素儒
楊蕙,廷秀
楊薦,尊己
楊薰,太和,清流臣子
楊藍韞,玉煙
楊藝,德明
楊藻,少梅
楊藻鳳,親玉
楊蘊,公含,漪青,空五
楊蘊輝,靜貞
楊蘭,亦園,漱香
楊處厚,純甫
楊虞仲,不欺子,少逸
楊虞卿,師臯,楊八
楊虞宮,叔華
楊蟠,公濟
楊行中,維慎
楊行健,乾行
楊行基,酅公
楊行密,化源,行愍
楊行立,知道
楊行道,中道
楊衍慶,善甫
楊衍蘊,晚香
楊衍飭,弘正,靜隱
楊衡,中師,仲師
楊袓堯,述甫
楊裕仁,翼堂,雨人
楊裕深,曉東
楊裕芬,敦甫
楊補,古農,無補,遺民處士
楊褫,介福
楊襄業,鳳巢
楊襲䭲,柳亭
楊西狩,華覲
楊覃,楊蟫,申錫
楊覲,樹侯
楊覲光,石堂,虔錫
楊覲圭,楊覲奎
楊觀,尚賓
楊觀光,用賓
楊觀曜,麗軒
楊觀治,溫甫
楊言,楊吉
楊訓,玄明
楊訥,李平
楊詠春,春薌,秀卿,雩鄉
楊詩南,可庵,端叔
楊詩墫,雪莊
楊該,唐彥
楊誘,倩玉
楊誠,敬方
楊誠一,介臣,簡齋
楊調元,仲和,孝羹,龢甫
楊諄,淳夫
楊謐,文寧
楊謙,伯恭
楊謙之,謙叔,謙山
楊謙珍,吉齋
楊謨,汝承
楊證,子諫,楊漢卿
楊譓,克明
楊譽,中美
楊讓梨,劭欽,邵欽
楊谷,筦湖,遷喬
楊谷汝,書田
楊豐紳,珂園,載書
楊象濟,利叔,嘯溪,汲庵
楊豫,桐瀛
楊豫孫,幼殷,朋石
楊豫成,立之,繹堂
楊豳,厚甫
楊貞淑,慧卿,藥生
楊貢,彥魁
楊貴,元宗
楊貴亨,愚谷
楊貽增,九如,九郊
楊賓,可师,大瓢,大瓢山人,耕夫,耘夫
楊賡飈,子皋
楊賢,公薦,東泉
楊贊勛,堯卿,竹書,雲史
楊贍,士寬
楊起元,體仁
楊起宗,仲起
楊起莘,崇哥,第三,莘老
楊起雲,岫青
楊起鳳,石儂
楊超任,莘田
楊超曾,孟班,文敏,駿驤
楊超松,伯喬,鶴洲
楊越,楊春華
楊車雅,伯慶
楊載,仲弘
楊載奇,一亭
楊載鳴,武東,虛卿
楊輔,介卿
楊輔世,昌英,達齋
楊輝斗,開敷,闇夫
楊迎鶴,九鳴,鳴九
楊迥,俊卿
楊迦懌,太痴生,文甫,未禪
楊迪,子成
楊述,宗道,蘭谷
楊述曾,二思,企三,企山
楊述綸,中理,仲理
楊适,時可
楊逈,居然
楊通久,武昆
楊通佺,聖期
楊逢春,仁甫,西渠
楊逢時,成山
楊逢泰,嶽東
楊逢祥,吉人
楊逢節,應時
楊連吉,匯徵
楊進,曰俊
楊進道,自勉
楊逵,康莊子,道夫
楊逵漸,雲賓
楊逸,君則
楊遇,惟良,浚湖
楊遇吉,晉生
楊遇惠,芳圃
楊遇春,步元
楊運昌,厚齋,子元,子立
楊運照,光波
楊運魯,孔居
楊道,師仁
楊道亨,九華山人,豫甫
楊道含,德載
楊道國,干乘
楊道夫,仲思
楊道成,楊道承
楊道會,惟宗,貫齋
楊道淳,穉常
楊道純,聖功
楊道賓,惟彥,文恪,穉实,維彥,荊岩,荊巖,荊巗,道賔
楊道鈞,子秉,福同
楊道霖,仁山,端書
楊達,文達
楊遜,宗讓
楊適,安道
楊遵,循德
楊選,以公,東江
楊邁,德夫,文簡
楊還吉,六謙,剋庵
楊邦乂,希稷,忠襄,晞稷
楊邦弼,良佐
楊邦彥,振聲,艮齋
楊邦憲,仲武,惠敏
楊邦藩,价人
楊郇伯,楊邠伯,楊郁伯
楊郊,東皋,華麓
楊酉,供齊,舫齋
楊酉明,仲起,傳哥,第四五
楊配篯,琴溪
楊重,質夫
楊重穀,伯修
楊重豰,伯修
楊重雅,慶伯,楊元白
楊金,重南
楊金濤,彥臣
楊金通,濁亭,黃理
楊金龍,鏡全
楊鈞,白心,重子
楊鈺,廷璽
楊鉁,汝奇
楊鉞,威之
楊鉽,仲子,式金
楊銓,仲衡
楊銘,哈銘
楊銜,叔冰,子卿,月樵
楊銳,叔嶠,蟬隱,鈍叔
楊鋸奎,丹樓
楊錄,廷書,省齋
楊錞,子於,晉和
楊錡,宗彝,樵寄
楊錦,尚綗
楊錦江,子酉,痴雲,袖海
楊錦英,春亭
楊錦雯,晩嵐,絅士
楊錫祿,柱菴
楊錫章,了公,子文,幾園
楊錫紱,勤愨,勤補軒,四知堂,方來,蘭畹
楊錫經,理章
楊錫芳,魯園
楊錫霖,砎石,雨農
楊錫麒,荔仙
楊鍊,德純
楊鍔,小泉
楊鍾,子辯
楊鍾岳,大山
楊鍾嶽,楊鍾岳
楊鍾琛,子穆
楊鍾祥,雲亭
楊鍾羲,儼山,子勤,雪橋
楊鎔,復城,德夫
楊鎡,南溪,應時
楊鎬,京甫,汝京,鳳筠
楊鎮,中齋,子仁
楊鎮梁,顯謨
楊鎮源,鏡帆
楊鎰,顯民
楊鏊,時濟
楊鏓,充平,克平,次嚴,毅齋
楊鏞,勉齋,顧鏞
楊鐸,斯覺,覺斯
楊鑄,大治
楊鑑,明之
楊鑣,南軒
楊鑰,啟之
楊長世,六逸,延會
楊長孺,伯大,伯子,子伯,文忠,文惠,東山潛夫,詩之
楊長年,健行,樸庵,西華
楊長泰,履安
楊長源,楊唐源
楊開,存之,泰生
楊開沅,用九
楊開泰,來三,履安,洱濱
楊開秀,實田,雲卿
楊開第,少陵,希白,熙伯
楊開聚,星齋
楊開鏡,朗巖
楊開鼎,奯竹居士,峙堂,峙塘,玉坡,致堂
楊陛,伯宣
楊陶,安師
楊陽浚,楊浚
楊隆禮,楊崇禮
楊際三,晉齋,鏡湖
楊際春,敬齋,樹勛,鳳山
楊際會,士遇
楊集,浩然
楊雍,西涇
楊雍建,以齋,同玄,抑隅,自西
楊雯,天章
楊雯農,笠夫
楊雲彩,四峯
楊雲服,衛京
楊雲關,雲菴
楊雷,古崖,起潛
楊霆,古岡,子威
楊震,子發,恭毅
楊震仲,節毅,革父
楊震式,淸卿,清卿,第三
楊震春,桃峯,竹亭
楊震武,淸卿
楊霈,慰農
楊霖,蘇生
楊霞,綺仙,荼蘼
楊霽,子和,曉村
楊靈崱,靈崱
楊靖,仲寧
楊靖恭,位侯,岳生
楊鞏,紹曾
楊韻,仲玉,小鐵,青笠散人
楊頀,柏溪,邁功
楊順,子備
楊順卿,明卿
楊頤,子異,蓉圃,蓉浦,蔗農
楊題柱,筠谷
楊顒,孚若,楊容,英山
楊顯之,楊補丁
楊顯聖,人鳳,德庵
楊飛熊,渭夫
楊飛鴻,肇春,衢雲
楊馝,靜山
楊騫,孝叔,意老,直孺,第念五
楊驤,子昂,子節
楊高仁,子音
楊高梓,琴溪
楊高椿,仙巖
楊高翔,巽園
楊魁,用元
楊鯁,捐堂,揭堂,諤堂
楊鳧,舄之
楊鳳,儀虞
楊鳳元,寅軒
楊鳳姝,葺城
楊鳳朝,丹山,致瑞,麓東
楊鳳毛,舜亭
楊鳳章,端夫
楊鳳翔,仲翱,翊廷,翼亭
楊鳳苞,傅九,傳九,南疆逸史,寥夷山館,小玲瓏山樵,楊秋柳,秋室,萸沜,萸沜生,西園老人,采蘭之簃
楊鳳騰,奎曉,梧崗
楊鳴遠,靜涵
楊鳴鳳,子儀
楊鴻元,澹泉,臚伯
楊鴻典,鵠山,鶴山,龍山
楊鴻吉,雁湖
楊鴻咸,時菴
楊鴻濂,慈鶴,湘賓,鏡秋
楊鴻猷,偉人
楊鴻觀,雍度,鸞溪
楊鴻逵,紹卿
楊鵬,雲鵬,飛卿
楊鵬南,九萬
楊鵬業,小滄
楊鵬飛,雲濤
楊鶚,子玉
楊鶴,修齡,淇園
楊鶴書,漱玉,飛泉
楊鷗,叔儀
楊鸞,可詩老人,子安,迂谷
楊鹿鳴,復明,賓叔
楊麒,仁甫,四泉
楊麗,娥英
楊麟伯,祥甫
楊麟香,少彜,少彝
楊麟高,東伯,漢閣,石人
楊默,子淵
楊黻,楊黼,民服
楊黼,桂樓
楊黼時,式袞
楊鼎,宗器,恥菴,莊敏
楊鼎來,小匡,柳岑
楊鼎勳,少銘,忠勤,鼎勛
楊鼎熙,伯鉉,緝庵
楊鼎甲,楊鼎和
楊鼎銘,健齋,恭先,機叟
楊鼎高,羹調
楊鼐,傑和
楊齊悊,楊齊哲
楊齊莊,楊鸞莊
楊齊賢,子見
楊龍偉,鄉雲
楊龍章,雲卿
楚兒,潤娘
楚嶼,海洲
楚建中,正叔
楚思義,義和
楚昭輔,拱辰,景襄
楚有才,倚相
楚材,晉卿,藝堂
楚某中,通叔
楚楷,叔度
楚煙,非烟
楚玉,白珩
楚登鰲,曉嵒,筆峰
楚裳,奕繡,百泉
楚銓,汝安
楞伽,支硎
業士鈺,二如
業布冲額,業普崇額,業普沖
榮侃,正言
榮僧,子仁
榮光世,樾堂,詠叔
榮全義,毅堂
榮和,育堂
榮善昌,吉人
榮垕源,仲泉,古傭,德葊
榮壽,子山
榮子邕,子邕
榮察,省夫
榮履豐,楫五,聲五,輯五
榮愷,舜舉
榮慶,華卿
榮振,起之
榮文祚,澤磐,祉宇
榮文達,可民
榮明,元潔,榮華,躬實
榮氏(榮懷節女),惠隱
榮汝寧,致遠
榮汝棻,椿年
榮汝楫,作舟,拙庵
榮汝誠,鳳岐
榮漢璋,雅三,雅山
榮濬,心川,橘仙
榮煜,紫封,鳳樓
榮熙泰,文治
榮爾奇,帶衡
榮福齡,華生,蠡湖散人
榮節,應中
榮肇,子興
榮薿,茂世
榮誥,紫封,鳳樓
榮諲,仲思
榮輯,子雍
榮錫楷,樹東
榮錫鵬,北滄
榮韶春,少庭
槊直腯魯華,武敏
樂三省,曾約
樂備,功成,順之
樂其雅,必所
樂又令,介冰,允諧
樂史,子正
樂善,為之
樂善文,善文
樂嘉藻,彩臣
樂均用,國寶
樂士宣,德臣
樂大原,君道
樂大章,聖錫
樂宗茂,岳宗茂,景德
樂宣,繼諧
樂弘懿,彥之
樂思忠,仲恕,祝融居士
樂思齊,齊賢
樂恭,果仁
樂應咸,幼鈞
樂才,子美
樂文義,思禮
樂新,子仁
樂方,士則
樂晟,幼誠
樂朋龜,兆吉
樂材,元修
樂某,樂氏
樂武,子謂
樂氏女,冲淑真人
樂洪,德秀,曲肱先生
樂淑元,椒生
樂玄,通才
樂玄德,寶積
樂玉,善德
樂理瑩,兆松,燮臣
樂章,宗堯
樂繼同,于埜
樂舜賓,宗堯
樂良,仲本,孝本
樂蘅,蘭史,蘭吏
樂輔政,趙氏
樂達,智通
樂選,舜舉
樂邦穗,歸禾
樂鈞,元淑,斷水,樂宮譜,蓮裳,青芝山館
樂錦,雲如
樂鏜,用鳴
樂鏞,聲遠
樂鑣,景隆,雲樵山人
樂陟,世遷
樂雷發,聲遠,雪磯先生
樂霖,民望
樂韶,茗原
樂韶鳳,廷瑞,舜儀,鳴瑞
樂頀,十一,木亭,鳴殷,鳴音
樂黃目,公禮
樊一蘅,君帶
樊世榮,柳塘
樊世祊,濟堂
樊世緒,子述
樊丙南,樊雁飛
樊仁遠,少從
樊仲冕,服周
樊仲文,戒盈
樊倣,一甫,北萊
樊允南,山齋
樊兆思,超伯
樊兆程,一鵬
樊光遠,茂實
樊冕,景瞻
樊凱,大振
樊初荀,穎川
樊名揚,學布
樊和,用節
樊咸修,慈東
樊圃,孟學
樊圻,會公
樊垣,伯師
樊執中,敬亭,聖傳,迂村
樊執敬,時中,獨航
樊增祥,五十射麝齋,兩艖符齋,兩艖舟符齋,十鞬齋,嘉父,嘉甫,夢溪老屋,天琴,天琴居士,天琴樓,天琴樓主,天琴老人,天隱老人,微雲榭,晚晴軒,東園,東溪,東溪居士,東溪草堂,樊僧,樊嘉,樊園,樊增,樊山,樊山居士,樊山美人,樊山老人,樊方伯,樊樊山,樊美人,湘煙閣主,無病居士,牟珠簃,牟珠簃主,畫妃亭,畫妃齋,紫蘭堂,緤舫,萬範水,蘭堂
樊士安,處休
樊士鋒,礪乃,若溪
樊士鑑,冰如
樊士高,叔厚
樊大臨,順之
樊好禮,士和
樊學賢,寶瑲,恭佩
樊宗師,樊一,樊大,紹述
樊寅捷,時正,聯三
樊寬,弘度
樊封,昆吾,樸庵
樊尚巡,立南
樊尚燝,明卿,樊尚璟
樊希堂,芾林
樊希棣,萼樓
樊庚,武仲
樊廉,元貞
樊廷,勇毅,王剛
樊廷茂,君實
樊彬,文卿,質夫
樊得仁,恕夫,渭野
樊復,明仲
樊德慶,樊慶德
樊德輝,美中
樊志升,復元,慎微
樊志應,重玄子,順甫
樊恭懋,豁齋
樊恭煦,介軒,覺先
樊應萊,賜莊
樊成傑,子俊
樊承勳,榮靜,樂卿
樊振圻,介堂
樊政升,佐父
樊敬,守一
樊文,彥藻
樊明,惺齋
樊春林,杏橋,靜軒
樊晃,楚冕,樊光,樊冕
樊晉,子安
樊晉客,晉客
樊景麟,季仁
樊曰庠,月山
樊望,萬夫
樊東謨,伯明,昌南
樊棻,時勛
樊楫,伯川,忠定
樊毅,智烈
樊汝舟,傳明,濟川,第次二
樊汝霖,應龍,澤霖,第四九
樊泰,蘇村
樊涗,樊氏
樊深,希淵,西田
樊淵,浩翁
樊準,日式
樊漢廣,允南,見南
樊澤,安時
樊澤達,崑來,昆來
樊澥,德潤
樊炳,明甫
樊爵五,文洲,晉堂,雨峰
樊猛,智武
樊獻科,八十四,文叔,斗山
樊玉衝,孝介,棠軒,玄之
樊玉衡,以齊,友軒,欽之
樊珩,公直
樊琨,玉農
樊瑩,廷璧,淸簡
樊瑾,公瑾
樊璟,儷平,玉亭,苓樵
樊當時,德儒
樊益,友諒
樊知古,仲師,叔淸,樊若水
樊祉,介福
樊秀,相才
樊穆,用愷
樊絅,以章
樊經,大經
樊維城,亢宗
樊維域,念庵
樊維師,尚文
樊維甫,山圖
樊績,用高
樊繼,景昭
樊繼祖,孝甫,雙嵒
樊臣,以忠
樊良樞,尚植,尚默,致虛
樊芙,君培
樊英,世傑,默菴
樊萬,萬里
樊蓮芬,清文
樊衮,一章
樊覽,玄覽
樊貴,十六,永德
樊資深,逢源
樊賓,唐老,王尊,第九十四,紹卿
樊赤松,貞白
樊起鴻,孔周
樊轂,中輿
樊金,公礪
樊錐,一鼐,春徐,春渠
樊鍾岱,東望
樊鎔,性菴,汝陶
樊雄楚,半畝山房,雲坪
樊養鳳,時鳴
樊駰,自牧
樊驤,彥龍
樊鴻修,逵南
樊鵬,少南
樓一堂,叔宇
樓儼,敬思,西浦
樓光亨,景元
樓光耀,曙雲,曜雲,瞻雲
樓圖南,鵬舉
樓士寶,彥珍
樓士祥,彥璋
樓大年,元齡
樓奎,叔懋,叔茂
樓如山,一百九十二,公安
樓如浚,文翁
樓守愚,木安
樓宗高,景三
樓巖,永千
樓師默,與夫
樓异,試可
樓弆,元應
樓思誥,歐荻,諧孫,謳篴
樓恂,士恭
樓拱,尚輝
樓斌,一中
樓斗南,文舉
樓昉,昉叔,暘叔,迂齋
樓暹,國賢,東明
樓有成,玉汝
樓杏春,粲華,蕓皋,裴莊
樓材,公時
樓東,啟明
樓枎,叔懋,叔茂,梅麓
樓槃,曲澗,考甫
樓氏(石文妻),靚之
樓永齡,介馬
樓治,樓冶
樓淮,啟榮
樓淳,質夫
樓澄,文淵
樓澤,仁甫,說之
樓炤,仲晦,仲暉,仲輝,襄靖
樓玫,玉圃,玉園,玉圖
樓球,君秉
樓瑩,貞秀
樓璉,士連
樓璹,國器,壽玉
樓申之,吉甫
樓異,試可
樓禮,三如
樓秋畹,佩馨
樓紹曾,貫齋
樓紹翁,所紹
樓績,爾成
樓肖,夢粥
樓英,全善
樓蘊,季發
樓覺,開之
樓觀,子顒
樓譽普,廣侯,玉圃,繹甫,豫齋
樓賢方,良齋
樓越凡,樓仲升
樓郁,子文,西湖先生
樓采,君亮
樓釐,國禎
樓鈜,少虛,求定齋
樓錡,於湘
樓錫,予善,申伯
樓鍔,巨山,景山
樓鎡,少及
樓鎮,七十三,子安
樓鏜,仲宏
樓鐊,昭聲
樓鑰,啓伯,大防,宜獻,宣獻,攻媿主人
樓震,次園,福仲
樸壽,仁山,忠肅
樸寅亮,代天
樸景仁,令裕,景綽,朴景綽,章簡
樸賽因不花,德中
橋集鵷,儀延
檀之槐,星垣
檀克裕,叔寬
檀凱,伯和
檀固,以忠
檀家琮,南橋,左觀,次古
檀清泰,賡祥
檀渙,元吉
檀璣,斗生
檀芳邃,絍谷
檀萃,廢翁,豈田,默庵
檀郁,子復,道淸
檔兆熊,夢占
櫧德充,繼美
權㫜,夢巖居士,文淸,晦之
權五福,忠敬,睡軒,鄕之
權以鎭,子定,恭敏,收漫軒,有懷堂
權仲和,容夫,文節,東皐
權侙,松坡
權健,叔强,忠敏
權僖,靖簡
權僩,士益
權克中,擇甫,楓潭
權克和,庸夫,習齋
權克常,彝叔
權克智,忠肅,擇仲
權克禮,敬仲
權勿,介之
權叢,法延
權吉,應善
權器,權十四
權均,正平
權堣,子明,東谷
權士恭,汝安
權士敏,梅軒,粹言
權大載,仲車,蘇川
權大運,時會,石潭
權好文,松巖,章仲
權妃,恭獻
權孟孫,孝伯,松堂,齊平
權宇,定甫,松巢
權安節,信之
權宏,大規
權審,子詢
權尚吉,南谷,南谷遯翁,子貞,近裏齋
權尚夏,寒水齋,文純,致道,遂菴
權尚游,季文,有道,正獻,癯溪
權弘,伯道,文順,松雪軒,權幹,雙塘
權得己,晩悔,重之
權徵,忠定,松菴,而遠
權德輿,致遠
權忭,怡叔,文貞,遂初堂
權恂,彦忱,雙泉
權恪,正卿
權恭,敬夫,襄孝
權悏,忠貞,思省,石塘
權悰,希顔,忠愍
權惇,而原
權愈,退甫,霞谷
權愰,思瑩,恥庵
權愷,文平
權慄,彦愼,忠莊,晩翠堂,暮嶽
權憘,南岳,思悅
權應挺,士遇,默菴
權應銖,仲平,忠毅,白雲齋
權採,汝鋤
權擘,大手,習齋
權擥,所閑堂,正卿,翼平
權斗文,南川,景仰
權昐,仲明,閑戶
權春蘭,彦晦,晦谷
權是經,七休,季常,權始經,靖簡
權景祐,子綏
權景裕,君饒,子汎,孝康,痴軒
權曄,權啓,霽仲,龜沙
權東輔,震卿,靑巖
權柱,支卿,花山
權格,六有堂,正叔
權橃,仲虛,冲齋,忠定,松亭,萱亭
權氏,恭獻,恭獻賢妃
權氏(朱棣妾),恭獻
權氏(顯德王后),顯德,顯德王后
權泰一,守之,藏谷
權淰,公潤
權湛,槐亭
權準,平仲,昌和,松齋
權溥,文正,權永,菊齋,齊滿
權漢功,一齋,文坦
權澈,幼明,權徹
權澺,明潤
權濤,東溪,靜甫
權獻,權寅獻
權瑎,南谷,皆玉
權皐,忠靖,誠齋
權益寬,弘甫
權盡己,而恕,草廬
權盼,仲明,閉戶
權磌,君安
權秉忠,伯庸
權節,忠肅,栗亭,瑞操
權經,無相居士
權綸,逍遙堂
權縉,睡隱,雲卿
權自愼,忠愍
權臯,士繇
權衡,以制,葛溪
權衷,平厚
權訨,叔訏,萬松
權說,說卿
權誼,正甫
權諰,思誠,炭翁
權謹,仲常
權讓,知足堂,禮卿
權豹,善開
權踶,仲安,仲義,文景,權蹈,止齋
權蹲,安肅
權軫,文景,獨樹窩
權輗,景信,磨厓
權轍,康定,景由,雙翠軒
權近,可遠,文忠,權晉,陽村
權遇,仲慮,慮甫,梅軒,權遠
權道經,子常
權達手,桐溪,通之
權邦彥,朝美
權重經,巽齋,道一,靜默堂
權量,謹堂,適園老人
權鈞,忠成君,正卿
權隼,子鷙
權雲,山龍
權韐,汝明,草樓,議不
權韠,汝章,石洲
權順孫,文昌
權順昌,聖之
權順長,孝元,忠烈
權頤吉,子順
權龍襄,權龍褒
權𢜫,敬仲,貞簡,霽月齋
權𢢝,子誠,盤谷,章憲
權𥛚,南厓,孝貞,景賀,繼亨,蒼白軒
欒之昂,子英
欒以紱,孟麟,曉坡
欒守綱,慎三,筱髯
欒寧鉁,待卿,珠野
欒尚約,孔源
欒崇吉,世昌
欒鳳池,奠鼇
欧阳修,欧阳永叔,永叔,醉翁,六一居士
欽叔陽,叔子,愚公
欽善,正念居士,繭木
欽拱極,子辰
欽棐,天忱,木庵
欽楫,遠猶
欽淑蕙,珠仙
欽璉,寶先,幼畹,熙甫
欽納,敬之
欽蘭,序三
歐仁衡,平叔,月坪
歐信,孚先
歐堪善,眉菴,紹文,韶文
歐壽橒,歐陽橒
歐大任,楨伯
歐學孔,申嵐
歐定邦,寶臣
歐宬,三俊,宇之,景生
歐希稷,子文
歐廉,仕潔
歐從雲,天孚,騰滄
歐復,伯誠
歐思誠,純甫
歐思賢,希甫
歐慶,貽孫
歐承天,光地,瑞軒
歐文,劍溪,西淸
歐文整,正宗
歐文斌,迺淮
歐景芳,增和,慎九,薌九
歐榘甲,雲樵,雲高
歐泰,子通
歐濤,湘波
歐炳琳,瑞五,聲官
歐珠,明甫
歐珮,聲甫
歐瑄,庭璧,廷璧
歐瑞麟,石卿
歐瓏,瓊仙,白神
歐秀松,稚川
歐良,聖弼
歐賡,少皋
歐賡祥,鳳墀
歐賢,宗德
歐質,少葉
歐道,性之
歐鉦,時振
歐銳,時毅
歐陽[⿱火著],湘茹,誠夫
歐陽一敬,司直,栢菴
歐陽世洵,信甫
歐陽中立,節孝先生
歐陽中鵠,節吾
歐陽主生,歐陽主正
歐陽仁衡,俟齋
歐陽介,勗辨,十二
歐陽伋,季思
歐陽伯虎,炳文
歐陽似,紹之
歐陽佑,歐陽祐
歐陽佑特,公輔
歐陽侊,以大
歐陽保極,星南,用甫
歐陽修,六一居士,文忠,文忠公,歐陽脩,永叔,醉翁
歐陽健,毅齋,青起
歐陽充,彥美
歐陽兆熊,匏叟,小岑,曉岑
歐陽光祖,慶似,慶嗣
歐陽光袓,慶嗣
歐陽公瑾,彥珍
歐陽凝祉,福田
歐陽利見,健飛,陽利見
歐陽勁,懋節,梅洲
歐陽勛,功甫,子和
歐陽厚均,坦齋,福田
歐陽同寅,南谷,同甫
歐陽和,允和,永和
歐陽哲,介翁,廣哲
歐陽問,勉之
歐陽塾,宗儒
歐陽士玉,六寄
歐陽大觀,岳樓,翊宸
歐陽奕,仲純
歐陽學,一齋,大元
歐陽守道,公權,巽齋,巽齋先生,歐巽,迂父
歐陽安世,劻平
歐陽定樞,黃門
歐陽山,厚村,對青,秀芝
歐陽嵩,汝中
歐陽巨源,惜秋,蘧園
歐陽席,崇珍,西洲
歐陽廷景,君續,松山
歐陽建,參可
歐陽弇,介仲
歐陽彝,元鼎
歐陽彬,齊美
歐陽復,進叔
歐陽德,南野,崇一,文莊
歐陽德器,可玉
歐陽必進,任夫,約菴
歐陽恂,誠之
歐陽惟信,立堂
歐陽慎,敏齋
歐陽應丙,南陽
歐陽應求,仲俊,樗叟
歐陽懋,勉翁
歐陽懋功,書田
歐陽持,化基
歐陽文壽,奇翁
歐陽文起,景蘇,端童,第五十二,鱗兒
歐陽文魁,斗臣
歐陽斌元,憲萬,麗峰居士
歐陽新,仲齊,歐韓
歐陽方曜,漢倬
歐陽日奐,學章
歐陽旦,子相
歐陽旭,漢曦
歐陽昌邦,德升
歐陽明,孟韜
歐陽昞,晦叔
歐陽時,敏齋,文柱
歐陽晉,可伯,耘珊
歐陽暉,仲蓀
歐陽暹,子晉,晴湄
歐陽曄,日華
歐陽杞,居隱,材甫
歐陽東鳳,千仞,宜諸
歐陽栢,惟承,茂野
歐陽棐,叔弼
歐陽椿,宜林老人,永年
歐陽楚翁,無塵
歐陽榮章,輔臣
歐陽模,宏甫
歐陽樸,全真
歐陽檢,伯恭
歐陽欽,抑齋
歐陽歙,正思
歐陽正,楷正
歐陽正亨,可堂
歐陽正墉,崇如
歐陽正煥,堯章,淑之,瑤圃,瑤岡,竹洤,竹淦,自卑亭
歐陽武,南雷
歐陽永,存遠
歐陽永示奇,歐陽永裿
歐陽汶,伯魯
歐陽沂,二瞻,魯川
歐陽洙,廣洙
歐陽浚,資深
歐陽涇,山村,源淸
歐陽清,冲菴,懋直
歐陽潁,孝叔
歐陽澈,德明
歐陽炘,棣之
歐陽烜,雲衢,麒昌
歐陽烝,憲文
歐陽焯,賓霞
歐陽煊,歐陽烜
歐陽照,成原,文白
歐陽熙,時熙
歐陽燾,九雲,孚之
歐陽獻,元老
歐陽玄,原功,圭齋
歐陽玉英,廉芳
歐陽珣,全美
歐陽琟,琟(子琟)
歐陽瑜,汝重
歐陽瑰,光國
歐陽瑾,予石
歐陽瓊,二十一,汝玉
歐陽發,伯和
歐陽皙,子履
歐陽皤然,達可
歐陽直卿,溫叟
歐陽祖述,冀階,莫階
歐陽祿,十一,萬鍾
歐陽程,歐陽和
歐陽穀,仲似
歐陽繡之,扆堂,蘊璞,黼臣
歐陽聯,素堂
歐陽聿修,未詳
歐陽薰,綬珊
歐陽藜照,右文,赤霞
歐陽衡,俟齋
歐陽衮,希甫
歐陽觀,仲賓,歐德儀
歐陽言,鳴道
歐陽詢,信本
歐陽詹,行周
歐陽誥,賜之,飭菴
歐陽謙之,希遜
歐陽貞,元春,石戸農
歐陽賓,國華
歐陽賢,敬亭
歐陽輅,念祖,磵東
歐陽載,則之
歐陽輔,棠丞
歐陽辨,季獻
歐陽述,伯元,伯纘,浩山
歐陽迴,歐陽炯,歐陽迥
歐陽通,文叟,逸翁
歐陽逢泰,忠叟
歐陽道濟,通濟,雨舟
歐陽邦基,壽卿
歐陽郴,可封
歐陽重,三厂圭,三崖,子重,弘夫
歐陽鈇,伯威,寓菴
歐陽銓,山啟
歐陽銘,仲元,日新
歐陽銜,冰臣,龍躍
歐陽錫疇,遁軒
歐陽鎮,作禹,東谷
歐陽鐸,崇道,恭簡,歐鐸,石江,石江子
歐陽闢,晦夫
歐陽雲,石甫,陟五
歐陽震,起叔
歐陽韶,子韶
歐陽顯宇,高鉉
歐陽鵬,時振,時舉
歐陽黻,瑞徵,覲池
歐陽鼐,劍柟,頴賢
歐陽龍生,成叔
步允遷,子安
步其誥,吾廬,芝村,芷村
步宗浩,進德,雲岡
步從信,仲實
步某（步延環次子）,韓留
步某（步延環長子）,三驢
步某（步延祚三子）,二驢
步某（步延祚四子）,六兒
步某（步延竧三子）,三兒
步某（步延訓長子）,樹兒
步某（步延貞次子）,三十
步某（步延貞長子）,董留
步氏（步延環女）,二娘子
步氏（步延祚女）,三娘子
步氏（步延竧女）,菩薩女
步登延,陳謨
步翔芬,彰五
步翔藻,嘯梧
步際桐,香林
武之亨,雙峯
武之大,連城
武人選,子青,柳畦
武人鳳,鳴西,鳴齋
武令謨,丕星
武伸,道長,養齋
武來,伯耕
武修己,敬齋
武億,半石山人,小石,小石山房,授堂,授經堂,虛谷,讀書山房,讀書樓
武儒衡,庭碩,武十五
武元衡,伯蒼,忠愍
武元鶴,梅臣,立人
武充,虛受
武先振,立山
武光昌,耿堂
武克炳,玉麟,瑞符,裕雲
武克順,若庵,餘園
武再承,武再成
武凌雲,寅齋,逢揚
武勛朝,少洲,常卿,紹周
武勳,安亭,安停
武友愉,箋霞
武吉祥,善卿,必禎
武同舉,一塵,兩軒,霞峰
武在洛,宅中
武士彠,遍覧
武士選,升三
武大烈,忠烈,海寧
武天亨,武新亨,武雲衢,芸渠
武宗元,武宗道,總之
武寧,仁夫
武少儀,武十二
武尚仁,蓮峰,靜山
武尚耕,十一,邦聘
武尚賢,君進
武就,廣成
武希玄,敬道
武幼範,少真
武延緒,亦蝯,次彭
武延謙,益廷
武廷适,周南
武廷選,晉侯
武建邦,懋藎
武復,梅浦
武忱,葵菴
武念祖,潤堂
武思信,得之
武思明,克誠
武恪,伯威
武應乾,孟章
武承謨,劭孟
武振光,立山
武揮烈,覺亭
武文昌,道器
武斌,希文
武新銘,夢岩,梅農
武日中,德政,正南
武昉疇,秋浦
武明良,贊臣
武時傑,子愚,龍雨
武景炘,幼寅,幼毅
武曌（武則天）,則天大聖皇后,則天大聖皇帝,則天順聖皇后,大聖天后,天冊金輪聖神皇帝,天后,慈氏越古金輪聖神皇帝,武則天,武媚,聖帝天后,聖母神皇,聖神皇帝,越古金輪聖神皇帝,金輪聖神皇帝
武書成,武書麐
武格,五格,伍格
武棠,憩亭,次南
武氏(趙頊妃),惠穆
武氏（武三思女）,武氏,靈覺
武氏（貞順皇后）,武惠妃,貞順皇后
武淑儀,倩霞
武清,白巖
武澄清,秋瀛
武玉潤,德卿,澤二
武甄,平一
武皐,舜弼
武祺,子春
武穆淳,小谷,敬斯
武籌,筆山
武紹五,琴南
武紹周,夢卜
武繩祖,思溪
武繼志,借公,剋庭
武繼忠,克朋
武翊黃,坤輿,武氏三頭
武耀曾,伯榮,樸園,誠齋
武肅,卷阿,敬伯,曉岩
武自和,心睦
武興緒,笑山
武英,漢傑
武衍,朝宗,適安
武衛,廷脩
武衢,廷亨
武訓,豆沫
武起潛,用潛
武述文,華峯,華峰
武進陞,張進陞,良毅
武達觀,照三
武金,礪甫,節菴
武鈞,侖峯
武鑣,季鑾,芷芬
武雲和,來章,采章
武雲衢,敬之
武震,威卿
武頌揚,贊卿,雲峰
武驪珠,探卿,臥雲
武鴻,逵峯,逵軒,遠峯
武鴻騫,次崖,次雲
武齡阿,烏凌阿
歸仁紹,歸仁召
歸令瑜,子瑾,少庵,蘿汀
歸允肅,孝儀,惺崖
歸夢煃,未君
歸大道,懋庸
歸子慕,季思,淸遠先生,陶菴
歸子顧,佛子,春陽,貞復
歸宣光,昭簡
歸崇敬,正禮
歸弘簡,子諒
歸懋儀,佩珊,虞山女史
歸昌世,假菴,文休
歸景洢,耕書,豫叔
歸暘,彥溫
歸曾祁,小宋,杏書,歸廬
歸曾福,介亭,德載
歸曾禕,亮載,耕煙
歸曾禧,帚廬,止庵
歸有光,熙甫,開甫,震川,震川先生
歸永清,東會,柱天
歸泓,學海,雪庵
歸淑芬,素英,繼英
歸湘,溶溶,蘭風
歸登,冲之
歸紹武,竹庭,肯庭
歸莊,元功,元恭,園公,圓公,圓照,尔禮,己齋,恆軒,懸公,懸弓,普明頭陀,歸乎來,歸來乎,歸去來子,歸妹,歸祚明,歸藏,爾禮,玄公,玄恭,祚明,逸羣公子,鏊鉅山人,鏖鏊山人,鏖鏊山巨人,鏖鏊鉅山人
歸起先,律庵,葛民,裔興
歸鉞,汝威
歸銜,受谷,訥甫
歸顧廬,禮徵
歸鴻,於磐,既垣
殊保,洛溪
殳丹生,山夫
殳仁壽,鶴年
殳夔龍,虞卿,虞鄉
殳慶源,三慶,積堂
殳默,齋季
段三才,參可,曉峰
段上功,楙勛,芝軒
段仲垣,徵君,林宗
段伯炌,叚伯炌,時盛,段伯炘
段偃師,忠信公
段僧奴,段羌奴
段元,伯卿
段元哲,善明
段元愷,建信,達信
段兆鰲,桂山,甲樓
段光清,俊明,鏡湖
段克允,子明
段克己,復之,遯庵,遯菴
段克忠,兼甫
段公路,段公璐
段冲,潛叟,謙叔
段勵翼,段厲翼
段友直,元益,全美,吉翁,第十一
段友蘭,春巖
段嘉梅,夢鶴,寒香
段國垣,星齋,醒才
段培元,厚庵
段堅,可久,容思,文毅,柏軒
段增輝,含素
段士聰,作謀,樸亭
段士龍,禮廷,雲亨
段大章,果山
段大貞,善民,東溪
段天祐,吉甫
段如蕙,丙齋,薰斯
段子,守謙
段孟賢,汝愚
段季良,公善
段定僧,至明
段容,杏煙
段寔,伯城
段實,信苴日
段寧,伯安
段少連,希逸
段巖,栖巖,段君
段師,大師
段庚,甚夷
段廣瀛,紫滄,雁洲
段延澤,春圃
段廷珪,君璋
段弘古,段九
段從周,郁文
段復昌,嶰烰
段復興,仲方,徽繩
段志熙,百惟
段志玄,忠烈公
段思溫,叔恭
段思義,季方,西溪
段思誠,仲明,芹溪
段感,名遠
段成己,菊軒,菊軒先生,誠之
段成式,柯古,段十六
段所,原中
段承宗,承宗
段拂,去塵
段振文,雲蒸
段敏,南洲居士,惟勤
段文元,捷三,蔚亭
段文政,文政
段文昌,墨卿,景初,段十九
段文會,仁崱
段文絢,禮成
段文錦,橘洲
段昌世,孝成,季成,秀成
段昌武,子武
段昌祚,西美
段昕,浴川,玉川
段時恆,七峰,立方
段晅,存蓼,心讓,見愚
段曉雲,山亭主人,書五
段曦,羅青
段會,志合
段朝宗,于海,華河
段朝端,笏林,蔗泉
段桂齢,淦泉
段榮基,耕野
段樹榛,苓皋,西圃
段樹藩,价人,維翰
段正,介菴,以中
段氏(段元亮女),德柔
段民,恭肅,時學,時擧,時舉,襄介
段永源,廉泉,錦谷
段永福,勇毅
段汝礪,良臣
段汝舟,祈年
段洽,孝該
段煜,昭文
段燦,以融,陶谷
段猷顯,青園
段玉,桂芳
段玉裁,七葉衍祥堂,僑吳老人,廿一經堂,懋堂,枝園,淳甫,研北居士,硯北居士,經韻樓,若膺,茂堂,長塘湖居士
段玠,介藩,瀛波
段珍玉,峽川
段琮,子泉
段琯,元美
段瑀,段禹
段瑋,父欽
段瑞,瑞之
段瑞梅,春堂
段白炌,弱靑,用光
段直,正卿
段矩,子法
段祺瑞,段芝泉,芝泉,正道老人,段啟瑞
段福昌,備九,蓮舫
段綬傳,子若
段維,用霖,綱伯
段綺,百祥
段緒魁,星橋
段縫,約之
段繡,弘憲
段義宗,大長和國左街崇聖寺賜紫沙門銀鉢,布燮
段與言,彥昌
段舜咨,功父,第八
段萬頃,公度
段蓉,杏煙
段蕑璧,曇娘
段蕡,仲實
段補,希仲
段譽,德實
段豸,世高
段貞,處默
段賾,義玄
段起,小湖
段輔,德輔
段邦俊,杏樵,用章
段鈞,平仲
段錦,二泉,娛恬,美中
段鍊,文純
段鏞,子宣
段鏻,乾齋,吉金
段鐸,文仲
段陟雲,天門丈人,郇五
段雅,德亮
段顧言,汝行
段馴,淑齋
段高選,恭節,讓予
段鵠,正己
段鼎,聖可
殷之輅,秋浦
殷仁,靜夫
殷仲容,元凱
殷俛,士昂
殷元福,夢五
殷兆林,春卿
殷兆鏞,中正堂,序伯,某雲,玉尺堂,莊簡,蒲菴,補金,譜經,齊莊
殷光彥,元楷
殷克忠,復堂
殷其賢,敬亭,汝思
殷再巡,二南
殷化行,熙如,王化行
殷善,仲之,從善
殷嘉樹,晴岩,譽之
殷圻,玉田,芥舟
殷堯恭,殷克恭
殷堯藩,殷二十三
殷增,曜庭,東溪,樂亭
殷士儋,文莊,文通,棠川,棠川先生,正夫,正甫
殷士望,德遠
殷壽彭,春雨樓,述齋,雉斟
殷壽臻,玉叔,百庭,肇駢
殷大塤,愷庭,棣香
殷奎,孝伯,孝章,強齋,文懿先生
殷如琳,紫英
殷學,成甫
殷學亨,最齋
殷宗傅,求仲,肖築
殷宗器,君陳
殷家伊,莘農,萃農,辛農
殷家謨,簡杏,簡香
殷尚聲,忠愍,黃鍾
殷岳,伯子,伯岩,伯巖,宗山
殷崇義,德川,湯悅
殷嶧,桐高,畫村
殷希文,憲之,蘭亭
殷序,序賓,西郊居士
殷庠,君序
殷建中,子道
殷弘,獻臣
殷彪,文穆
殷從儉,汝中
殷德輅,乘之
殷必達,石田
殷思尹,棹然,焯然
殷恩奎,芝函
殷惟肖,起巖
殷扎納,因扎那,尹扎納,殷扎那,殷札納,音扎納,音扎那
殷文圭,桂郎,表儒
殷晉熙,段晉熙
殷月樓,筠仙
殷朋,友吾
殷李堯,厚培
殷松年,廷贊
殷柏齡,村亭,柯亭,桐亭
殷樹柏,曼卿,萬青,雲樓
殷樹森,芝階
殷正茂,石汀,養實
殷毅,仁卿
殷汝璋,秋樵
殷淳,粹伯
殷淵,仲弘
殷渠,伯淸
殷湘英,雲和
殷源,宿海,小譜,筱譜
殷潛之,野人
殷澄,公原,公源,泖南浪翁
殷濡,子沾
殷焯逵,勻生
殷獻臣,繼琨
殷玉貞,婉緹
殷珪,瑞卿
殷琦,景韓
殷瑞生,穀薌,龢卿
殷璧,孝連
殷瓊,德光
殷登瀛,子登
殷發,含章
殷礎,荆田,雨蒼
殷禮,月樵
殷秉璣,莖僊
殷秉銓,鵬玉
殷秉銛,荊圃
殷秉鏞,東橋
殷章,宣文
殷聞禮,大端
殷芳庭,月圃
殷華,文卿
殷葆源,宿海
殷葆誠,亦髯
殷觀,孔休
殷觀光,熙臣
殷謙,文撝,遜齋
殷貴,南金,惺齋
殷起瀛,壇圃,耘圃,耘章
殷邁,時訓,白野,秋溟
殷都,斗墟子,無美,開美
殷鄴,殷七七,殷七子,殷天祥,殷道筌
殷鈺,淑貞
殷鋙金,素月
殷鋯金,素月
殷鏊,文濟
殷長立,陽山
殷雲霄,石川,近夫
殷雲鶚,巢松,立群,警仙
殷震亨,元震,在山
殷鴻疇,溥庭,萼庭
殷鼎,式九
毋德純,惟一,母德純,浴溪,純一
毋恩,寵之
毋逢辰,希說,梅菴
毋過,進道
毌丘恪,厚卿
毌守素,表淳
毌廷瑞,仁叔,平山
毌沆,淸臣
毌過,寅郎,第四八,虎兒,號福,進道
母將隆,君房
毓俊,贊臣
毓本,茶邨
毓檢,次坪,端卿
毓祿,曉山
毓賢,佐臣
毓隆,少岑
毛?,毛鶡,紫菴
毛㮚,叔鎮
毛一瓚,宗甫,肖寰
毛一駿,槐眉,翰如
毛一驄,天選,杏山
毛一鶚,薦吾
毛一鷺,孺初
毛三代,倩如
毛世驥,遇卿
毛乃庸,伯時,元徵,劍客
毛之履,太素
毛之玉,用兩,裴山
毛乾乾,匡山隱者,心易,毛惕,用九
毛五和,燮臣,葆元,雲琴
毛介,三九,堅僧,希惠,第三九
毛以謨,舜擧,舜舉
毛伯温,汝厲
毛伯溫,東塘,汝勵,汝厲,襄懋
毛佩孫,馥菴
毛俊乂,朝佐
毛信,仲孚
毛信卿,篔山
毛倫,時敘
毛傑,允奇
毛傳箴,丹六
毛允益,完白,忠愍,裕之
毛允義,建中
毛先舒,三慎堂,四福先生,小匡,平遠樓,思古堂,東苑,毛騤,白榆堂,稚黃,稚黃子,草薦先生,蕊雲,螺峰,郭東園菜傭,馳黃
毛克周,季成
毛克寬,壯勇
毛克己,仁甫
毛公亮,明叔
毛剛伯,必彊
毛勝,公敵,天饞居士
毛匡國,共武,振夏
毛南翰,彝仲
毛友,友龍,毛友龍,達可
毛友童,毛友龍
毛友誠,伯明,竹簡先生
毛叔度,季中
毛吉,宗吉,忠襄,貞襄
毛君卿,公弼
毛周胤,藩侯
毛啟閱,仲勛,棠村
毛嘉梧,鳳枝
毛國姬,孟瑤
毛國翰,大宗,青恆,麋園
毛圖南,宇化
毛在,君明
毛埕,貞伯
毛堪,公輿
毛士,夢蝶,若人
毛士鸞,翼公
毛士龍,伯高,禹門
毛壽南,仁山,宇徵
毛壽登,廓庵,恭壽
毛夢嗣,秋泊
毛夢蘭,秋伯,緘齋
毛大瀛,又萇,又長,戲鷗居,毛詩正,海客
毛大鵬,雲翼
毛天麒,如石
毛奇齡,佳山堂六子,僧開,初晴,士方,大可,小毛子,小毛生,晚晴,毛王彥,毛甡,河右,河右僧,浙中三毛,王士方,秋晴,西河,西河先生,開秋,齊于
毛奎,世高,毛倜
毛如瑜,太瘦生,貴甫
毛媞,安芳
毛子中,積夫
毛孔墀,茂對
毛存,勿齋
毛孝光,初文,訥安
毛學古,松鄰,經三
毛宏,叔度
毛宗旦,扆再
毛宗瀚,達泉
毛宗藩,价臣,馥棣
毛宗魯,師曾
毛實,世誠
毛居正,柯山,義甫,誼父
毛岳生,生甫,蘭生,飲蘭
毛嶽生,生甫,申甫,蘭生
毛師柱,亦史,端峰
毛師沆,望之,靖之
毛師灝,幼梁
毛幵,平仲,樵隱居士
毛庠,文仲,湘山逸人
毛廷錦,學夫
毛式郇,伯雨,雨甘
毛弘,士廣,毛宏,毛秀才
毛彬,德蘊
毛彭壽,叔佺
毛復,世亨,來齋,十九
毛志,尚忠
毛志尹,思近,維衡
毛志淶,宗甫
毛忠,伏羌伯,允誠,哈喇,武勇,毛哈喇
毛念恃,敕五,爾依
毛思義,海隅,繼賢
毛惇元,十一,裕仁
毛惜惜,英烈夫人
毛惟謙,仲益
毛惠然,元善
毛惠直,崧老,嵩老,嶽壽,申叔,第三,鞠老
毛愷,一百十六,介川,端簡,節齋居士,達和,遠和
毛慈望,筍陔,菊君
毛慶善,叔美
毛慶澄,薌林
毛慶蕃,伯宣,實君
毛憲,世章
毛應佺,子貞
毛應龍,介石
毛扆,斧季,省庵
毛承嶧,麟淑
毛承霖,稚雲
毛振翧,翥蒼
毛敏,伯穎
毛文叟,元質,文孫,第正
毛文昌,則之
毛文炳,仲弢,夢石
毛文豐,仲飛
毛文通,知運
毛文邦,希周
毛文錫,平珪
毛文鵬,雲衢
毛文龍,鎮南
毛方偉,退菴
毛昌傑,俊臣
毛昶熙,文達,旭初,煦初,鏡海
毛時敏,彥修
毛晃,鐵硯先生
毛晉,子晉,鳳苞
毛景桓,小湄
毛曙,介峰,旭倫
毛會建,子霞
毛會掄,可元,遴齋
毛有恆,峙山
毛术,仲和
毛松年,季卿,萱蔭
毛松齡,補園
毛柔儀,嘉則
毛棠,宗召
毛概,世節
毛榖,仲英
毛樹棠,芾村,蔭南
毛欽一,欽一,毛傑,雲夢子
毛正垣,循齋
毛殿卿,藹臣
毛毓芳,巨川
毛永柏,素存
毛永燮,理齋
毛永貞,善卿
毛汝賢,子官
毛汝霖,澤卿
毛汝麒,伯祥
毛沆,元發,第一,自強
毛注,聖可
毛泰,時亨
毛泰亨,文亨,鈍翁
毛洵,子仁
毛浚,元升,第一,震廣
毛淵,巨源
毛渠,公澤,石溪
毛滂,東堂,澤民
毛漙,文祖
毛漪秀,公衛
毛漸,正仲
毛澂,澍雲,稚澥,菽畇
毛澄,三江,三江先生,憲淸,文簡,白齋,顯淸
毛澥,文若
毛瀚,季海
毛為光,六十三,龍伯
毛煜,施伯
毛煥彩,訓章
毛燧傳,洋溟,陽明
毛爾傑,俊堂
毛玉,良器
毛玉成,希銘,琢庵
毛玉荷,蓮卿
毛珍,廷貴
毛珝,元白
毛珵,礪菴,貞甫
毛琛,俟庵,壽君,寶之
毛瑩,休文,大休,湛光
毛璲,君玉
毛瓊,漸明
毛登龍,汝作
毛盛,轉興
毛直方,靜可
毛祈蕃,毛祁蕃
毛祐,千里
毛祖舜,繼華
毛祥,原吉
毛祥麟,對山,瑞文
毛秀惠,山暉,山輝
毛秋佩,紉庵
毛科,應奎
毛穎士,今吾
毛節,伯尚
毛紀,文簡,海翁,礪菴,維之,鼇峯逸叟
毛紹元,仲仁
毛紹睿,念軒,時繹
毛維瞻,國鎮
毛綺秀,公衛
毛繡虎,方雪,步曹
毛羽,五十六,鳳儀
毛羽健,芝田
毛羽皇,碧涵
毛翰,儀仲
毛翼,飛卿
毛肇宗,克敬
毛自知,毛自得
毛自道,子復
毛舍昱,丹雲
毛良,兩山居士,舜臣
毛英倬,雲菴
毛茂清,林逸
毛莊,敬甫
毛萼華,竹君
毛藻,俟園
毛蘭,召玉
毛蘭生,蘭玉
毛表,奏叔
毛褒,華伯
毛詩,大經
毛誦芬,幼清
毛謨,吟樹
毛貴銘,彥翔,西垣
毛起,潛濱,潛賓,靑城先生
毛超,儀超,莊菴
毛輝,彥明
毛輝祖,乃行,敬園,鏡浦
毛連彩,聲齋
毛逵,錦來
毛重倬,劬軒,卓人,補庵
毛銳,伏羌伯,威襄
毛鋼,伯鍊
毛鐸,仲聲
毛鑄,淵道,第千四九,聖傳,處厚
毛隆恩,季同,季彤
毛際可,會侯,鶴舫
毛際盛,泰交,青士
毛隨,彥時
毛雝,毛庚,西堂
毛雲舉,翥書,翥青
毛震壽,居易山房
毛震龍,霆甫
毛霦,荊石
毛養素,壽之,純素子
毛騏,國祥
毛鳳,彩鳳
毛鳳來,應成
毛鳳儀,宇春
毛鳳梧,复巷
毛鳳虎,子若,次來
毛鳳韶,瑞成
毛鳳鳴,文江
毛鴻圖,升甫
毛鴻賓,寄雲,寅庵,澹盧齋,翊雲,菊隱
毛鴻鈞,小槎,運生
毛鴻順,子遇,少溪
毛鵬,汝南
毛鸃,廷瑞
毛麟,青田
毛麟之,仁甫
毛鼎,少堂
毛鼎亨,春門
毛鼎新,新甫
水佳胤,向浙
水其蒼,摩青
水卿謨,海若,禹陳
水安瀾,少泉
水桓,廷圭
水榮旭,孫榮旭
永世,克孝
永圖哩博勒果素,節愍
永寧,一源,禹門興化菴,虛幻子
永銘,雲樵
永順,子健,樹人
求仲弓,德夫
求淳,粹翁,裘淳
求琰,尚圭
汝德輿,容齋,東崖,載行
汝蘭,佩之,紉秋
汝訥,行敏
汝錫疇,勤訪,琴舫
汝齊賢,懋思
江䋲,宜庭
江一川,三十,西崖,體行
江一桂,伯馨
江一鴻,孔聸
江一麟,仲文,新源
江上景,一峰
江世東,伯達
江世濟,三峨
江世玉,子琢,樂峯
江世琳,樹玉
江世育,夫南
江中信,汝成
江中楠,玉林
江中楫,玄桴
江中躍,玉浪
江之升,樹叔
江之寶,位卿
江之桐,蘭崖
江之淮,道行
江之源,崑圃
江之瀾,紫溪
江之紀,修甫,石生
江之純,石生
江九萬,元里
江九鼎,小重
江人鏡,蓉舫,雲彥
江人龍,霜公
江仁徵,亭芙,定甫,懲葊
江介,石如
江以東,貞伯
江以達,于順,午坡,子順
江仲海,會龍
江休復,鄰幾
江伯夔,君俞
江伯容,有量
江伯虎,南強,君用,江南強
江作楫,濟臣
江來氓,本初,江來岷
江俶,肇甫
江側,虔中
江允元,舜牧
江允康,松圃
江允昇,曉青
江允暐,東扶,東榑
江元,仁長
江元贊,衛篁
江元超,瑞升
江元輔,二十一,堯卿
江光啟,賓暘
江克明,仁甫,得齋
江公亮,元弼
江公宜,行之
江公望,民表
江公著,惟淸,晦叔
江冕,端甫
江凱,伯幾,雪矼
江剡,拙巢,東山
江勛,元勛
江勲和,鼎臣
江北,拱北
江匯,東之
江南金,品三,席珍,聘三
江南錦,列明
江南齡,慶遠
江厚圻,菊舫,菊舲
江參,貫道
江友直,德正
江叔豫,子順
江召棠,雲卿
江史,夢良
江司直,惟淸,惟清
江同文,宜卿
江含春,海平,靈生
江和,丕流
江善慶,仕良
江嗣崙,英玉
江嘉,原美
江嘉謨,仲書
江嚞,明遠,陶陶翁
江國柱,左衡
江國瀛,士洲
江國霖,子雨
江圖悃,仁惠,汝華,莊潔
江圻,子望
江均德,江景嵩
江坤,振公
江垕,叔載
江城,雲圃
江塤,叔文
江墉,方城
江士松,友竹,竹友
江士煬,季嬡
江士鐸,晉侯
江士韶,藥園,虞九
江壽祖,叔祺
江大方,器博
江大有,履思
江大潤,元玉,江士潤
江天一,文石,江涵顥,淳初,節愍
江天表,文月
江天錫,順之
江夷,茂遠
江奎,國祥
江孔殷,葆昭,韶選
江存禮,學庭,文正
江孝伯,孝伯
江孝棠,筱岷,芾生
江孟綸,廷敘
江學,聖友
江學海,慎夫,芙蓉山民
江安瀾,曉波,江瀾
江宗棐,叔忠
江宗浩,天錫
江寓,仲宏
江寧魁,梅臣
江少虞,虞仲
江尚溶,二川
江山,仁伯
江山德,仕楚,壽翁,次山,江山
江岷,嶓友,左嵋
江峰青,湘嵐,省三
江嵩年,穎瞻
江巖龍,竹岡
江希文,顯道
江希曾,奐莊,魯予
江師古,克永
江師武,子眾
江師班,文齋
江常,正倫
江常吉,淳圃
江干,片石,黃竹
江庶,希顏
江廣,元及
江廣譽,愚谷
江廷俊,世英
江廷傑,印泉,鳳音
江廷寄,時任
江廷泰,益堂,階平
江廷燮,燡堂,理齋
江廷縉,綬卿
江式,公度
江弘濟,十二,本深
江彤,而莊
江彥明,晏其,登雲
江彬,平虜伯
江德中,漢石
江德堅,庭愷
江德宣,嘯道,景昕,浚民
江德新,懋昭
江德貞,掏月
江德量,成嘉,秋史,量殊
江心宇,天多,虛白
江必榮,二酉
江必達,子上
江志,繼祖
江志伊,莘農
江志修,晉卿
江忠信,壯節,誠夫
江忠振,採其,棣圃
江忠朝,光策,藎臣
江忠淑,幼陶
江忠源,岷樵,常孺,忠烈
江忠濟,壯節,汝舟
江忠濬,達川
江忠珀,武愍
江忠義,味根,誠恪
江恂,于九
江恆,于常
江恩山,固之
江惇提,安中,江惇禔
江惇禔,安中
江愷,伯幾,江凱,雪矼
江慶源,濬齋
江應全,左衡
江應晴,季明
江應曉,山城先生,覺卿
江應洪,泰之
江應澄,揚淸,鏡瀾
江應禎,興甫
江應選,三十,尚賓
江應隆,仲龍,菊隱
江懋奇,正叔
江懷廷,獻卿,蘭皋
江承之,安甫
江承明,淑旦
江承晟,紹李
江承東,曉蒼
江承炳,雲岑
江承燧,敬和
江承玠,搢五
江承珍,待占
江拯,公濟
江振先,子野,文鋒
江振華,獻猷,虛竹
江擇卿,理堂
江政觀,振華
江文,子文
江文叔,江澄,江登,淸卿,清之,清卿
江文式,時憑
江文彬,質甫
江文敏,克學
江文斗,煥之
江文沛,良雨
江文海,會龍
江文熙,筠波
江文瑋,江文煒
江文蔚,君章
江文遂,敬宇
江文鐸,振甫
江文顯,彥章
江文鳳,聽濤,補崧
江日新,萬全
江日淬,汝礪
江日祺,云吉
江旭奇,舜升
江昉,旭東,橙裏,硯農
江昌,伯大
江昌燕,頡雲,香巢
江明,淸卿
江春,穎長,鶴亭
江春霖,仲然,仲默,杏村,杏邨,梅陽山人,諸生
江昭,希賢
江昱,廣陵二江,才江,松泉,江旭,賓谷
江昶榮,春舫,樹君
江時璉,彝重
江晉,春巖
江景仁,均舉
江景揚,心葵
江景祺,無己
江景防,漢臣
江暉,景孚,景暘
江暐,彥明,轑陽居士
江曄,江燁
江曉,景熙,瑞石
江曾沂,樹霞
江月娥,素英
江有容,公望
江有源,進卿
江有聲,文白
江有誥,古愚,晉三
江朝宗,東之
江本圻,治中
江本琮,悔齋,象昆,鞠圃
江材,季用
江杜,味農,定翁
江東,伯陽,恭襄
江東之,念所,長信
江東望,君介
江某,廷老
江桂,元直
江棫,夢華
江棻,根葆
江榮祖,仁仲,宏毅先生
江槐序,崗生,蘭生
江槐庭,菉生
江槤,耀宗
江標,建霞
江模,君範
江樸,文叔
江樹畇,韻壽
江權,熙璿,越門
江正,元叔
江步青,鶴亭
江殷,孔殷
江殷道,存存
江毓秀,左泉
江永,四書古人,慎修,慎齋,眘齋,虹川書屋
江汝度,致一
江汝璧,二十五,懋榖,懋穀,貞齋
江汝舟,公濟
江沅,伯蘭,子蘭,染香庵,算沙室,銕君,鐵君,韓庵,韜庵
江沛然,應吾
江治,恭恪,理川,舜卿,順之
江治國,壽周
江泉龍,清源
江泌,心齋,本伯
江泝,本達
江注,必東
江泰,大來
江泰來,厚齋,季安,復初
江泳,元適,西莊
江洪,蒼舒
江浩,敬大,敬夫
江浩然,孟亭,萬原
江淇,東川
江淑,信芳
江淑則,閬仙
江淑蘭,畹芳
江淙,朝會
江淵,如淵
江淸徵,畏知
江清徵,畏如
江清瑞,紫葭
江渙,德濟
江測,虔中,處中
江湑,佩水
江湛然,清臣
江湜,弢叔,持正
江湧,月江
江源,之源,逢其
江源長,泉一
江溢,榮之
江溥,叔源
江滋,德修,益之
江滿,謙之
江演,次義
江漢,朝宗
江漣,漪塘,白眉老人
江潞,公澤
江潢,復洲
江潤身,事天,明德
江潭,朝東
江潮,大潤
江澂,景吴
江澄,梅生
江澈,清臣
江澍畇,承武,韻濤
江濬源,孟宰
江濯龍,念亭
江濰,樾亭
江瀚,叔海,慎所立齋,慎立齋,江翰,石翁山房,石翁山民
江瀾,文昭,文瀾
江灝,良弼
江炳熊,蘊菴
江炳琳,玠侯
江為龍,硯岩
江煥宗,薇臣
江熙榮,耀宗
江燧,少微先生,華叔
江爾維,七峰
江獻可,仙客,德美,瀛哥,第三十
江玉冰,江冰玉,若履
江玭,用良
江珊,國珍
江珍,民璞,漸江,荊石
江珏,玉成
江珠,小維摩,碧岑
江珪,廷信
江球,宜笏
江琅,叔齋,淑齋
江琛,來庭,祥獻
江琦,全叔
江瑛,蕋珊
江瑞,天玉
江瑞節,江純掞,瑤霞
江瑞芝,天香
江瑤,墨荘
江璀,思莊
江璞,伯温
江璣,江機
江璧,南春
江環,晉雲
江瓘,民瑩,篁南
江用世,仲行,鼎寰
江疇,彝叟
江登雲,舒青
江皋,在湄,眉瞻,磊齋
江盈科,江應科,祿蘿,綠蘿山人,進之
江直木,子建
江真,士元
江知常,瞻明
江砢,巢枝書屋,石卿
江祖,崇善
江祥,德徵
江祥林,壽泉
江福山,壽康,武烈
江秉之,玄叔
江秉謙,兆豫,兆霖,瞻城
江秋時,念元
江立,玉屏,聖言,雲溪
江立叔,權卿
江端友,七里先生,子我
江端本,子之
江端禮,子和,季恭,惇禮
江符,信仲
江筠,政在堂,震滄
江純,希文
江紹傑,季英,漢珊
江紹蓮,依濂
江紹銓,江亢虎,洪水
江緯,彥文
江繡,瑩齋
江繼業,沛滄
江義泰,宜之
江翊,廷老
江翠蘋,秀黛
江聯奎,外白,如台,如白,知日,知白
江聯蓉,古恂,田傭
江聲,叔沄,叔澐,淑澐,艮庭,艮庭先生,魚畺濤,鯨濤
江肇昌,甫樓,雨樓
江致一,得之,石室先生
江致堯,聖俞,聖愈
江良貴,十一,汝思
江芑,翼菴,采伯
江芳孫,佩蘭
江莪,貽蒲
江萊甫,芳卿,草窗先生
江萬仭,若度,達泉
江萬和,一中
江萬里,古心,子遠,文忠
江萬頃,古崖,子玉
江蒹,緗芬
江蕃,均佐
江蕊珠,蟾玉
江藩,宣子
江蘭,畹香,芳國,芳谷
江蟾香,湘華
江衍,巨源
江衡,霄緯
江衮,聖潛
江袞,聖潛
江袤,仲長
江褎,仲擧,仲舉
江褒,仲嘉
江見龍,壽水
江訓和,鼎臣
江誕龍,潛齋,靈區
江謙,易園,陽復
江象乾,卜象乾
江豫,孟震
江貴,公輔
江賓王,佛保,季說,彥濟,朝翁,第三八
江賡學,載修
江起鯤,北溟
江起龍,為霖,神威英佑驍騎將軍之神
江躋,元壽
江軾,子敬
江輔,俞堂
江迥,五民,後邨,艮園
江通,敬亨
江逢辰,孝通,密庵,雨人
江逵,上達
江道坤,星堂
江道新,椒田
江道瑝,易鐄
江遠蔭,千里
江邦溥,叔源
江采蘋,梅妃,江妃
江鈞,世範
江鉞,執中
江銑,甫巖,雨巖
江銓,元衡
江銕,至堅
江銘玉,愫君
江錞,荀樸
江錫圭,定夫
江鍾廉,介季,寰維
江鎔,成叔
江鐸,士振,纘石
江鑑,禹門
江開,龍門
江闓,辰六
江雲梯,天衢
江雲雲,松軒
江雲龍,潛之,潤生,石琴
江雷,古修,天澤,陶陶翁
江震,孟仁
江靁,古修,天澤,陶陶翁
江青槻,半嵐,梅谷
江韜,亦奇,六奇,宏仁,弘仁,梅花古衲,漸江,釋漸江
江順詒,秋珊,窳翁,願為明鏡室主人
江顯宗,超海
江魚,惟化
江鯤,二十八,子鵬
江鰲,江鼇
江鴻,儀吉,竹書
江鶴,三似𥳑人,叔子
江默,德功
江點,德輿
江鼎科,希耀
江鼎金,紫九
江龍兆,鳳友
池伯煒,滋膺
池伯益,文舉
池光庭,正叔
池師魯,通伯
池從周,子文
池復,叔大,池覆
池德海,受吾,雷峯
池昇,東叟
池汝海,受之
池洙,元魯
池浴德,仕爵,明洲
池生春,劍芝,直廬,籥庭
池百煒,池伯煒
池維彪,翠卿,萃卿
池繼崔,彦叔,池繼漼,池繼灌
池覆,叔大
池鄂,池鍔
池鑄,成大
池鳳輝,浮村
汪㴻,幼堂
汪䥧,梧舟
汪一中,忠愍,正叔,汪一忠
汪一元,兆初
汪一清,若水
汪一麟,夢紱
汪一龍,德化
汪上侃,寫園
汪上堉,綺岩,謝谷
汪世樽,寅禾
汪世綸,海嶼
汪世金,礪臣
汪世雋,丙庵
汪世顯,仲明,義武
汪丙憲,谷東
汪丙新,松樵
汪丙照,蓮府
汪丙謙,谷溪,谷谿
汪中,容夫,容甫,庸夫,汪秉中,頌父
汪乃攏,芸疏
汪之埜,莘仲
汪之昌,振民
汪之林,德仲
汪之澐,文漪
汪之珩,楚白,璞莊
汪之順,平子,禹行
汪之麟,天石,怡庵
汪九成,文善
汪九漪,紫瀾
汪乾元,竹軒
汪于沚,聖如
汪于泗,岱青
汪云任,孟棠,莘畬
汪交泰,景山
汪亮,映輝,采芝山人
汪亮卿,步庾
汪人憲,曉帆
汪仁壽,仲山
汪仁立,叔達
汪以功,惟敏,長公
汪以寬,禔堂
汪以岱,文超,樸巢
汪以敬,英齋
汪以淳,淥水
汪以興,伯可
汪以誠,心齋,蘅舫
汪以鋐,仲閎
汪仲仙,惠珠
汪仲和,貴民
汪仲媛,香荃
汪仲成,汝玉
汪仲洋,少海,海門
汪仲洵,念泉,雪帆
汪仲鈖,桐石,豐玉
汪价,三儂,介人
汪任,十五,子仁
汪份,武曹
汪伊,汝衡
汪伋,及甫
汪伯彥,廷俊,忠定,新安居士
汪伯更,伯更
汪伯正,以德
汪伯翔,扶九
汪似,克有,百十
汪佃,十一,有之,東麓
汪佐,汝賢
汪佑,啟我,星溪
汪佑南,冠瀛,啟東
汪作礪,必成
汪作霖,懶仙,雨岩
汪佩珩,秀玉
汪佳海明,勤恪
汪侃,仲和
汪來,伯陽
汪俅,一百一十九,克敬
汪俊,吁三,山樵
汪俊德,自明
汪修鏞,芝圃
汪倓,安公
汪偉,克承
汪傅慶,餘村
汪傑,世才
汪傑然,鶴崖
汪傳縉,子綬,敦復,笏齋
汪傳霖,巢笙
汪僎,簡之
汪僑,思古
汪儀,丹崖
汪儀鳳,山泉,山泉先生,祥甫,翔甫,老山居士
汪儼,仲溫
汪允信,文如,松溪
汪元,元善
汪元亨,雲林
汪元介,宜雲
汪元佺,完璞
汪元侃,雨研
汪元功,玄倩,蒼衡
汪元哲,心燭,魯生
汪元圭,功甫
汪元恂,惟實
汪元方,友陳,嘯庵,嘯盦,嘯菴,文端
汪元春,景新
汪元極,懋忠,蓉菴
汪元標,承景
汪元機,錦文
汪元治,仲安,珊漁,謐卿
汪元浩,孟養
汪元爵,伯孚,竺君
汪元瑞,鬉仙
汪元璜,用濱
汪元相,子相
汪元量,大有,水雲,水雲子
汪元錫,天啓,汪玄錫
汪元龍,松坡,雲甫
汪兆桐,子琴
汪兆椿,霞谷
汪兆珂,朗亭
汪兆銓,惺默道人,莘伯,辛伯
汪兆銘,季恂,季新,精衛
汪兆鏞,伯序,慵叟,憬吾
汪兆麟,繡紱
汪先烺,曏之,薇卿
汪光爔,晉蕃,晉藩,芝泉
汪克寬,仲裕,德輔,環谷先生
汪克昌,俊民,壽我
汪克用,一十九,子才
汪全德,修甫
汪全泰,子純,鐵孟居士
汪凝玉,芝仙
汪凱,江凱
汪初,問樵,絳人
汪利往,汪利德
汪勃,彥及
汪勛,逸齋
汪勲,雨蒼
汪勷,匡洽,汪起鰲
汪化龍,見亭
汪匯,玉濤
汪厚圻,菊舲
汪厚基,菊舫
汪厚昌,了翁,吉門
汪又辰,希應,彡石
汪叔敖,子游
汪叔詹,至道
汪受礽,叔頤,藹夫,鞠侯
汪叡,一貞,三老,仲魯,蓉峯,蓉峯先生,貞一,貞一病叟,貞一道人
汪召嗣,汪似
汪可受,三盤居士,以虚,以虛,靜峰
汪同,仲玉
汪周煜,曙初,約庵
汪和,惟節
汪品佳,淸臣,青城
汪問丹,星橋
汪啓豫,次謙
汪啟淑,一泓齋,印癖先生,叢退齋,喜雨亭,安拙窩,居易庵,慎儀,敦樸堂,春暉堂,槐谷,汪華國,漱霞軒,琴硯樓,秀峰,秀峰山人,秋室,綿潭山館,聽泉精舍,臨學山堂,訒庵,退齋,退齋居士,開萬樓,靜樂居,飛鴻堂,魰書樓
汪善,存初
汪喜孫,孟慈,汪喜荀
汪喜荀,孟慈,荀叔
汪喬年,修齡,繡林
汪喬林,南臯
汪嗚相,朗渠
汪嗚謙,益齋
汪嘉傑,衡萬
汪嘉樹,滋榮
汪嘉淑,德容
汪嘉濟,子良,榮巖
汪嘉禧,選樓
汪嘉賓,守敬,敦倫夫子
汪噦鸞,書城
汪回瀾,砥湖,聲颺
汪回顯,汝光
汪國,幼真,茭湖
汪國偉,良夫
汪國士,繡紳
汪國柱,元卿
汪國濚,漪園,阜山樵人
汪國瀠,漪園
汪在前,立伯
汪圻,惕齋,甸卿
汪坎,海若
汪坤裳,源杜
汪垂,天翼
汪垍,仲弘,雲嶽
汪垕,德載
汪垚,子厚,碧山
汪基遠,星伯
汪堂,仲升,磽岩
汪堃,安齋,應潮
汪堅,子固
汪堯卿,岳仲
汪報原,幼淸,菊圃
汪報潤,桐階
汪增安,吉衣
汪增謙,約堂
汪士倫,彝仲
汪士嘉,國美
汪士奇,仁湖
汪士嵋,仲修
汪士度,公量
汪士慎,巢林,近人
汪士明,公亮
汪士暹,賓日
汪士榮,伯仁
汪士深,起潛
汪士漢,闇然
汪士竤,文升
汪士誥,石松
汪士通,宇亨
汪士進,逸雲
汪士達,雅雲
汪士遜,宗禮
汪士銓,碧堂
汪士鋐,文升,秋泉,退谷
汪士鍠,君宜,君宣,筠川
汪士鐘,三十五峯園,哴園,日良園,春霆,朗園,藝芸書舍,藝芸精舍,閬源
汪士鐸,悔翁,振庵,晉侯,某村,梅村,汪鏊,無不悔翁,甎丘,磚丘室,種樗老人,芝生
汪士魁,伯倫
汪士龍,恕齋,潛叟
汪壽昌,文貞
汪夢斗,以南,杏山,玉南
汪夢燕,燕友
汪大信,夢約
汪大倫,叔敘
汪大受,三十八,叔可,西潭
汪大定,季應
汪大度,時法,獨善,西山先生
汪大春,仙圃,仙園
汪大有,一謙
汪大業,簡宣
汪大淵,煥章
汪大燮,伯唐,伯棠
汪大猷,仲嘉,文忠,莊靖
汪大發,敷之,騰坡,騰波先生
汪大章,也堂
汪大經,書年,秋白,西村
汪天任,莘老
汪天來,溯潢
汪天祐,祐翁
汪天與,畏齋,蒼孚
汪天衢,履亨,履亭
汪天驥,樂全
汪奎,江奎
汪奕,公偉
汪如江,觀瀾
汪如汸,東常,樸堂
汪如洋,潤民,雲壑
汪如海,汝會
汪如淵,碧山
汪如璧,子白
汪如藻,彥孫
汪始亭,月掌
汪婉昭,苕香
汪嫈,雅安
汪子才,庭材
汪孔昭,容齋,德甫
汪孔祁,採白,洗桐居士
汪存,廷堅
汪存寬,經耘
汪孟翊,慵園,楷亭
汪孟鋗,厚石,康古
汪學昭,靜嫻
汪學潮,少韓
汪學聖,惕若
汪學金,敬銘
汪守和,凱南,巽泉,惟衣,選泉
汪守珍,聘耕
汪守魯,得惟
汪安行,伯壽
汪宏佈,敷政
汪宏均,賓賢
汪宏裘,子冶
汪宗伊,子衝,子衡,少泉,恭惠,汪宗尹
汪宗元,子允,春谷
汪宗凱,七峯,子才
汪宗器,鼎夫
汪宗姬,肇邰
汪宗寅,在南
汪宗徽,繩武
汪宗承,惟亭,開緒
汪宗文,景謨
汪宗沂,仲伊,弢廬,詠村
汪宗禮,敬夫
汪宗翰,振武,栗庵
汪宗臣,公輔,紫巖
汪宗訉,君疇
汪宗訊,君疇
汪宗賢,希顏
汪宗道,景和
汪宗顔,澤民
汪宗魯,泰岩,繼元
汪定元,乾齋
汪定娟,靜貞
汪定安,靜堂
汪定生,印堂
汪家勲,籣溪,蘭溪
汪家奴,忠靖
汪家禧,乙丙亭,東里學人,東里生,汪嘉禧,漢郊,選樓
汪實庾,君實
汪審,三十九,惟幾
汪寬,汝中
汪寶崧,友竹,小鶴,生甫
汪寶樹,東渠,謝階
汪寶球,又庵,又菴
汪尚凝,廷德
汪尚寧,十一,周潭,廷德,洲潭
汪尚廣,大中
汪尚斌,爾全,純白
汪居貞,元幹
汪屋,承齋
汪履仁,聖修
汪履泰,安甫
汪履道,得中
汪山,仁夫
汪岱孫,奮齋,葆齋
汪崇熙,少泉
汪嵩,季高
汪嶪,峙雲,蕓巢
汪巽元,復心,稱隱
汪希旦,碩公
汪希榮,廷讓
汪師熊,汪師雄
汪師韓,抒懷
汪常吉,寧圃,淳圃
汪常壽,淳圃
汪幼鳳,子翼
汪度,宏夫
汪庭桂,存耕,秋芳
汪康年,恢伯,穰卿,醒醉
汪庸選,掄英
汪廣堂,芥舟,芬川
汪廣洋,忠勤伯,朝宗
汪廷傑,偉堂
汪廷儒,醇卿
汪廷右,子卿
汪廷文,倬雲
汪廷棟,雲浦
汪廷楠,凌霄,嶺梅
汪廷楷,端揆,節安
汪廷榜,仰山,仰山先生,自占
汪廷榮,春卿
汪廷玙,持齋,衡玉
汪廷珍,文端,玉粲,瑟庵,瑟菴
汪廷瑜,汝待
汪廷璵,持齋,汪璿,衡玉
汪廷訥,全一真人,坐隱先生,昌朝,無為
汪廷釴,彥舉
汪廷錀,用堅
汪廷龍,集池,雲岫
汪建,符植
汪引撫,蘭屏
汪強,彥中
汪彌亨,彥貞
汪彝銘,吉石,寶吉
汪彤程,丹臣,笏山
汪彥份,冏生,彥生
汪彥冲,懋中
汪彥博,厚夫
汪彥卿,雨舟
汪彥增,崇甫,槐棠,葦塘
汪彥昌,鳳階
汪彥樹,夢梧
汪彥璜,元北
汪彬,學之
汪待舉,懷忠
汪律,用和
汪律本,舊游,鞠卣
汪後來,白岸,鹿岡
汪得一,斗山
汪從善,國良,王從善
汪從極,斗文
汪復,晞顏,溪陽
汪循,進之
汪徵典,獻臣
汪德元,正叔
汪德容,重閬,雲尺
汪德淵,允宗
汪德潤,潔亭
汪德玉,孚尹
汪德臣,忠烈,田哥,舜輔
汪德貞,孟淑
汪德輔,長孺
汪德鈞,叔達
汪德鉞,三藥,四一居士,崇義,艾悔堂,銳齋
汪德馨,一庵,一菴,香壑
汪徽壽,美之
汪必東,希會
汪必誠,栘林,立修
汪必進,止善
汪必達,兼善
汪志伊,實夫,稼門,莘農
汪志達,德孚
汪忠臣,忠讓,漢輔
汪思,三十,得之
汪思學,聖傳
汪思温,汝直
汪思湛,元淵
汪思溫,汝直
汪思遵,建士
汪思齊,友恭,汪師齊
汪恕,子喻
汪恩瑤,鶴琴
汪悼,尊士
汪惇,十八,叔厚
汪惟勤,忠宣
汪惟和,文貞
汪惟憲,子宜,水蓮
汪惟正,公理,貞肅
汪惟賢,忠定
汪愃,竹斐
汪愷,伯強
汪慕鍾,在東,潔亭
汪慧通,正柔
汪慰,善之
汪慶生,崧甫,松撫
汪憧,竹斐
汪憲,千波,千陂,振綺堂,靜寄東軒,魚亭
汪應健,乾若
汪應元,長孺
汪應婁,漢章
汪應庚,上章
汪應新,中山處士,元美
汪應時,伯逢
汪應泰,和宇,爾通
汪應甲,王應甲
汪應蛟,潛夫,澄源,登原先生,蔚翔
汪應軫,子宿,淸憲,青湖
汪應辰,文定,汪洋,玉山先生,聖錫
汪應鈐,洽臣,魯石
汪應鈴,魯石
汪應銓,杜林
汪應鏞,懌堂
汪懋均,躋平
汪懋琨,小航,瑤廷
汪懋芳,蘭畹
汪懋麟,季用,季甪,季角,蛟門,覺堂
汪承元,慕杜
汪承宗,心齋,贊先
汪承恩,招鶴山人,殿華,蓂生
汪承慶,稚泉
汪承業,肯堂
汪承爵,仲修
汪承第,棣圃
汪承綍,綸如
汪承鏞,曉堂
汪承霈,受時,春農,時齋
汪振基,艮山,震基
汪振甲,昆鯨,毅亭,紫巒
汪挺,無上,爾陶
汪政,敬齋
汪敍疇,汪樹烈
汪敏中,耐翁
汪敏修,惟勤,時伯
汪敕,主山
汪敘疇,汪樹烈,蓉洲
汪敦涯,碧川
汪敬,益謙
汪敬勲,祝萱
汪文叔,汪澄,淸卿
汪文台,南士
汪文孫,孝猷
汪文柏,古香樓,季青,容忍居,屐研齋,巽隱齋,抱月窩,擁書樓,擒源堂,擒藻堂,柯亭,柯庭,汪文伯,筤谿,紉庵,聽松堂,載德堂,雙桂軒
汪文樞,冠中,幹廷
汪文淵,養靜
汪文溥,幼安,懺庵,蘭皋
汪文演,以道
汪文煥,南圃
汪文璐,西雲
汪文盛,崇周,希周
汪文臺,南士,士南
汪文華,君實
汪文言,士克
汪文輝,德充,都山
汪文運,涵素
汪文銜,條丞
汪文雄,彝仲
汪文龍,濟卿
汪斌,以質
汪斗建,昌辰
汪新,又新
汪方,芳佩
汪於泗,岱青,磬濱
汪日丙,鹿齋
汪日宣,汪淦
汪日抒,七襄,絢霞
汪日杏,六仙
汪日章,首禾
汪日采,于蘩,伯荀
汪旦,昭仲
汪昂,仞庵,孝友堂,訒庵,釣磯樓
汪昉,叔明,菽翁
汪昌,師益,質人
汪昌壽,伯敏
汪昌燾,含生
汪明,廷瑞
汪明源,儲園
汪明貞,仲吉
汪明際,無際
汪春時,子育
汪春榜,杏園,殿丞
汪春照,仲賓
汪春熙,信村
汪是,貞庵,貞菴
汪昱,起廈
汪昶,韻和
汪時,暘谷
汪時中,聖交,雨亭
汪時渭,尚濱,竹泉
汪時琛,南瑞,竹溪
汪時肯,筱齋
汪時育,小齋,畹腴
汪晉,庶蕃
汪晉徵,涵齋,符尹,雙溪草堂
汪晫,康範處士,處微
汪景壎,和玉
汪景山,逸令
汪景晃,明若
汪景祺,星堂,汪日祺,汪曰祺,無己,讀書堂
汪景福,介夫
汪景純,仲良,杏春
汪智仁,仲常
汪暕,仲穆,淡餘
汪暹,海若
汪曉梅,雪山
汪曰楨,剛木,薪甫,謝城
汪曾澤,小農,春波
汪曾瑟,儷琴,子湘
汪曾蔭,仲玉
汪會,伯會
汪會授,薪傳
汪有光,謙子
汪有典,訂頑,豈魔,起謨
汪有功,祖倩
汪有大,榮之
汪有恭,芷香,銘三
汪有成,成之
汪有才,舉之
汪有新,新之
汪有明,秀之
汪有朋,海虯
汪有泰,小純,桃潭舊主
汪有訓,得時
汪有道,張孫,正夫,第仁八,聖求
汪朝棨,亦農,玉森
汪朝模,范卿,達士
汪本,惟中
汪本中,秀山
汪本皋,西亭
汪本直,譲庭
汪本莊,小愚
汪本銓,澹庵,衡甫
汪杞,利國,南美,汪利國
汪杰,順鄉
汪東洋,德涵
汪杲,廷輝
汪松壽,正心
汪松承,嘉樹
汪林,淸遠
汪柏,廷節,汪栢
汪栢,二十九,廷節
汪根敬,小孟
汪根甲,玉龍
汪桂,薌齡
汪桂月,秀林,養園
汪桂芬,素娟
汪桐,鳳九
汪桐音,琴聲
汪梅未,春綺
汪梅鼎,映琴,映雪,浣雲,澣雲,畹雲,蓼塘
汪梧鳳,在湘,松溪
汪棠,棣華
汪棣,對琴,韡懷
汪棨,伯衣,易門
汪森,晉賢,碧巢
汪椿,式齋,春園
汪楚材,南老,太初
汪楠,良用
汪楫,紫坡
汪極,極甫
汪楷,南有,皆木
汪榖,心農,琴田
汪榮寶,太玄,袞甫
汪榮慶,笑緣
汪榮曾,景沂
汪榮棠,芾庭,餘翁
汪槩,鏡青
汪標,涵谷
汪機,省之,石山居士
汪櫆,中埜
汪正,惟中
汪正修,大山
汪正元,少霞,展奇
汪正綱,均之
汪步蟾,鴻芸
汪毓英,綠君
汪毓衡,秀峯
汪氏,貞惠安和景皇后
汪氏(何卓美妻),汪嬌
汪氏(滑志能妻),汪德清
汪永瑞,耑木
汪永錫,孝傳,德園,曉園
汪汝修,謹堂
汪汝惺,敬一
汪汝懋,以敬,遯齋
汪汝淮,溶川,禹績
汪汝溶,澹薌
汪汝瀾,汪如瀾,汪如蘭,聽月
汪汝綸,念甫,練浦
汪汝謙,松溪道人,然明
汪汝賢,季顏
汪汝達,志行
汪汲,子遷
汪沆,小眠齋,師一,師李,槐堂,槐塘,泉亭,湛華軒,西灝,西顥
汪沈琇,茶圃,西京
汪沨,魏美
汪河,清夫
汪泗論,石蓮,自魯
汪注,東之
汪泩,容川,欲括
汪泰來,陛交
汪泰護,本亨
汪泳,伯游,若游
汪洊雷,叔震
汪洋,文淵
汪洋度,文冶
汪洗,彥暉
汪洙,德溫
汪洛年,友箕,社耆,鷗客
汪洞,柳汀
汪洪,克容
汪洪度,于鼎
汪洵,景泉
汪浩,弘初
汪浩然,我常,我長
汪涓,養元,養原,養源,養源(原)
汪涯,萬頃
汪淇,白岳山人,白嶽仙人,白嶽山人,竹里
汪淑娟,玉卿
汪淑媛,季嫻
汪淑甫,又曇
汪淑真,道寧
汪淮,禹乂
汪深,文淵
汪淳,叔川,文卿
汪淵,仲深
汪清,湘卿
汪清卿,敬齋,湛仲
汪清映,冰華
汪清暎,冰華
汪清麒,少湘,麐甫
汪渢,汪冷,魏美
汪湋,江湋
汪湛恩,少泉
汪湜,和靜,汪長老
汪溎,瑞泉
汪源慶,善齋
汪溥,源學
汪溥勳,廣淵
汪溱,汝梁,蛟潭
汪滋畹,勳亭,蘭畬
汪滮,池北
汪滸,淸夫
汪漋,岵懷,荇洲
汪漢倬,大章
汪漢南,召伯
汪漢卿,景良
汪漱玉,碧泉
汪漱芳,經佘
汪漸磐,三餘
汪漼,尙淵
汪潤,玉恬
汪潤之,雨園
汪潤民,從主,良弼
汪潮生,冬巢,汝信,飲泉
汪澂,嘨皋
汪澄,子淵
汪澄之,秋潭
汪澈,明遠,汪徹,莊敏
汪澍,霽嵐
汪澤,公溥
汪澤民,叔志,堪老真逸,文節
汪澤霖,湛臣
汪澥,仲容
汪激,志東
汪濊,屏山
汪濟,君楫
汪濟民,以仁
汪濟淳,公龐
汪濤,亦山
汪瀅,源潔
汪瀚,海恬
汪瀾,浣花釣者
汪灌,慶衍
汪灝,季夷
汪灼,竹庵
汪炎,子琬
汪炎昶,古逸先生,古逸民,懋遠
汪炯,也樵,朗園
汪炳,黻丞
汪炳恩,文叔,笠樵
汪炳熊,蘊庵,蘊春,蘊盦,蘊菴
汪炳璈,仙譜
汪炳麟,玲山怪石,矞雯,石青
汪為善,心揆
汪為熹,若木
汪為霖,傅三,春田
汪烇,五十三,子光
汪無限,健希
汪焱,雯山
汪煇,柱河
汪煉南,冶夫
汪煜,道百
汪煥,文仲
汪煥其,石門,鄰梓
汪煦,符生,西神山人
汪熙寧,懋齋
汪燕淑,雲浣
汪燦,汪璨
汪燧,遂有
汪燮元,玉亭
汪燾,蘅洲
汪牧,作山,作田
汪特昌,于岡
汪獲麟,仁甫
汪獻,維賢
汪獻之,鳳梧
汪獻玗,彥石,月生
汪玉,涿菴,琢菴
汪玉珩,夷畦,玉珍
汪玉衡,篤齋
汪玢,孟文
汪玩,良味
汪玳,杏圃
汪珊,德聲,秋浦
汪珍,南山,聘之
汪珩聲,芾佩
汪班,雙泉
汪琥,友苓,玉符
汪琬,丘南小隱,嗜退齋,堯峰,堯峰先生,容安軒,寸碧堂,御書堂,毓德堂,液仙,玉遮山人,玉遮山樵,王遮山樵,皆山閣,苕文,苕生,苕華書屋,菁庵,鈍庵,鈍甕,鈍翁,鈍菴
汪琰,廷用
汪琳,鑑湖,靜山
汪琴雲,汪雲琴,琼雲,逸珠,遺珠
汪瑔,玉泉,芙生,越人
汪瑚,紀山,蘊山,韞山,韞川
汪瑜,天潛,季懷
汪瑤,雲上
汪瑤光,文岫
汪瑤芳,若蘭
汪瑩,珠林
汪瑸,仲玉,信天拙叟,蓉湖
汪璀,璀第
汪璋,伯琪
汪璐,九一翁,仲連,春園
汪璧,叔完
汪璨,郭璨
汪璪,文亮
汪璲,文儀,默菴先生
汪璿,舜璣
汪甄,陶卿
汪用敬,彥恭
汪甫,景新
汪由憲,紹聞
汪由敦,師茗,文端,松泉,謹堂
汪申,坤翁
汪畇,佩蘅
汪留堦,連亭
汪畹,佩茴
汪畹玉,佩滋
汪登仕,華甫,華輔
汪登端,熙宇
汪的,佩蘅
汪皋,洛雅
汪皋會,元替
汪皞,烈愍
汪皡,汪皞,節愍,西山
汪益謙,受之
汪直,懋儉
汪直臣,忠愍
汪相,魏夫
汪相如,平叔,篁竿
汪知默,聞增
汪祀,元明
汪祖敬,玉嶠
汪祚,乘之
汪神駑,孟禎
汪福安,敦仁,耕餘
汪福廣,遠侯
汪禔,介夫,古心子,檗菴
汪禮約,長文
汪秀娟,麟玉
汪秉,懿卿
汪秉健,實甫,小逸
汪秉謙,位存
汪科爵,荔裳
汪穀,小城
汪穎,雲溪
汪穠,棣堂,秋田
汪立中,莊甫
汪立信,成父,紫源,誠甫
汪立名,西亭
汪立忠,希仲
汪立本,其淵,蔗田
汪立爍,質螢
汪立綬,懸紫,東軒
汪端,允荘,小韞
汪端光,劍潭,澗曇,睦叢
汪端彥,表之
汪笑儂,仰天,俊淸,孝農
汪策,蘭玉
汪筠,珊立,謙谷
汪箎,仲和
汪箴,季明,留下村農
汪篯,伯年,百研
汪簠,鐵山
汪精卫,汪兆铭,兆铭,季新,精卫,汪季新
汪紉,畹妹,畹姝,香隱
汪紉蘭,佩之
汪純,一齋
汪素,珊珊
汪紱,方來
汪紳,巽爲,順哉
汪紹,子傅,子博
汪紹曾,又村,東枚
汪紹榮,春剛,春圃
汪紹瀛,蘭士
汪統,仲宗
汪綬之,芍卿
汪維億,我庾
汪維崇,賢甫
汪維武,繩甫
汪維祺,壽甫
汪維誠,省吾,訒夫
汪綱,仲舉,恕齋
汪縉,大紳,愛廬
汪繡,繡祖,靜姝
汪繡祖,靜姝
汪繹,東山,玉輪
汪繼墉,補堂
汪繼序,東亭
汪繼昌,徵五,悔岸
汪繼燝,倬雲,恬村,恬邨,雙椿草堂
汪纘,嗣徽,汪纘祖
汪纘祖,嗣徽
汪美,勉齋
汪義,恬園
汪義和,謙之
汪義榮,煥之
汪義端,充之,子充
汪翁綬,文若
汪翔麟,東垣,樵鄰
汪翠環,阿環
汪翥,節愍
汪翰臣,襄毅
汪翰芬,茗吟
汪耀文,虹橋
汪耀麟,北皋,叔定
汪聖林,孔傳
汪聲玲,壺山,筱岩
汪職,斗垣
汪肇,海雲
汪肇衍,念宏
汪肇龍,松麓,稚川,肇瀧
汪育馨,滌齋
汪自强,行之
汪臯會,元贊,醴陵先生
汪致炳,朗齋,虎文
汪致道,成德,高閒野叟
汪與圖,河符
汪與立,師道
汪興祖,張同,張興祖,東勝侯,武愍
汪興褘,冕齋
汪舉,用之
汪舜民,從仁
汪舸,可舟,客吟,㠣崌山人
汪良臣,忠惠
汪良蛟,爾昇
汪芑,纘豐
汪芳,世芳
汪芳藻,蓉洲
汪芸,秀卿
汪若容,正夫
汪若思,行父
汪若楫,作舟
汪若泮,文化
汪若海,一谷
汪若霖,時甫,霽寰
汪英福,春泉
汪茂良,景孟
汪荃,木瓶居士,水村
汪荇,瑞瑛
汪荊川,松樵
汪荌,雅安
汪莊,尚志
汪莘,叔耕,方壺居士,柳塘
汪菊孫,靜芳
汪華,東山,榮夫
汪萊,孝嬰,衡齋
汪萬於,叔振
汪萬鴻,江萬鴻
汪蒙,功父
汪蕙,蘭英,雪窗女史
汪薇,思白,棣園,溪翁
汪薦,東美,汪韶
汪藻,繹亭
汪藻思,柳橋
汪蘅,采湘
汪蘆英,雪娥
汪蘊玉,韻芝
汪蘭,子芳
汪處實,勝奴,強哥,穎叔,第十九
汪行恭,仲行,子喬
汪衢,世亨
汪裕光,衣谷
汪襄,公弼
汪覲光,益之,穆堂
汪觀,顒若
汪觀定,韻華
汪言臣,可忠
汪詒年,仲策,仲谷,頌閣
汪詒書,汪貽書,閒止,頌年,頓叟
汪詠霞,鶼影
汪詢,子文,秀巖
汪諧,伯諧
汪諴,十村,十村散人,孔皆,武陵驛人
汪谷,次元
汪貞,心庵
汪貞保,以元
汪貢,伯琛
汪貴,良貴
汪賜棨,鳳墀
汪質,孟文
汪起璐,夔莊,燮莊
汪起謐,書農
汪起鳳,来虞,無朋
汪越,二樓,卓人,大農山人,季超,師退,綠影草堂
汪路,彦由
汪軔,汪韌,藻香館,輦雲,迂行,魚亭
汪輔之,正夫
汪輝祖,歸廬,潠美堂,煥曾,環碧山堂,雙節堂,龍莊,龍莊居士
汪通保,思雲,處全
汪逢堯,同吉,味經
汪逢辰,古學,虞卿
汪連,梅塘
汪逮,及之
汪進,希顏,止齋
汪逵,季路
汪運錀,荻漁,迪旃
汪運錦,侑純
汪道亨,汝立,雲陽
汪道昆,伯玉,南明,南溟,松明山人,玉卿
汪道暄,獻于
汪道會,仲嘉
汪道誠,勉旃,勤果,礪軒
汪道貫,仲淹,小司馬
汪達鈞,少浦,迂圃
汪遠孫,久也,小米
汪適孫,亞虞,又村,甲子生
汪遴卿,邦臣
汪遹孫,次律
汪邁孫,少洪,我斯
汪邦潮,次韓
汪邦鉞,左黃
汪郊,南野,浚臣
汪采,蓉卿,韻珊
汪金恩,天錫
汪鈞,子鋻,子鑒
汪鈴,月珠
汪鈺,式加,式如
汪鉉,鼎卿
汪鉽,劍秋,式金
汪銘謙,貞南,貞甫
汪銜,本孚,茝亭
汪銹,庀材
汪鋆,研山
汪鋐,宣之,榮和
汪鋼,允堅,鈍齋
汪錄,上聞,濬園
汪錚,叔瞻,鐵庸
汪錞,鍾如
汪錫增,季航
汪錫恩,惠山
汪錫華,春園
汪錫魁,履曾
汪鍊,心冶,篔壑
汪鍾霖,岩徵,甘卿,蟠隱
汪鎡,時用
汪鎣,汪埴古,芸石,蕓石
汪鎬京,快士,西谷
汪鎮,冰臣
汪鎮光,信成,星石
汪鏜,懷峰,汝和
汪鏞,東序,芝田
汪鑑,晦叔
汪鑒,伯明,筱潭
汪長康,履之
汪長齡,學山,西庭
汪長齢,學山,琴山
汪開之,元思
汪阜,覺所
汪陞,蘭友
汪隆燿,虛中
汪際烺,汝霖
汪際謙,天益
汪隨,謹度
汪雄圖,休遠,思遠,李坡先生,致遠
汪集,惟義
汪雨,潤之
汪雨時,化亭,潤盦
汪雲京,子都
汪雲龍,昂甫
汪震,子望
汪霖,說之,説之
汪霖道,壽芝
汪霦,朝采,東川
汪靑萍,薛門
汪青,魯璠
汪靜娟,雯卿
汪靜宜,穉嫻
汪革,信民,青溪先生
汪韜,嘯碩,孝述
汪韞玉,汪韞石,潛輝,蘭雪
汪韶,井梧,倩君
汪韻梅,雪芬
汪順,順卿
汪頤,蒙元
汪顯德,孔昭
汪顯達,明揚,蘭軒
汪香蘭,念臯
汪驥,重德
汪體仁,濟仲
汪高,可大
汪鬱亭,篠餘
汪鯉,子化
汪鯨,時躍
汪鳳,十七,天瑞
汪鳳梁,蘭楣
汪鳳芬,雪徵
汪鳳藻,芝房,雲章
汪鳴瓊,靜君
汪鳴相,佩珩,霈衡
汪鳴鑾,【自邑】亭,柳門,能自强齋,萬宜樓,郇亭,郋亭
汪鳴鸞,咸池,律初
汪鴻璵,獻其
汪鴻逵,瘦梅
汪鶴孫,梅坡,雯遠
汪麟昌,子硯,玉書
汪鼎,子鑄
汪鼎和,公調
汪鼎金,凝之,巽溪
汪齊,子思
汪龍,叔辰,時六,楚頌山房,蟄泉,豈潛,起潛,辰叔
汪龍標,漢溪
汪𤦺,時用
汲奉一,乹槁,奉一,思叡,承暉,郎氏
汲建中,陳卿
沃起龍,荀伯
沃頖,文淵
沇騂,愛農
沈,文定,銘縝
沈?,子由,江村
沈[⿰火奇],敬樞
沈㴶,文定,銘縝
沈㷆,蘊公
沈㻑,廷潤,沈琇,雙溪漁者
沈一中,太若,長孺
沈一仁,近峯
沈一揆,存田
沈一澄,雪龕
沈一貫,文定,文恭,肩吾,蛟門,龍江
沈三曾,允斌
沈上墉,宗子,維庵
沈上章,上章,何天成,俞天成,俞積治,天成,端初
沈世壽,杏雨
沈世奕,韓倬
沈世屏,錫侯
沈世楓,坳堂,東田,東由,某堂
沈世楙,旃美
沈世煒,南雷
沈世煜,醒園
沈世良,伯眉
沈世薰,懋季
沈世鑑,國秀
沈世顯,光祖
沈丙,吉堂
沈丙瑩,晶如,菁士
沈中堅,瓞生,致五
沈中立,抑強,用之,第六八,虎郎
沈中黃,中美
沈丹槐,晉三,香岩
沈久芳,倚珊
沈之亮,咨採
沈之唫,性甫
沈之本,曾培,樹原
沈之民,沈士茂
沈之泰,魯瞻
沈之洸,翰青
沈之源,晩沙,源之
沈之溟,子羽,聾巖,胡安
沈之漢,子章,滄洲
沈之變,汝枚,蔭園
沈九疇,箕仲
沈于鑑,楚舫
沈五栗,嘉軒
沈五集,梵陵
沈亞之,下賢,吳興才人
沈亨辰,會龍,松年
沈亮,若采
沈人種,時雍,練城
沈人驥,雪莊
沈仁樹,東悅
沈介,德和
沈仕,子登,青門山人
沈令式,雲中
沈以庠,益園,秀之
沈以淑,蕊仙
沈以煊,懋卿
沈仲,梅谿,長卿
沈伯咸,公甫,少泉,鶴湖
沈伯范,神宇
沈伯龍,文室,雲卿
沈位,虹臺,道立
沈佐清,輔堂
沈作喆,寓山,明遠
沈作朋,魯三
沈作賓,賓王
沈作賔,賔王
沈佩,綬青
沈佩坤,子柔
沈佩桂,紉英
沈佳淦,錦帆
沈佺期,雲又
沈侃,瀛山,道古
沈來,元烈,韻樓
沈俊,人傑
沈保光,又彭
沈保康,容伯
沈保靖,仲維,品蓮,怡雲
沈信,循初
沈修,吉甫
沈倫,彝士
沈倬,涵臺,道章
沈偉業,靜修
沈偕,君與
沈健,若乾
沈傅義,次端
沈傑,良臣
沈傳師,子言,沈八
沈傳桂,伽叔,閏生,隱之
沈僖,道凝
沈僴,仲莊,莊仲
沈儀順,舜征
沈儆炌,叔永,泰垣,襄敏
沈儆焞,仲亨,寄齋
沈儘,沈藎
沈儼,敬存
沈允慎,仲玫,湘濤
沈允成,汝賢
沈元,挹葊
沈元愷,性良
沈元慶,森軒
沈元梅,月笙
沈元泰,吉安
沈元溥,春敷,春東
沈元滄,晚聞翁,東隅,沈名滄,麟徵,麟洲
沈元煉,天若,補山
沈元輅,秋田
沈元釗,商盤
沈兆沄,拙安,瑩川,雲巢
沈兆溶,容川
沈兆澐,拙安,文和,瑩川,篷窗,織簾書屋,雲巢
沈兆蕙,夢萱
沈兆霖,子淥,子篆,子莍,子菉,尺生,文忠,朗亭,萸井生,雨亭
沈光,雲夢子
沈光世,休翁,德顯
沈光厚,二渠
沈光坡,松巖
沈光大,體行
沈光宇,斗垣
沈光廷,竹泉
沈光彥,彦之,胡安,鈍菴
沈光文,文開,斯庵,斯菴
沈光春,山漁,沈江春
沈光洙,希聖,魯淵
沈光熙,思凝
沈光遠,靜舫
沈全達,虞聰,虞齋
沈公亮,虛中
沈其昌,紹周,肇洲
沈其聰,子聞
沈兼,兩之,無諍道人
沈兼善,達卿
沈再榮,德舫
沈冬魁,伯貞,漳涯,立齋
沈冬齡,蕖仙
沈初,子深
沈則賢,曉蓉
沈剛中,北溪居士,需尊
沈化龍,雨生
沈千運,沈四,沈四山人,沈四逸人
沈千鑑,楚舫
沈升,志行
沈南春,巡梅,藹園
沈南金,子輕
沈博上,扶雲
沈博清,浪秋,源秋,溟秋
沈厚載,元興
沈友信,公擇
沈友儒,子真
沈友勝,士進,晩沙
沈友正,元擇
沈友琴,參荇
沈叔埏,劍舟,埴為
沈受吉,耕雲,鳳梧
沈受弘,白溇,臺臣
沈受謙,江梅,牧卿
沈召,翊南
沈可均,半桐居士,師衡
沈可培,曏齋,蒙泉,養原
沈右,仲說,訥齋
沈同芳,幼卿,蠡隱,越若
沈向,德一
沈周,啟南,白石翁,石田,石田先生
沈命世,德用,忠景
沈和,用禮
沈咏南,佩儀
沈品蓮,根玉,秋塘
沈唐,公述
沈啓,子由
沈啟曾,留塘,笛塘
沈啟源,沈啟原,道初,道卿,霓川
沈善寶,湘佩,西湖散人
沈善慶,陔蘭
沈善登,谷成
沈善禧,湘卿
沈善芳,蘭仙
沈善茲,勉齋
沈喜壽,一松,伯懼,文貞,水雷累人
沈嘉客,無謀,西溪
沈嘉徵,懷清
沈嘉澍,子復
沈嘉禾,惟瑞
沈嘉績,惟熙,楓山
沈嘉謀,守西,惟恂
沈嘉謨,惟承
沈器遠,遂之
沈嚴,叔寬,德寬
沈固,仲威
沈國器,少洲,瑚亭
沈國安,魯巖
沈國模,叔則,求如,沈國謨
沈國治,琴安,琴石,韻亭
沈國琛,寬夫
沈國豐,允修
沈在光,澹園,澹雲,瞻雲
沈在秀,岫雲
沈圻,湘亭,相亭
沈坤,伯載
沈垚,子惇,子效,子敦,效山,敦三,落帆樓,落颿樓
沈垣,二十八,子完,鄂陽
沈埕,未男
沈執中,立方
沈培祉,元一,大坤
沈培福,元景,樂溪
沈基,松巖,栓峯
沈堅,凝齊,凝齋,晨齋
沈堯中,執甫,心唐
沈塘,子文,孚文
沈墦,久如
沈士俊,誠庵
沈士元,青溪
沈士充,子居
沈士公,崇正
沈士則,誌可
沈士哲,若宇,若生
沈士尊,天士
沈士本,輔菴
沈士林,子彥,芝硯
沈士柱,崑銅
沈士模,岫雲
沈士濂,魏存
沈士煜,聘三
沈士璉,鼎傅
沈士綸,梅村,沛堂
沈士逸,廷獻,逸真
沈士鑅,伯鈞,聲甫
沈士駿,文聲,朗峯
沈士鳳,羽皇
沈士龍,景之
沈壻,二玄
沈壽,天香閣主,雪君
沈壽亮,保拙齋,龍卿
沈壽崇,宗山
沈壽康,原懋
沈壽昌,淸和
沈壽榕,意文,朗山,玉笙樓
沈壽民,徵君,眉生,耕岩,耕巖,貞文先生
沈壽祺,价藩
沈壽龍,歗雲,黻雲
沈复,得之,沈夏,簡肅
沈多福,介石
沈夢忠,實父,第千四
沈夢斗,應宿
沈夢蘭,古春,所願學齋,谷春
沈夢鯉,龍卿
沈夢麟,元昭,原昭,沈八句,花谿,華溪
沈夢龍,學行,景雲,第萬一,與孫
沈大儒,越凡
沈大孚,信叔,嘉隱,泛齋
沈大廉,元簡
沈大忠,惟孝
沈大成,學子,沃田
沈大業,半村,建偉
沈大榮,一行道人
沈大經,元誠
沈大聲,元夏
沈大謨,菊農
沈大鏞,雲卿
沈天中,蘭初
沈天佑,吉甫
沈天啟,玄初,生予
沈天孫,七襄
沈天麟,禎伯
沈奇生,長森
沈奎,文明
沈奕琛,石友
沈奮起,雨堂
沈如潤,雨懷
沈如蘭,苜仙
沈如麒,朝珍
沈始樹,景馮,真崖,雨壑
沈婌廉,淑廉
沈媛,文殊
沈子來,汝脩
沈子木,汝南,汝楠,玉陽
沈子柔,小嬌
沈子真,景實
沈子霖,澤夫,逍遙翁
沈存,肯堂
沈存仁,愛甫
沈存肅,沈博士
沈孚聞,令聞,翼亭,芷陽,貞孺
沈孝蘅,明霞
沈孟凡,杏莊
沈孟化,叔順
沈季友,南疑,客子,秋圃
沈季文,少卿
沈季豐,儉夫
沈季長,道原
沈孫璉,礫人
沈學厚,小雲,麟伯
沈學廉,瘦山
沈學洙,泰源
沈學海,昭仙,韶仙
沈學淵,夢塘
沈學詩,涵之,筠垞
沈宇,啟大,子衡,笑山
沈守慶,希安,聽天堂
沈守正,允中,無囘
沈宋圻,雲石
沈完,全卿
沈宏,惟遠,芹溪
沈宗塙,沈宗鎬
沈宗德,翊為
沈宗敬,南季,恪亭,恪庭,獅峯道人,獅峰,臥虛山人,雙杏草堂,雙鶴老人
沈宗明,公晦
沈宗清,監源
沈宗湘,六如,蓴村
沈宗畸,南雅,太侔,孝耕
沈宗約,鶴坪
沈定時,改亭
沈宛,季婉,蕙如
沈宜,在甫,大悟,拙直
沈宜修,宛君
沈宜祺,廷珠
沈宣誠,遜齋
沈家本,子惇,寄簃,枕碧樓,雪堂
沈宸荃,侗菴,友蓀,彤菴,忠節
沈寅,敬竹
沈富,好禮
沈寓,寄廬
沈寬,興門
沈寵,古林,畏思
沈寶,邦重
沈寶昌,介堂
沈寶柟,杞鄰,粟香
沈寶森,曉湖
沈寶興,松巖
沈寶謙,六皆,濟之
沈寶麟,孔珍,紱齋
沈封忱,楓勝
沈尙吉,子八,蓮翁
沈尚鼎,夢悟齋,聖凝
沈居瑞,薌林
沈展才,拙莊
沈履祥,其旋,復菴
沈岐,文淸,耀西,顯西,飴原,鳴周
沈岐昇,石城
沈岩生,賚初
沈岫雲,在秀,虛谷
沈岱,公望,忠壯,西墩
沈岸登,惰耕村叟,覃九
沈峨皆,嵋三,質齋
沈峻,丹崖,筌浦
沈峻曾,窳庵
沈崇威,范崇威
沈崇寧,咸公
沈崧,吉甫,文獻,文甫
沈崧曾,竹秋
沈嶼,涵碧
沈巍皆,舜卿,講虞
沈巽,士偁,巽翁
沈希儀,唐佐,紫江,虞佐
沈希顏,幾聖
沈師孟,倪師孟,南琛
沈師昌,仲貞
沈師正,墨禪,玄齋,頤叔
沈師賢,德秀,渠陽
沈師黃,希徒
沈干鑑,楚舫
沈平,均父,自量
沈幼,沈仂
沈幼馨,若蘭
沈庠,尚倫
沈度,民則,自樂
沈康,直叟
沈康保,容伯
沈廉,約園
沈廣敬,琴痴
沈延標,正庵
沈廷御,蓮潭
沈廷揚,五梅,季明
沈廷文,元洲,元衡,原衡
沈廷柱,黻堂,黼堂
沈廷桂,輔卿,輔鄉,黼卿
沈廷模,然東
沈廷櫰,孟公
沈廷炤,芷橋,鏡卿
沈廷珪,德璋
沈廷瑞,沈有鄰,沈道者
沈廷芳,椒園,畹叔,萩林
沈廷觀,賓卿
沈廷陞,介軒
沈引笵,康臣,沈胤笵
沈弘彝,君敘,柳川
沈弘道,伯元,伯充
沈彜,五湖一老人,懋常
沈彤,冠云,冠雲,文孝,文學先生,果堂,果堂居士,貫云,貫雲
沈彥光,士烱,文恭,漁村
沈彥方,思謙,恬齋,香雪
沈彩,宗彜
沈彩林,冰方
沈彪,子葊
沈彬,原質,蘭軒
沈彭年,小籛
沈彰萱,意娘
沈彲,詹山
沈得鴻,盤谷,秋渚
沈御月,纖阿
沈復,三白,日隆,梅逸
沈復昆,巨源,復崑
沈復粲,詩巢,霞西,鳴野山房
沈德,禹平,禺平
沈德從,琴軒
沈德棻,育亭
沈德樅,琴軒
沈德滋,玉糾
沈德潛,夕陽黃葉村舍,宛委山堂,峴山,彜白齋,春田草堂,歸愚,歸愚老人,歸愚齋,確士,碻士,竹嘯軒
沈德符,定安,得之,恭靖,蘆堂,虛堂,虛江
沈德貞,仁英
沈德馨,仁田
沈德鴻,磐谷,秋渚
沈心,房仲,松阜,沈廷机
沈必壽,天昌
沈志祖,學基
沈志禮,範先
沈志言,子謨
沈志銘,新齋
沈忠謙,公直,四養堂,忠翼
沈念玆,薩菴,謹齋
沈念祖,伯修,涵齋
沈思充,孟符
沈思孝,純父,純甫,繼山
沈思源,樹嘉
沈思遜,讓卿
沈思順,宜中,默齋
沈性,克循,士彛,士彜,砥軒
沈性善,師孟
沈恆,同齋,恆吉
沈恕,海峯
沈恩,仁甫,西津
沈恩培,承齋
沈恩孚,信卿,心磬,漸盦
沈恩棨,祿卿,貽君
沈恩燎,際良
沈恪,克敬
沈恭慎,聖音
沈悅,南坡,學而,忠靖
沈悅成,近齋
沈悅臣,近齋
沈惟賢,師徐,思齊,逋翁
沈惠心,亨道
沈惠昭,季蘭
沈愚,倥侗生,崆峒生,通理
沈愷,舜臣,鳳峰
沈愷曾,樂存,虞士
沈慈曾,柔之
沈慰祖,學周,礪齋
沈慶,雲亭
沈慶思,兆蓉
沈慶曾,怡庭,振始
沈慶榮,桂巖
沈憬,仲悟
沈憲,彦璋
沈憲英,惠思,蘭友,蘭支
沈應,德乾
沈應丑,行父
沈應乾,惟順
沈應元,雷伯
沈應善,喜言
沈應奎,伯和
沈應彤,味蔗
沈應文,徵甫
沈應時,子易
沈應瑞,介軒,聖符
沈應科,邦彥
沈應經,十四,德徵
沈應魁,仲文
沈應龍,翔卿
沈懋功,印原,樞萬
沈懋孝,幼真
沈懋學,君典,少林,居典,文節,白雲山樵
沈懋庸,季平
沈懋昭,季蓮,德馨
沈懋華,容薌,芝光
沈成章,達卿
沈承,君烈
沈承勳,西銘
沈承怡,少餘
沈承烈,顧承烈
沈拜璜,冬餘,呂丹,東漁
沈括,存中
沈拱,拱之
沈拱辰,國祥
沈持玉,佩之,皎如
沈振,克成
沈振䕫,愚菴
沈振嗣,方岩
沈振慶,愚菴
沈振鵬,子萬,訪泉
沈揆,儒者之政,虞卿
沈搢,壯愍,晉卿
沈攀,香山
沈支炳,星岩
沈攸,仲美,梧灘
沈攸之,仲達
沈政,以政
沈教,平墅,敬敷
沈敬,克欽
沈敬學,悅庵,習之
沈敬明,伯熙
沈文,思質
沈文光,經畬
沈文奎,淸遠,王文奎
沈文彪,少谷
沈文德,榮老,義尊
沈文旭,日昇
沈文杏,林仙
沈文炳,堯文
沈文獻,賢卿
沈文荘,芸舫
沈文華,崇實
沈文豪,再歐
沈文鎬,紹岐,誠齋
沈斯盛,江干,西京
沈新圖,藥之
沈方,孟舟,趣菴
沈方珠,浦來
沈方舟,用濟
沈方錢,寄雲,霄雲
沈旭初,東田
沈旼,和父
沈昀,朗思,汝觀,沈盷,沈蘭先,甸華
沈昌,渭川,西侯
沈昌世,聞衣
沈昌宇,子佩,竹亭鋤玉生
沈昌時,皎如,葵陽,逢可
沈昌期,廷際
沈昌直,次公,潁若
沈昌眉,眉若,長公
沈昌笵,敬亭
沈明,脩武伯,襄榮
沈明在,公載
沈明理,子昭,東野
沈明臣,嘉則
沈明遠,自誠
沈明陟,熙三
沈易,易之,蔬食野人
沈星標,怡叔,萊峰
沈映楓,雲史
沈映鈐,輔之,退庵
沈春澤,雨若
沈昭,秋萼
沈昭興,研怡
沈昭華,澹如
沈昭遜,道卿
沈時,元中
沈時來,石樓
沈時宜,孫時宜
沈時敘,公納
沈晃,克昭,十一
沈晉祥,梅孫
沈晉蕃,恆農
沈晞顔,文仲
沈晦,元用,沈傑,胥山
沈晨,元閣
沈景修,勉之,寒柯,蒙叔
沈景瀾,尚賓,溶谿
沈景謨,懋哉,潛廬,狄先
沈景運,春江,潤瞻
沈智果,元貞
沈智瑤,少君
沈暉,時暘
沈暕,十三,景明
沈曜,秋堂
沈曰壽,延之,笠君
沈曰富,沃之
沈曰楨,天祺
沈更,子初
沈曾桐,同叔,子封,紫封
沈曾植,子培
沈曾頤,扶蒼
沈會霖,時沛,茶庵
沈有則,士範,逸少
沈有容,士弘
沈有開,應先
沈朝,憲忠
沈朝初,洪生
沈朝煥,伯含,太玄,綠笠翁
沈朝鼎,研亭
沈束,七十九,宗安,宗約,梅岡,梅崗
沈東美,沈八
沈東龜,文徵,晴峰
沈松,如松
沈松年,性仁
沈林,林樵,桂樵
沈某某,子由
沈栖遠,子鸞
沈栗,恂仲,麟溪內史
沈栩栩,冬呈
沈栻,欽伯
沈桂,仲木
沈桂林,郗一
沈桂芬,小山,文定,步雲,經笙
沈桐鳳,琴仙
沈梁淦,厚軒
沈梅仙,胡梅仙
沈梓,文叔,養拙齋
沈棐,文伯
沈棣輝,仲怡,奏箎,沈英
沈棨,彥威
沈森,茂卿
沈棻,夢蘅
沈植蕃,樹屏,蔗畦
沈楠,汝材,讓亭子
沈楩,材叔
沈楫,庚軒
沈業富,方穀,既堂
沈楳,石帆山樵,雪友
沈楷,萬遠
沈榖,採石
沈榛,伯虔,孟端,端孟
沈榮,榮甫
沈榮仁,勉之
沈榮捷,月坪,月癢
沈槎,墨亭,星浮
沈樂善,同人
沈標,建霞,翠岩
沈樞,象如
沈模,元洲
沈樹德,申培,畏堂
沈樹本,厚餘
沈樹榮,素嘉
沈樹鏞,均初,鄭齋,韻初
沈橋,二十七,宗周
沈檀,德輿,藥峴,追尤堂
沈權,中行
沈次畹,季蘭
沈欽,敬之,敬軒
沈欽霖,仲亨,沈欽臨,芝堂
沈欽韓,小宛,幼學堂,文起,織廉居士,香山草堂
沈步垣,在中,徽軒,東田
沈毓蓀,於澗,蘋濱
沈毓蘭,菊卿,菊鄉
沈氏(李少山妻),沈五姑
沈氏(趙恆妃),昭靜
沈氏（睿真皇后）,睿真皇后
沈民悅,惟公
沈永令,一指,聞人,高陵
沈永勰,群和
沈永卿,鴻章
沈永啟,方思,旋輪
沈永宥,三密,竹軒
沈永楨,學山,翼生
沈永瑞,雲襄
沈永當,任者,秋水
沈永禋,剋將,醒公
沈永籌,思遠,海屋
沈永群,人龍,晚香,煥吉
沈永裕,敬容
沈永述,世仍
沈永隆,冽泉,治佐
沈永馨,天選,建芳,篆水
沈汝啟,心畬
沈汝奎,斗樞,星垣
沈汝梁,邦楨
沈汝瀚,海如
沈汝瑾,公周,石友,鈍居士
沈江鯤,鵬南
沈沼,用侯,芷汀
沈洵,子直
沈洽,在陽,春江
沈浩,希天
沈浩禕,浩禕
沈浩豐,寬饒
沈海,葵軒,觀瀾
沈涵,度汪
沈淑,立夫,頤齋
沈淑孫,招孫
沈淑蘭,吳興內史,吳興女史,淸蕙
沈淮,少琴
沈淳,仲龐,孟湖
沈淵,子靜,澄川
沈清,願夫
沈清任,莘田
沈清瑞,吉人
沈清直,秩齋
沈清臣,正卿
沈清藻,沈清嘉,魯泉
沈湘,巨舟,春帆,衡帆
沈湘雲,綺琴
沈溍,尚賢
沈源,澄之
沈源海,丕容
沈源深,叔枚,叔眉,沈源琛
沈溫,仲玉,安孝
沈溶,子泉
沈漋,月波
沈演,圭峰,潤甫
沈漢,宗海,水西
沈潛,蘭秋
沈潤,靜潤
沈潤芳,諧蘭,諸蘭
沈澤,施甫,翠竹
沈澤恆,雨田
沈澤棠,懺庵,芷鄰,茝鄰
沈澮,恭肅,淸甫
沈濂,景周,蓮溪
沈濙,子源
沈濤,九曲漁莊,交翠軒,匏廬,十經齋,季壽,柴辟亭,沈爾岐,沈爾政,瑟榭,紅藥山房,西雍,西雝,銅熨斗齋
沈瀚,原約,夷齋
沈瀛,士登
沈瀛元,琢堂
沈灼,文燦
沈炎,若晦
沈炤,文明
沈炳,季文
沈炳垣,曉滄
沈炳巽,權齋,權齋老人,澤旃,繹旃
沈炳文,淙泉
沈炳謙,勞山,幼孜,幼牧
沈炳震,勞山,寅馭,幼牧,東父,東甫
沈為璋,西橋
沈烈,愉堂
沈烜,丹谷
沈烝,胤盛
沈焕,叔晦
沈焜,南軒
沈煇吉,秋墌
沈煒,竹堂
沈煜,鹿園
沈煥,叔晦,定川先生,端憲
沈煥章,是吾
沈煥翔,藻卿
沈熊,文瑞
沈熙載,端揆
沈燾,東溪,良德
沈燿鋆,秋浦
沈爾燝,冀昭,鳳於
沈猶龍,忠烈,雲升
沈玄,以潛,潛齋
沈玄華,十一,瑞伯
沈玄錫,沈元錫
沈玉墀,諸梅
沈玉琪,茘香
沈玉田,籽香,耔香
沈玉筠,淨香
沈玉衡,調元
沈玘,興宗
沈玠,珺英,翰仙
沈玢,翰仙,裙英
沈玫,錦華
沈珂,巢逸,祥止,虛室
沈珒,公貴,靑壁
沈珠,德淵,散華
沈珣,十洲,涵碧
沈珩,昭子,耿璧
沈珫,季玉,懋所,沈氏三鳳
沈珮,飛霞
沈珵,未男
沈理,原禮
沈琦,仲玉,沈氏三鳳,韞所
沈琨,玉山
沈琪,中修,樹軒
沈琮,禮田
沈琯,柯田山人,次律
沈琳,潤輝,華坪
沈琳其,潤輝,華坪
沈瑄,廷璧
沈瑋寶,書森
沈瑛,冰方,彩琳
沈瑜,廷美
沈瑜寶,子美,潤祥
沈瑜慶,志雨,愛蒼,敬裕,濤園,誌雨
沈瑞丹,琴船
沈瑞玉,希光
沈瑞祥,錫君
沈瑞臨,夢錫
沈瑞麟,硯裔
沈瑤,庭實,廷實,沈珤
沈瑬,伯玉
沈瑭,席珍
沈瑴,采石
沈瑾,客庵,忍之
沈璋寶,警庵,達夫
沈璐,廷瑞
沈璜,渭英,竹虛
沈璟,伯英,寧庵,聃和,詞隱生
沈璧,如川,惟拱
沈璨,季英,宜庵
沈璿,七襄
沈瓊蓮,瑩中
沈瓌,彥器
沈瓖,琴如
沈瓚,君鍚
沈瓛,廷玉
沈生香,玉意
沈用熙,石坪,石翁,薪甫
沈甲,桐叩,眷瑤
沈甲湘,藝亭
沈畸,德侔
沈畹,振蘭
沈瘦玉,娟娟
沈登先,昆明
沈登瀛,柳橋,金坡
沈皋,雪樵,雲樵
沈皞日,柘西,茶星,融谷
沈益顯,可晦,竹塢
沈省曾,智父
沈眞,士怡
沈真如,金粟
沈矞堂,三雲,韓城
沈知方,粹芬閣主人
沈碩,宜謙,龍江
沈磐,石均
沈礪,勉後,嘐公,道非
沈祐,天用,紫硤山人
沈祓,位亭
沈祖山,沈祖仙
沈祖惠,屺望,虹舟
沈祖懋,念農,恬翁,懋哉
沈祖桐,杪生,梓屏
沈祖煌,秋聆
沈祖燕,檄生,翼孫
沈祖諫,子言,果臺
沈祥,應禎
沈祥祖,子彜,繩甫
沈祥龍,樂誌翁,約齋,訥生
沈祺,介之
沈祿,汝學
沈祿康,詠樓
沈福堃,惕前,鐵泉,頑鐵
沈福庚,筱村
沈福清,恩甫,恩謙
沈福源,綏若,綬若
沈福蔭,鹿芸
沈禦月,纖阿
沈禧,廷錫
沈禮,仲和
沈禮意,心齋,沁齋
沈禹錫,子先
沈秉乾,冠羲,惕齋
沈秉成,仲復,沈秉輝,玉材,耦園,聽櫓樓,聽蕉,鰈研廬
沈秉荃,久香,東舫
沈秉靜,仲維
沈科,子進
沈秱,時秀
沈稚,偏紅
沈穀,仲實
沈立,立之
沈立基,伯成
沈端節,克齋,約之
沈端輔,溫卿,相之
沈第,松門
沈筠,實甫,浪仙
沈節甫,以安,太樸主人,耐庵,錦宇,鏡宇
沈粲,大小學士,民望,簡菴
沈紀,文振
沈約,休文
沈紉蘭,閒靚
沈純,一之
沈紳,公儀
沈紹九,仲經,桐士
沈紹姬,寒石,香嚴
沈紹德,純甫
沈紹慶,子善
沈經綸,沈子漁
沈維善,伯翔,湘秋,紫蓴
沈維坤,含光
沈維城,立山
沈維基,心齋
沈維瀚,秋圃
沈維炳,斗仲,炎洲
沈維煌,美季
沈維藩,岳卿
沈維裕,楫甫,輔甫
沈維誠,漢卿,立山,翰青
沈維鐈,夢酴,子彜,子彞,小湖,補讀書齋,鼎甫
沈綰,仲甫
沈綱,孟舉
沈綸,朝綬
沈綺,素君
沈練,清渠
沈繡嚴,機景
沈繡裳,素仙,長文
沈繼先,述之
沈繼宗,世卿
沈繼志,體道
沈繼曾,纉哉,續哉
沈繼祖,公繩,宜孫（更）
沈繼美,子充,龍山
沈繼賢,冠英
沈續,散花女史,蕙孫
沈纕,玉香僊子,蕙孫
沈纘蕙,兆蕙,夢萲
沈義,大觀齋,義之
沈義甫,伯時
沈義謙,巽菴,方叔,艮菴,黃齋
沈翊清,丹曾,澄園
沈翥,子翬
沈翰,周屏
沈翹楚,漢陽
沈翼,克敬
沈翼天,雲鵬
沈翼機,澹初,西園
沈翼鵬,息園,象輿
沈聃開,亦季,兼山
沈聯珠,蘊貞
沈聲,廷和
沈聽之,心聞
沈肅,用歛
沈肇基,雨軒
沈胤城,宗之,沈上墉
沈胤笵,康臣,肯齋
沈胤范,康臣,沈引笵,沈胤笵
沈自南,恆齋,留侯
沈自友,君張
沈自在,支若,文若
沈自徵,君庸,漁陽
沈自昶,亭午
沈自晉,伯明,長康,鞠通
沈自普,則平,聞喜
沈自曉,君初,天臏
沈自曾,君可
沈自東,君山,恬靜公子
沈自炳,君晦,聞華
沈自然,君服,孝介先生
沈自繼,君善,寶威,礙影居士
沈自習,季傳
沈自邠,茂仁
沈自銓,穉衡,雲東
沈自鋋,公捍,南莊,聞將
沈自鋐,南榮,穉聲
沈自駉,君牧
沈自魯,叔唯
沈自鳳,君儀
沈自龍,云紀,君光
沈至緒,昭武將軍,烈愍
沈致堅,卓如
沈與求,和仲,必先,忠敏
沈良,華溪
沈良才,德夫,鳳岡
沈良琮,簡堂
沈良能,少卿,敏學
沈良臣,允中
沈芝,無逸
沈芝林,少黼
沈芝田,伯華,湘農
沈芭,茂夫
沈芳,水村,紉佩
沈苓,天老,雨晴
沈苣紉,蕙貞
沈若木,樹崙,香澧
沈英,星媛
沈茂寔,伯雋
沈茂榮,春寰
沈茝紉,蕙貞
沈荀蔚,亦客,懷南,豹文
沈荃,一研齋,位庵,位菴,充齋,劍泉,文恪,瘦生,繹堂,貞蕤
沈荷,蓮卿
沈華平,下禺,春圃
沈華廷,孟勳
沈華鬉,端容,蘭英
沈華鬘,端容,蘭餘
沈華鬟,沈華鬘,端容,蘭余
沈葆楨,幼丹,文肅,沈振宗,翰宇
沈葆義,夢蓮
沈蒙,伯亨
沈蓮,伯瑞,希庭,曰初
沈蓮啟,小田
沈蓮生,遠亭
沈蔚,修林
沈蕊,芷鄕,蕊薌
沈蕙,春芳
沈蕙昭,季蘭
沈蕙玉,畹亭
沈蕙端,幽芳,幽香,幽馨
沈蕙香,蕙生
沈藎,沈儘
沈藻,元明
沈蘊和,臞賓
沈蘭,蘊貞
沈蘭徵,夢華,服之
沈虚中,太虚
沈虛中,太虛
沈虹,渭梁,蓬莊
沈行,履德
沈衍慶,子符,槐卿
沈街,沈術
沈衛,兼巢,兼巢老人,友霍,四紅豆館主,淇泉,紅豆館主
沈衡,平甫
沈裕,以寧,慎菴,懷菴
沈裕增,楚齋
沈襄,叔成,小霞
沈訥,敏行,文敏
沈詠南,佩儀
沈詠彤,管樵,肖竹
沈詢,嘉問
沈試,君明
沈詮,臣表
沈該,守約
沈詵,宜之
沈詻,懿憲,重卿,鶴溪
沈誠,天瑞
沈誢,士和,忠烈
沈說,惟肖
沈諿,南崖,子順,孝簡
沈謂,士通
沈謐,石雲,靖夫
沈謙,去矜,東江,東江子,玉矜
沈謙尊,抑齋,錫光
沈謹學,秋卿,詩華
沈譓,用正
沈豊,浩甫
沈豐,裕加
沈象道,春洲
沈豫,小旉,補堂
沈貞,文靖,貞之,逍遙亭
沈貞吉,南齋,貞吉,陶庵
沈貞永,瓊山
沈貴,仲華
沈貴寶,毅齋先生,誠叔
沈賁,成伯,獅巖
沈賓國,用之
沈賚,功懋,十一
沈賢象,子佩
沈贊颺,汝霖,襄甫
沈赤然,梅村居士,韞山
沈起,仲方
沈起元,子大,子火,敬亭
沈起鳳,桐劌,桐威,蓉洲
沈起鶚,薦廷
沈超,成齋
沈超回,深之
沈越,中甫,麓村
沈躬行,彬老,石經
沈軫,文林
沈輔,良弼,菊軒
沈輝卿,明大
沈辛楙,龍媒
沈辰垣,芷岸
沈迎恩,湘浦
沈近思,位山,俟軒,天鑒堂,端恪,闇齋
沈述,克明
沈迺崧,秋畦
沈迺蔭,秋畦
沈逄吉,秋河
沈通源,勗齋,士容
沈造,次仲
沈逢原,深甫
沈逢恩,露斯
沈逢源,希容,曉窓老人
沈逢龍,雲從
沈連,少逸
沈連源,保庵,孟容,忠惠
沈連生,遠亨,遠亭
沈進,山子,藍村
沈逵,漸於
沈遇,公濟,硯庵老人,臞樵
沈遐清,素卿
沈道嫻,蘭英
沈道寧,野雲
沈道寬,栗仲
沈道源,敬肅
沈道然,曾唯
沈道腴,澹庵
沈達可,第六,行父
沈達源,子容
沈遘,文通
沈遴奇,子常,章溪,觀侯
沈遷,克升
沈遹聲,豐垣
沈遼,睿達
沈邈,子山
沈鄂,秋宇
沈配高,仰之,仲之
沈采揆,樸園
沈重熙,六書
沈野仙,宗仁
沈野先,進之
沈金,竹梅
沈金渠,春橋,漢甫
沈金焕,清卿
沈金福,敬山
沈金鰲,汲門,芊綠
沈釣,洪卿
沈鈇,繼揚
沈鈞,洪卿
沈鉉,鼎臣
沈銓,叔平
沈銖,子平
沈銘彝,孟廬,竹岑,紀鴻
沈銘昌,冕士,默庵
沈銳,文進
沈錦,中甫
沈錫,子昭
沈錫三,三錫
沈錫周,孟南
沈錫夔,石堂
沈錫庚,青士
沈錫慶,鷺卿
沈錫晉,季藩,筆香,繼帆
沈錫榮,問梅,間梅
沈錫爵,思美,愚溪,愚溪老人
沈錫祚,福庭
沈錫輅,南指
沈鍊,子剛,忠愍,沈練,純父,純甫,貞肅,靑霞,青崖,青霞,青霞山人
沈鍠,笠湖,駿聲
沈鍾,仲律
沈鍾彥,美初,莊樗
沈鎔,伯經,天貺生
沈鎔經,芸閣,蕓閣,霅仲
沈鎜,十三,大新
沈鎣,偉人,晴庚,秋白
沈鎧,仲威
沈鎬,景基,逸齊
沈鏐,漢嘉
沈鏡,如如
沈鏡煌,翼心
沈鐸,振遠
沈鑅,二如,北亞山人,沈榮,沈鑅彪,聽篁,自悦齋,蔚堂,蔚齋
沈鑅彪,聽篁
沈鑒,昆山,畹耘
沈鑫,韞珍
沈長卿,審齋居士,文伯
沈長庚,芝巖
沈長春,小如,芝亭
沈長泰,交宇,德園
沈開勛,方亝
沈開第,鬱堂
沈閬崐,月巖,省巖,肖巖
沈關關,宮音
沈陞,學博
沈陽,復卿
沈際昌,子常
沈際華,鐵庵
沈隱,素瓊
沈雍,升之
沈雲沛,雨人,雨辰
沈雲祚,予凌,子凌,忠烈
沈雲裳,織卿
沈雲路,三淚,逸衢
沈雲霈,雨人
沈雲驤,矞卿,霞軒
沈電,月期
沈震,伯修
沈霖岩,公野,寄憨,築夫
沈霖溥,伯恭,鞠泉
沈霖潤,雨甘
沈霞,赤城
沈霽,清溪
沈靜,止安
沈靜專,上慰道人,曼君
沈靜筠,玉霞,玉霞內史
沈鞏,元吉
沈韓,俞韓
沈韞珍,璞安
沈韻,四聲,蓑庵處士
沈韻梅,梅林
沈韻蘭,蔗生
沈順門,敬之
沈顏,下水船,可鑄
沈顥,朗倩,石天
沈颺,廷揚
沈養孫,彥民,隱禪居士
沈馥,秋亭
沈騂,愛農
沈騰,茂實
沈體仁,仲一
沈魯,玄谷先生,誠學
沈魯曾,木山,沈木山,沈杰
沈鯉,仲化,文端,龍江
沈鳳,凡民,凡翁,補蘿
沈鳳喈,履和,謙齋
沈鳳岐,德輝
沈鳳翔,孟威,廣乘
沈鴻亮,東升,東昇
沈鴻起,漢翔,瀼翔
沈鵬,北山,頌棠
沈鵲應,孟雅,沈靜儀
沈鶚,秋宇,秋舟,秋葊,秋雨
沈鶴年,蘭野
沈麟,子瑞
沈麟元,八龍,竹齋
沈麟書,淵霽
沈黻,苑捷
沈鼎勛,豐功
沈齊文,正人
沈齊義,立人
沈龍,玄霜
沈龜齡,天錫,屛潭,靖襄
沈𠍱,仲說,恥軒
沈𢋡,元直,竹沙,竹溪
沈𪗆,子美,沙川
沐崑,元中,玉岡,莊襄
沐斌,可觀,文輝,榮康
沐昂,景高,武襄
沐春,惠襄,景春,西平侯
沐晟,定遠王,忠敬,景茂,黔國公
沐琮,廷芳,武僖
沐英,文英,昭靖,木英,朱英,李英,西平侯,黔寧王
沙元炳,健庵
沙兆麟,瑞亭,處亭
沙剌班,山齋,惟中,敬臣,文定
沙占魁,星垣
沙增齡,菊潭
沙士烜,若思
沙如珣,和卿,素亭
沙廷棟,壬階,玉階
沙張白,介人,介臣,定峰
沙心培,雲樓
沙思祖,凌齋,長卿
沙懿清,秋月
沙沂,泳廷
沙津渡,進帆
沙澄,會淸,會清,淸卿
沙濟富察烏拉喜崇阿,月溪,達峰
沙班,良輔
沙琛,獻如,雪湖,點蒼山人
沙璧,廷玉
沙的,長沙的
沙石貞,東皋
沙立,道中
沙翊清,鑑唐,鑑塘
沙重巽,以申
沙震,農起
河崙,文忠
河弘度,謙齋,重遠
河應臨,大而,淸川
河敬復,襄靖
河栮,得濟,文貞,松軒
河沆,浩源,覺齋
河洛,喚惺齋,道源
河淡,應千,逍遙堂
河溍,台溪,晋伯
河演,敬齋,文孝,新稀,淵亮
河緯地,丹溪,仲章,天章,忠烈
況叔祺,吉夫
況周頤,夔生,況周儀,玉詞人,蕙風,蕙風詞隱
況志寧,康齋
況桂珊,月芬
況桂馨,薌林,顏山
況樹,雨人
況泌,鄴書
況淑,文漪
況澄,少吳,西舍
況澍,東齋,雨人
況逢春,元初,芳甸,藹如
況鍾,伯律,伯樂,况鍾,况鐘,况青天,黃鍾
泉毖,孟堅
泉獻誠,獻誠
泉男生,元德,襄公
法偉堂,容叔,小山,徵君,濟廷,聽訓館
法克晉,覺羅法克晉
法坤宏,直方,迂齋,鏡野
法式善,時帆,梧門,開文
法式沙太,研農,趙庸
法暟,某嶼
法枟,書山
法橒,與瞻
法海,淵若
法爾第福,法耳地福,買忒勒,達爾第福‧德‧買忒勒,達耳地福
法珠納,法諸納,法諸那
法聚,月泉,玉芝
法良,可盦,環碧老農
法若真,又敬堂,小珠山人,景要園,漢儒,黃山,黃石,黃石寰子
法藏,三峰,於密
法達忽剌,彥德
法都忽剌,彥明
法重輝,實夫,旭升,闇齋
法雄,文疆
泠謙,啟敬,龍陽子
泰不華,兼善,忠介
泰人藩,巨屏
泰光裕,友如
泰璧圖,泰壁圖
洗倬邦,雲樵
洗光,冼光,汝實,汝寶,羅江
洗斌,雪樵
洗桂奇,奕倩,少汾,秋白
洗芳梅,月鋤
洪?,叔璵,空同詞客
洪䍿,彬之
洪一新,瑞符
洪一棟,石臣
洪上庠,序也
洪世侃,耳莊
洪世俊,用章
洪世安,用之
洪世弼,汝賢
洪世恭,仲安,鳳溪
洪世文,國華
洪世泰,柳下,滄浪,道長
洪中孚,思誠
洪中行,達可
洪之傑,念庵,龍洲
洪之霖,叔雨
洪九章,雲軒
洪京榜,尊光
洪亮吉,上下三千年縱橫二萬里之軒,元陽,北江,北江居士,卷葹閣,又蛣,君直,墨銘軒,夢殊,天山戍客,對巖,曉讀書齋,更生,更生居士,更生齋,洪禮吉,洪蓮,玉塵,禾犀存,稚存,華封,華峰,藕莊,藕莊氏,附蛣軒,附鮚軒
洪亶,景純
洪人驊,春衢
洪什,承章,金竺先生
洪仁傑,應時
洪仁玕,吉甫,洪仁,洪謙益,益謙
洪仁祐,應吉,耻齋
洪以中,介卿
洪仲亨,囘卿
洪伏龍,伯輿,如輕,文甫,第四四
洪佐聖,仲鄰
洪俊,克明
洪俊奇,茶丘
洪信臣,天錫
洪傑,仲德
洪備,子順
洪儆,子度
洪允成,威平,守翁,領海
洪允祥,佛矢,樵舲
洪元壽,彥仁
洪元昭,德彰
洪元機,穎達
洪元英,仲傑
洪兆麟,子興,瑞堂
洪公寀,封旅
洪公巽,伯權
洪公諧,廷和
洪其中,正叔
洪其紳,敬書
洪冕,帶亭,靜亭
洪初,善初,義初
洪劍珠,杜卿
洪勛,伯魯,恕齋
洪勳,伯魯,恕齋,文靖
洪千璟,盤恒堂,群玉
洪占銓,輔階
洪卯,時卯
洪友誠,士源
洪受瀗,君澤,文靖,淡圃
洪受疇,九言,壺谷,壺隱
洪受禹,聖興
洪可臣,文壯,晩全堂,興道,艮翁
洪吉旼,文景
洪吉琅,子陶
洪君祥,雙叔
洪周祿,半石
洪命一,萬初,葆翁
洪命亨,季通,無適堂,義烈
洪命元,樂夫,海峯
洪命夏,大而,文簡,沂川
洪命耉,元老,忠烈,懶齋
洪咨夔,平齋,忠文,舜俞,蒙齋
洪哲人,明叔
洪啓睿,洪啟睿,爾介
洪啓迪,守虛齋,忠簡,惠伯,毅簡
洪啓鳳,澄齋,邦維
洪啟初,爾還
洪啟槐,庭植
洪啟權,正衡
洪啟蒙,有本,源泉先生
洪嘉植,去蕪
洪嘉與,苕溪,貞一
洪坤,葉臣
洪坤煊,三洪,地齋,載厚
洪垣,峻之,覺山
洪堯儉,汝約
洪塾,升基,梧村,梧隠人
洪士寬,德中
洪士清,文典
洪士煐,景亭
洪士銘,畏軒
洪壯,世澤
洪壽山,守謙
洪夢斗,子奇
洪夢梨,白雲道人,蕊仙
洪夢炎,季思,默齋
洪夢良,瑞卿
洪夢龍,子季,子秀
洪大庸,松溪
洪大德,仲昭
洪天擢,簡臣
洪天民,栗亭,達可
洪天賦,亡從
洪天錫,君疇,文毅,陽巖
洪天驥,東巖,逸仲
洪奎,匡定
洪好仁,有哉
洪如鐘,洪如鍾
洪如鸞,慧卿,慰芹
洪媛,子姬
洪子壽,以介,壽公,第千二,萬卿
洪子榆,宗源
洪子藩,忠正,雲之
洪孝先,從周,霍山
洪宅,季安
洪宇定,介節,杜谷,桂谷,靜而
洪宇遠,南坡,君徵,文簡
洪守彜,敘堂
洪宏祖,深遠
洪宗祿,延吉,柳村
洪宮諧,謂韶
洪家滋,時甫,林雪
洪富,國昌
洪寛,有約
洪寬,有約
洪履祥,元禮,君瑞,慕堂,文敬
洪峻,素蓮
洪巖虎,五圃,吾圃,德章
洪希文,去華山人,汝質
洪師民,洪民師
洪師範,忠愍
洪師錫,莊襄
洪常,子剛,昭夷
洪度,淑平
洪庭桂,德馨,洪廷桂
洪廷臣,以道
洪弼,士直
洪彥升,仲達
洪彥博,仲容,文正,陽坡
洪彥弼,子美,文僖,默齋
洪彥忠,寓菴,直頃
洪彥昇,仲達
洪彥華,叔柄
洪彬,康敬,文野
洪得箕,子範,孝簡,月湖
洪徵治,魏芴
洪德常,常伯,常伯先生
洪德方,芝舲,齶甫
洪德生,益三
洪志仁,南屏,存理
洪忠連,雷山,霞山
洪忻,守慶
洪思亮,朗齋
洪思忠,義虬
洪性,十三,萬善
洪恕,主敬
洪恩,從仁
洪恩廣,翰香
洪恩澤,克臣,惠臣,憲臣,蕙臣
洪恩炤,君明,玉執,玉笥
洪慶臣,德公,鹿門
洪慶華,摹雲
洪應,休休堂,忠貞,應之
洪應宣,仲蕃
洪應祥,仲雲,子淸
洪應紹,彥卿,念卿,海洲
洪應辰,用和,鶴隱
洪承棟,畫雲
洪承疇,亨九,彥演,文襄
洪承龍,陟子
洪振昌,應南
洪振麟,鳳洲
洪揚祖,季揚,錦溪,錦溪先生
洪揚袓,秀揚,錦溪先生
洪搏,舉子
洪撙,節夫,菊坡
洪擬,弘擬,成季,文定,文憲,逸叟
洪敍疇,道源
洪敦誥,藹堂
洪敬夫,直卿
洪敬孫,友菊齋,吉甫
洪敷文,質所
洪敷誥,天章,欽所
洪文伯,瑞老,第一,行之
洪文衡,平仲,桂渚,莊定
洪斌,節夫
洪斗南,一甫,勝實,有輝,第百四
洪斗祥,明叔
洪斯香,蘭馥
洪昇,平叔
洪昌燕,務時敏齋,張伯,敬傳,章伯
洪明鍾,萬貞
洪昕,一了居士,光佐
洪春卿,明仲,石壁
洪昭,鑑泉
洪時芳,日榮
洪晨孚,愚三
洪景舟,度烈,濟翁
洪景行,山至
洪暉堂,素雲
洪暹,忍齋,景憲,退之
洪曇,太虛,貞孝
洪曰洤,鼎三
洪月卿,子公
洪有助,遜叄
洪有度,子汪
洪有復,懋純
洪有第,懋學
洪有聲,懋文
洪朋,龜父
洪朝選,汝尹,舜臣,芳洲
洪朝陽,丹采
洪本昌,景隆
洪本益,遂良
洪朴,素人
洪杞,季實
洪杺,曲輿,止齋,琴山
洪枰,世持,平木,雪蔃
洪某,少卿
洪柱三,月灘,鼎卿
洪柱世,叔鎭,靜虛堂
洪柱元,建中,文懿,無何堂
洪柱國,國卿,泛翁,竹里
洪柲,必之
洪格,伯正
洪桂殿,譲軒
洪梧,東弧,桐生,植垣
洪椿,子壽
洪楫,巨濟
洪業,青田
洪楷,學膺
洪榜,初堂,汝登
洪槻,成之,洪格,規之
洪樸,伯初,素人
洪樹椿,壽人
洪橓,厚齋
洪欽,元成
洪毅,幾乍,產孜
洪毓琛,潤堂
洪民師,德父
洪永安,梓青
洪汝奎,琴西,蓮舫
洪汝弼,季輔
洪汝怡,寄簃,悌丞,攖寧道人
洪汝方,子圓,戀生堂,文良
洪汝河,一伯,一淸,圖見,木齋,源一
洪汝源,毅夫,蓮峿
洪汝諄,士信
洪汝闓,勺廬,澤丞
洪江,南紀
洪泂,子淵
洪泮洙,垂萬
洪洋,味卿
洪浚,養源
洪浩,元卿
洪淑,純夫,莊僖
洪淑振,穗書
洪淵,永齋
洪清,克清
洪清臣,洪靖臣,直侯
洪清麒,昌豫,石生
洪游,粹中
洪渾,時雨堂,渾元
洪湘蘭,畹雲
洪湛,惟清
洪湜,持正
洪源,寶夫
洪漢,朝宗
洪漳,裕堂
洪漸,苽巖,陸翁
洪澄源,子定,鏡潭
洪澤,元滂,榮宗,洪起,第十一
洪濤,藍田
洪瀚,蘊珍
洪炎,玉父,玉甫
洪炯,蒙齋
洪炳文,楝園,祈黃樓主人
洪烔,蒙齋
洪烝,惟進
洪無儀,椒江無名女子,素輝
洪無競,求仲,求伸,洪袖然,洪褎然
洪焱祖,杏庭,潛夫
洪煒,炳南,秀三
洪燁,仲和
洪燾,子公,雲巖
洪燿,鏡心
洪玕,琅友
洪玳,矞雲
洪珠,玉方,西淙
洪琠,叔瑜
洪琥,子文
洪琨,碧山
洪琮,琅友,瑞玉,谷一
洪琰,叔毅,叔誼
洪瑑,伯潤,竹巖
洪瑜,握之
洪瑞翼,禾翁,翼之
洪瑞鳳,文靖,輝世,鶴谷
洪瑩,賓華
洪璞,叔玉,叔立
洪璟,崑霞
洪用懃,彥哲
洪用舟,蘭楫
洪登鑑,會珍
洪皓,光弼,忠宣
洪知常,故離子,明道
洪祖年,子彭
洪祚永,卜公
洪祥,士高,隱德先生
洪福源,忠憲
洪禧,元禮
洪禹傳,執中,龜灣
洪禹寧,汝成,靜窩
洪秀,玉山
洪秀全,仁坤,洪火秀
洪秉哲,晦叔
洪秉基,開之
洪秉禮,夑齋
洪秉鈞,公衡,真隱先生
洪稙,稚卿
洪符孫,幼懷
洪範,石農,養泉
洪簡,子斐
洪籌,亦奇,石溪
洪紹奎,建生,秋舲
洪維幹,禎南
洪綸,德言
洪綽,裕叔
洪緒,子球,瀠軒
洪繡綺,彩嫘,秋雲居士
洪繩,文綱
洪繻,月樵,棄生
洪羽,鴻父
洪翌,彬之
洪翹,午峰,楚珩
洪翼漢,伯升,忠正,花浦,雲翁
洪翼聖,秀鄰
洪聖民,拙翁,文貞,時可
洪聖輔,幼亮
洪聯森,茂林
洪聯芳,名苑
洪聰,謀甫
洪聲遠,子實
洪胄華,晩隱
洪胤嵩,洪彳嵩
洪至誠,佛頂山人,剛中
洪興,士傑
洪興祖,慶善,練塘
洪興袓,慶善,練塘
洪舜福,子綏,顧菴
洪良品,半畝園,古榆閣,右丞,右臣,敘澄,檞莊,紫藤花室,驚巢,驚鶴巢,龍岡山人,龍岡山房
洪良浩,汶師,耳溪
洪芹,叔魯
洪芻,駒父
洪若皋,虞鄰
洪若臯,南沙,叔敘,虞隣
洪英,實夫
洪茂洤,蒙珊
洪茂績,勉叔,忠貞,白石
洪茂香,春畹
洪萬,重喜
洪萬容,貞簡
洪萬朝,宗之,晩退,貞翼
洪萬立,道充
洪萬衡,叔平,藥軒
洪萬遂,彩峰,成中
洪萬遇,季會
洪葳,君實,淸溪,蒼嵐
洪蓮,獨芳
洪蕙,墅洲
洪蘩,子忱
洪處亮,北汀,子晦,貞靖
洪處厚,德載,忠莊,醒菴
洪處尹,之任,安分齋
洪裕孫,狂眞子,篠叢,餘慶
洪規,方叔
洪覲光,假咫,共乂
洪調緯,幼元
洪調翰,西林
洪譽,樸庵
洪貴叔,避世翁
洪貴達,兼善,文匡,涵虛亭,虛白堂
洪賾,君實,本一
洪起元,瑞芝
洪起畏,損軒
洪載,又張
洪迪,太古,荷衣子,養齋
洪述,厚齋,景偉,景韋
洪适,文惠,景伯,景溫,洪造,溫伯,盤洲
洪通,克明
洪造,彥襲
洪進,希古,端敏,訒齋,退村
洪逸童,日休,麻川
洪遇,伯時
洪運錦,素文
洪達孫,可則,安武
洪遠,克毅,弘齋,恭靖
洪遵,小隱,文安,景嚴
洪邁,容齋,文敏,景廬
洪邦光,世龍
洪邦直,元穎,應賢,秀兒,第十三
洪鄂瑚圖,敏恪
洪采,元白
洪重普,忠翼,梨川,遠伯
洪重疇,道陳,雙栢堂
洪重禹,天錫,晩香堂
洪鈞,方蘭,桂亭
洪鉉輔,君擧,守齋,貞獻
洪鉞,谷隱
洪鉽,孝儀,栩莊
洪錦樑,繡山
洪錫,公敍,晩悟,貞敏,遜愚
洪錫傑,掄英
洪錫光,洪永錫
洪錫善,楚良
洪錫爵,尊彞,桐雲
洪錫祚,藿藜
洪錫箕,元九,孝定,晩州
洪錫輔,忠敬,睡隱,良臣
洪錫龜,九曲山人,國寶,支離齋,東湖
洪鍾,季和,洪鐘
洪鍾傑,省亭
洪鎬,叔京,東洛,無住
洪鏘,鳴雍
洪鐘,宣之,襄惠
洪鑄,成文
洪鑌,廉夫,念橋
洪開運,翊堂
洪雲蒸,化卿,烈愍,紫雲
洪雷轟,聲甫
洪震,德聲
洪震煊,三洪,三百有三士亭,木煔堂,檆堂,百里
洪震老,復翁,石峯
洪霖,夢卿
洪霙,楸巒,澤芳
洪靌,景憲,月峰,汝時
洪靖臣,直侯
洪頤烜,筠軒
洪頤煊,三洪,倦舫,倦舫老人,傳經堂,小停雲山館,旌賢,玉蘭仙館,筠軒,鄂不軒,靈疆老人
洪飛,元起
洪飴孫,右甫,孟慈,祐甫
洪騰蛟,壽山,鱗雨
洪鳳祥,文瑞
洪鳳翥,九軒
洪鸞祥,君瑞,習池
洪麟綬,紫若,麗笙
洪黻,受嘉
洪齝孫,右甫,孟慈,青埵山人
洪齮孫,子齡,祐甫,芝舲
洪龍徵,蘭士
洪龍祚,羲瑞,金伯
洪龍起,子升
洪龜朋,吉壽
浦之浩,子化
浦卿,良弼
浦國宗,硯耕,維岳
浦士衡,殷卿,襟海
浦夢珠,合仙,合雙
浦安,遠帆
浦宏猷,森橋,煥章
浦應麒,后巖,道徵
浦文源,蘭園
浦映綠,湘青
浦杲,東白
浦毓慈,蓮航
浦清,宗源
浦源,海生,長源
浦澤,小癡,時濟,晏眠人
浦玠,搢庭
浦珽,玉階,石樵
浦瑾,文玉
浦蓮,君香
浦融,通侯
浦起龍,三山傖父,二田,心孩
浦鈜,汝器,浦鋐,竹堂,竹塘
浦鋐,汝器,竹塘
浦鍾幹,健行
浦鏞,廷用
浦龍淵,孟躍,潛夫
海㪱,子章,幼文
海保,鹿門
海壽,惠敏
海寶,天植
海山,仁惠宣孝皇帝,武宗
海拉蘇穆琅阿,穆朗阿,穆郎阿
海樸,鏡泉
海殿榜,廷臣
海泉,晴川
海瑞,剛峯,剛峰,國開,忠介,應麟,汝賢,筆床博士
海穩,雲帆
海迷失,海迷失后,钦淑皇后
海鯉,躍之
涂一榛,廷薦
涂世俊,英叔
涂以輈,凃以輈,楘軒,瀹莊,養春齋
涂仲吉,德公
涂伯昌,子期
涂修政,恆甫,紹初
涂傑,凃傑,汝高
涂啟先,大圍,宗謨,舜臣
涂喬遷,伯友,歲寒三友
涂四友,文伯
涂國盛,元甫,毓才
涂國鼎,徯如
涂士達,伯達,定生
涂壽,永年
涂夢桂,南麓,時芳
涂夢龍,儀可,萬溪
涂大䚮,允恆
涂大向,子野
涂天相,存齋,宏亮,燮庵,迂叟
涂如曜,易農
涂如燿,易農,覲光
涂始,脩人
涂孚,式齋
涂宏,長度
涂宗濬,及甫,恭襄,鏡原,鏡源
涂宗瀚,浩亭
涂宗瀛,朗軒,閬仙
涂官俊,世傑,劭卿,邵卿
涂崧,晉笙,禮門
涂幼醇,孟博
涂幾,守約
涂廉鍔,淸士,硯薌
涂廷正,沋濱,貞元
涂必泓,永澄,涂必宏
涂慶瀾,永年,海屏,莆陽遺叟
涂應楠,仁方
涂應泰,天交
涂敬,寅之
涂文光,煥庭,芝崖
涂文奎,汝光
涂文煥,章甫
涂文鈞,平甫
涂斯皇,宜振,澹庵
涂日燦,小巴
涂旦,卿元
涂昇,卿儀
涂昌期,德載
涂景濂,穎荃,飲廉
涂景祚,萬年
涂杰,汝高
涂棐,伯輔
涂椿齡,仲舫,莊圃
涂楗,良翰
涂槐,公輔
涂正勝,士表
涂步衢,康甫,鈍庵
涂浹,必和,謙齋先生
涂淵,時躍
涂溍生,自昭
涂煒卿,霽宇
涂爵,天錫
涂瑞,邦祥
涂瑩,月卿
涂瑱,冠玉
涂瑾,邦玉
涂疇,有年
涂相,夢卜
涂祖瀾,友瀠,恕齋
涂禎,凃禎,賓賢
涂穎,叔良
涂立可,允瑞
涂紹煃,伯聚
涂綱,隅良
涂翔鳳,可凡,瀛孫
涂蓁,弼亭
涂蘭芳,柏芬
涂衡,斗真
涂覺綱,莘畬
涂觀,恆夫,恆孚,芝軒
涂謙,恆讓
涂逄震,京伯,凃逄震,涂逢震,石溪,警伯,驚伯
涂逢賓,行可
涂逢震,京百,石溪
涂達暘,淳波
涂配五,容齋
涂鉉,廷舉
涂銓,湘崖,湘巖,遴士
涂陽忠,翰亭
涂鳳書,子厚
涂鴻儀,澹軒,羽皋
涂鼎鼐,君定
淑儀,玉琴
淡士濤,慕山
淡士灝,淶東
淡如水,蓮洲
淡春暉,曙軒
淡樹淇,海珊
淦君鼎,四極
淨澄,孤月
淩儒,凌儒,海樓,眞卿,真卿
淩嫻,靜宜
淩守純,子固,養之
淩寀,熙載
淩昇,鵬舉
淩曙,凌曙,子昇,曉樓,蜚英閣,蜚雲閣
淩楷,龟田
淩焯,鏡芝
淩煒,汝亮
淩琯,惟和
淩祉媛,茴沅
淩立,爾三,衣白山人
淩結綠,昆生
淩維翰,屏川
淩緒,理之
淩義渠,凌義渠,忠介,忠淸,茗柯,駮甫,駿甫
淩興鳳,淩帙女
淩良發,鄥峯
淩行健,自強
淩賡臣,以成
淩起潛,友陶
淩起翔,紫雯
淩雲,凌雲,漢章
淩雲翼,凌雲翼,洋山
淮清,承纓
淳一元,體乾,體幹
淳于某,武斌
淶成美,儀亭
添榮祖,仲華
清保,清葆
清安,吉甫,芝軒
清年,泰菴
清漪,錦川
清瑞,霽山
清遠,淸遠
清銳,秋圃
渠本翹,楚南
渠祿閣,石臣
渠綸閣,小坡,石卿,經甫
温佶,輔國
温如春,和甫
温庭筠,温岐,飛卿
温綸湛,露皋
温邈,字順
温養度,荆芩
渭元吉,子舟
游中孚,大信
游九功,勉之,受齋先生,文淸,禹成,莊簡
游九言,九思,文靖,游九思,誠之,默齋先生
游以仁,仲安
游仲鴻,子正,忠節,果齋,鑑虛
游伯常,覺溪翁
游佀,克齋,景仁,果山
游佐,汝弼
游倪,和之
游僎,嘉賓
游儀,伯莊
游儆,敬仲,遠叔
游允達,兼之
游元,淳夫
游光繹,彤卣,非熊
游克敬,務德
游再得,汝見
游冠卿,子忠
游叔昌,伯虎,昌叔
游名柱,匡瞻
游國良,暉吉,貞文先生
游士任,伊仲,肩生
游士衡,宋衡
游壽寧,康侯,永年,潼郎,第五十三
游夢春,得可
游夢開,延之
游天廷,士達
游子賢,俊伯
游孟麟,竹君
游季勳,懋甫,游季炎
游安民,安之
游少游,希卿
游居敬,二十二,可齋,行簡
游崇功,仲嘉
游師孟,醇夫
游師雄,景叔
游彬,淑文
游得宜,聖衢
游從善,性初
游復,執中
游德昭,恭叔
游德洪,宏甫,竹坡
游念祖,致先
游恢,廓冶
游應乾,一川,順之
游應斗,建叔
游應梅,叔大
游應祥,子善
游應龍,廷從
游掞,德華
游操,存誠,定齋
游日章,學絅
游昌廷,仙舫,襄鄰,象林
游明,大昇
游智開,子代,子岱,藏園
游有倫,明上
游東昇,日生
游桂,元發,畏齋
游樸,太初
游次公,子明,西池
游欽,敬仲
游汶,安節先生,魯望
游泰,仲亨,東園
游泰亨,之逵
游洚,澄之
游浩,盛如
游潛,用之
游烈,晉老
游琯,舜玉
游瑜,輝璞
游璉,世重
游百川,匯東,滙東
游立節,季堅
游簡言,宣靖,忠肅,敏仲
游紹安,心水,性門,鶴洲
游興,用賓
游芳,游芳遠,蘭仲
游覺民,必先
游諤,可象
游輔,宋卿
游輝,公憲
游遜,以禮
游郁英,潤予
游酢,定夫,廌山先生,文肅
游醇,質夫
游醇卿,原學
游鏜,升黼,笙輔,聲甫
游開,塘林,子蒙
游際盛,薈堂
游震得,汝潛,蛟漳
游顯,子明
游顯廷,蓉裳
游鳳台,儀九
渾偘,復貴
湛亨,彥和
湛俞,仲謨
湛剛中,柔濟
湛命祿,受之
湛執中,適權
湛存,公中
湛庸,伯遇
湛循,復之
湛東之,少防,長子
湛祖貴,仁昭,東堂
湛縉,甫水
湛若,自然
湛若水,元明,元易,增城先生,文簡,民澤,甘泉,甘泉先生
湛霖,君沛
湯一德,謙叔
湯世昌,其五,嘉藻堂,對松
湯世澍,修叟,潤之
湯世蕙,湘蘭
湯中,季庸,息庵
湯之旭,凝齋,孟升
湯之昱,南溪,實齋
湯之錡,世調,默齋
湯京,師尹,景山
湯仰,子山
湯仲友,端夫,西樓
湯伯陽,湯伯易
湯似瑄,伯溫,小舫,薛庵
湯佐,時衡
湯來泰,懷徽
湯來賀,佐平,惿菴先生
湯來賁,拙逸老人
湯俊,敬亭
湯修,敏齋,泔翁
湯修年,壽真
湯修業,獧庵
湯倓,以安,漫湖
湯傳榘,子方,磊軒
湯儲璠,孫若,茗孫
湯允謨,仲謀
湯元善,明善
湯元芭,稻邨
湯元裕,淸泉,益占
湯兆京,伯閎,質叄,質齋
湯兆璵,蓉峯
湯先甲,萼南,辛齋
湯光啟,式九
湯克勤,慎堂
湯克昭,晦叔
湯全,完之
湯公雨,潤卿,碧眼
湯其仁,密齋,長人
湯冔,伯元
湯冕,拱宸
湯勛,績林
湯化龍,濟武,繼武,躋武
湯千,升伯
湯原清,亭碧
湯原銑,篠山,銅生
湯叡,覺頓
湯右曾,得人,懷淸堂,西厓,西崖,西涯
湯周,信卿
湯和,信國公,東甌王,襄成,襄武,鼎臣
湯咸寧,松嵒
湯啟祚,滋人,迪宗
湯喬年,壽隆
湯嘉樹,小雲,枝百
湯國典,匡華
湯國彥,士美
湯國梅,春齋
湯國泰,仁山
湯圻,甸候
湯垕,德載
湯垚,伯高,常靜處士
湯垣,古厨
湯執中,與權
湯壽潛,孝起,季起,湯震,翼仙,蟄仙,蟄先
湯壽銘,小秋
湯大坊,翠含
湯大奎,曾輅,緯堂
湯大寧,肖山
湯大振,效尹
湯大斌,蓉溪
湯大方,元齡
湯大紳,孫書,葯岡
湯大賓,名書,蓉溪
湯大輅,乘素
湯天麟,小庚,石民,鑒齋
湯奭,宗召
湯子坤,黼辰
湯宋彥,時美
湯宗,湯錝
湯家相,泰瞻
湯寅,漁客,賓谷
湯寶,天貴,雪江
湯寶榮,伯繁,伯遲
湯尹嫻,洽君
湯巖起,夢良
湯巾,仲能,晦靜
湯希閔,惟賢
湯師中,君錫
湯廷揚,亘溪,雨得
湯建,昌本
湯建中,允叔,德卿
湯建衡,以山,平仲
湯彌昌,師言
湯彝,某辛
湯彬,龍涇
湯彭年,來庵
湯德潤,季玉,香澗
湯忠鑫,雲軒
湯思退,進之
湯恢,充之,西邨
湯惟學,三十八,時敏
湯惟鏡,亮齋
湯愈,勉耘,文起
湯應科,體良
湯應虯,駕青
湯應詔,鳳書
湯應隆,棕笠,鍾律
湯懋,攻勉
湯懋修,藹初,霽初,魯初,齊初
湯懋官,月波
湯懋紳,石臞,齊三
湯懋統,建三,青坪
湯成彥,心匏,梅生,秋史
湯成烈,果卿,確園
湯振畿,京山
湯揆一,小樓
湯敏,樹齋
湯文瓊,兆鰲
湯文英,孟寬
湯斌,孔伯,文正,潛庵,潛庵先生,潛菴,潛菴先生,荊峴,荊硯
湯斑,繡甫
湯斯祚,亦廬,衎之
湯方熙,曉峯
湯日新,懋昭,練川
湯日昭,子德
湯日躋,敬修,適亭
湯春,奚山,笑山
湯景,祿孫,稼孫
湯景仁,靜嚴
湯智珠,靈虛
湯曜,心堯,星軺,有光
湯曾佑,歲生,高陽
湯朝,樵盈,淑盈,蕉雲
湯朝來,學堂
湯朝棻,徽堂,薇堂
湯朝瓉,朗生,蘭生
湯東野,德廣
湯松,喬青
湯格,天若
湯植翁,茂叔
湯楷,文則
湯槐,敬三,植三
湯模,元楷
湯樹森,映村
湯正仲,叔雅,閒菴
湯汝和,味梅,拙生
湯沐,鄖隆,隕陸
湯泳,叔永,靜一
湯流,如川
湯涣,子融
湯淑清,菊仙
湯淑英,畹素,雅卿
湯深,景文,造道
湯淳,文厚
湯清玉,紫筠,藍英
湯湘蘭,小穀
湯準,介亨,介亭,穉平
湯溥,元博
湯滌,新之
湯滏,湘畦,紹南
湯漢,伯紀,文淸,東澗
湯潔,雪江
湯濂,螙仙,詩風子
湯炘,景山
湯炳龍,北村,北村老人,子文
湯焱,國華
湯然,屺南
湯熒,箕山
湯熙,光烈
湯燕生,岩夫,玄翼,黃山樵者
湯特詔,金門
湯珂,諟菴
湯珍,子重
湯球,伯玕,笏卿
湯琛,魯寶
湯瑞芳,芸生
湯璹,君保,君寶
湯百純,淸芬,石華
湯盤,又新
湯矼,伯達
湯碩,仲孫
湯祖契,命式,孝先
湯福孫,介叔
湯禮,思敬
湯禮敬,仁甫
湯箴衛,四如
湯紀尚,伯石,伯述
湯純臣,湯純正
湯紹中,恪素,長潛山人
湯紹宗,承功,靈璧侯
湯紹恩,湯紹夔
湯綬名,壽民,封名
湯維新,滌川
湯綸,掌絲,默存
湯緒,樵石
湯繡蜎,繡娟
湯繩和,小亭,春谷
湯繼文,前川,守齋,引之
湯聘,正衡
湯聘尹,元衡,國衡,覺軒
湯胤勣,公讓
湯自愿,伯恭
湯自銘,昆河,西箴
湯舉,叔謙
湯芬,方侯
湯若壽,蓼邨
湯若望,約翰亞當沙耳方白耳,通徽教師,通玄教師,道未
湯荀業,楚儒,與竹
湯莘叟,起莘,起華
湯華,知新
湯萼棠,諫堂,韡齋
湯藩,介人,价人
湯虺,仲卿
湯蟠,仲潛
湯蠖,叔尺
湯衡,受玉
湯裕,衣谷,詩狂
湯調鼎,陽調鼎
湯謙,四益
湯豫誠,川南,素一
湯貞淑,慧清,藥生
湯貽汾,粥翁,若儀,貞愍,雨生
湯賁,文叔
湯賓,交川,繼寅
湯賓尹,嘉賓,霍林
湯輝道,閬中
湯選,公舉
湯邦彥,朝美
湯邦德,行成
湯金釗,勖茲,勗茲,勛茲,寸心知室,敦山,敦生,敦甫,文端
湯銘新,浣香
湯鋐,東笙
湯鏞,伯韶
湯鑒,半塘
湯長卿,伯子,第端一,體仁
湯開遠,伯用,伯開
湯雄業,存方,毅堂
湯集成,恕軒
湯雨膏,春泉
湯雲松,容生,鶴樓,鶴樹
湯雲林,桂生
湯雷奮,君直
湯震,子春
湯霖,伯雨
湯頤年,養正
湯顧,目雲
湯顯祖,海若,淸遠道人,玉茗堂,玉茗堂主人,義仍,若士
湯鵬,儲璠,梅秋,止信,浮邱子,海秋
湯鵬舉,敏肅,致遠
湯鼎,玉鉉
湯鼎烜,味齋,屏翰
湯鼎臣,華宗
湯鼐,用之,鐵翁
湯齊,菊軒
源光裕,源光俗
源杲,玄明
源氏(崔府君(源氏夫)妻),源氏
源溥,至德
準泰,健齋
溥仪,宣统,宣统帝,康德皇帝,末代皇帝,宪宗,配天同运法古绍统粹文敬孚宽睿正穆体仁立孝襄皇帝
溥洽,一雨,南洲,迂叟
溥良,玉岑
溫一貞,也痴,又賢
溫中和,溫仲和
溫乃升,允階
溫予巽,季木,東川
溫仁和,托齋,文恪,民懷
溫令綬,令綬
溫仲和,位中,慕柳,柳介
溫仲舒,恭肅,秉陽
溫保初,屏山
溫倩華,佩萼
溫儀,可象,紀堂
溫元植,春圃
溫元燮,允菴
溫卓,時仰
溫協長,同山,同心
溫可仕,學齊
溫同瑛,賓秋
溫啟封,石峰,雲心
溫啟熊,伯槐
溫嘉桂,視峯
溫國典,匡華
溫國奇,仲庸
溫圻,甸侯,甸候
溫均,可坦,可垣,可臣
溫增,益甫
溫如春,和甫
溫如玉,梅君,潤清
溫如璋,純甫
溫子紹,瓞園
溫學舜,憲統
溫宗堯,欽甫
溫常紀,振亭
溫常綬,力古,印侯,少華,補山
溫廷筠,溫八叉,溫八吟,溫助教,溫十六,溫岐,溫庭筠,溫庭雲,溫鍾馗,飛卿
溫彥博,大臨,恭公
溫彥弘,大雅
溫德,子新
溫德宣,翁三,衷和
溫徹亨崇壽,鶴汀
溫忠恕,厚之,鵬之
溫忠翰,味秋
溫恭,茘坡
溫應祿,以雍
溫承恩,雨軒
溫承恭,靖聞
溫承悌,怡可,秋瀛
溫承惠,七十愚叟,慎餘,景僑
溫承祚,錫公
溫敏,允懷,鐵崖
溫文煥,錦章
溫文禾,允嘉,稼生
溫新,伯明,大谷
溫景葵,三山,汝陽
溫有嚴,濟和
溫樹珖,淸湄,虞白
溫汝超,次言
溫汝适,步容
溫汝適,景萊,步容,篔坡
溫汝霖,鶴亭
溫泮,泗源
溫清,觀洲
溫湘珠,月波
溫濬,正深
溫玉聲,潤齋,鳴階
溫琬,仲圭
溫琮,廷瑞
溫瑗,文羊
溫瑛,仲玉
溫瑞春,靄香
溫璜,以介,寶忠,於石,石公
溫璽,廷寶,菊莊
溫生才,練生
溫益,禹弼
溫祚,溫祚王
溫秀,中谷,仲實
溫秀儒,碧泉
溫純,一齋,春湄
溫紹原,北屏,北平,壯勇
溫紹棠,棣華,黻村
溫繁炘,子賡,景芝,芷根
溫翁念,敬祖
溫肅,檗庵,毅夫,淸臣
溫肇江,翰初
溫良,易直
溫若春,仲暄
溫葆深,彥荀,明叔,溫葆淳,研蓀
溫衍洛,樹疇
溫訓,伊初,宗德
溫軒,翠屏
溫造,簡與
溫都多鑾布,慶堂
溫都德明,恪勤
溫都鄂海,吳遜
溫錫純,九疇,自求
溫鏜,授之
溫革,叔皮,溫豫
溫顯,公宣
溫體仁,員嶠,圓嶠,文忠,溫体仁,溫躰仁,長卿
溫鳴玉,相之
溫黻廷,組雲,藻裳
滅里沙,密吏奢
滑壽,伯仁,伯本,攖寧生
滑承芳,馥林
滑浩,十六,宗源
滕世勲,紹周
滕世寧,滕玄晏
滕中,元直
滕中正,普光
滕代勇,方臣
滕代芳,蘭軒
滕伯輪,汝載,載道
滕佐,良輔
滕元發,元發,滕甫,章敏,達道
滕元鑒,仲廉
滕克恭,安卿
滕員,尚默
滕嗣武,武慎
滕國相,和梅
滕塛,仲塞,仲復,星崖
滕子玉,藍村,青田
滕安上,仲禮,文穆,退齋
滕宗諒,子京
滕定,奉化伯
滕宬,季度,肅靖居士
滕家勝,武烈,謹亭,錦亭
滕尚信,敦五
滕岑,元秀,龍嶺老樵
滕嵎,賓日
滕希甫,春軒,正臣
滕康,子濟
滕庾,子端
滕強恕,仁伯
滕德懋,思勉
滕愷,南夫,溪堂
滕承孫,子由
滕撫,叔輔
滕斌,玉霄
滕昭,自明
滕橦膚,契潛,病癭,虛白
滕檳,秀之
滕武子,文叔
滕毅,仲宏,仲弘
滕洙,希尹
滕浩,至剛
滕烜,潤輔
滕玶,德玉
滕珙,德章,蒙齋
滕瑱,伯真
滕璘,德粹,溪齋
滕用亨,用衡
滕祐,介石,吉甫
滕祥,兩山,惟善
滕紀,子振
滕經,玉堂,雲階
滕綱,建三
滕羽,子羽
滕膺,子勤,忠惠
滕茂實,季穎,忠節,滕裸,秀穎
滕處厚,己齋,恕齋,景重,謹仲
滕遠,士毅
滕鉛,和叔,萬菊
滕霄,子冲
滿中行,思復
滿古台,德謹
滿執中,子權
滿子謙,東埜
滿朝薦,震東
滿桂,武愍
漆元中,維嵩
漆園,劒潭
漆大登,文甫
漆希范,平溪,文翁
漆彬,中甫
漆承先,復齋
漆榮祖,仲華
漆汝翼,行甫
漆淕美,泮芳
漆淳美,太初
漆澤美,評芳
漆濤美,凝齋,泮芳
漆璘,仲琛,東樵
漆登,汝高
漆秀實,得一,德一,李保,漆秀茂,蜚卿
漆秀彥,俊卿
漆紹文,復來,馥來
漆霖,豫園
漏坦之,仲容
漏瑜,叔瑜,大美
潔實彌爾,文忠
潘䱎,丙崖
潘一桂,木公,無隱
潘世恩,思補堂,思補老人,思補齋,文恭,有真意齋,槐堂,槐庭,淸頌堂,潘世輔,芝軒
潘世晉,進也
潘世璜,黼堂
潘世英,占一
潘世輔,茭城
潘世鏞,東甫
潘中,民望,民極
潘中吉,戊齋,藹如
潘中矩,儀之
潘中立,松溪
潘乃光,晟初
潘之善,元長,粹菴
潘之成,綺仲
潘乙震,明山,筠軒
潘亥,幼明,秋巖
潘亨谷,仲衡,子嘉,耐庵
潘亮功,堯臣
潘亮彝,元欽,謙亭
潘仁,厚甫,月甫
潘介祉,叔潤,玉荀
潘介繁,三松堂,桐西書屋,椒坡,穀人,茮坡,菽坡,谷人
潘仕紳,以書
潘仕釗,國英,翰墀
潘仝,會道
潘仰熊,笠初,苙初
潘仲徽,克典
潘仲楫,雲樵
潘仲蘭,谷馨
潘仲驂,時乘
潘休,逢辰
潘伯修,省中
潘伯通,學古
潘佑,潘佐
潘作霖,敬忠,杏詞
潘佩言,潘五先生
潘佺,松雲
潘侃,維和
潘俊,國英
潘保邦,竹夢
潘倣,景哲
潘傑,士英
潘儯,南吾,文起
潘允哲,伯明
潘允恭,溫叔
潘允敏,尹少,穎少,葦村
潘允端,仲履,充菴
潘元,少白,薇垣
潘元和,節甫
潘元懋,友碩
潘元敉,安素
潘元紹,仲紹
潘元震,子春
潘兆臣,舜鄰
潘兆鸞,雯青
潘兆鼎,敷九
潘先鳳,小雲
潘光偉,黼庭
潘光岱,松崖,遐齡,震東
潘光慶,余香
潘光瀛,宗貽,珏卿
潘光藻,湘門,賓石
潘克儉,齊卿
潘克權,聽橋
潘兌,說之
潘兑,説之
潘其勤,黼堂
潘其燦,景瞻,朗君
潘冠英,仲舉
潘凱,仲和,豈凡,貽令
潘剛,維剛
潘功宗,德先
潘勤,逸堂
潘勵閒,素蘭,麗嫻,麗間
潘午亨,通泰
潘卿,伯玄
潘及甫,憲臣
潘友恭,恭叔
潘友文,文叔,櫟庵
潘友昭,昭叔
潘友端,端叔
潘取臨,大也,曇翼
潘可叔,君獻,時甫
潘吉,心菴
潘同春,皆生
潘名魁,鏡蓉
潘周伯,宗之
潘和道,竹坡隱者
潘和鼎,味鹽
潘問奇,雪帆,雲客
潘喜陶,燕池,芝畦
潘嘉第,次公
潘嚞,沃洲樵叟
潘國枚,占吉
潘國祚,東柳,燕丘
潘國重,玉衡
潘國鏞,式文,漁莊,穆臣
潘在渭,峡州
潘坦,杏村
潘垂遠,書常
潘培,篤卿
潘基,令本
潘基慶,良相,良耜
潘堮,凌雲,淩雲
潘堯彩,存素
潘塤,伯和,熙臺
潘墀,介巖,經之
潘士元,平甫,樵隱
潘士樸,奉璋
潘士瀛,文登
潘士璜,古岩
潘士藻,去華,雪松
潘士表,伯仁
潘士達,去聞,完樸,完璞
潘士鑑,子明
潘士驥,愚谷,用德
潘壯,直卿
潘夏,西河,長卜
潘夙,伯恭
潘夢旗,天錫
潘夢龍,禹門
潘大儒,含赤,漢門
潘大年,祖道
潘大康,堯衢
潘大復,徵復,見所
潘大成,魯生
潘大琨,梧壯
潘大璘,竹峰
潘大臨,邠老
潘大觀,仲達
潘大賓,思軒,欽之
潘天成,鐵廬
潘天與,景仁,第念七
潘奕,景大
潘奕基,汝勤,雲浦
潘奕珖,篁月,鷺瞻
潘奕興,伯起
潘奕藻,思質
潘奕豐,問泉
潘奕雋,守愚
潘奕驥,君良
潘好古,伯御,敏修
潘好謙,伯益,損之,矯齋
潘如棟,小棠,小紫
潘子京,貴高
潘子儀,行父
潘子嘉,汝亨
潘子正,十泉,汝中
潘子禮,和中
潘子秀,人傑
潘子震,伯威
潘子霓,望甫
潘子高,伯遠
潘存,仲模,存之,孺初
潘存實,鎮之
潘孜,道任
潘孟信,時信
潘孟光,弗耀
潘季馴,印川,惟良,時良
潘學植,子尚,芷裳
潘守廉,潔泉,節園
潘守真,適道
潘安固,仲碩
潘安智,守愚
潘安禮,立夫
潘宏遠,拔菴
潘宗佑,仲德
潘宗周,明訓
潘宗壽,建侯,輔臣
潘宗孟,養浩
潘宗權,宗權
潘宗洛,書原
潘宗海,若淸
潘宗睿,抑隅,聖思
潘宗碩,在澗,恭文先生
潘宗鄴,肅亭,願侯
潘宗顏,士瓚,節愍
潘宗鼎,薑靈
潘定桂,子駿,駿坡
潘定英,繡霞
潘家驄,駑臣
潘寶琳,仲瑜,鳳標
潘寶鐄,椒堂
潘尚志,備庵,心存,筱橋
潘履孫,坦翁
潘履端,樾根,肇業
潘岭,石丈
潘岳,潘宗岳
潘嶽成,嵩仲
潘己,潘巳
潘希宗,景昭,柏峰,柏峰居士,潘煃
潘希曾,仲魯,竹澗
潘希甫,保生,補之
潘希白,懷古,漁莊
潘希聖,希聖,養蒙
潘希賢,悅道
潘平格,用微
潘幼桐,鳳華
潘幼玉,碧晶
潘府,南山,孔修,孔脩
潘庭堅,叔聞
潘庭筠,德園,蘭公,香祖
潘庭翼,元成,揚卿,楊卿,汝翼,第六十六
潘康保,秋谷,良士
潘廷儀,烺亭
潘廷燮,介孚,稼夫,藝五
潘廷燿,宇輝,有光
潘廷颺,慎修
潘建功,平潞,楚坡
潘弘,若稚
潘弼,良輔
潘彙征,太初,泰初
潘彬,文軒,質臣
潘彭年,椿軒
潘得剛,可齋,知柔
潘從善,擇可
潘從律,雲岫
潘從源,伯川
潘從福,仲祿
潘御炳,含齋,子韜
潘復,馨航
潘循,先之,潘徵
潘徵,先之,潘循
潘德冲,仲和,冲和
潘德周,紹箕
潘德輿,傳恭堂,四農,塵定軒,彥甫,彥輔,念石子,文海樓,艮庭居士,養一,養一齋
潘徽,十一,叔慎
潘必勝,孟武
潘必卿,南江,國相
潘必強,知柔
潘必强,知柔
潘志伊,伯衡,嘉徵
潘志敏,學山
潘志淵,夢男
潘志省,以魯
潘志萬,子俁,曶庵,碩庭
潘志詒,燕庭
潘志詢,侶虞,同叔
潘志道,天隨
潘思孟,幾道
潘思榘,挈方,敏惠,絜方,補堂
潘思綸,陛承
潘思義,質堂
潘思誠,古逸先生
潘恆日,惺齋
潘恕,南窻,行之
潘恩,子仁,恭定,湛川,湛江,笠江
潘恬如,剋先
潘恭常,吾亭,彰有
潘恭辰,撫凝,紅茶,紅茶山館
潘惟一,景參
潘惟梓,元用
潘惠進,仲禮,蘭軒
潘慈明,伯龍
潘慎修,意梅,芷卿
潘慶凱,玉筐
潘慶文,士安
潘慶瀾,安濤,宜識字齋,芸閣
潘應元,善卿
潘應桂,彦芳
潘應賓,雪石
潘懷,景進
潘成,志吾
潘成棟,南浦
潘成谷,鈞伯,麗川
潘戴,潘載
潘承厚,博山,溫甫,蘧盦
潘承宗,德輝
潘承炘,景伯
潘承芳,寵錫,秀峰
潘承謀,省安,聰彞,軼仲
潘抱貞,冰壺女史,寶鈿
潘拯,康仲
潘振彩,華庭
潘振承,文岩,潘啟官,遜賢
潘振業,丕績,丕續
潘振華,信天翁,奏平,鷗舫
潘挹奎,石生
潘掌珍,湘蔽
潘擇師,希明,靖齋居士
潘效蘇,少泉
潘敦儼,淸畏
潘敦先,叔重,符生
潘敦復,彥恆
潘敬老,君達
潘敬蒼,占民
潘整,孟文
潘文奎,景昭
潘文焕,季章
潘文耀,大有,星齋
潘文饒,明則,民則
潘斯濂,兆瑞,兆端,北瑞,蓮舫
潘方,孟賢,節孝先生
潘旋吉,履莊
潘旦,希周,石泉
潘昂霄,文僖,景梁,蒼崖
潘昌煦,春暉,由笙
潘易,太初
潘星,宿野
潘映婁,次魯,潘暎婁
潘映辰,潘暎辰
潘春暉,石巖
潘時敏,遜齋,遠齋
潘時舉,子善
潘時選,青巖
潘時雍,灌園生
潘晟,思明,水簾
潘景伯,仰之
潘景吾,冷殘,達微,鐵蒼
潘景愈,叔昌
潘景憲,叔度
潘景文,其蔚
潘景良,叔玠
潘暄,時陽
潘曦,少明
潘書馨,汝璜
潘曾偉,潘曾瑋
潘曾沂,企曾,功甫
潘曾瑋,二岳
潘曾瑩,小鷗波館,惺齋,星齋,申甫,紅蕉館,紅雪山房,賜錦堂,鸚鵡簾櫳
潘曾紘,昭度
潘曾綬,紱庭,若甫
潘曾起,容齋,文開
潘有本,萬亭
潘有為,卓臣,應麒,毅堂
潘有鯤,圖南,波村
潘朝卿,春卿
潘本愚,克明
潘本溫,虹衢
潘本郊,嶼伯
潘材之,材之
潘杲,稚明
潘松,莜洲
潘松根,蔭堂
潘果,師仲,曉滄,讓村
潘柄,瓜山先生,謙之
潘某祚,介丘
潘桂,季選
潘梁,奕山
潘棠,希召
潘植,立之
潘楚碧,湘文
潘楷,貴模
潘榛,麓源
潘榮,伯誠,節齋
潘槱,無遺
潘標,元勳
潘樞,景嶽
潘樹棠,憩南,西廬
潘檉,德久,轉庵
潘檉樟,力田,潘聖樟,聖木
潘檉章,力田,聖木
潘欲仁,子昭
潘欲敬,敬莊
潘欲柔,寄生
潘欲達,允升
潘正亨,伯臨,荷衢
潘正夫,蒙著
潘正心,亞白
潘正煒,榆庭,聽帆樓主人
潘正琛,谷香
潘正衡,仲平,鈞石
潘步雲,華雯
潘武,叔允
潘殖,子醇,浩然子
潘殿昭,和叔
潘毅,武肅,滎陽伯
潘毓椿,懋臣,樊庭
潘氏(墨裏侯),墨裏侯
潘氏(裘致中妻),碧天道人
潘氏(趙恆皇后),章懷,莊懷
潘氏（王琮母）,妙吉
潘民模,子傚
潘民表,振聲
潘永祚,太丘
潘汝勤,揆典
潘汝梅,雪巖
潘汝楨,鎮璞
潘汝炯,石舟
潘汝翼,勵齋
潘汝蘭,芳穀,芳谷
潘汝輔,汝弼
潘汝鳳,鳴虞
潘江,耐翁,蜀藻
潘沅,漱石
潘沐,新彈,韋齋
潘泗,源魯
潘泰謙,古漁,子久
潘泳,潘詠
潘津,潤卿
潘洪,克容
潘浚,在衡
潘浩,冠曹,養伯
潘涓,曾之
潘淑正,雲仙
潘淳,元亮,潘湻
潘清,靜宇,靜寧
潘清亶,二十六,懋誠
潘清蔭,季約,梧岡
潘渙,發軒
潘游龍,鱗長
潘湘芷,藥房
潘溫,仲良
潘溫之,溫甫
潘滋,汝霖
潘漢,朝宗
潘潔,淵齋
潘潛,彥淵
潘潢,屬叔,樸溪,肅簡,薦叔
潘潤,德夫,玉齋
潘澤,春甫
潘澤霖,卓堂
潘濬,承明
潘瀛,雲洲
潘瀛選,仙客
潘灝文,麗生
潘炎,光大
潘炙賢,孝文先生,淑文
潘炳年,幼畬
潘炳辰,嵐峰,敬臣
潘烺,竹香,蘭香
潘煇,弢齋,浮玉山人,照庭
潘煊,健圃
潘煒南,日炳,玉書
潘煥吉,幼暉,香晼
潘煥媊,伴霞,半霞
潘煥榮,仲華,綺青,萼仙
潘煥龍,四梅,臥園
潘熉,建中
潘燾,無愧
潘爾杲,旭初
潘牥,庭堅,紫巖
潘特竦,廷立
潘獄成,嵩仲
潘玉珊,環聲
潘玠,長卿
潘玥,波玉
潘珂,世鳴
潘珍,兩峰,峩峯,樸菴,潘青天,玉卿,碧峯,碧峰,益以拙叟
潘珏,澹翁,玉汝,萬卷山人
潘珪,公瑞
潘琚,廷用
潘琪,天草
潘琮,慎國
潘琴,舜弦,舜絃,鶴溪
潘瑄,廷璽
潘瑋,漁隱,用夫
潘瑛,十四洞天人,蘭如
潘璋,文珪
潘璟,溫叟
潘璵,魯珍
潘生萃,聚卿
潘甫生,嵩崖,申及
潘甲,仙裔,佩裔
潘畤,德卿,德鄜
潘盛,世隆
潘盛年,經上,經士
潘相,潤章,經峰
潘眉,壽生,稚韓,穉韓
潘睦先,季孺,少圃
潘矩,方仲
潘矩健,亢阜,康甫,斟秋
潘碩枰,公文,壯節,松厓
潘礪襄,濂浦
潘祁,宇賓,容圃
潘祖仁,亨父,竹隱老人
潘祖保,味琴,子厚
潘祖同,桐生,譜琴
潘祖年,仲午,西園
潘祖廕,伯寅,文勤
潘祖清,雷鑑
潘祖蔭,二十鐘山房,伯寅,八囍齋,八求精舍,八瀛,功順堂,攀古樓,文勤,東鏞,滂喜齋,漢學居,潘宗蔭,芬陀利室,近光樓,鄭庵,鄭盦,鳳笙,龍威洞天,龍威洞天主,龜盦
潘祖頤,祝年,竹岩
潘祥新,鳳珊
潘祺,應昇
潘禋,成夫
潘禎,應昌
潘福海,有述,石庵
潘福清,襄哉
潘禮,嘉會
潘秉維,禹功
潘秉鈞,睿思
潘稹,景澂
潘穀,老癡
潘端,慎齋
潘第,仲高,念莪
潘約,簡手
潘純,子素
潘純玉,懷甫,雅堂
潘素心,若耶女史,虛白
潘紹周,凱生,挺生
潘紹經,濟常,箬舟
潘紹觀,巽山,顒則
潘紹詒,芸台
潘絲,朝言
潘緖,繼芳
潘緝勲,勉齋
潘緯,仲文,象安
潘繼伯,達摹
潘繼先,民元
潘繼光,懋學
潘繼善,取大
潘繼高,駿孫
潘美,仲詢,武惠
潘義,思義
潘翟,副華
潘翰,單翰
潘翹生,起代
潘翼,雄飛
潘耒,次耕,止止居士,潘吳琦,稼堂
潘聯元,耘經
潘育龍,哈喇巴圖兒,襄勇,見溪,飛天
潘自厚,身甫
潘自彊,師健,惕吾
潘自新,汝明,用吾
潘自晦,顯甫
潘自牧,牧之
潘自疆,秋漁
潘致堯,彥先
潘興嗣,延之,淸逸居士
潘良,以仁
潘良佐,致君
潘良瑗,仲嚴
潘良翰,叔倚
潘良能,季成,材倚
潘良貴,汝思
潘芳芷,紉蘭
潘英,時彥
潘茂,志華
潘荃,芳谷
潘華,肇夏
潘華庭,梅亭
潘萃,信夫
潘著,澤民
潘葵,日臣
潘蒙正,聖功
潘蕃,廷秀,廷芳,鍾蕃
潘蕚,肇次
潘蘊洪,函三
潘蘭生,遴士
潘蘭皋,澧翹,痛廬
潘融春,季豫,與偕
潘衍,世昌
潘衍桐,嶧琴,潘汝桐,繹琴
潘衍祚,再丘
潘衍翁,可大
潘衍鋆,任卿,達廷,霖盦
潘衍鑒,任卿
潘衡,金峯
潘衢,子莊
潘襄龍,希尹
潘觀保,玉生,辛芝
潘觀國,元賓,延嗣,第二,鐵僧
潘詠,伯琴
潘誠,潘咸,潘成
潘誠貴,宜亭,時軒
潘誼,彥謀
潘諒,友貞
潘諮,少白,海叔,潘梓,誨叔
潘謀世,宗權
潘謙,敬亭
潘謙宏,鏡山,镜山
潘譢,梅岩
潘貞敏,伯時
潘輔,良佐
潘辰,南屏,南屏先生,時用
潘迪,履道
潘逈,致遠
潘逢泰,保之,樵叟
潘逵南,苑華,香雪
潘道南,仰峯,佩三
潘道根,晚香,確潛
潘遘,際可
潘遵潢,觀成,韻杉
潘遵璈,修玉,子繡
潘遵祁,西圃,覺夫,順之
潘遵禮,典之,子雅
潘遵達,三若
潘遵顏,卓如,竹儒
潘選,玉選
潘遹,伯循
潘邦協,律和
潘邦壽,鹿詮
潘郁,舜先
潘釴,希行
潘鉉,仲金
潘銓,文衡
潘銘,述堂
潘銘憲,季文,少城
潘銳,宗魯
潘錡,希和
潘錦,就亭
潘錫恩,文慎,求是齋,純夫,芸閣,蕓閣
潘錫榮,南軒,晴溪,錦堂
潘錫清,半塘
潘鍾瑞,圛雲,瘦羊,麐生,麟生
潘鎮,俊揚
潘鎰,十五,希平
潘鏜,團山野人,宗節,石湖
潘鏞,克鳴
潘鐸,伯振
潘鑑,庶瞻
潘閔,子文
潘閬,逍遙
潘闢,廓如
潘隆,逢吉
潘隆甲,守約
潘際雲,人龍,春洲
潘隨,時大
潘集,子翔,義成
潘雯,湘紅
潘雲漢,倬齋
潘雲祥,瑞徵
潘雷,迂恬,雨田
潘雷焕,省之
潘霆,寅齋
潘震,鹿賓,鹿質
潘霨,偉如
潘音,聲甫
潘韶,子善
潘預,晉卿
潘頤福,梅孫,芝堂
潘頤養,正卿
潘頤龍,躍卿
潘顥伯,肅之
潘顯伯,德之
潘顯道,煥斗
潘飛聲,劍士,蘭史
潘飛英,元傑
潘駿文,彬卿
潘體豐,潘體豊
潘體震,長元
潘高,子抑,春谷
潘鯁,昌言
潘鯤,厚池
潘鳳,潘大方
潘鳴球,霞青,頌虞
潘鴻鼎,巽來,鑄禹
潘鵬雲,健六
潘麒生,一韓
潘麗嫻,勵閑,素蘭
潘麗疇,紫田,紫畇
潘麟,信仲
潘黼,章甫
潘鼎新,琴軒
潘鼎陽,秀芳,閬岩
潘龍,友夔
潘龢,抱殘,致中
潛溟,彥鵬
潛說友,君高
澄文泮,澤士
澹台,維來
濟中,濟澂
濟蘭,紉芳
濮中玉,琢如
濮俊民,敏夫
濮允中,樂閒
濮子潼,止潛,紫泉,紫銓
濮宿貞,仲璿
濮彥仁,仲溫,松月道人
濮振飛,湘舟
濮文暹,濮園,青士
濮文波,漱石,秋澄
濮文湘,芷綃
濮文綺,彈綠
濮斗南,一之
濮晉,用昭
濮淙,澹軒,石年,蘧園
濮炎,未軒
濮瑗,琅園
濮璦,琅圃
濮璵,西涼侯
濮英,忠襄,樂浪公,濮瑛,濮真
濮賢姮,荔初
濮賢螂,書華
濮鑑,明之
濮陽瓘,濮陽灌
濮韶,和仲
火眞,同安侯,火里火真
火真,火里火真
火秉禮,立山
火魯忽達,得之
炳麟,書春,麗泉
烈哲,好問
烈瞻,庭傑
烏佳奇成額,世識
烏克遜仲端,烏古孫仲端
烏冲,叔備
烏古孫澤,懶齋,正憲,潤甫
烏古孫良楨,幹卿,約齋
烏古論貞,四和,正卿
烏喇納喇布占泰,卜占台
烏喇納喇阿巴亥,孝烈恭敏獻哲仁和贊天儷聖武皇后,孝烈武皇后,阿巴海
烏大禪,吳大闡
烏彌阿南達,伍彌阿南達,恪敏
烏彌阿喇納,伍彌阿喇納,阿喇衲,阿爾納
烏從善,汝登,龍岡
烏扎喇扎克丹布,札克丹布
烏扎拉榮椿,向園
烏拉喜崇阿,達峰
烏拉布,紹雲
烏文仲,國章
烏斯道,春草,繼善
烏昇,旭菴,顯卿
烏朗哈特扎拉芬,扎拉分
烏朗罕吉勒們舒明,烏梁海濟勒莫特舒明
烏朗罕吉勒們雅爾堅,靜山
烏朗罕吉勒默特常英,子千
烏朗罕濟勒們玉保,烏朗罕濟勒門玉保
烏本良,性善,春風先生
烏札庫德全,吳札庫德全
烏札拉烏扎拉關保,烏扎拉關保
烏梁罕扎拉豐阿,查拉豐阿,烏梁罕色布騰多爾濟
烏梁罕貢桑諾爾布,樂亭
烏淩阿,潤齋,烏凌阿,雲樵
烏爾慶額,月亭
烏爾清阿,烏爾精阿
烏珍,恪謹
烏禮蘇烏勒登,烏爾登
烏竹芳,筠林
烏米花沙納,伍彌特花沙納,文定,松岑,毓仲,沜園,韻雪齋
烏緝,榮陽外史
烏蘇吉普喀達,吉巴克達,吉拔克達,吉魯克達
烏蘇文瑞,叔安,叔庵,小雲
烏蘇法福禮,法福哩,莊勤
烏蘇薩彬圖,天石
烏蘇達椿,香圃
烏蘭都,世芳
烏訥璽,伍納璽,伍訥璽,烏諾璽
烏雅兆惠,吳雅兆惠,和甫,文襄
烏雅圖,五雅圖
烏雅官保,文勤
烏雅氏,仁壽皇太后,吳雅氏,孝恭宣惠溫肅定裕慈純欽穆贊天承聖仁皇后
烏雅海望,勤恪
烏雅珠隆阿,珠勒亨
烏雅瑞興,詩軒
烏雅碩色,恭勤,靜菴
烏雅貽榖,藹人
烏雅開泰,兆新,兆沂
烏馬兒,希說
烏齊格里倭仁,文端,聽鸝山館,艮峰,艮齋,賜禮堂
烕士遜,謙之
烜光祺,壽卿
無念,學公
焦,世英
焦亮,焦洪大全,焦洪大泉,賽諸葛
焦仙芝,仁美
焦以厚,載之
焦以敬,惺持
焦位,致中
焦傑,又文
焦勤,魯生
焦印瞻,印瞻
焦友直,仲益
焦友麟,子恭,笠泉,鐵珊,鑑舫
焦和生,綿初
焦壽,世通
焦子春,德元
焦守吉,寡辭
焦守節,秉直
焦安邦,藎臣
焦宏,克明
焦宗古,希彭
焦寛,仲容
焦尊生,茂直
焦希程,師正
焦廷琥,因柳閣,彜齋,彞齋,虎玉,蜜梅花館
焦式冲,懷谷
焦從周,孟文
焦循,仲軒,倚洞淵九容數注易室,半九書塾,因柳閣,理堂,理堂老人,紅薇翠竹閣,蜜梅花館,裏堂,里堂,里堂山人,里堂老人,雕菰樓
焦德明,顯卿
焦德裕,寬父,忠肅
焦志賢,少淵,少顏,漢溪
焦忠賢,少淵
焦悅,兌齋,子和
焦敏,好古
焦敏中,達卿
焦文炯,仲明
焦文烺,天樂
焦昇,景和
焦映岱,春瞻
焦映漢,雯濤,鹤庵
焦春宇,錦江
焦景新,午橋,晴川
焦有森,又詵,木三,韻香
焦松,貞節
焦棟,東寧伯,莊僖
焦榮,榮卿
焦毓瑞,石虹,輯五
焦涵一,源博
焦涵豐,兆魚
焦源清,湛一
焦源溥,涵一,逢源
焦溥照,正智通辨禪師,空菴
焦潤生,茂慈
焦澍,茹霞
焦澤,克濟
焦炳炎,濟甫
焦焕炎,晦父,晦甫
焦煥炎,晦甫
焦爾厚,孔佩,孔俾
焦玄鑑,仲明
焦瑞,伯賢
焦瑞昌,祥庭
焦璉,子重
焦用,正毅
焦白,任道
焦祈年,榖貽,田祖
焦祐瀛,桂樵
焦禮,和之
焦秉貞,爾正
焦竑,弱侯,從吾,文端,漪園,澹園,澹園老人
焦維域,東屏,鎮宇
焦維霖,劍泉
焦繼勳,成績
焦義,萬戶侯
焦聯奎,星垣
焦肇瀛,持之,海峰
焦肇駿,亦山,友鴻
焦芳,孟陽,守靜
焦袁熹,南浦,南浦先生,廣期
焦覲祖,子光
焦賁亨,丘園
焦起良,明善
焦蹈,悅道
焦軾,憑軒,應瞻,熊符
焦達,德成
焦達峰,大鵬,掬森
焦邕,世和
焦鈍,秉聰
焦錫齡,壽岩,夢九
焦雲龍,雨田
焦韶,鳳儀
焦顯,文明
焦養直,文靖,無咎
焦馨,寧考
焦騰鳳,文起
焦鼎,德元
煜綸,子常
煥明,瞻庵
熊一定,廣恆
熊一本,介臣,以貫
熊一瀟,浦雲堂,漢若,蔚懷
熊世玉,步元
熊中文,在亭
熊之台,東堂
熊之溍,銓江,銘江
熊之贇,右文
熊五緯,臥雪
熊井,仲洌
熊亦奇,餘波
熊人霖,伯甘,鶴臺
熊以寧,伯詩,東齋
熊仲機,叔席
熊休,居美
熊伯通,本睿
熊伯龍,塞齋,次侯,鍾陵,鐘陵
熊佐,尙輔
熊佑,良佐
熊侶,楚莊王
熊俊,子英
熊俊民,熊俊明
熊俊甫,漁浦
熊俸,三十,應秩
熊倫,仲彜
熊偉,彥卿
熊傑,貴顯
熊傳婺,熊傳楘
熊傳栗,民懷,錫周
熊儐,敬吾
熊元,子貞
熊元燦,仲圭
熊元鍔,季廉
熊元震,田元震
熊兆,世卿,拙逸子
熊兆占,見亭,見吾
熊兆珪,元敬
熊兆麟,墨樵
熊光,然石
熊光大,子謙
熊光緒,芸陔
熊光裕,雪岩
熊克,子復
熊公軾,憑橫,敬衢
熊其光,羽華,蘇林,韜之
熊其英,純叔
熊冠斗,少賢,毣瞻,紫垣
熊凱,舜夫,遙溪
熊凱勲,佐卿
熊到階,屆堂
熊則瓚,遜修
熊則禎,泰崍
熊剛大,古溪先生
熊劍化,際華
熊劒化,神阿
熊勉學,懋倫
熊化,仲龍
熊十力,继智,子真,漆园老人,逸翁
熊卓,士選,東溪
熊又成,性善
熊受孫,性初,熊紀善
熊召予,南翁
熊吉,柏舉
熊和,位育
熊啟元,仁山
熊啟培,子厚
熊啟宇,六開
熊國徵,象賓
熊國渭,文卿,渭臣
熊坦,履道
熊坰,憲重
熊埜,森甫
熊培元,大初
熊堉仁,腴村
熊墀,丹石
熊壎,夢華
熊士修,肇人
熊士倓,散齋
熊士偉,確莊
熊士愷,仲高
熊士鵬,兩溟,東坡老民,蒓灣
熊壬,楚昭王
熊壽山,子靜
熊壽眉,以介,梅笑
熊夢兆,應徵
熊夢祥,松雲道人,自得
熊夢飛,蓮舟
熊大年,元誠
熊大經,仲常
熊天植,培之,芝山
熊天楷,憲揆,芥圃
熊太古,鄰初
熊太昶,晴皋
熊奇生,遠度
熊奮渭,汝望
熊如岡,嶠嶙
熊如旭,青濤
熊妤,孟嫻
熊子臣,國仕,應州
熊學源,靜湖
熊學烈,繩武
熊學驥,德稱,蔗泉
熊學鵬,雲亭
熊宇,元性,軫峯
熊宇奇,正子,石門
熊安上,仲禮
熊宗彥,坦齋
熊宗德,天申
熊宗說,傳巖
熊官梅,夔溪
熊寅,國亮,念堂,念塘
熊密,子縝,小峩
熊寶泰,善惟,筠湄,蕓眉
熊少牧,書年,雨臚
熊尚文,益中
熊履清,耳山
熊岊,具瞻
熊希古,尚友,尚文,熊希谷
熊希齡,秉三
熊師賢,君佐
熊常錞,枚孫,椒實,聲谷,象于,象於
熊常鏊,秋洛,秋谷
熊廷弼,熊江夏,芝岡,襄愍,非白,非百,飛伯,飛白,飛百
熊廷燮,和亭
熊彥信,子圭
熊彥臣,元直,熊鼎臣
熊彥詩,叔雅,曲肱先生
熊彥迪,子善
熊得壽,海門
熊復,庶可
熊德葵,景恆
熊德陽,清嶼
熊忠,子中
熊恩紱,熊思紱,隆輔
熊恪,子敬,謹節
熊惟學,習之
熊惠,迪吉
熊慶冑,竹谷
熊懋官,思守
熊懷,性安,性實
熊成基,味根
熊拜昌,善臣,汝言,禹門
熊振,伯生
熊效曾,詒庭
熊敏慧,穎生
熊敦彝,則軒
熊敦樸,十三,茂初
熊文,尹奎,彥奎
熊文壽,曉村,筱彭
熊文成,熊又成
熊文昌,克昌
熊文煥,用晦
熊文登,于岸,松風主人
熊文綬,藻伯
熊文舉,公遠,恥廬,雪堂,香雪堂
熊方受,介慈,夢庵
熊方燧,經仲
熊日廣,春甫
熊昇,剛申
熊明遇,壇石,壇石山主人,子良,良孺
熊昭,開明
熊昶,昶之
熊時,汝及
熊時龍,在潛
熊晉,雙湖
熊景,開甫
熊景元,仲光
熊景星,伯晴,伯澄,吉羊谿館,滌道人,笛江,篴江,篴江居士,老晴,荻江
熊景釗,畬滋
熊暉吉,孚有
熊曰宏,任夫
熊曰馮,去疾
熊會玜,公玉
熊會貞,固之
熊朋來,天慵,與可
熊朝,東采
熊木,應奎
熊本,萬初,萬卿
熊本誠,公實
熊東,季隆
熊枚,兼山,存甫,蔚亭,謙山
熊桂,世芳,石崖
熊桴,元乘,鏡湖居士
熊棄疾,楚平王
熊楚荊,漢南,玉山
熊楫,應濟
熊概,大節
熊榮,以仁
熊槩,元節,胡槩
熊正,正已
熊正彪,希村
熊正笏,元獻
熊武,君右
熊汝器,國用
熊汝垕,況夫
熊汝梅,燮臣,竹生,雪村
熊汝達,北潭,德明
熊汝霖,夢澤,雨殷
熊汲,引之
熊法祖,海門
熊泗,魯泉
熊泗先,鳳山
熊洛,景之,筆山
熊洪,開先
熊浹,北原,北源,恭肅,悅之,悦之,說之
熊湄,子退
熊源,盈海
熊潢,宗之
熊潤南,福民
熊濰垣,岐嵒
熊炤,有明
熊炳,調庵
熊為霖,浣青,鶴嶠
熊焯,敏之
熊煒,天奎
熊燮,春甫,調梅
熊爟,成擧
熊爵,子脩
熊爾卓,秩儀,野堂,雅堂
熊爾梅,夢岩,良弼,良質
熊特,公奇
熊珮之,松臣
熊琦,憲韓
熊琫,樓齋,樸齋
熊瑞,玉西
熊璉,商珍,澹僊,陳生
熊璘,文玉
熊登之,貞孝先生,養直
熊皋,懿鳴,鶴鳴
熊皦,九華山人,熊皎
熊直,敬方,胡敬方
熊相,尚弼
熊知至,意誠
熊祖旂,松嵐,松巖,魯觀
熊祖旆,武安
熊祖旋,可亭,方矩
熊祖詒,翼儒,鞠孫
熊祥,文應
熊祺,宗元
熊祿,曰貴
熊福,雷溪
熊禮陽,葵園
熊禾,位辛,勿軒,去非,熊鉌,退齋
熊秉元,仁卿
熊秉震,九初
熊笵輿,承之,鐵岩
熊節,元用,熊汝舟,端操
熊系紀,立齋
熊紀,時振
熊紹庚,秋白
熊經,載道
熊維傑,奇字
熊維典,方石,約生
熊維卿,以世,以亮,松門
熊維培,篤軒
熊維寬,仲舒
熊維熊,偉男
熊緯,文江,烈愍
熊繡,莊簡
熊繼軒,左平,星臣
熊義,熊義存
熊翀,止庵,騰霄
熊耳,小李
熊耳源,泊泉
熊聿修,小漁,茲泉
熊育錫,純如
熊自誠,自誠
熊與龢,天樂
熊興麟,石兒,素園,維郊
熊良治,子華
熊良輔,伯傳
熊英,卓演,卓然,皭然
熊苾,馥齋
熊茂,土充,清臞
熊茂松,汝辰,衡皋
熊莪,璧臣
熊華國,劉華國
熊葉飛,瑤月,鳳鳴
熊葛,天民
熊葦,敏思,澄山
熊葵向,立堂
熊蒙光,午亭
熊蕃,叔茂
熊蘭,虛谷
熊襄,贊國
熊觀,用學,退庵
熊誼,判賓
熊象慧,芝霞
熊象楷,子升,子開
熊象階,松樵
熊賜履,下學堂,愚齋,敬修,敬存,敬庵,敬脩,文端,樸園,澴川,素九,經義齋,譟修堂,豁然樓,青岳,青嶽,青樵
熊賜璵,宗玉
熊起磻,再青,承彞,燮臣
熊載陞,松山
熊輝祖,雲孫
熊逈,叔遠
熊進德,元修
熊逵,于漸,熊達
熊遇,道夫
熊遇泰,拱舒,東崖,東巖
熊過,南沙子,叔仁
熊道鑲,元臣
熊達,子漸
熊遹,述之
熊釗,伯幾
熊鈺,以珍
熊錦奇,秀峯
熊錫恩,雲崗
熊鍊,學淵,退菴
熊鍾吳,東皋
熊鍾文,寧野
熊鍾祥,曉祥
熊鍾秀,衛廷
熊鍾麟,厚岡,性仁
熊鎡,仲時
熊鎮相,秋帆
熊鎰,以重
熊鏌,中宇,華卿
熊開元,元年,檗庵,玄年,魚山
熊開楚,文友,蔚庵
熊開陽,癸園,葵園
熊集成,幹經
熊雨川,渭公,熊雯,立齋
熊震,長男
熊霖,渭公
熊靖,敬齋
熊頤,養及
熊養中,中甫
熊驂,致遠
熊魁楚,半庵
熊鳳儀,九成,義人
熊鳳鳴,象絲
熊鳴夏,太和,宗禹,心禹
熊鳴岐,文甫
熊鵬升,幼程,月舫
熊鼎,伯潁,伯穎,伯隸,伯頴
熊鼎華,梅卿
熙元,吉甫,太初
熙彥,雋甫
熙煐,菊彭
熙麟,小舫,祥生
燕不憐,忠襄
燕不花,孟初
燕京泰,特六
燕仲義,履道
燕候然,仲然,蒲南
燕儒宦,用道
燕允賢,子初
燕公楠,五峯,國材
燕只不花,延真
燕好爵,脩夫
燕宗龍,叔亨
燕居廣,宅安
燕度,唐卿
燕忠,良臣,西谿
燕敬,叔誼
燕文貴,燕文季
燕明,肆朗
燕楫,廷濟
燕永烈,鼎臣
燕照鄰,明仲
燕瑛,仁叔
燕真,忠獻
燕秀,文緒
燕紹,承祐
燕翼,燕貽
燕肅,穆之
燕調緯,覺生
燕謹行,謹行
燕質傑,道亨
燕赤不花,弘毅
燕赤不華,子實,雪庭
燕起烈,舜欽
燕達,毅敏,逢辰
燕遺民,空谷,逸德,雲谷老人
燕鐵木兒,忠武
燮理普化,元溥
爕理翰,文軌
爼琚,佩章
爾朱旻,玄靖
爾朱欽,敬伯
爾朱翺,歸元子,爾朱先生,通微
爾濟法式善,且園,伍堯法式善,存素堂,小西涯居士,時帆,梧門,梧門書屋,烏爾吉法式善,烏爾濟法式善,烏蒙吉又法式善,爾濟運昌,玉延秋館,聞文,蒙烏吉法式善,詩龕,遜學齋,開文,陶廬
牆見美,牆見羹
牛世英,彙林,菓林
牛中麒,太徵
牛仙客,貞簡
牛以撰,翰修
牛伯榮,仲和
牛佳,三槐,元德
牛健亭,仁山
牛僧孺,思默(思黯),思黯,文簡,文貞,牛二
牛兆捷,月三,澱洋
牛兆祥,朕吉
牛先達,圃南,圖南
牛光斗,麗乾
牛克長,仲昭
牛冕,君儀
牛可麟,瑞卿
牛坤,次原
牛塤,仲咸,仲成
牛士俊,蓮浦,連浦
牛士林,翰卿
牛夢英,卓然,眉邨
牛夢蘭,樑亭
牛夢錕,劍峰,吾溪
牛大年,隆叟
牛天宿,戴薇,次月,次越,毓秀館,覲薇,謙受堂,青延
牛天畀,毅節
牛天祥,國瑞
牛奎渚,滄洲
牛學洙,魯溪
牛安甫,仲仁
牛宗文,吉人
牛宜,方山,義庵
牛宣,德敷
牛富,忠烈,牛皋,牛臯
牛尉文,淮陽
牛山木,子美
牛崇義,宜公
牛師德,祖仁
牛廣土,濟堂
牛弘滿,無逸
牛得源,景泉
牛恆,子古,槐堂,白閣
牛惟炳,懋華,承菴
牛慶麟,石臣
牛應元,子仁
牛應徵,葉應
牛應貞,牛應真
牛應龍,時見
牛戩,受禧
牛文煥,有章
牛斗,雲章
牛星耀,牛星
牛景先,徐行
牛書琴,靜齋,韶齋
牛樹梅,省齋,雪樵,雪橋
牛沈度,玄範
牛浦,源餘
牛海龍,隴西郡伯
牛溢,潤之
牛珠,光甫
牛皋,伯遠
牛秀,壯公,進達
牛稔文,師竹,用餘
牛綸,大經
牛美,越千
牛若愚,睿卿
牛藂,牛叢,表齡
牛蟜,延峰,松卿,牛嶠
牛衍慶,慶長
牛詵,晉卿
牛諒,存信
牛輗,伯行
牛通,道亨
牛運震,卓然,文定,真谷,空山,空山先生,階平
牛金星,企星,聚明
牛鎬,子京
牛鎮,毓山
牛鏡,公照
牛鑄,蘭菴
牛鑑,鏡唐,鏡堂,鏡塘,雪樵
牛鑒,鏡堂,雪樵
牛阿師,處仁
牛順,致和
牛高,靳舉
牛魯,道宗
牛鳳,西唐,道徵
牛鳳山,儀鑾
牛鸞,鳴世
牛麟,伯祥
牟俸,公爵
牟及,功一,樂在野人
牟大昌,北藜,逢明,逢時
牟子才,存叟,存齋,淸忠,節叟
牟子正,保壽,有中,朝倚,第八五
牟巘,獻之,獻甫,陵陽先生
牟庭,橫經書社,牟庭相,牟廷相,陌人,雪泥書屋,默人
牟廷典,尊五,徽虞
牟廷琛,克林
牟彪,虎臣
牟忻,伯廣
牟惇儒,仲敘,葯洲
牟應奎,文甫
牟應復,景陽
牟應龍,伯成,隆山
牟懋圻,芝農,蓉階
牟成麟,天華
牟承五,建極,龍五
牟昌裕,啓崑,啟昆,松岩,松巖,行素堂
牟朝宗,子一
牟桂,君錫
牟楷,九溪,仲裴,靜正先生
牟樹棠,召甫,布南
牟泰,以貞
牟瀠,叔淸
牟益,德彩,德新
牟盛,汝登
牟育,贊卿,鞠孫
牟若畯,南軒,子南
牟蓁,以登
牟谷,子冲
牟賢,拙庵
牟道,文載
牟釗,樂亭
牟鈐,柄六
牟錫桂,君錫
牟魯,仲望
牧可登,華廷
牧相,時庸
特亮,輔廷,鑒堂
特克慎,勤甫,輔成
特圖慎,如全
特圖魯德勒格爾,德爾格勒
特秀,子良,實齋
特薛禪,特因,薛禪
特通安,特通保
狄仁傑,懷英,文惠,狄梁公
狄元任,生甫
狄兼謨,汝諧
狄兼謩,汝諧
狄啓冬,昂齋
狄夢松,文濤,次公
狄寬,元博,思載
狄尚絅,文伯
狄尚綱,栢圃
狄念祖,味霞
狄懋齡,誌淸
狄敬,陶齡
狄斯彬,文中
狄栗,仲莊,孟章
狄棐,輔之
狄渙,子炎
狄琮,子玉,貞毅
狄絨,玉川
狄織素,侍香仙史,星橋
狄翔鴻,雲巢
狄聽,廣軒
狄葆賢,平子,楚青
狄觀光,築坪
狄諮,君謀
狄貽孫,宗維
狄遵度,元規
狄遵禮,子安
狄雲鼎,符甲,良瞻
狄青,武襄,漢臣
狄鳴鑾,藹亭
狄黃鎧,晚汀,炯文
狐亦岱,太峯
猛哥不花,莽哥不花
猛如虎,忠烈
獨孤丕,山甫
獨孤仁政,仁政
獨孤及,獨孤十四,獨孤常州,至之
獨孤季膺,季膺,李氏
獨孤實,獨孤寔
獨孤思行,思行
獨孤思貞,思貞
獨孤朗,用晦
獨孤氏（李昺妻）,元貞太后
獨孤氏（貞懿皇后）,貞懿皇后
獨孤永業,世基
獨孤澄,凝道
獨孤炫,不耀
獨孤申叔,子重
獨孤綬,獨孤授
獨孤義順,偉悌
獨孤贞懿(李豫妻),獨孤皇后
獨孤郁,古風,獨孤二十七
獨孤驤,希龍
獲獨步丁,成之
獵驕靡,昆莫
玄尚璧,冠峯,彦明
玄德升,希菴,聞遠
玄烨,合天弘運文武睿哲恭儉寬裕孝敬誠信中和功德大成仁皇帝,聖祖
玄若昊,竹林
玄錫圭,德璋,淸湍,貞景
玉並,珊珊
玉保,德符
玉啟,子鍾,潤田
玉彬,文甫
玉恆,久峰
玉昔帖木兒,貞憲
玉書,青園居士
玉棟,子隆,筠圃
玉沽,凝溪,待售
玉篤實,忠穆
玉輅,韞山
玉逢源,春涯
玉阿魯丁,元鼎
玉麟,振之,研農
王,師儒
王?,子僊
王?土,以慶,小筠
王㒜,廷貴,文肅
王㝢,元忠
王㦸,世威,飛王
王㫝,忠定,忠定王,迷思監朶兒只
王㬇,顯道
王㬚,大命,天祐,安孝,忠憲,王晊,高宗
王㷆,子亮
王㽘,季境
王䆅,希稷
王䋊,少儀,江埜,江野
王䋲,孝絡,孝緒,孝緣
王䤴,萬生
王一之,紹杏
王一乾,元卿
王一元,畹仙
王一夔,章夫
王一奇,俊翁,第百二十六
王一寧,元士
王一導,愚齋
王一才,遠屆
王一拔,惇五
王一曾,純堂
王一桂,千秋,忠烈,爾是
王一治,子雍
王一清,體物子,體物道人
王一翥,子雲,補庵
王一言,民法
王一誠,明得
王一鍔,友直
王一陽,子復
王一驥,念石
王一魁,斗垣,洋川
王一鳳,鳴文
王一鳴,伯固,子聲
王一鵬,九萬,西園,西園野夫
王一鶚,子薦,舂陵
王一麟,明瑞
王三俊,周士
王三善,彭伯
王三宅,仁所,少巖,庭柱
王三才,學叅
王三接,允康
王三登,來碩
王三益,芷泉
王三祝,唐夫
王三聘,莘野
王三薦,愚谷
王三重,坦齋
王三錫,肖槐
王三鍚,用懷
王三陽,乾甫
王三餘,勤甫,成所,效勤
王上訓,旉言
王上齡,大壽
王丕烈,春暉堂,木齋,東麓,補竹齋,述文
王丕釐,子蕃
王世仁,二溟,元夫
王世仕,惠仲
王世俊,軼羣
王世傑,唐卿
王世冕,碧山
王世勛,凌衢,賸樞
王世勳,淩衢
王世卿,任六
王世名,時望
王世塏,奕遠
王世壽,五峯
王世奎,小春,聚五
王世平,庚泰
王世德,應符
王世忠,驥程
王世恩,仲華
王世懋,敬美,牆東生,麟州,麟洲
王世揚,孝甫,懷棘
王世文,質夫
王世昌,歷山
王世楨,梧村,篤臣
王世淳,子厚
王世溥,濟周,育泉
王世澂,莪孫
王世澤,允大
王世爵,君列
王世球,熙聞
王世琇,崑良,節愍
王世琛,寶傳,艮甫
王世琪,炳卿,蕓生,靜甫
王世琮,仲發,六瑞,王鐵耳
王世相,悅岩
王世睿,道存
王世祿,子延
王世秀,競岩
王世紱,子辨,少坡,蘇生
王世綱,斗亭
王世耀,遠亭,鳳賓
王世能,子才
王世芳,濟美
王世英,才仲,頤齋
王世茂,一貫齋,爾培,石渠閣,車書樓,養恬
王世荃,書農,紉蘭,葉傳
王世蔭,公兆,瑤源
王世行,祖道
王世裔,暨之
王世豐,沂中
王世貞,子方
王世錦,再陸,藝蕓
王世鏜,積鐵老人,魯生
王世隆,可久
王世雍,堯治
王世顯,仙潛
王世鼐,心雪,調甫
王丙,樸莊,繩林
王丙應,南卿
王丙楠,卓享,卓亭
王丙發,次禹
王丞巴,汝器
王中,十七,時中
王中(司馬遵妻),正節
王中孚,木舟,沐洲
王中正,希烈
王中立,振之
王中行,知復
王中逵,道卿
王中鎰,子萬
王丹墀,小覲,水村,覲顏
王丹壁,崑圃,昆圃
王主,仙游翁,國瑞
王乂寧,康國
王乃徵,平珊,潛道人,聘三
王乃新,雪樵
王乃霖,瑞之
王之佐,元勛
王之傑,秉恆
王之制,善夫,季文
王之咸,受之
王之坪,忝堂,易庵,近思
王之垣,蠡澤
王之埜,莘仲
王之壁,奎光
王之士,吉甫,少菴
王之夑,調甫
王之奇,能甫
王之孚,心莊,誠庵
王之宷,心一
王之寀,心一,藎甫
王之屏,型百
王之彥,仲美,襟渭
王之政,九峰,獻廷
王之敬,果愍
王之斌,松冀,松谷拙翁,粹珊
王之春,椒生,爵堂,爵棠,芍唐居士,芍棠
王之望,敏肅,瞻叔
王之梅,泰汝
王之棟,養隆
王之楨,王之禎
王之樞,恆麓,恒麓,雪石,靈石
王之渙,季凌,季淩
王之爵,岵瞻
王之猷,爾嘉
王之珽,鳳章
王之相,鹿谷
王之翰,墨林
王之翼,翔青
王之臣,藎夫
王之英,沙嶼,澗石
王之誘,玉雲
王之誥,告若
王之道,春如,濟齋,砥平
王之銳,仲穎,退庵
王之駿,遹齋
王之驥,日皋,牧岩
王之鵬,文淵
王之麟,汝禎
王之鼎,公調
王乘燮,季陽,理堂
王乘龍,少枚
王乙,次公
王九儀,維邦
王九如,定甫,虛一
王九峯,壽夫,白閣山人
王九德,惟恆
王九思,敬夫,渼陂
王九成,夷仲
王九疇,建中
王九鼎,金鉉
王九齡,嬾雲書屋,子武,寬閒堂,松溪,艾納山房,蓴香堂,薛澱
王也先不華,王也先不花
王乾,一淸,一清,天峯,天峰,藏春
王乾亨,應元
王乾章,一百五十,震所,順卿
王予公,昊廬
王予符,星階,碩農
王予齡,再喬,祖恩
王事聖,忠卿
王二南,召同
王于亶,仲達,王德昌
王于宣,申公
王五福,鄉庭
王亘,伯通
王交,三十三,徵久,龍田
王亦曾,少蘅,鶴琴
王亨,仲理,王鐵面
王亨煒,朗崖
王亨燦,劍崖
王京,來覲
王京洛,柘鄉,蔗鄉
王京祥,用極
王亮,樓峰,茂大
王亮功,壽翁,朝任,第三十四,舜咨
王亶,元成
王亶望,來鳳樓,誕鳳
王亹,予安
王人文,採丞,豹君,遯廬,采臣
王人英,實夫
王人鑑,二哥,克明,第二
王人隆,卓人
王人麒,麟若
王仁,弘瞻
王仁俊,幹臣
王仁則,行規
王仁堪,公定,公定行二,可莊,大久,忍庵,忍龕
王仁寶,晉良,榖卿
王仁廉,潔甫,絜甫
王仁恭,元實
王仁整,鏡澤
王仁旭,杲卿
王仁東,剛侯,完巢,旭莊
王仁溥,澹淵
王仁皎,鳴鶴
王仁福,竹林
王仁裕,德輦,詩窖子
王仁贍,子豐
王仁輔,文友
王今遠,乘黃,用晦
王介,守之
王介之,石子,石崖,耐園,鏗齋
王介慶,受玆
王介眉,宜村
王介福,備卿,壽門,梅仙
王介錫,振嶽
王仔昔,冲隱處士,通妙先生
王仕,魯真
王仕倫,文迥
王仕基,香雨
王仕權,巽宜
王仕益,勇毅
王仕階,陟山
王仕雲,望如,桐庵
王仙,彥之
王仙姿,素娥
王代生,錫慶
王令,逢原,逢源
王令聞,鳴岡
王令顯,光大,彝齋
王以佐,幹甫
王以修,懋軒,敬甫
王以安,菊卯,菊墀
王以寧,禎甫
王以恩,霖蒼
王以悟,惺所
王以慜,夢湘
王以敏,夢湘,子捷,檗塢,王以慜
王以旂,十招,士招,士昭,石岡,襄敏
王以清,雪樵
王以潔,淸懷,芝音,蓮泉
王以纁,伯聘
王以觀,建安
王以詠,永言
王以通,可貞
王以道,三槐隱士,則臣
王以銜,勿庵,勿菴,署冰,閒燕齋,鳳丹
王以鋙,寶華
王仰曾,補軒
王仲,子駿
王仲信,誠之
王仲修,敏甫
王仲儒,景州
王仲堪,仲堪
王仲壽,亮中
王仲寶,器之
王仲嶷,王仲薿,豐父,豐甫
王仲建,彥初
王仲愚,蔭臺
王仲槐,午蔭,雨農
王仲樹,香霖
王仲淇,恭園,菉園,萊園
王仲淮,季楚
王仲甫,明之,逐客
王仲符,仲符
王仲舉,聖俞
王仲舒,茂先
王仲莊,師禮
王仲衡,栢軒
王仲選,問樵,山甫,竹坡
王仲錦,絅之
王仲鑒,子芳,灝生
王价,藩甫
王价藩,藎臣,退軒
王任,仁卿
王任用,汝欽
王任重,世卿,尹卿,玉溪
王任鈞,載和
王份,文孺,臞菴
王企,仲善
王企埥,必遠,苾遠
王企靖,必遠
王伊,影石,聘三,蛻存
王伋,孔章,希逸
王休,叔賓,字叔賓,蓀渚
王伯先,孝公
王伯勉,子健,東皋
王伯勝,忠敏
王伯大,幼學,留耕
王伯庠,伯禮
王伯廣,師德
王伯益,伯益
王伯稠,世周
王伯芻,率齋,駒父
王伯虎,炳之
王伯貞,止菴
王伯起,興公
王伯顏,伯敬
王似,伯召
王佐,小虞,襄甫
王佐才,元用
王佐業,子勤,王廣業
王佐聖,克仲
王佐臣,印臺
王佑,天孚,田夫
王佑修,助甫,筱珊
王佑曾,蓮堂
王佑賢,孝惠,慎安,聖翼
王佖,宜日
王余修,礪堂
王佛生,子善
王作乂,滋圃
王作哲,覺先
王作孚,春庭,汝惠
王作梅,二瞻,岩公
王作樞,辰垣
王作衡,迓亭,遷亭
王作霖,宏瑜,月章,用之
王佩,月川,朝鳴
王佩傑,古田
王佩玉,蓮溪
王佩華,慈願,蘭如
王佩蒲,拙存
王佩蓉,采江
王佩蘭,秋亭
王佩香,紫蘭
王佳官文,敦教堂,文恭,王家官文,秀峰
王佳賓,用禴,訥庵
王佺,大行
王佺期,冲熙處士,子真
王侁,元獎
王侃,彥和
王來,原之
王來任,宏宇,毅庵
王來召,汝行
王來咸,征南,徵南
王來善,愛甫
王來聘,席珍
王來賢,元德,王來貴,用吾
王侑,玩易老人
王侗,魯齊
王依書,幼契,雒符
王侯服,達侯
王俁,大用
王俅,去矜
王俊,世英
王俊得,大本
王俊德,大本
王俊民,南湖,用章
王俊烜,午峯
王俊義,堯夫,堯明
王保奭,召棠,幼裳
王保庸,寶符,湘舟
王保建,伯寅,牧臣
王保真,璞君
王保譿,慧言
王保釐,東郊
王俞,明之,用之
王信,以誠
王信濂,治泉,洛泉
王信瀛,逸凡
王信臣,越山
王修,立庵,立菴
王修允,石農
王修月,蟾貞
王修本,適從
王修玉,佩貞
王修齡,松圃
王俸,廉甫
王倚,忠肅,輔臣
王倜,王調
王倩,琬紅,秋士
王倫,正道,節愍
王倬,用檢,質菴
王偁,孟敭
王偉,永年伯
王偉楨,仙根,寄蟠
王偉臣,文台
王偕,士平
王偘,剛仲,王栗齋,立齋
王偡,維翰
王健,于行
王偶亶,明勖
王傅,孟學
王傑,文逹
王傳,紹薪
王傳璨,子恆
王僎,東之
王像曾,唐齋,魯齋
王僑,德高
王僖,康國,王學正
王僧,知玄
王僧保,秋蓮子,西禦
王僧辨,君才
王僧辯,君才
王價修,子問,書田
王儀,仲威
王儀仙,鳳芝
王儀通,書衡,誌盦
王儀鄭,伯弓
王億,用哲
王儉,用節
王儒,汝為
王儒卿,賽玉
王儼,望之
王兀堂,王烏塔
王允,執中
王允中,敬一
王允保,定甫
王允初,元父,元甫,忠敏,茂遠
王允功,元鼎,季行,第九,鼎哥
王允執,善花女史,舜華
王允性,有恆
王允恭,元肅
王允成,述文
王允持,簡在,陶村,鹿柴
王允文,文伯
王允明,智魁
王允晉,紫書
王允晳,又點,碧棲
王允武,棘亭,殿邦
王允浩,正伯
王允灌,愚泉
王允謙,王憲曾,立生
王允輝,臨川
王允齡,延長
王元,渾菴
王元亮,長卿
王元佑,兩山,子壽
王元凱,堯卿,堯夫
王元劍,周緒
王元勛,叔華,易圃,東溟
王元命,長齡
王元啟,宋賢,惺齋
王元增,新之
王元夫,孟正
王元實,輝之
王元寶,輝之
王元常,南圃
王元復,惺齋,能愚,醒齋
王元恭,怡亭
王元愷,舜舉
王元應,聖初
王元挺,芙薌
王元敬,十一,古林,廷臣
王元文,北溪,睪曾
王元春,圖南,孟和
王元晉,子蕃,康侯
王元梅,玉和,遜庵
王元正,舜卿
王元治,榆村,理堂
王元濤,松亭
王元熙,浴齋
王元爽,御李,洪亮
王元珠,淑齡,王元珍,餐霞
王元琰,元琰
王元璐,慕倪,珮珊
王元甫,高尚處士
王元甲,士遷
王元石,孟輔
王元禮,禮持
王元稚,子孺,少樵,師徐
王元翊,秋園,秋田
王元翰,伯擧,聚洲
王元耀,潛之
王元臣,漢標,鐡夫
王元興,昌一豐,邑豐
王元菼,方輅
王元蘅,晴江
王元讓,存溪
王元賓,國賢
王元超,子箸,小尹
王元輔,施仁
王元逵,茂遠
王元野,魯士
王元量,大同
王元釗,周緒,問緒
王元鐸,榆庭
王元霖,調元
王元麟,必瑞,芝田
王元鼎,大受
王充耘,與耕
王兆修,爾吉
王兆倬,卓人
王兆偉,甫恬
王兆僖,亮亭
王兆夢,勇慎
王兆憘,亮亭
王兆春,梅巖,澴樵
王兆松,公卜,功卜
王兆榮,曉峯
王兆正,聖俞,藕村,鈍鐵
王兆淑,仙晼,璐卿
王兆淖,卓人
王兆清,鏡河
王兆熊,夢徵,渭川
王兆燕,殷兆燕
王兆琛,叔玉,獻甫,王兆璽,眄棠書屋,西坡,西舶
王兆祥,松生
王兆符,隆川,龍篆
王兆蘭,嘯岑
王兆豐,雪齋
王兆離,伯明
王兆雲,元楨
王兆雷,東崖,震宜
王兆麟,業振
王先,思侗
王先吉,枚臣,毅庵
王先聘,珍卿
王先謙,王遯,益吾,葵園
王先通,則陽,新建伯
王先采,子輝
王光丞,介右,介石,王光承,玠右,玠石,鎌山堂
王光亨,汝大
王光佐,克藎
王光傑,小晉
王光國,國賓
王光宇,伯潛
王光承,介石,玠石
王光昇,乙莊
王光有,笛菴
王光棣,孝鄂,葦杭,韡唐
王光治,裕軒
王光潤,曉峯
王光濟,謙夫
王光烈,宇燦,漁山
王光照,衣山
王光燮,藝山,麗山
王光祖,子孝,槐軒
王光紹,永山,衣山
王光美,君實
王光翰,敘齋,欽菴
王光蘊,叔果子,季宣,玉洞子
王光裕,中立
王光逢,慶會
王光運,乾行
王光魯,漢恭
王克,希仁
王克修,進之
王克允,亮弼
王克勤,士勉
王克勳,振猷
王克復,師仁,王一火
王克恭,彥禮
王克捷,貽茂
王克敏,秋莊,遜長
王克敬,叔能
王克明,彥昭
王克生,半石,孟楨
王克立,有功
王克臣,子難
王克貞,守節
王兌,幼園,西侯
王兢,彥履
王全,孟周
王全+心,同光
王全琮,子璜
王全璧,子蒼
王全綱,有常,盡三
王全臣,仲山,淸渠
王公,孝寬
王公佐,才之
王公儀,子嚴
王公及,應麟,時父,第果二
王公培,蕉憲
王公塤,南亭,篪友
王公孺,紹卿
王公度,王公道
王公廙,子敬
王公弼,抱琴居士,景慶堂,梅和,樸塵居士,直卿,羅浮山房,蓼窗
王公彥,成德
王公晟,嗣復
王公淵,鳳山逸叟
王公穀,德良
王公素,全白
王公衮,吉老
王公袞,吉老
王公輔,正卿
王公進,師善
王六勲,雲壽,雲臺,靈臺
王六姝,幼翔
王六謙,放齋,爻皆,益軒
王其仁,吉人
王其勤,土其勤,時敏
王其宖,赤友
王其康,壽承,子傳,芝廛
王其慎,仲修,惺甫,敬齋
王其淦,小霞
王其賢,能父
王典,備五,慎齋
王典孫,陳仲
王典章,幼農
王兼,孟瞻
王再咸,澤山
王再聘,任之
王冏,公議,容季,王同
王冕,文中
王冠,廷望
王冠雲,鳳岡
王冶溥,一樵
王冷然,仲淸
王凍,王棟
王凝,成庶(致平)
王凝華,德門
王凱,舜舉
王凱泰,幼徇,幼絢,幼軒,敦敏,文勤,玉堂補竹生,補園主人,補帆
王刊,夢錫
王利,兼濟
王利亨,行航,襟量
王利用,宾王
王制,幼度,成日
王則,遺憲
王則之,天壽
王則正,紹唐
王剛中,中齋
王力行,近思
王功成,允大
王助,子功
王劭曾,梅亭
王勃,子安
王勉,時藎
王勒爾敬安,耐谿
王勔,王氏三珠樹
王勖,次童,灌亭
王勗,次重
王務道,弘本
王勝,均德,太原郡侯
王勣,茂功
王勤,而勉
王勮,王五
王勰,晉劉
王勲臣,麟問,麟閣
王勳,仲昭
王勵,茂德
王勵精,烈愍
王勷,凝夏,勉齋
王化,子涵
王化光,含生,子熙,春山
王化基,惠獻,永圖
王化堂,葆初,蒞之,覲侯
王化成,息齊,真崖,道久
王化楠,陰棠
王化泰,省庵
王化澄,登水
王化貞,乾山,王化真,肖乾
王化鵬,靜山
王化鶴,六翰
王匹雲,綺川
王十朋,忠文,梅溪,龜齡
王千仞,啟丹,涵齋
王千秋,審齋,錫老
王升,勞山
王午孫,静翁
王卓然,定庵,望洛
王協,勤合
王協和,印川,監唐
王協夔,松盧
王協夢,松廬,渭南,竹漪
王南傑,德俊,德膺,第一
王南夫,彬之,搏仲
王南溟,鯤發,鵬軒
王南美,乙道
王博文,文定,西溪
王占祿,南山
王占魁,書巢,青泉
王占鰲,王占鼇
王卿,仲溫
王卿月,淸叔,清叔,醒庵居士,醒齋
王卿霖,慈甫
王厚,壯敏,莊敏,處道
王厚之,復齋,順伯
王厚仁,典孝
王厚孫,叔載,遂初老人
王原,令詒,令貽,仲深,學庵,深廬,王深,瓶閣,癭閣,箕齋,蘭窗,西亭,西里,鸞臺
王原京,子昌
王原傑,子英
王原相,召之
王原祁,四王,石師道人,茂京,藝林三絕,麓臺
王原膴,安之
王去疾,吉甫
王參,拱辰
王又新,詠齊
王又旦,幼華,黃湄,黃湄漁人
王又曾,嵩峰,景沂
王又樸,介山,從先,詩禮堂
王及,達之
王及德,文暉
王友,淸遠伯
王友亮,二知堂,君節,尋齋,景南,東田,梅書屋,瑞桐書屋,葑亭,雙佩齋
王友仁,仲義
王友文,元善
王友楣,浣月,瑞珠
王友直,仲和
王友端,月川,汝仁,貞介
王友賢,希堯
王友迪,允迪
王叔原,叔原,王氏
王叔姬,王佩環,菊如
王叔承,光胤,子幻,崑崙山人,承父,靈嶽
王叔杲,暘谷子,陽德
王叔果,育德,西華山人
王叔簡,敬父
王叔英,元彩,元采,原采,文忠,陳叔英,靜學
王叔釗,拙孫
王叔雅,元宏
王受,謙益
王受益,子謙
王叡,福感
王古,敏中,敏仲
王句,容叔,容洲
王可信,子忠
王可大,易從
王可學,時敏
王可就,向明
王可權,平舫
王可立,子中
王可臣,襄敏,鳳山
王可與,晉卿,濯纓
王可進,不盈
王可陞,楓臣
王台彥,明珍
王台輔,相山,賛化
王史直,子擎,慎齋
王右弼,亮齋,萬長
王合,王佮
王吉人,孚伯,孚白,樸庵,濮庵
王吉才,伯謙,益齋
王吉武,水菴
王吉甫,邦憲
王吉相,天相
王吉老,公袞
王同,會之
王同人,命族
王同休,對廷,揚甫
王同倫,仲行
王同夑,子和
王同德,存卿,心齋
王同心,子協
王同愈,勝之,文若,栩園,栩栩盦,栩緣,栩緣老人
王同方,模山,橫山
王同春,石幢
王同治,耘穀,蕖生
王同祖,繩武
王同福,長卿
王同老,文忠
王同變,子和
王同讚,儆甫
王同賢,俊青
王同軌,行父,行甫
王同道,純甫
王同鼎,少羲,筱池
王名杲,曉园
王名標,赤城
王名爵,宏度
王向,公默,子直
王君,昭仁
王君佐,輔臣
王君玉,國寶
王君賞,汝懋
王君鍚,丙叔
王含光,王含,表樸
王含真,寅若
王呈瑞,莘夫
王周紹,仲孝
王命,欽甫,鶴程
王命岳,伯咨,恥古,恥躬堂,讀詩牖
王命新,又新,坦山
王命爵,元德
王命選,萬青
王命邵,左泉,虎拜
王和,善惠
王和中,致庵,達甫
王和玉,漱蘭
王和齡,錫九
王咸亨,允元,芑臣
王哲,文明
王唐,元陶,天賦,正叔,第二
王問,好學
王問卿,以正
王問臣,賓吾
王啓元,復初
王啟,學古,景昭,東瀛
王啟京,兆來
王啟俊,仲傑
王啟堂,桂峯
王啟建,官六
王啟昆,仲甫
王啟曾,秋浦,詒孫
王啟棠,子韡
王啟沃,慎庵
王啟沆,辰遠
王啟澤,湛遠
王啟烈,承哉,醒湖
王啟焜,三鶴堂,南明,東白,秋汀,萍廬
王啟祚,玄錫
王啟綸,樹南,理園
王啟緒,德圃,王啟續,紹衣
王啟芬,遠叔
王啟茂,天根
王啟遵,因是
王善,復善
王善壁,奎東,星曹,東宿
王善士,吉庵,子嘉,蓮洲
王善寶,砎軒
王善業,茗園
王善渾,幼庭,慶園,蘭居
王喆生,甫醇,素岩,素巖,輔醇,醇叔,醕叔
王喜,悅道
王喜仙,王喜先
王喦,曉峰
王喬吳,越瞻
王喬年,耆卿
王喬桂,十一,引瞻
王喬棟,節愍
王喬蔭,梧岡
王喬齡,四十二,維岳
王嗣先,嗣先
王嗣宗,中陵子,希阮,景莊
王嗣撰,同伯
王嗣槐,仲昭,桂山
王嗣烈,亦如,芬如
王嗣獲,實庵,斂夫
王嗣經,曰常
王嗣美,實之
王嘉亨,雲舫
王嘉元,仁仲
王嘉善,君顯
王嘉喆,敘書,次山,賜珊
王嘉孝,體曾
王嘉安,王壽安
王嘉彥,邦美
王嘉曾,寧叔
王嘉柔,惟則
王嘉棟,小坡
王嘉瑋,韞石
王嘉瑞,信齋
王嘉祥,兆興
王嘉祿,井叔,綏之
王嘉禎,周維
王嘉福,慎餘
王嘉禾,書年,穟生,芝垣
王嘉稑,秀秈
王嘉蔭,受卿
王嘉言,孔彰
王嘉詵,劭宜,少沂,蟄庵
王嘉謨,伯侖,弘岳
王嘉賓,穆門
王嘉閭,景善,竹梅翁
王嘉麟,孚吉,金澤
王嘏,伯純
王器成,公輔,晚愚
王嚮,夢錫
王嚴,敬之
王嚴光,釣鰲客
王回,景深
王固,伯充
王国维,王静安,静安,伯隅,观堂,静庵,永观,王观堂
王國,之楨
王國傑,俊卿,俊甫,北山
王國光,君重
王國器,德璉,筠庵,雲庵
王國均,仲平,頌平
王國安,康侯,磐石
王國忠,埋根
王國慶,並之,梅岑,秉之
王國才,剛介,羅國才,聘輔,錦堂
王國望,東廬
王國本,學源,癸泉
王國林,漢卿
王國桹,清泉
王國梁,棟臣
王國梓,兩峰,廷瑞
王國棟,殿高,秋吟閣,秋水閣,竹樓
王國樑,君輔
王國泰,福台
王國洽,合川
王國浩,師孟
王國源,蒙山
王國琦,燮堂
王國瑚,珍吾
王國瑞,峻之,進之
王國璉,不庵,汝器
王國祚,世長
王國祥,信齋
王國禎,二十五,以寧
王國維,人間,伯隅,忠愨,永堂,永觀,王國禎,禮堂,觀堂,靜安,靜庵
王國翼,翀宇
王國英,俊卿
王國華,文山
王國表,伯愚
王國訓,振之,節愍
王國賓,用卿
王國鏞,韻卿
王國鼎,新甫
王圖,則之,文肅,明石,衷白
王圖煒,王圖炳
王在公,孟夙
王在文,西眷
王在晉,岵雲,明初
王在鎬,秉寧
王在鬱,晟舟
王圭,敬仲
王圻,元翰
王均,潤夫
王均諒,王君諒
王坊,崇賢
王坤吉,今儀
王坦,吳王坦
王坦修,仲履
王垂,仲共
王垂絡,紫巖
王垂繡,魯堂
王垓,巢雲
王垚,樂天
王垿,昌陽,杏村,爵生,覺生
王城,伯堅,小鶴,雪髯
王埏,景達
王埜,貞翁
王埜翁,太古
王域,兩瞻
王執信,伸侯,申侯
王執法,子欽
王執禮,曲臺
王執謙,伯益
王培,抑仲,益仲
王培佑,保之,惺盦,惺齋
王培宗,篤因
王培新,造周
王培曾,植堂
王培榮,篤之
王培生,公載
王培芬,蘭畹
王培荀,景淑,雪嶠
王培齡,延甫
王基,賢明
王基槃,孝石
王基磐,季鴻,葓浦
王基鋐,珍卿
王堂,雲林
王堂孫,松石
王堃,小鐵
王堅,坦坦道人,學周
王堉,杏田
王堦,震吉
王堯佐,野唐,野堂
王堯儒,伯陶
王堯封,十二,爾祝,華岡
王堯日,復軒,明時,時明
王堯皋,蘅圃
王堯臣,唐弼,壽老,第五,顯郎
王塈,克家
王塤,宗器
王塾,元達,通侯
王增,仲益
王增祐,永吉
王增祺,師曾,蜀西樵也
王增聞,蓮峰,連峰
王墨卿,子墨
王墫,主泉,半泉,生泉
王壁,伯度,佰度
王壇,登輔,蘭樵
王壎,子友
王壐,寶錄
王壑,通叟
王壡,通叟
王士乾,懷人
王士任,王仕任,華野
王士俊,廷秀,梧軒
王士偉,子偉,誠之
王士傑,偉臣,耐庵
王士元,堯佐
王士和,味艾,萬玉,萬育
王士喜,禮吉
王士嘉,道亨
王士堯,尚雍,王師堯
王士奇,穎叔
王士崧,中叔
王士建,樹勛
王士弘,可毅,士訓,宗訓
王士性,元白道人,太初,恆叔
王士恭,彥淸
王士捷,夏升
王士敏,北坡,子遜
王士昌,賡泰
王士春,介軒
王士昭,希賢
王士朋,致遠
王士林,東皋
王士桓,公瑞,毅庵
王士棻,蘭圃
王士毅,神君
王士源,王士元
王士熙,繼學
王士爚,繼元
王士珍,華巖
王士珠,春浦,琴舫
王士琦,綬環
王士璠,奐若
王士祜,叔子,古鉢山人,子側,子則,子測,子漸,東亭,虞山
王士祿,西樵
王士禎,旭陽
王士禧,仲受,禮吉
王士竹,全松,友松
王士翹,民瞻,民聸
王士能,未詳
王士良,君明
王士芳,南亭
王士譽,令子,筆山
王士讓,尚卿,尚鄉
王士貴,敬亭
王士賢,希顏
王士錀,粹金
王士鍾,性餘,際和
王士鑑,周文
王士雄,半痴,孟英,潛齊
王士雲,虛白
王士顯,伯仁,安湖老人
王士駿,放翁,秋渚,逸仲
王士騄,閑仲,雲和
王士騏,冏伯
王士驌,房仲
王士驥,隴西
王士鵠,太液,志千,誌乾
王士麟,子麟,祥之
王士點,繼志
王士龍,水濂
王壽,希仁
王壽卿,魯翁
王壽同,子蘭,季如,忠介,蓮士,觀其自養齋
王壽國,希敬,悅堂
王壽培,植之,養源
王壽康,二如
王壽彭,次籛
王壽昌,子仁,曉齋主人
王壽朋,夢齡
王壽楠,介眉,稼梅,范九
王壽衍,溪月,玄覽,眉叟
王壽頤,小潭,少潭,少譚
王夏,輔炎
王夔,王廷用
王多慶,蓮珊
王夢尹,叔任
王夢庚,冰壺山房,太平齋,槐庭,西躔
王夢弼,夢弼
王夢彪,景召
王夢得,子俊,王秀之,秀之,起巖
王夢應,聖與,靜得
王夢文,鳳兆,鳳先
王夢易,潛夫
王夢暘,十一,旭東,鰲磯
王夢松,慎齋先生,曼卿,順齋先生
王夢求,九徵,五楓,五蒿
王夢炎,南仲
王夢熊,壯愍
王夢珠,桂珊
王夢聲,古川,應甫
王夢蘭,素芬
王夢虎,衍慶
王夢震,梅所,紹登
王夢鯉,子化
王夢鶴,仙駕
王夢鸞,仙禦,瑯琊女子
王夢齡,雨生
王夢龍,煥之
王大中,尊道
王大任,季重
王大勤,幼村
王大化,玄成
王大受,仲可,宗可,拙齋
王大合,六宇
王大呂,諧六
王大啟,輔周
王大堉,秋垞
王大寶,元龜
王大平,象行
王大有,廷佑
王大本,冷泉,立之
王大枚,少相
王大椿,八千
王大楨,曰叟,芃生
王大槐,震堂
王大樞,天山漁者,澹明,白河
王大淮,松坡,海門
王大牧,少相
王大猷,世升
王大用,擢之
王大磐,儀堂
王大礽,王大仍
王大章,澹期
王大經,一廬阜,修水子,倫表,待庵居士,待菴居士,文介先生,獨善堂,石袍,脩水子
王大綬,子佩
王大義,大義
王大臨,是翁,舜輔,醉軒居士
王大興,蕭臣,鼐臣
王大舉,子大
王大謨,唯允,惟允
王大鈞,伯荃
王大鑰,竹仞
王大韶,敘之
王大鬱,晟舟
王大鶴,露仲
王天,文信
王天助,玄門真士,致和,順菴
王天培,元植,蕅莊
王天寧,靜園
王天民,子行
王天爵,古菴,子修
王天祐,國卿
王天祺,錫祥
王天祿,石渠
王天秀,旭升
王天紀,有倫
王天翼,星南
王天與,梅浦,立大
王天覺,師尹,覺軒
王天言,惟謹
王天載,春曉
王天錫,良卿
王天鐸,思淵子,振之
王天鑑,毅州,近微,近薇
王天鑒,毅州,近微
王太卿,泉宸
王太岳,介子,基平,淸虛山房,芥子
王太沖,元邃
王太貞,大正
王夫之,一瓢道人,夕堂,而農,船山,船山先生,船山病叟,薑齋,觀生居,雙髻外史
王奇,世英,古行
王奇珍,徵我
王奉曾,序思
王奎,國文
王奎文,慎獨,昌甫
王奎翰,嘯寓,西星
王奐,彥孫,彦深
王奐曾,思顯
王奕,景山
王奕仁,志山,誌山,魯公
王奕清,幼清,幼芬,拙園
王奕組,九錫,忍庵
王奕鴻,勖齋,樹先,樹宣
王奪標,赤城
王奭,燕望
王好,七義士
王好古,進之
王好問,裕卿,西塘
王好學,道卿
王好音,相甫,郝甫
王如倌,溫齋
王如圭,淑英,麗則
王如堅,介石,十一,石夫
王如林,秋岑
王如玉,嵐溪,璞園
王如琮,寶臣
王如琰,二思
王如綸,汝言
王如芝,皓頤
王如辰,中臺,北埜,北野
王如金,善香,式二
王如鏊,又溪
王妲,王姮
王姜,華姜
王姮,月函,樨影
王威宣,王威寧
王娙,美君
王婉,釵卿
王媚珠,玉淵
王媛,正一
王嬌嬌,卿雲,嬌嬌
王嬙,昭君
王子中,居正
王子俊,巨臣,才臣,格齋
王子兼,達善
王子卿,王于卿
王子喆,樂庭
王子成,公大
王子清,寅叔
王子章,中中子
王子端,正臣
王子紱,綰吾
王子翼,汝翼
王子蕙,樂秋
王子蘭,畹君,紫湘
王子言,如行
王子謨,如臯
王子輿,希孟
王子鑒,秋恬,鑒庭
王子音,心言,心輦,悔庵
王子韶,聖美
王子麟,楚子
王孕懋,有懷
王存,正仲,莊定
王存善,子展
王存忠,誠之
王存禮,用和
王存視,稼先
王孚,宗孚
王孚遠,允德
王孝嚴,行先
王孝忠,全之
王孝煃,寄漚,東培
王孝祺,王得勝
王孝義,弘道
王孝詠,慧音
王孟仁,符甫
王孟洮,梅甫
王孟煦,念埜,育明
王季初,復元
王季友,王七
王季寅,石塢
王季文,宗素
王季球,子璞,琨圃
王孫,君順
王孫蔚,茂衍
王孫蕃,二慈,生洲
王孫蘭,忠愍,畹仲,節愍,雪肝
王孫貴,良卿
王孫震,起卿
王學,師古
王學伊,叔英,就五
王學古,子獲
王學可,亞夫
王學夔,一卿,兩洲,唐卿,莊簡
王學文,复少,複少
王學書,惟中
王學曾,少魯
王學柳,宗文
王學浩,孟養,椒畦
王學淳,樸齋
王學淵,惺三,雷溪
王學琦,韓起
王學益,四十七,虞卿
王學華,廷熙,次厓
王學謨,子揚
王學顏,少潛,會沙
王宇,滄梟
王宇樂,堯賡,怡亭
王宇英,爽泉
王守,履約,涵峯
王守中,一道
王守仁,伯安,何陋軒,先儒王子,君子亭,文成,新建伯,王雲,玩易窩,賓陽堂,陽明先生,陽明子
王守充,美中
王守勝,以敬
王守基,子貞,少芳,嵩坡
王守廉,守廉
王守忠,信卿
王守恂,仁安,阮南
王守恭,篤齋,遜卿
王守敦,丈峯,履信
王守正,繩齋
王守毅,懺生
王守節,問一
王守素,德孚
王守義,惇甫
王守訓,仲彞,松溪
王守誠,時化,環伊
王守貞,乾亨
王守質,文宗
王守道,仲履,忠惠
王安,海寧
王安中,初寮,履道
王安仁,靜齋
王安國,靖翁
王安期,安明
王安業,蒙甫
王安瀾,小獻
王安石,王介甫,介甫,半山,临川先生,荆公,半山老人,獾郎,王荊公
王安禮,和甫
王安舜,性父,醒東
王安貞,吉卿
王宋瑞,王宋端
王宏,休元
王宏嘉,玉質,雲隱
王宏撰,山史,文修,無異,砥齋
王宏謨,定夫,虞階
王宗,惟本
王宗傳,景孟
王宗元,石橋王
王宗合,遇父
王宗哲,元舉
王宗培,祖益
王宗堯,見甫
王宗孔,泰源
王宗尹,商甫
王宗岳,良佐,養高先生
王宗已,子由
王宗巳,子由
王宗彜,守拙,安簡,留耕,表倫
王宗彥,時修,谷堂
王宗性,繼善
王宗恆,季高
王宗會,賓之
王宗望,希古
王宗某,元父
王宗桓,思正,澹庵
王宗毅,垕生,鶴僧
王宗沂,梅君
王宗沐,敬所,新甫,王宗沭,襄裕
王宗浩,元直
王宗源,秬川
王宗炎,以除,十萬卷樓,小學樓,悦我軒,晚聞居士,榖人,榖塍,王琮琰,穀塍
王宗烈,王宋烈
王宗燦,泰符
王宗璟,石庵
王宗禧,易亭
王宗耀,恂德,筍石,舜哲
王宗聖,五十三,汝學
王宗興,尚園
王宗舜,王宗彝,用中,畊山
王宗茂,時育,王宗懋,紅塘,虹塘,虹塘山人
王宗華,瑤峰
王宗蓁,時榮,良川
王宗蔚,匯升,崍文
王宗衡,七十,佐時,商叟,第七十
王宗誠,中孚,廉甫,蓮府
王宗載,仲勉,時厚
王宗道,與文
王宗鎏,垂玉,鏡川
王宗顯,仲良
王官,惟人
王官臻,潔修,瑞卿,符四
王定,鎮卿
王定安,至善
王定柱,於一,椒園居士
王定祥,文甫,縵雲
王定符,冠三
王定遠,石樵
王宜,若梅
王宜觀,賓于
王宜釗,右康
王宣,德昭
王宣化,用賢
王宣哲,仲濟
王宣旦,次周
王宣辰,泉叟,雅泉
王宣齢,北堂
王室垣,維翰
王室藩,咸熙,定禊,樹屏
王宥,敬助,隱君子
王宬,容之
王宮用,近臣
王家仕,信甫
王家俊,芷庭
王家勛,國光,麓屏
王家勤,秋舲
王家卿,應忠
王家坊,少墀
王家基,解元莊
王家屏,仲伯,對南,忠伯,文端
王家屛,對南,忠伯,文端
王家幹,峙亭
王家彥,尊五,忠毅,忠端,開美
王家怡,理軒
王家景,辰北
王家松,予蒼
王家枚,吉臣,寅孫
王家柱,雲笙
王家桂,冬花,辛益
王家棟,萬奇,雲牖
王家植,景升,木仲,直齋
王家楨,王家貞
王家璧,孝風,孝鳳,月卿,秋雲行館,連城
王家瓚,端臣,緘齋
王家相,維樞,襟寰
王家祚,厚存
王家禎,忠節,正之,王家楨,軒籙
王家筠,滋圃
王家篁,竹田
王家賓,周屏,壽山
王家遇,孝曾
王家選,李家選
王家錄,王家祿,節愍
王家隆,仲興
王家驌,蓼瞻
王家驥,孟雲,松樵
王家麟,瑞符,蓮舫
王宸,具瞻
王容,南強
王容彥,琴舟
王寀,南陔,輔導
王寂,元老,文肅
王寄,百里
王寄岩,竹素
王寅,仲房,十岳山人
王寅亮,仲昭,旭初
王寅熙,秩東
王密,十四,君德
王寔,王湜
王寘,季達
王察言,師舜
王實,應夫
王寧,子安
王寧孫,叔遠
王寧火阜,學靜草廬,熙甫,王寧煒,直庵
王寧誾,子和
王審琦,仲寳,仲寶
王審知,信通
王寬,栗人,笠人
王寬栗,莊甫
王寯頤,子善,樹棠,述堂
王寰清,秋舫,鏡海
王寵,履仁,履吉,雅宜山人
王寵三,芮川
王寵光,王龍光
王寶,行敏
王寶仁,東璧,研雲
王寶善,小園,秀生
王寶庸,伯平,時若,瓚香
王寶手,玄方,王氏
王寶書,倉文,雲史
王寶權,公衡,秉中
王寶珠,停雲
王寶璐,子銑
王寶璜,蘭孫,鸞笙
王寶田,儀山,葛樵,鐵農
王寶綸,仰言,繩甫
王寶華,古園,吟樵,端甫
王寶麟,壽泉
王封昆,五玉,仁峰,憩庵
王封權,鈞石
王封淑,克倫
王封溁,慎庵,玉書
王封濚,玉書
王射,有志
王尊,子贛
王少愷,景元
王尚,影香
王尚友,必先
王尚學,抑濱,敏叔
王尚志,承尹
王尚恭,安之
王尚直,舉之
王尚禮,敘夫
王尚絅,蒼谷,貞孝文子,錦夫
王尚賓,國光
王尚辰,北垣,木雞老人,謙齋
王尤,西農,雲悔
王尭年,祝三
王尭章,覲光,觀光
王就學,所敬,翼菴
王尹,少伊
王尹方,鶴汀
王居仁,潤之
王居信,仲義
王居卿,壽明
王居安,居敬,方巖,王居敬,簡卿,資深,資道
王居建,述園,霞起
王居正,季方
王居禮,子敬
王居義,希至
王屏,惟昇
王履,坦翁
王履亨,仲乾,君素,次元
王履初,晉之
王履定,和甫
王履沆,子初,玉立
王履湜,子正,敬立
王履源,巨公,星渚
王履興,孚園
王履謙,吉雲,曉山,步瞻
王履豫,蘭溪,門溪
王山民,隱甫
王岐,太嶷
王岡,壽基
王岦,季立
王岩,白田,築夫
王岩楨,歷陽
王岱,九青,了庵,山長
王岳,景申
王岳崧,叔高,嘯牧
王岳錫,子正
王峴,晉輔
王峻,秀峰
王崇,子謙
王崇之,守節
王崇仁,仲安
王崇儉,叔度
王崇冠,雅夫
王崇古,學甫,襄毅,鑑川
王崇慶,德徵,端溪
王崇文,兼山,叔武
王崇暉,海門
王崇本,復初
王崇灼,太蟾
王崇炳,虎文,鶴潭
王崇獻,季徵
王崇祖,茂先
王崇禮,何四
王崇簡,敬哉,文貞
王崇義,子由
王崇蕙,鋤雲
王崇術,敬方
王崈,德升
王崑,希忠
王崑亭,蘊輝
王崑藻,綺思
王崧,伯高,樂山,王藩,酉山
王崧齢,壽巖
王崿,山眉
王嵎,升之
王嵩,五十七,維中
王嵩高,修竹,少林,海山
王嵩齡,鶴樵
王嶙,立萬,鶴占
王嶠,少山
王嶽,希甫
王巒,東叔
王巖,平格,王天祐,白田布衣,築夫
王巖叟,彥霖,彥霜,恭簡
王巡泰,岱宗,苓川,零川
王巨仁,王居仁
王巩+言,法護
王巳,君文
王巽申,子權
王希,潛之
王希伊,在川,彭衙,淸白堂,由拳,耕伯
王希俊,希俊
王希傑,子純
王希元,桐山
王希呂,仲行,仲衡
王希堯,汝仁
王希夔,子和,諧虞
王希孟,宗哲,淇東
王希廉,旭升,雪薌
王希文,台峰,景純
王希旦,維周
王希明,丹元子,青夢山布衣
王希晏,希晏
王希曾,孝先
王希淮,同甫,槐坡居士,第行九五
王希烈,子忠,文裕
王希賢,行復
王希逸,仲莊
王師,行則
王師協,景和
王師古,唐卿,王師亶
王師夔,允諧
王師尹,民贍
王師德,與善
王師心,與道,莊敏
王師愈,檢式
王師感,桃湯
王師曾,省齋
王師正,中權
王師禹,王師思
王師約,君授,恭惠
王師道,居中
王席民,安生
王常,大經
王平,渡村
王年松,靜齊
王幼孫,季稚,自觀
王幼學,行卿
王幼慈,子依
王幼珥,淵軒
王幼虞,舜卿
王幼貞,皎月
王幾,復之
王序,天秩
王序賓,敬侯,相圃
王庚,寄圃,華金
王庚午,西峯
王府尹,未詳
王庠,周彥,處土,賢節
王度,惟貞
王度昭,玉其
王庭,默菴
王庭弼,邦直,野塘
王庭椿,伯壽
王庭燦,似齋,孝先
王庭玉,國寶
王庭珍,漢臣
王庭珪,民瞻,瀘溪,盧溪
王庭瑋,德莊
王庭璋,才臣
王庭秀,彥穎,穎彥
王庭筠,無黨,養吾
王庭芝,特秀
王庭蘭,謝佳,鶴洲
王庭詩,言卿
王庭諭,命卿
王庭譔,敬卿,蓮塘
王庭鈺,良仲
王庶,子尙
王庶善,衡麓
王康,伯壽
王康佐,安亭
王康侯,爾錫
王康元,玉璋
王康壽,晉蕃
王康平,仲逵,正甫,震輔
王康年,元用,和叔,第三,長郎
王庸,彥中
王庾,仲京
王廉,熙陽
王廉清,仲信
王廓,元舉
王廕,天休
王廙,世將
王廣任,勉眉
王廣佑,佐淸,左卿
王廣元,乾一
王廣寒,桂府,韶臣
王廣心,伊人,舊雨齋,蘭雪堂,農山
王廣業,子勤
王廣淵,才叔
王廣煒,亦臣
王廣蔭,愛堂,愛棠,文慎,薆堂,薆棠,集益齋
王廣謀,景猷
王延,子長
王延世,乔峯,思延
王延嗣,唐五經,季先
王延壽,昌年,靜庵
王延年,緒遠,鶴汀
王延彬,招寶侍郎,雲臺侍中
王延禧,仲祥
王延禮,長元
王延素,子儀,雲屋
王延裪,保之
王廷,朝用
王廷享,於亭,星源,約齋
王廷介,王廷价
王廷伊,絜菴
王廷佐,仲衡,莘民
王廷佑,槐臣
王廷俊,秀源
王廷勳,陛臣
王廷取,又介
王廷垣,潛服
王廷士,漢芬
王廷幹,子楨
王廷弼,斌夫
王廷彥,英臣
王廷徽,慎丘,慎五
王廷恆,道久
王廷才,彤如,銘閣
王廷揚,孚川,維新
王廷材,企張,芑臧,達齋
王廷桂,任攀
王廷植,石臣
王廷楨,子泉
王廷榦,嚴潭,巖潭,維楨
王廷榮,冠于,冠千
王廷樞,紫凝
王廷燦,似齋,孝先
王廷爵,梅森
王廷獻,靖獨
王廷珍,子真
王廷珪,漪亭
王廷瑛,潤齋
王廷璧,崑石
王廷相,子衡,平厓,浚川,秉衡,肅敏
王廷瞻,稚表
王廷簡,汝迪
王廷紹,善述
王廷老,世臣
王廷聘,牧石,蔚仲
王廷華,小邨
王廷衮,恕翁,補之
王廷言,顧亭
王廷詔,楊廷詔
王廷諍,紫泉,誾齋
王廷諫,念蓼
王廷貴,覲臣
王廷賢,相臣
王廷贊,丙岡,子襄,榆園
王廷輔,二十四,良卿
王廷鈺,西岑
王廷鉽,仲度
王廷錫,懷我
王廷陳,夢澤,稚欽
王廷霖,商奎,商楚
王廷韶,澽濱,鳳銜
王廷鼎,夢薇,懶鶴,銘之
王建,神聖,若天
王建中,懋德
王建常,仲復,復齋
王建極,用五
王建泰,念湖
王建立,韓王
王建言,吟樵,德符,次齋
王建（前蜀高祖）,光圖,賊王八,高祖
王弁,文旒
王弈,子陵
王式,無倪
王式丹,十三本梅花書屋,忍冬齋,方石,方若,梅花書屋,樓村,樓邨,鴻柯草堂
王式文,雲汀
王式旦,素公,素民
王式璧,襄山
王式穀,誨存
王式言,柳坪
王式訓,恪如
王式通,書衡,許廬,誌盦
王式金,度疑
王引之,伯申,文簡,曼卿,曼生
王引楷,式亭
王弘,叔毅
王弘學,石渠,而時
王弘撰,山史,文修,無異
王弘毅,子遠
王弘祖,含一,繩廓
王弘祚,思齋,懋自,玉銘,王宏祚,端簡,頤庵
王弘誨,少傅,忠銘,紹傅,紹傳
王弘道,士達,忠庵
王弘鈞,彥舉
王弼,良輔
王弼藩,友韓,鏡心
王彙,並君
王彜,媯蜼子,常宗
王彝,秉彝
王彝卿,子亨
王彝象,榆莊,漁莊,魚莊
王彥,元英
王彥博,仲遠
王彥和,子美,慕蘧
王彥奇,庭簡
王彥威,子美
王彥恭,欽若
王彥成,茂才
王彥昇,光烈,王劍兒
王彥暉,子充
王彥民,子惟
王彥泓,次回
王彥祥,伯英
王彥章,子明,王鐵槍
王彥融,炎弼
王彥賓,大臣
王彥超,德昇,邠國公
王彥達,秘湖漁隱
王彥隆,仲禮
王彧,秉文
王彩姬,姐兒,玉娟
王彬,思文
王彭,元老
王彭澤,五柳
王彰,廷顯
王律,公權
王得仁,武烈,王雜毛
王得孚,德孚,王達
王得庚,寄齋,緯辰
王得春,一元
王得標,秋亭
王得祿,果毅,玉峰
王得臣,彥輔,鳳臺子
王得貞,義方
王得輿,西軒,載之
王從,正夫
王從善,承吉,鳳林
王從繩,司直
王從言,師孟
王復,十三,逢吉
王復原,子復
王復古,彥遠
王復道,伯初
王循,耘圃
王微,王媺
王徵,了一道人,忠節,斐理伯,端節,端節先生,良甫,葵心,關西二勁
王徵俊,夢卜,節愍
王德,汝昭
王德乾,愼九
王德亮,仲明
王德信,實甫
王德修,進之
王德儉,守節
王德元,子仁
王德名,修甫
王德固,子堅,桓之
王德均,志衡
王德培,仲益
王德基,履祥,懷欽,玉屏
王德完,子醇,希泉
王德容,仲寬
王德屏,遠瞻
王德愔,珊芷
王德成,果敏
王德文,周卿
王德新,又新,菊門
王德明,一泉,宗周
王德昭,芸亭,韋亭
王德森,嚴士,鞠評
王德棻,枚孫,薌甫
王德楷,木齋
王德榜,朗卿,朗青,閬青
王德溢,十竹
王德溥,容大,潤洲,澹和
王德滋,雨丞
王德炳,子範
王德瑛,念池,蓮墅
王德用,元輔,武恭,武肅,黑王相公
王德甫,體仁
王德真,濟準
王德祚,梅岡
王德福,宜之
王德良,秉彝
王德茂,亥坪
王德衡,天均
王德表,文甫
王德裕,國明
王德貞,王德真
王德輔,良臣
王德進,讜言
王德鈞,筱雲
王德鍾,大覺,幻花,玄穆
王德陞,中齋先生,伯允
王德馨,仲蘭,玉才
王徽,仙徽
王徽之,子猷
王徽彝,琴軒
王徽猷,天誥
王心,惟一
王心一,元渚,元珠,半禪野叟,純甫,繩甫
王心喬,吹月,鶴莊
王心培,洪之
王心安,壯勇,果壯,果毅
王心敬,灃川,爾緝,豐川,豐川先生
王心清,澄源,若水
王心銘,簡臨
王必中,時發
王必名,實卿,畏侯
王必張,景韶
王必成,宗可
王必達,質夫,霞軒
王志,次道
王志匡,一菴
王志坦,公平
王志堅,弱生,淑士,聞修,聞脩
王志學,成吾
王志悌,子金
王志慶,與游
王志昂,尚卿,雲階
王志湉,千波
王志瀜,幼海
王志用,志用
王志超,卓庵,子班
王志道,東里,而宏,而弘
王志遠,詒孫
王志鏊,海闊
王志長,平仲
王忠,顯之
王忠傑,思傑
王忠孝,媿兩,愧兩,愧雨,長孺
王忠彥,成父
王忠政,君德,王忠,第行三十六
王忠植,義節
王忠民,子道
王忠親,子芬
王忠貴,王宗貴
王忠輔,子元
王忬,民應
王忱,仲略
王念,廷璽,廷重
王念孫,懷祖,石翟,石翟先生,石臞
王念祖,孝先,平之
王念臣,楓存
王思,宜學,改齋
王思任,季重,孤竹庵,檞園居士,淸暉閣,築夫,蒼浦園,謔庵,謔庵居士,遂東,避園,采薇子,金星,金粟山人
王思劭,勉齋
王思同,薊門戰客
王思孝,奉先
王思寧,致遠
王思廉,仲常,文恭
王思引,夢弼,約齋
王思恭,士溫
王思文,煥之
王思明,克明,康懿
王思梅,回春
王思沂,仰曾,瑞卿,與軒
王思義,恭讓
王思聰,明夫
王思訓,疇五
王思訥,眘言
王思詒,秋堂,鴻緒
王思誠,克修
王思賢,季佐
王思軾,眉長
王思道,國賓
王思順,江帆
王思齊,思齊
王怡,友睦
王怡洽,劻亭
王性,成之
王性桂,恭簡
王恂,廣平公
王恆,月如
王恆晉,錫侯
王恆汎,恆汎
王恕,南忠
王恩,二十,克承
王恩仲,曙岑
王恩光,問蕓,延叔
王恩培,覲臣,韻笙
王恩慶,錫之
王恩晉,仲蕃
王恩榮,仁庵,仁菴
王恩民,仁傅,仁溥
王恩泰,階符
王恩浦,濂舫
王恩浩,吾養
王恩溎,夢竹,晉仙,藎賢
王恩溥,德之
王恩照,惺畬,畬惺
王恩祥,芷庭
王恩紱,小羌,曉芙
王恩綬,佩綸,樂山,武愍
王恩錫,孟海
王恪,安童
王恬,道夫
王恭,王克恭
王恭三,子銘,應祺
王恭修,春畹
王恭先,孝伯
王恭確,介和
王悅,習之
王惇,宗和,岫軒
王惟一,允中
王惟中,道原
王惟儉,王維儉
王惟允,俊民
王惟和,醉庵
王惟善,衷甫
王惟寅,東埜翁,賓叔
王惟寧,子靜
王惟幾,子研
王惟德,輔之
王惟忠,省尊,肖尊
王惟恕,行甫
王惟成,惺庵,湘笙
王惟正,時中
王惟褀,萬卿
王惟詢,小華,星轅
王惟誠,孚遠
王惟諴,王維諴
王惟謙,古春
王惟賢,卓峯,士官
王惠,燕堂
王惠吉,子元,履祥
王惠忠,子廉
王惠風,惠風
王惲,仲謀,文定,秋澗
王愈,北山老人,原道,王悰
王愉,愛亭,藹亭
王意珠,靜卿
王愚軒,負劬
王愛,澤容
王愛山,敬甫
王愨,慎儒
王愷,少溪,粹伯
王慎中,南江,思道,道思,遵巖居士
王慎德,元明
王慎言,不疑
王慎賢,翼海,逸海
王慕貞,浣花
王慥,中實
王慧,蘭韞,韞蘭
王慧增,娥溪,瓊仙
王慧潣,濬卿,菊圃
王慶,天德
王慶元,毅菴
王慶勛,叔彞,叔畦
王慶埏,少蔚,履安
王慶墀,晉堂
王慶安,用中
王慶平,相雲,耜雲
王慶昌,雨湘
王慶書,著林,著沐
王慶楨,維周,薇洲
王慶瀾,安之
王慶祚,嘉胤
王慶祥,澹泉
王慶祺,仲廉,仲蓮,鶴春
王慶端,忠武,忠穆,正甫
王慶長,子久,武烈
王慶雲,子仙
王慶麟,仁谷,霓生
王慶齡,朗齋
王憲,康毅,惟綱,維綱,荊山
王應乾,調元
王應京,肖岩
王應元,石臺
王應吉,禦谿
王應垣,紫庭
王應奎,文瑞
王應子,之龍
王應斗,北垣,天喉
王應昌,少卿,心潭,訊梅
王應時,懋行
王應期,我辰
王應煦,玉齋
王應熊,春石,非熊
王應玘,剡公
王應球,荊璞
王應瑾,景丹,真士
王應璧,賓之
王應甫,信夫
王應祚,舜卿
王應科,梯喆
王應符,釜山
王應箕,稚衍
王應綬,子卿,子若
王應綵,來堂,淸慎堂,湘亭,萊堂
王應羌,以善,巢雲居士
王應翼,天樂,穉恭
王應芬,愉軒,芳圃
王應詔,公舉,吉陽
王應豫,立天,立夫
王應辰,瞻極
王應遇,璜洲
王應遴,冶城老人,堇父,真如齋,雲來,雲來居士,雲萊
王應選,俊卿
王應銓,鼐伯
王應鍾,懋復,雲竹先生
王應電,昭明
王應霖,德徵
王應顯,惟謨
王應鯨,闇齋,霖蒼
王應鳳,虛谷
王應鴻,天逵
王應鵠,東圃,東園
王應鵬,天宇,天與,定齋
王應麟,禎伯
王應鼎,君梅,理齋
王應龍,吉士
王懋,勉之
王懋中,十八,惟一
王懋修,王夢修
王懋勳,弼丞
王懋夏,存修,東濮
王懋官,養雲主人
王懋德,敬甫
王懋昭,石唐
王懋璋,子玉
王懋竑,予中,子中,岸秋亭,白田,白田先生,白田草堂,與中
王懋諶,岸堂,鶴聞
王懌,公和
王懷,景符
王懷午,晴溪
王懷孟,小雲
王懷忠,孝傑
王懷曾,魯之
王懷棠,蔭南
王懷清,鏡泉
王懸河,陸海羽客
王懿,巨峯
王懿修,勗嘉,春圃,春甫
王懿德,春岩,春巖,紹亭,紹甫,良宰,靖毅
王懿榮,古現村人,天壤閣,廉生,文敏,明監齋,正儒,正孺,正讀亭,求闕文齋,濂生,翠墨園,蓮生,養潛居士
王成,安人
王成德,行之
王成憲,廷綱,眞愚
王成瑞,雲卿
王成璐,佩湘,廉普,敬愛堂,蓮圃
王成驤,仲騰,晉官,龍溪
王我庸,虞服
王戩,孟榖,孟穀,突星閣
王所,腧叔
王所照,藍之
王所用,賔吾
王才,擷華
王扎倫布,札倫布,淸虛
王承仙,師宗
王承佐,弼臣,澤臞
王承勛,孫兼,藥園
王承基,禹封,竹侯,竹鷗
王承堯,挹山
王承廣,致厚,鏡浦
王承恩,忠愍
王承慶,永慶
王承憲,堂蔭
王承時,象先
王承曾,嗣徽,梅川
王承楓,丹麓
王承業,瓊山
王承楷,石琴
王承泗,心齋
王承烈,巽功,復菴,遜公,遜功
王承煊,亦恬
王承煒,聚奎
王承煦,子暄,春甫
王承燾,壽臣,綬丞
王承爵,惟五
王承祖,嶽生
王承祚,啟勲
王承祜,雪園
王承禧,露巖
王承紱,小海
王承繸,慎齋
王承芳,克濟
王承萾,友梅,壽谷,菊丞
王承衍,希甫,恭肅
王承衎,希悅
王承裕,文通
王承谷,南生
王承霖,益農
王承露,毅菴
王抃,巢松,懌民
王抑,誦侯
王抱承,果廷,補齋
王拙,間叟
王拯,十二洞天梅花書屋,定甫,寄心盦,少和,少鶴,懺甫,懺盦,成有渝齋,渝齋,王錫振,茂陵秋雨詞人,龍璧山人,龍璧山房
王拱辰,君貺,懿恪,拱壽,王拱壽
王持,冲隱,正叔
王持垕,載仲
王按攤不花,耀卿
王振,旌忠
王振國,仰山
王振奇,石鯨
王振江,竹亭,迴瀾
王振父,宗起
王振璋,南宮
王振畿,化東
王振綱,重三
王振聲,勛農,葉農
王振邦,彥卿
王振鍾,兌音
王振鵬,孤雲處士,朋梅
王挺,正符
王掄元,槐望
王掄春,元之,元遴
王掌絲,松石
王掞,藻儒,藻如,顓庵,顓菴
王推,伯準
王揆,端士,芝厂,芝廛
王揆一,聖田
王揖唐,一堂,慎吾,綬卿
王揚曾,紫銘
王揚芬,信余
王揚英,昭祖,紹祖
王揮,時發
王撝,謙父
王撫棠,辛甫
王撫民,仁甫
王播,明敡(明敭),明敭,王十八
王撰,異公,翼公,隨庵
王操,子高
王攄,汲園,虹友
王支某,文秀
王支燾,青芝
王攸寧,公遠
王政,正之
王政岐,體仁
王政敏,咸貞
王政行,次泉
王敄,行父
王效,武襄
王效伯,環峯
王效尊,筱園
王效成,子頤,約甫,雪腴
王效虞,卿雲,琴南
王效通,塞士,龍門
王敎,証敷
王敏,遜之
王敔,蕉畦,虎止
王教,白谷,道脩
王敞,文浩
王敬,君欽
王敬之,仲恪,寬父
王敬亭,寶山,甯山
王敬仲,文仲
王敬先,圖南,筠齋
王敬公,爾成
王敬天,煥麓
王敬常,補泉
王敬所,蘇橋
王敬民,儆吾,用司
王敬烈,松樵
王敬照,普齋,麗中
王敬熙,蓮品
王敬禮,可誠
王敬義,可道
王敬臣,以道,少湖,少湖先生
王敬銘,丹思,未岩
王整,子齊
王敷範,演九
王文,十六,純卿
王文亮,昭遠
王文仁,安福
王文企,乳山,子及
王文南,季豹,赧庵
王文叡,景冲
王文在,念堂,杏塢
王文域,伯若
王文壇,雪村
王文奎,清遠
王文寧,山客,櫟門
王文山,次儀
王文幹,強之
王文彪,君采
王文徵,俟岩,士芳
王文思,安甫,恕堂
王文慰,仲玉
王文成,文成
王文政,道行
王文新,鬱齋
王文明,象之
王文昭,世澤
王文曉,仲暉
王文林,瀛客,翰亭
王文栱,存節,雲山布衣
王文榮,午橋
王文毓,伯莘,星伯
王文治,夢樓,梁王學士,無餘居士,病關索,禹卿,高卿
王文淵,巨卿
王文清,九溪,九谿,廷鑑,廷鑒
王文炳,道充
王文烜,蘭韜
王文煥,訥庵
王文燁,章甫
王文爟,及岩
王文琰,魯山人
王文瑞,秋霞
王文璿,星望
王文祿,世廉
王文統,以道
王文羽,竹居,綺窗
王文翰,則野
王文苑,墨林
王文若,景星
王文誥,二松居士,二松庵,南園,純生,見大,韻山堂
王文貫,貫道
王文轅,司輿
王文進,文進
王文郁,周卿
王文銳,健莽,健菴,健葊
王文錦,吉雲,晴舫
王文鍔,勝達
王文雄,叔師,壯節,殿宣
王文靜,梅西
王文韶,夔石,文勤,耕娛,詩娛,賡虞,退囿,退圃
王文驤,夢洋,西坪,雲子
王文麗,幼明
王斌,宏道
王斑,西文
王斗宗,配山
王斗文,仰之,耐庵
王斗機,仲璇,華岩,雲岩
王斛,應萬,王秩
王斯年,鶴峰
王斯覺,先民
王斯颺,實儲
王新命,子達,純嘏
王新楨,伯岩,剋亭,楷廷
王新榮,錦堂
王新民,思州
王新祚,錫山
王方叔,壯猷
王方田,墨卿,子堃
王方衡,筱渠,芝生
王方貴,顯初
王於壬,右文
王於烈,碩卿,西原
王斿,元龍
王旊,元均
王旋,靜齋
王旌,王旂
王旒,練九
王无咎,補之
王日休,虛中
王日宣,子敬
王日就,成德
王日新,仲德
王日晉,子明
王日杏,丹宸,漱田
王日烜,中祥,賓暘,霞浦
王日章,王自章
王日藻,印周,無住道人,秦望山莊,閑勑
王旦,坦庵
王旧钫符,徵遠,溟波,王符
王旭,漢章
王旭升,晴崖
王旭昇,瞿泉,聽泉,麗泉
王昂,仲顒
王昆信,興成,虞成,賓成
王昆倬,漢雲
王昆標,萬秀
王昇,起東
王昇善,純齋
王昉,仲明,春卿,正三,第二十一
王昊,藉馨
王昌,昌王
王昌世,昭甫,靜學,靜學居士
王昌嗣,百子
王昌年,厚軒
王昌業,武周
王昌熾,古愚
王昌胤,王昌允,王昌廕,雪園
王昌言,昌朝
王昌麟,瑞徵
王昌齡,顯之
王明,沁梅
王明哲,季通
王明善,元夫
王明嗣,伯昌
王明宰,國佐
王明弼,共臣
王明德,杯馨,潤之
王明時,治甫
王明晉,雲崕,雲崖
王明清,仲言
王明策,在葊
王明臣,枚仲
王明華,文治,文翰
王明萼,棣軒
王明試,鑾和
王易,慈峩
王易簡,國寳,國寶
王昕,忠穆,忠穆王,顯孝
王昛,忠烈,忠烈王
王昞,茝葊
王星榆,損齋,麗青
王星諴,孟調,平子
王映斗,漢橋,瀚嶠,瀚橋,運中
王春,景陽
王春和,煦城
王春復,學收
王春源,介屏
王春澤,以潤,印東
王春煦,紫宇
王昭,光宗,大成,日華
王昭大,玉巖,茂卿
王昭序,履和
王昭禹,光遠
王昭遠,惠和,鐵山
王昱,日初,東莊,雲槎山人
王昶,必照
王昹,景昭
王昺,鑑心
王時,羲授
王時㐵,心恬
王時中,伯庸
王時亨,季通
王時亮,菊圃
王時佐,廷輔
王時儉,本節
王時叙,伯倫
王時和,元調,旭谷
王時宇,允修,慎齋
王時憲,若千
王時敏,偶諧道人,四王,恭孝先生,懦齋,歸村,歸村老農,烟客,煙客,王贊虞,西廬老人,西田,西田主人,西田先生,遜之
王時敘,伯倫
王時會,季嘉,泰菴
王時柯,敷英
王時槐,塘南,子植
王時濟,道甫,龍塢
王時熏,對南
王時熙,止敬,緝甫
王時習,勉學
王時翔,小山,小山鎮洋人,抱翼,皋謨
王時舉,晉卿
王時薰,寅菴,對南
王時邁,蓴浦
王時邕,子泰
王時雍,朝美
王時鴻,雲岡
王晉,省薇,繆晉
王晉之,問青園,問青山人,竹舫
王晉源,子任
王晉燾,梅舫,笑山,霄杉
王晉老,子康
王晏,仲淸
王晏球,瑩之
王晐,僑卿,喬(僑)卿,喬卿,廣元,東里,王東里
王晙,忠烈
王晞亮,季明,晞鴻
王晞韓,唐卿
王晟,彥熙
王晦,文靖
王晫,丹麓,木庵,木菴,松溪,松溪主人,松溪子,王棐
王普,德輝
王景,蘭生
王景中,卓然
王景之,崇業
王景亮,仙聲,武候
王景倓,仲子,更生,淡翁,第小一
王景堯,少唐
王景峨,伯璋,稚璋
王景崧,仲蕃,雪芬
王景彜,琳齋
王景彝,琳齋
王景文,彥昭
王景旦,申伯
王景星,仲祥
王景曜,暉遠
王景曾,夢仙,韻仙,順承
王景梅,雪崖,雲崖
王景棻,炎伯
王景沂,饒門
王景淳,清如,王景澄
王景濂,海三
王景祚,振公,迂叟
王景祿,利濟
王景禧,燕泉
王景秀,景秀
王景章,星甫,睢園
王景美,梅軒,秀庵
王景羲,子詳
王景興,敏亭,敬亭,歌亭
王景行,危齋,希言
王景西,僧秀
王景詮,景詮
王景象,十一,啟明,王景祥
王景賢,希賢,愚谷
王景齊,希賢
王智,愚庵
王智中,明仲
王智夫,愚可
王智本,子元
王智興,匡諫
王暄,時暘
王暐,克明,克齋,王瑋,藏書山房
王暕,彥明
王暢,叔茂
王暨,文昌
王暹,愼菴,景暘,景陽
王曄,南齋,日華
王曇,海雲
王曇影,文娟
王曉,寅亮
王曔,星閣
王曙,文康,晦叔
王曜,玉亭
王曠,若谷
王曦,乾五,革齋
王曮,日嚴
王曰俞,中恬
王曰升,師竹,筠皆,雲階
王曰愈,紉世
王曰旦,學愚,殿章
王曰曾,偉度,省齋
王曰杏,漱田
王曰溫,子厚
王曰然,汝從
王曰琪,玉樹
王曰申,佩章,子若
王曰賡,槐亭,紹南
王曰高,登孺
王書山,學之
王書政,墨苑,瑩苑
王書瑞,又沂,雲史
王曼容,少君,長楊君
王曾,孝先,文正,沂公
王曾培,冀馴,寄亭
王曾沂,曾泉
王曾祥,王瞿,茨檐,麟徵
王曾祿,古堂,西受
王曾翼,居易堂,敬之,芍坡
王會,九霞,子嘉
王會極,翊樞
王會汾,晉川,梁溪,樂阜山堂,蓀服
王會清,定一,雲濤
王會澧,建新
王會英,愚村,竹溪,薇卿
王會釐,季和,筱東
王會龍,君遇
王月,微波
王月恒,冰文
王月曾,桂巖
王有仁,懶園,淇園
王有功,可大
王有士,蘭池,蘭沚,蘭芷
王有壬,克大,文峯
王有宏,壯武,星伯,景伯,金波,錦波,鏡波
王有容,遠度
王有年,惟歲,硯男
王有恆,時出
王有恬,德安
王有慶,吾舟,善舟,番舟,魯舟
王有才,輔卿
王有榘,存誠
王有為,希顏
王有熙,介純
王有莘,耕野
王有融,芝山,芝田
王有齡,壯愍,英九,雪軒
王朋,鳳爽
王朗,景興
王望之,光旦
王朝,德暉,最樂翁
王朝佐,廷望
王朝俊,鴻一
王朝傑,王朝枬
王朝卿,升之
王朝器,大器,自菴
王朝孫,立夫
王朝幹,雲上
王朝式,金如
王朝彥,梅梁
王朝志,寧寰
王朝恩,晉公
王朝梁,伯堂,栢堂
王朝梧,疏雨
王朝清,肖蘭
王朝渠,遠淦
王朝熯,玉炫
王朝玬,丹玉
王朝瑬,仲冕
王朝用,淑行,第行四十五
王朝相,志尹
王朝穀,寅甫
王朝翼,廟臣
王朝芳,蘭圃
王朝賢,三陵,立之
王朝述,恪菴
王朝達,淑憲
王朝遠,朝遠
王朝選,翰臣
王朝陽,仰明
王朝雲,子霞
王期古,克淳
王期昇,麗靑
王木,東樂
王本亨,品亨
王本儉,節之
王本固,子民
王本奎,琴夫,象夫
王本昭,仁山
王本梧,琴仙,鳳棲
王本邰,寔原,東谷老人
王杆,元佐,王先佛
王杏,世文
王杏林,存濟
王杏舒,念棻,念葊
王材,天成
王材任,子重,澹人,西澗
王材升,子允
王杜,聞重
王東,尚志
王東槐,文直,次村,次邨,蔭之
王東老,興仲
王東裏,僑卿,奉先,第五,萱郎
王東里,僑卿,喬卿
王杲,啟昭
王杲卿,希顔,晞賢
王松,友竹,寄生,滄海遺民
王松年,堅甫,文惠
王松齡,子固
王枋,思載
王林,常主
王枚,孟皋,植棠
王果,仲武
王柄,王炳
王柏,伯會,文憲,會之,長嘯,魯齋
王柏心,冬壽,子壽,王栢心,筠亭,螺洲
王某,倩玉
王某（王夢良三子）,祐孫
王某（王夢良次子）,泰孫
王某（王夢良次孫）,棣老
王某（王夢良長孫）,曾老
王柔,不剛
王柘,九梅居士,菊生,雪庵
王柟,合齋,木叔
王柱,國卿
王柳泉,柳柳泉,王柳東
王栕,王姬
王栻,敬齋,時占
王格,少泉,汝化
王桂,王柱
王桂懷,燕山
王桂琛,寶生,淮珍
王桂發,子彊,子疆,宜孫,宜老,第九一
王桂英,倩仙
王桂蟾,綠雲
王桐,適莊
王桐華,井梧
王桓,可尚,靜齋
王桷,子任,第十四,英郎,茂材,茂林
王梁,良甫,西齋
王梁材,廷衿
王梅,又真,梅窗
王梅峰,善扶
王梅素,靜貞
王梓,楚材,雘軒
王梓材,雘軒
王梠,仙居
王梴,三十五,子長
王棐,仲溫
王棚鼇,伯英
王棟,一菴,隆吉
王棠,勿翦,名友
王棣,儀仲
王棨,戟臣
王棨章,小邨
王棫,才元
王森,林叟,道山
王森文,春林,鈊灰
王森長,怡庭,松濤
王棻,九峰精舍,子莊,東海散儒,柔橋,柔橋隱居,耒員軒,耘軒,芳玩草堂,菑畬齋
王植,文端
王植三,槐亭
王植方,述五
王椷,疑齋
王椿,元壽
王椿林,柳樵
王楊,惟直
王楙,勉夫,講書君
王楙謙,眉九
王楚堂,授方,雲榭
王楚鼇,元載
王楠,子梁,毛楠
王楣,光大
王楨,良幹
王楫,熙甫
王業,惟勤
王業法,二皆
王業泰,士和,新建伯
王業洵,士美
王業浩,士完
王業興,鳴石
王極,伯準
王楷,雁峰
王榕吉,蔭堂
王榮,榮與
王榮之,湘柱,萼樓
王榮先,仲午,伸午
王榮公,仁叔
王榮勣,丕公,澂齋,立亭
王榮商,友萊,容膝軒,靈蕤館
王榮忠,君直
王榮棨,延儀,廷儀
王榮烈,忠毅
王榮琯,玉文
王榮祖,敬先
王榮第,春潭,雲楣
王榮綬,笛青
王榮鋐,慎菴
王榮陛,楓垣
王榮陞,楓垣
王構,嗣能
王槐,應禎
王槐三,佑庭,允執,菊舫
王槐榮,槐榮
王槐生,小晉
王槩,同節,恕齋,恭毅
王槪,成木
王槱,子賢
王樂堯,莘畬
王樂雍,孔庸,璧橋
王樊,書君
王標,存格
王樛,子下,息軒
王樞,榮仲
王樵,肩望,贅世翁
王樸,友蓉,德純
王樹中,夢梅生,建侯,百川
王樹堂,亦山
王樹忠,惇伯,慶祺
王樹枏,晉卿,王樹枬,陶廬
王樹桐,琴軒
王樹棠,春霆
王樹棻,芸莊
王樹楠,晉卿,陶廬
王樹榮,仁山,戟髯
王樹槐,漢三,蔭三
王樹滋,我園
王樹漢,六舫,天舫
王樹玉,蕊珠,謝庭
王樹穀,原豐,無我,稻村
王樹藩,少愚
王樹鼎,新齋,梅坡,頤臣
王橋,崇志
王橝,方塘
王機,正朝
王檀魁,臚一,賡一,隔一
王檉,德潤
王檝,巨川
王檢,思及,西園
王檢心,子涵,惺齋
王權,心如,笠雲,笠雲山房
王次傳,嵓父,迪甫
王次張,漢老
王次翁,兩河,慶曾,慶魯
王次魚,廷直
王欽,曰恭
王欽禮,子敬
王欽臣,仲至
王欽若,冀國公,定國,文穆,癭相
王欽霖,慈雨
王正,吉卿
王正中,仲撝
王正功,承甫,有之,王慎思
王正國,佐之,柱峰
王正宗,適夫
王正容,德輝
王正己,伯仁,正之,王慎言,酌古居士
王正志,叔明,定五
王正思,仲行
王正春,研香
王正本,立齋
王正璽,伯章,月帆
王正真,承之,竹齋,筠溪
王正茂,時育,竹崖
王正誼,小泉,惜心書屋,筱佺
王正路,伯敭
王正身,國定
王步青,己山,己山先生,後村,漢階,罕皆
王步鼇,潄玉
王武,口仲
王武子,仁叟,文翁
王武彬,元震
王武曾,珊樵,矩存,迪甫
王武陵,晦伯
王殊堂,玉風
王殊澤,泗和
王殿甲,翰卿,薑溪
王殿魁,怡卿
王毅,果亭
王毓奇,恕生
王毓岱,少舫,海帆,舟枕山人
王毓曾,平陵女史
王毓柱,畏堂,秀子
王毓江,襟山
王毓濂,味蓮,希周,月岩
王毓祥,禎緣
王毓芙,蘊卿
王毓芝,靜盦,鶴田
王毓蓍,元祉,正義先生
王毓藻,魯薌
王毓蘭,輔廷
王毓貞,月姝
王毓賢,星聚
王毓陽,嶰竹,春裕
王毓雯,素葊
王毓麟,匏生,玉海
王氏,孝和恭獻溫穆徽慈諧天鞠聖皇太后,孝和皇后,孝純太后,昭肅恭和章懿才人,昭肅恭和章懿皇后,昭肅恭和章懿皇貴妃,溫肅端靜純懿皇貴妃
王氏(周衡在妻),慈雲老人
王氏(姚陶妾),靜妹
王氏(朱翊钧妻),孝端,孝端貞恪莊惠仁明媲天毓聖顯皇后
王氏(楊伯遠妻),烈彰恬顯之神
王氏(王?女),金婆
王氏(王七郎母),贈德妃
王氏(王仁則女),玉兒
王氏(王思誨女),實照
王氏(王承宗女),柔之
王氏(王承業女),王氏
王氏(王溫之女),方大
王氏(王澧女),太真
王氏(王鼐女),照乘
王氏(許諱實妻),善悟
王氏(趙佶妃),懿肅
王氏(趙佶妻),靜和,顯恭
王氏(趙匡胤妻),孝明
王氏(趙郢妻),仙之
王氏(閻力妻),紫虛
王氏(陳安節妻),陳堂前
王氏(陳忠嫂),陳氏七烈
王氏(陳忠弟婦),陳氏七烈
王氏（恭憲皇后）,恭憲
王氏（惠安皇后）,惠安皇太后
王氏（昭德皇后）,昭德皇后
王氏（穆宗恭僖皇后）,三宮太后,寶曆太后,義安太后
王氏（章仇孝方妻）,太原縣君
王氏（莊憲皇后）,莊憲皇后
王氏（高宗廢后）,蟒氏
王民,暤如
王民順,二十八,道服
王永,廣途
王永倓,友功,帆川
王永健,力成
王永光,射斗
王永勝,崑山
王永吉,修之,六謙,文通,脩之,鐵山
王永和,以正,梧竹,用節,襄敏
王永堅,可用
王永壽,延齡
王永富,德厚
王永寧,世卿
王永年,子耆
王永廉,滐之,潔之
王永春,次眉
王永江,岷源,鐵龕
王永清,碧臺
王永祺,延之,草香,補堂
王永禩,山如,葛山
王永積,崇岩,蓉湖野叟
王永章,綬卿
王永聰,愷堂
王永茂,松泉
王永譽,孝揚
王永齡,介亭
王汝嘉,士會
王汝安,子樂
王汝平,公權
王汝弼,良輔,賚庵
王汝心,元近,稱平
王汝恂,西園
王汝揆,克一,南軒
王汝明,宜之
王汝梅,德和
王汝棐,篤侯
王汝楠,譲水,讓水,餘水
王汝楫,利民
王汝正,養之
王汝清,廉甫
王汝潤,子雨
王汝濂,道源
王汝為,志宣
王汝玉,靑城山人
王汝琛,瑤娟
王汝琢,瑤娟
王汝琨,蘊土
王汝瑤,棣村,維玉
王汝璧,來坳堂,藤花居,銅粱山人,鎮之,長水藤花居
王汝礪,藎臣
王汝翼,右民,靜軒
王汝舟,時齋,濟川
王汝言,子愼,子慎,淇泉
王汝訓,師古,恭介,泓陽
王汝訥,友木,子默
王汝謙,六吉,益齋
王汝賓,尚賢
王汝述,四十八,朝明
王汝金,礪卿
王汝鈞,吟香
王汝銓,以衡,謹堂
王汝錦,端齋
王汝霖,民望
王汝騏,菘畦
王汝魯,希曾,確齋
王汝鼎,和庵,竹亭
王江,宗岷,海一
王汲,師黯
王汶,允達,齊山
王汾,彥祖,王亢宗
王沂,希曾
王沂孫,中仙,玉笥山人,碧山,聖與
王沄,僧士,勝時
王沅,王元
王沇之,彥魯,彦鲁
王沐,浴村
王沔,楚望
王沔水,朝宗
王沖,景儒
王沖用,用之
王沛,仁山,子大
王沛思,汝敬
王沛恂,書岩,汝如
王沛憻,念庵,念菴,汝存
王沺,王佃
王治,榖孫
王治國,平侯
王治模,麗生
王治泰,祇安
王治溥,博泉
王治道,子弘,忠愍,毅齋
王治隆,憲三
王沿,聖源
王泉之,漢槎
王法,客僧
王泠然,仲淸,王冷然
王注,禹成
王泮,文淵
王泰,元泰
王泰之,竹趣
王泰亨,子通,康莊,淸憲
王泰來,太初
王泰定,光甫
王泰徵,嘉生,聖嵩
王泰曾,履安
王泰林,旭高,退思居士
王泰生,曉堂
王泰甡,鹿賓
王泰階,平三,景韓,警庵
王泰際,內三,研存
王泰雲,春穀
王泳,季深,靜習
王泳祖,樂道
王洀,道徵
王洋,元勃,元渤,王南池
王洓,講泉
王洙,崇敬
王洛,中涵
王洛書,子疇
王洤,卻塵,囦道
王洧,淸之
王洪,純所
王洪到,根原,桐源,洞源
王洪烈,心培
王洱,春岩,海岳
王洵,大允
王洽,和仲
王浚,梅岑
王浚明,子家
王浤,上濤,上陶,抱山
王浩,德宏
王浩翁,太古
王浵,漁莊
王海澄,庶康,樂善處士
王涣之,彦舟
王涯,廣津,王二十
王涵,安敬
王淑,儀甫
王淑仙,竹筠
王淑元,是型,秋查,秋楂,秋槎
王淑卿,仙琬
王淑増,仲和,玉潤
王淑增,仲和
王淑旦,穉明
王淑民,民敬
王淑陵,之義
王淙,彥清
王淨,金素
王淪,退翁
王淮,柏源
王深,仁濬
王深仁,元之
王淳剛,梅峯
王淵,志默
王淹,伯奮
王清,汪清,王七一
王清亮,心萱
王清任,勛臣
王清孚,續亭
王清惠,沖華
王清槤,左香
王清江,宗洵,瀛仙
王清照,勖齋,勤齋
王清穆,丹揆,學隱廬,農隱
王清蕖,馥田
王清蘭,若蕙
王清賢,式盧
王清霞,湘波
王渙,文吉
王渙之,彥舟
王渭,八流
王渭應,之虎
王渭熊,文載,望溪
王渭翁,王得翁
王渭鼎,呂倩,殊亭
王游,安麒,瑞園
王渾,京陵公,元公,玄冲
王湘,原楚
王湘娥,月田
王湘嫛,蘭畹
王湘嬃,蘭畹
王湛,懷元
王湜,定甫
王湯孫,犀石,稚誕
王溆,叔觀
王溉,巽澤
王源,宗本,瑞安伯,觀瀾
王源瀚,奮濤,海門
王源通,蟾生
王準,子推,王凖,石谷
王溥,公甫
王溫,景和
王溱,公濟
王滋,思益
王滌,用霖
王演,仲沔
王演之,覺蓭
王演疇,孟江,孟箕,寧海,箕仲,震澤
王漢,朝逺
王漢之,彥昭,彦昭
王漢忠,希傑
王漢池,含英
王漢英,彥古
王漪,仲淸
王漱芳,夢仙
王漳,衡甫
王漸,斯進
王漸逵,大隱山人,用儀,靑蘿子,鴻山
王潀,永裕
王潔,芝香,養雲
王潢,元倬
王潤,四篁,沛堂
王潤之,德玉
王潮,南谷
王潯龍,海雲
王潺,公沛
王澂,彥輔
王澄,澹然
王澄原,處厚
王澄慧,勇循
王澈,靜齋
王澍,樹夫
王澗琳,伊城
王澡,瓦全,身甫
王澤,潤生
王澤宏,昊廬,涓來,王澤弘
王澤慧,瞻遠
王澤敏,鎪文
王澤林,潤亭,澗亭
王澤溥,庶悅
王澤長,樾林
王澧,楚先,王灃,蘭陔
王澱,錦川
王澹,泊齋
王激,子揚,泓揚,鶴山
王濂,蘭篪
王濟,用楫
王濟扶,亦仁
王濟淵,道可
王濟遠,蠡舟
王濡之,德輔
王濤,徵明
王濬,哲人
王濬定,曉峯
王濬生,曉峯
王瀆,希聖
王瀚,伯海,定庵
王瀛,睿昭
王瀠,帶如,愚谷
王瀣,伯沆,伯謙,冬飲
王瀹,子淸
王灝,坦甫,文泉
王灴,乙垣
王灼,悔生,明甫,晴園,濱麓,賓麓
王灼三,薇庵
王炎,晦仲,晦叔,雙溪
王炎午,應梅,梅邊,王應梅,鼎翁
王炎澤,南稜,威仲
王炘,吳淞草堂,子乘,淞南草堂
王炬,以奇
王炯,甸雯
王炳,竹菴,蔚卿
王炳同,毅庵
王炳壇,文階,曉恬,杏樵
王炳宸,亦直,楓廷
王炳昆,慰生
王炳星,半嚴,半巖
王炳檀,杏樵
王炳瀛,蓮洲,蓮舟
王炳燮,樸臣,璞臣,絅齋
王炳璿,幼文
王炳章,燮堂
王炳經,子康
王炳華,伯瀛,味羹
王炳衡,伯欽
王炳謨,秋桂,秋槎
王炳震,楓廷
王為相,景西,芍園,鏡溪
王烈,燮斯,翰珉,蓮航
王烜,晦叔
王烻,丹柱,大柱
王焕,子章
王焜,爾旭
王焞,次公,赭玉
王無咎,藉茅
王無妄,元亨
王無疾,復亨
王無競,仲烈,王二
王無黨,壯愨
王焯,王悼
王然,子可,起然
王煐,子千,盤麓,紫詮
王煒,不庵
王煒堂,少鶴
王煜,曉樓
王煜文,源溯
王煥,午槐,奎章,鐘白
王煥士,承明,采明
王煥如,至翁
王煥崧,紀臺
王煦,昇初
王照,小航,水東
王照圓,婉佺,王圓照,瑞玉,端玉
王熊,北周
王熊伯,沅齡,瑞淸
王熙,謙和
王熙勳,績堂,續堂
王熙彬,頌平
王熙文,舒軒
王熙桂,一枝,馨山
王熙經,愚山
王熙鋆,守先,式庵
王熾,昌國,興齋
王燁,樗菴,韜孟
王燕,个庵,個庵,子喜
王燕堂,三圃,鹿萍
王燕緒,翼子,詒堂
王燦,子美
王燮,梅林
王燾,宜孝,忠肅,忠肅王,懿孝
王爌,二十五,存約,存納,存絢
王爕,三十一,大裡
王爚,立齋
王爵,錫之
王爽,文昌
王爾城,京溪
王爾康,四戒居士,性海,道安
王爾昌,福田
王爾昭,介明
王爾植,竹坡
王爾烈,仲方
王爾祿,念尼,被甫,逸庵
王爾羹,吉人,吉仁
王爾達,虛亭,通侯,非聞
王爾銘,劍秋
王特選,策軒,試可,鳧南
王犖,卓夫,洪傑
王猗琴,友蘭
王猷,元亭
王猷定,于一,於一,軫石,軫石子
王獬,上康
王獵,得之
王獻,南灃,惟從,木石子
王獻之,子敬
王獻唐,王琯,風笙
王獻圖,應祥
王獻臣,敬止
王獻芝,德仁,湛塘
王獻藎,德忠
王玄,明感
王玄宗,承真,隱居太和先生
王玄琚,佩庵
王玄範,彥文
王玄裕,玄裕
王玄起,子昇
王玉,廷器
王玉姊,月子
王玉山,含章,靜庵
王玉慶,全夫
王玉文,七襄,緯堂
王玉映,映然
王玉書,燕仁,紱庭
王玉梅,順德雙烈
王玉汝,守素,體成
王玉燕,玳梁
王玉良,子磐
王玉芬,華雲
王玉藻,羅山,螺山,質夫
王玉衡,斗垣,星五
王玉麒,芝佩
王玘,德潤
王玠,王价
王玥,瑤窗
王玫官,東門女士,璋捨
王玭,弘章
王玲,繡石
王玳,謝家
王玶,信之
王玹,廷用
王玼,元明
王珀,廷瑞
王珉,玉中
王珊,鐵橋
王珍,麥秋
王珏,君貴
王珝,汝溫,灤江
王珠,鼇峯,鼇峰
王珠裕,還浦
王珣,元琳,法護
王珣慶,東亭
王珦,克溫
王珩,叔珩
王珪,廷玉
王珮,嗣徽
王珮珩,冷香
王珵,琢庵
王珹,成齋,玉成,王城
王珻,石和,石承,韞輝
王珽,王廷
王球,字子美
王琅,祺峰,祿峯
王理,茂實
王理培,蘭雎
王琇,元玉
王琚,良珮
王琚仁,玉甫
王琛,廷實
王琢玉,文珍
王琢璞,無瑕,連城
王琦,文進
王琦慶,景韓,蓉塘
王琨,十城
王琪,君美
王琬,欈李女子
王琮,良璧
王琯,錫相
王琰,良璧
王琳,舜玉
王琴,鳳音
王琴堂,嘯山,韻泉
王瑀,景禧
王瑄,士成,子成
王瑊,崑璧,節湣
王瑋,美中
王瑋慶,王煒慶,蕅唐,蕅舲,藕塘,襲玉
王瑗,佩霞
王瑗達,君明
王瑚,禹功,鐵珊
王瑛,汝玉,石沙
王瑛曾,雲門
王瑜,理齋,連齋
王瑞,天門
王瑞之,輯五
王瑞國,子彥
王瑞慶,冶鋒,庚心
王瑞柟,聖木
王瑞祥,重璽
王瑞芝,紫田,辛叔
王瑞蘭,筠卿
王瑞鼎,主園,主圖
王瑢午,陶然
王瑤,玉若
王瑤湘,逍遙居士
王瑤臺,蓬山
王瑤芬,雲藍
王瑨,王珍
王瑩,韞玉
王瑫,宗玉
王瑬,亮生,子兼,荷盤山人
王瑭,良玉
王瑮,仁仲
王瑸,玉淑
王瑾,慧秋,端士
王璇,虞用
王璉,汝器
王璊,湘梅
王璋,仲昻,忠宣,忠宣王
王璋玉,仙卿
王璐卿,仙嵋,繡君
王璒,器之
王璘,廷秀
王璛,公玉
王璜,湘梅
王璞,良示
王璟,仲瑩
王璠,文璵
王璡,汝嘉
王璣,伯衡
王璧,廷玉
王璨,海濤,海齋
王璪,冕英,魯園
王璲,文靖,汝玉,青城山人
王璵,景玉
王璸,崑霞
王璽,君符
王璿,宗舜
王瓉,滄齋
王瓊,德華,恭襄,晉溪
王瓊瑛,琴史
王瓊英,琴史
王瓖,宗璽
王瓘,廷用
王瓚,西圃
王甑生,甑生
王甚夷,無黨
王生貴,益臣
王甥植,伯穎
王甥稙,伯穎
王用,庚亭
王用中,汝一
王用予,公安
王用亨,子安
王用康,允靖
王用才,經濟
王用楨,作霖
王用欽,敬臣
王用汝,雨林
王用汲,恭質,明受
王用禎,子周
王用章,汝平
王用誥,君言,筱泉,觀五
王用謨,明吾
王用賓,允興
王用賢,靜軒
王用鍔,蕖洲
王用霖,靜菴
王用龍,震叔
王甫,君美
王田,舜耕
王由,在之
王由義,仲方,慎齋
王由道,汝充
王甲榮,次逸,部畇
王申伯,樹蕃,虹亭
王申子,巽卿,秋山
王甸,易之
王留,亦房
王留孫,宜遠
王留生,留生
王留福,欣仲
王畛,季野
王略,起田
王畦,季耕
王畫一,較若
王畮,服尹,補亭
王異,同父
王當,子思
王畹芬,紉蘭
王畿,十四,汝中,龍溪,龍溪先生
王疇,敍之
王登,景宋
王登墀,彤軒
王登瀛,叔同
王登聯,愨愍,捷軒
王登贄,福庭
王登雲,曹王雲
王發,景囘
王發桂,嘯山,小山,少峰,笑山
王發祥,長源
王發越,英齋,蘭溪
王百朋,日明
王百齡,鶴年
王皋,舜臣
王皙,微之
王皞,熙仲
王皡,子融
王盈,茂謙
王益,茂升
王益之,朋壽
王益恭,達夫
王益朋,元之,淸貽堂,王史,王更,王聘,石農,莘民,鶴山
王益柔,勝之
王益祥,止軒,謙叔
王益祺,順叔
王益謙,仲山,受之
王益謨,子梁
王盛,懋德
王盛清,穆堂
王盡臣,擇槐
王盤,湘寶
王盧,廷器
王直,子擎,慎齋
王直方,歸叟,立之
王相,良輔
王相如,次卿
王相業,雪蕉
王相英,淙雲
王盾,萃若
王省,子聀,子職,貞烈
王省山,松坪
王眞,忠壯
王真,耐軒,道真
王睡之,中甫
王睿,智長
王知和,遠夫
王知微,幾之
王知本,子復
王知蘊,積中
王石,季安
王石孫,宗略
王石弼,萬長
王石經,君都,西泉
王碧珠,紺仙
王碩,邁軴
王磁,介翁
王磐,漱玉
王磵松,詔三
王礪,汝堅
王祁,京甫
王祐,順卿
王祖佑,菊隱,葆成
王祖光,君俞
王祖同,小亭
王祖培,嘯舲,子厚,小舲,小霖,筱舲
王祖嫡,師竹,胤昌
王祖庚,孫同,礪齋,雨汀
王祖榮,春圃
王祖武,繩其
王祖源,蓮塘
王祖熙,式廓,餘人
王祖畬,溪山老農,紫翔
王祖肅,季龍,敬亭
王祖蔭,繼蓉
王祖詢,次歐,蟫廬
王祖道,若愚
王祚,永錫
王祚昌,王策
王祚興,遇午
王祜,景叔
王祝,不耀,王柷
王祥,元吉
王祺,伯顔帖木兒,怡齋,王顓,益堂
王祺海,琴舫
王祿,政夫
王祿兆,惟功,敏齋
王祿書,硯耘
王祿朋,秋坪,翼雲,翼飛
王禃,元宗,日新,順孝
王禎,忠惠,忠惠王,獻孝
王福,天錫
王福咸,貽堂
王福娘,宜之
王福徵,瀛橋
王福慶,善堂
王福暘,崧龕,恭三
王福曾,桐生
王福祥,子儀
王福綏,履之,慶之
王福緣,子由,磐隱
王福齡,久安
王禑,牟尼奴,禑王,辛禑
王禕,子充,忠文
王禧翁,馬山
王禮,元禮,玉笥老人
王禮乾,健臣
王禮培,佩初,南公,小招隱館,掃塵齋,潛虛,潛虛老人,紫荊精舍,複壁
王禮甲,晴耕,杏村
王禹佐,之益,忠襄,節愍
王禹偁,元之
王禹聲,文溪,聞溪
王禾,應仲
王秉,孝直
王秉和,鳳山
王秉彜,性之
王秉彝,伯常,鬯齋
王秉心,正甫
王秉恩,息存,茶庵,雪澄
王秉愨,徵泉,漱泉
王秉文,斗瞻
王秉籙,仲符,瀛仙
王秉良,伯存
王秉謙,以牧
王秉鏞,序東
王秉鑑,澄波
王秉韜,含溪,含谿
王秋英,佩環,菊如
王科,進卿
王秦客,元賓
王秩,循伯
王秩教,鴻田,鶴田
王秬,嘉叟,復齋
王稌,叔豐,孝莊
王稚登,百榖
王稟,忠壯,正臣
王稱,季平
王稼,無逸
王稼春,立生
王稽,允哲
王穀,萬石
王穀祥,祿之,酉室
王穀韋,鄂叔,鰐叔
王穉登,伯穀,玉遮山人,百榖,百穀
王積,子崇,虛齋
王積善,餘慶
王積翁,敬愍,良存,良臣
王積順,若溪
王穎士,石居
王穎銳,瓶城,秉成
王窳,伯如,林隱
王立,懋範
王立中,彥強,息菴,稺隱老人
王立之,直方
王立柱,暟庭
王立煜,燮堂
王立節,景大
王立言,滄海
王立賢,聘卿,鑑華
王立道,堯衢,懋中
王立韓,太雲
王竑,休庵,休菴,公度,戇庵,戇菴,林庵,莊毅
王站柱,曉蒼,王站住
王章,廷憲
王端,奚子
王端冕,服先
王端履,小谷,福時
王端朝,季羔,季羔(高),季高
王端淑,映然子,玉映,王瑞淑
王端禮,懋甫
王竹素,寄巖
王笴,君貢,鞬郎
王筆幟,潁先,驥山
王筌,冲照處士,子真
王策向,壽田,子疇,耀九
王筠,廷秀,竹君
王筠貞,管芬
王箴,元直
王箴輿,孟亭,敬倚
王節,卿持,纖纖
王範,子儀
王篆,十五,汝文
王篤,寶珊
王篤慶,梅岑
王簡,一居
王籍,茞生
王粵麟,仁園
王粹,元亮,子正,恕齋
王紀,朝憲
王約,伯一
王紉佩,韻珊
王納言,舜卿
王納誨,獻可,蒙溪
王納諫,直城
王納講,亦頤
王純,二十六,希文
王紘,一畝園,經千,雲溪
王素,仲儉
王素娟,冰蟾
王素娥,蘗齋
王素心,佩心
王素行,繪先
王素雯,雲仙
王素音,儀卿
王紫綬,子紆,蓼航,金章
王紱,子佩,筠亭,紫佩,雙池
王紱疆,東廬
王紳,矩齋
王紹,繼先
王紹元,希哲
王紹先,伯生
王紹勛,池山遺黎,熙陶
王紹原,復初
王紹基,少逸
王紹大,彥祖
王紹宗,承烈,王七
王紹廉,仲泉,砥齋
王紹復,蔗農
王紹曾,衣聞
王紹汶,思齊
王紹焜,孟民
王紹緒,纘廷,西圃
王紹美,子輿
王紹羲,剛毅
王紹翰,藝卿
王紹蘭,十萬卷樓,南陔,廣雅樓,思惟,思惟居士,畹馨,知足知不足館,禮堂,許鄭學廬
王紹隆,聖質
王結,儀伯,文忠
王統,二十,必元
王統仁,公弼
王統鈞,中衡
王絲,敦素
王綍,霑盧
王綏林,若葊,茗葊
王經,載道
王經國,公濟
王經綸,寶廷,賓廷,贊廷
王綖,文冕
王綡,孝齋
王綦,履若,百穀之孫
王綬,朝儀
王維,唐傑
王維三,一齊,一齋
王維哲,商民,良濬
王維坤,又愚,幼輿,緱友
王維垣,象範
王維城,蘭村,蘭邨
王維德,少文,菊儂,馨吾
王維忠,靜街三郎
王維恂,誠菴
王維方,周矩
王維旬,稼先
王維楨,允寧,槐野
王維烈,無競
王維熙,國和,廣伯
王維珍,嵋谷,敏慤
王維祺,梅庵,道齡
王維章,于天
王維翰,墨林,翼揚
王維鈺,式如,相亭
王維鶴,松亭
王綯,敏功
王綰,雅卿
王綱,存紀
王綸,理之
王綺書,鑒溪,青上
王綺珍,成士,漁珊
王綽,孝寬,興公,薇軒
王綿翰,紫園
王緒曾,柳亭
王緗,謙詠
王緘,伯默
王緜泰,魯瞻
王緝植,建伯
王編,嗣鳳
王緯,廷文
王練,澄江,達夫
王縈緒,天馥,希仁,成祉
王縉,維卿
王縉卿,王晉卿
王縉玿,崑圃
王縑,韻緗
王縝,文哲
王縡,莘鋤
王縱,希望
王績,無功
王績燦,偉奏
王繁祚,澤遠
王繕,克修
王繡,文卿
王繡君,璐卿
王繩曾,武沂,蓼原
王繫,世甫
王繹,思善,癡絕生
王繻,慎夫
王繼,樗菴,述之
王繼先,王醫師
王繼光,于善,泉臯
王繼勳,王三鐵,紹元
王繼周,伯可
王繼宗,汝孝,雙溪
王繼庭,筠軒
王繼志,達軒
王繼忠,宗信,耶律顯忠
王繼恩,張德鈞
王繼文,在然,在燕,在茲
王繼明,用晦,省菴
王繼昺,王繼日雨
王繼榖,子詒,潄六,潄六道人,聽桐廬
王繼洛,希程
王繼祖,克紹
王繼禮,行之
王繼芳,世昌,亭皐
王繼英,恭懿
王繼華,索存
王繼藻,浣香
王繼謨,純穆,顯我
王繼賢,翰城
王繼遠,忠愍
王繼香,子獻,蓼齋,醉庵
王纂,德纂
王續之,大卿
王纓,用淸
王维,王摩诘,摩诘,诗佛
王罃,宗器
王罕,師言
王羊仁,元瑜
王羔,從一
王群壽,萬春
王義,循理
王義山,元高,稼村
王義朝,國寶,國賓
王義樟,於亨,萇生
王義端,元剛
王羲之,王右軍,逸少
王羲民,若星
王羽,五老榜,王希羽
王羽仙,冰齊
王羾,天游,甘泉
王翀,廷鳳
王翃,宏肱,雄飛
王翊,伯良
王翊元,子愼
王翔,蘊文
王翚,石谷,耕煙,臞樵
王翥,元鳳
王翬,三王,二王,劍門樵客,四王惲吳,惲王,淸暉主人,淸暉老人,烏目山人,石谷,耕烟,耕煙,耕煙外史,耕煙散人,臞樵
王翰,廷舉
王翰臣,文佐
王翱,遐舉
王翹,叔楚,時羽
王翼,鵬軒
王翼之,季弼
王翼孫,以燕,聽夫
王翼起,翼卿
王翼鳳,句生
王耀,世明
王耀曾,少沂,時元
王耀辰,珙如
王老志,洞微先生
王者斌,世尚
王者聘,肖巖
王者臣,元燮
王者輔,惺齋
王者馨,伯椒,德吾,蘭亭
王耕,舜耕
王耕心,穆存,道農,龍宛居士
王聊,鷺亭
王聖徒,庭鯉
王聖時,介廬
王聖謨,題齋
王聘,以珍,見素
王聘珍,實齋,貞吾
王聚奎,嵩峰,星五
王聞禮,立之
王聞詩,興之
王聞遠,聲弘,蓮涇
王聞長,酌井,酌生
王聮,應奎,東浦
王聯璧,佩之,星瑞,藍生
王聯豫,建侯
王聰,師德
王職,君任
王聿修,孝山,念祖
王聿求,朝聘
王肅,崇恭
王肇坤,亦資
王肇奎,文叔,鶴嶼
王肇對,銘新
王肇新,敏功,西園
王肇晉,捷之,榕泉
王肇林,梅芳
王肇謙,三餘館,卷霞書閣,揖山,桐貽,琴航,益撝,隨庵
王肇震,東麓,生之
王肇鸞,淑光
王肖翁,傅朋
王肩吾,肩善
王肯任,抑齋
王肯堂,宇泰,損菴
王肯為,恆齊,恆齋
王肱,用輔
王育,養民
王育仁,延化
王育琮,秉玉
王胄,希載,是菴,是蓭
王胤久,王允久
王胤懋,王印懋
王胤祚,王允祚,王印祚
王胤祥,槐亭,邦瑞
王胤芳,剋昌
王胤賢,紹先
王能,克用
王能任,仔重
王脩福,脩福
王臣,克賔
王臣福,介堂
王臨,凜淵,智宜
王臨亨,一鳳三雛,延庵,止之
王臨策,晴汾,晴皋
王自中,厚軒,道夫,道甫
王自仁,子靜
王自成,志可
王自新,書年
王自超,茂遠
王自越,子上
王臬,汝陳
王至,孟暘,孟陽
王至卿,樗叟
王至善,遠吉
王致,君一,鄞江先生
王致中,懋和
王致祥,德徵,鳳山
王致禮,杏村
王臻,及之
王臻祐,伯昌
王與之,東巖,次點
王與敕,匡廬,欽文
王與敬,可權
王與權,立之
王與汶,安卿,訚叔
王與玟,文玉
王與義,公矩
王與胤,王與允
王與階,菉澳,陟公
王與齡,受甫,壽夫,湛泉
王興,茂枝
王興吾,宗之,慎庵,王與吾
王興堯,梅影,澄宇,遂高園主人
王興宗,友開
王興明,彩亭
王興滿,滿先
王興祖,景先
王興福,時興
王興禹,美堯
王興謨,淡宜
王興賢,益章
王舉,時用
王舉元,懿臣
王舉正,伯中,安簡
王舒,處明
王舒萼,侶樵,雲畦
王舜夫,從仁
王舜年,孝源,永祺
王舜漁,于澤,石溪
王舜耕,于田,兩湖
王舜舉,伯俞
王舜鼎,墨池,恭簡
王舟,弘載
王舟瑤,星垣,玫伯,默盦
王艮,止善,止齋,鷃遊子
王良,拙菴,本善
王良弼,槿仙,藎宣
王良心,性德
王良晟,宏華
王良柱,九峰,全宇
王良樞,庚陽,愼卿
王良玉,初齋,懷璞
王良翁,叔大,惟賢,涼孺,第三
王良翰,仲申
王良臣,汝忠
王良貴,少思
王良鳳,梧邨
王芑孫,念灃,念豐,惕夫,惕甫,楞伽山人,漚波,芑生,鐵夫,雲房
王芝,井西,子慶
王芝林,人月,仲壬,佩青
王芝瑞,鍾淑
王芝祥,鐵珊
王芝藻,淇瞻,荇友
王芝蘭,一皓,瑞廷,繩軒
王芬,漱芳
王芳,幼清
王芳來,可亭
王芳孫,瀘淵
王芳洲,慕渠
王芸,苧西女史,香窗
王芹,符采
王芹芳,允亭,鑒衡
王芾,彥章,德章,第四八,道長
王苣,湘史
王若,若夫
王若常,心如,惺如
王若毅,仲宏
王若金,冶亭,尚品
王若閎,可愚
王英,孟育
王英元,翰卿
王英冕,邁卿
王英卿,威鳳
王英孫,修竹,才翁
王英明,子晦
王英楷,紹宸
王苹,七十二泉主人,杜史,王黃葉,秋史,蓼谷,蓼谷山人
王茂,休遠
王茂先,仲昌
王茂宗,德秀
王茂松,聽濤,鶴亭
王茂源,珠潭,珠連
王茂煥,模齋,樸齋
王茂甲,小亭
王茂蔭,子懷,椿年,椿生,雙溪草堂
王范,幼嫻
王荀龍,仲賢
王荁,季孺
王荃,蘆村,靜媛
王莘,半樵,半橋
王莚,子才
王華,廷光
王華仲,實之
王華封,松巖,松齋
王華平,春植,藇軒
王華甫,君實
王華祖,元實
王華虞,明岑,畊岑,耕岑
王萃二,兼兩
王萃仁,綠天居士,茮申,蕉聲
王萬,淡齋,萬里
王萬侯,子建
王萬修,叔堅,子長,懿奴,第三十一
王萬全,子辨
王萬懷,叔霖
王萬森,少齋
王萬樞,贊元
王萬清,勤勇
王萬祚,二固,君錫
王萬祥,壯敏,瑞宇,郭萬祥,鐵山
王萬章,子達
王萬芳,季遠
王萬英,彥華
王萬裕,佘南
王萬釗,勇毅
王萱,時芳,靑崖
王萱齡,北堂
王葆,彥光,文毅
王葆心,季薌,晦堂
王葆林,春園
王葆楨,韻廷
王葆清,石禪,石頑,覺三
王葉滋,我亭,槐青
王葑,德孚
王著,善章
王蒔蕙,擷香,硯農,蕉鹿
王蒔蘭,渚山,紉香
王蒙,叔明,黃鶴山樵
王蓀,若蘭
王蓁,宗盛
王蓂,時禎,東石
王蓉,文貞
王蓋臣,字延,孚廷
王蓍,宓草,弟為,湖村
王蓮塘,吏香,雨舲
王蔚,國光
王蔚宗,山春,春野
王蔭昌,五橋,子言
王蔭棠,芾南
王蔭槐,植青
王蔭祜,子受,鞠龕
王蔭豐,子京,石廬
王蕃,世昌
王蕊修,榜香,萼亭
王蕙,光庭
王薦,希賢
王藎,惟忠
王藝,士能
王藥,子約
王藥修,萼亭
王藩,蓉坡
王藹,王靄
王藺,獻肅,王謙仲,謙仲,軒山
王藻,建萬
王藻湄,澹雲
王藻章,石珊
王蘇,儕嶠,延庚
王蘊,懋佐
王蘊容,柔和
王蘊徽,韞徽
王蘊章,蓴農,西神
王蘊葵,勁堂
王蘊藻,道峯
王蘊貞,小榭
王蘋,信伯,震澤
王蘧,子開,子高,王廻
王蘭,香谷
王蘭佩,王佩蘭
王蘭修,仲蘭
王蘭庭,畹香
王蘭廣,香圃
王蘭昇,秋湘,芷庭
王蘭生,信芳,坦齋,振聲,文誠,文誠先生
王蘭英,永壽鄉君
王蘭谷,孟祥,蕙生
王蘭貞,楚玉,飛鸞
王虎臣,子山
王虔暢,承休
王處厚,元美
王處道,子弘
王虬,希龍
王融,內朗
王行,希行
王行之,才仲
王行儉,忠烈,質行
王行威,國寶
王行己,恭夫
王行果,洛誠
王行淹,通理
王行芳,淸渠
王衍,王珩
王衍慶,慎初
王衍梅,律芳,笠舫,紅杏村人,蒼梧下吏
王衍治,侗庵,恂度
王衍褔,立莊
王衍謙,竹樵,蘊山
王衎,和仲
王術,用仁
王衜,夷仲
王衡,文旋,文璿
王衡仲,仲平,柏軒
王衣,子裳
王表,大章
王衷,悟靜處士,秉忱
王袓道,若愚
王袗,章甫
王袞,文憲,景山
王袞錫,補臣
王裒,子充
王裔,羌重,解襪生
王裕,王裕睿
王裕增,恂夫,葭裏
王裕嶸,少文,碧珊
王裕承,雨人
王裕謙,益三
王裕鍂,鎮湖
王裕齡,問樵,子容,餘卿
王補之,山甫
王褒,中美
王褘,子充,忠文,文節,王偉,華川
王襄,王寧
王襞,宗順,東崖
王見偉,彤甫
王見周,蓮夫
王見炯,蘭谿,蘭雞
王見賓,子利
王規,方叔
王覜,菊泉
王覺,印合
王覺任,公裕,鏡如
王覺蓮,夢白
王覿,明叟
王觀,用賓
王觀國,建侯
王觀宸,晉齊,晉齋
王觀昉,子初
王觀海,月樓
王觀瀛,羽登
王言,無擇
王言昌,禹臣
王言綍,綸閣
王訓,庭訓
王訢,嘯岩,曉樓
王訥,敏行
王許之,以忠
王註,眷之
王詒壽,眉叔,眉子,笙月
王詒昆,孟民,松嶠,松齋
王詔,惟綸
王詔德,子輝
王評,漢卿
王詠,于詩
王詠春,紹曾,菊生
王詠霓,六潭,天球,子裳
王詡,子揚
王詢,命我
王詩舫,紹榮
王該,達夫
王詵,伯恂
王誠,允誠
王誥,楚士
王誦,國章
王誨,規夫
王說,應求,桃源
王誼,宜君
王調元,和陽,燮甫
王諍,子孝,竹巖
王諏,次吾,次善
王諤,藝菴
王諫,藎臣
王諶,之常,損菴
王謙,撝齋
王謙光,挹華
王謝,絮卿
王謝家,幼杭
王謝庭,林風
王謠,民皥
王謨,東川,體文
王謩,孝徵,梅冶
王謳,舜夫
王謹微,堯錫,姚錫,峴椒
王謹禮,南疇,敬伯
王識,致遠
王譚,大受
王護,乾福
王譽,本實
王讌,權銜
王讓,王鑲
王豎,希成
王象,德夫
王象之,儀父,肖父
王象乾,子廓,霽宇
王象坤,子厚
王象天,文石
王象復,完初
王象恆,微貞,立宇
王象春,十七,季木,文水
王象晉,子進,康宇,藎臣
王象瑜,玉軒,蓮洲
王象祖,大田,德甫
王象節,翼吾
王象蒙,子正
王豪,人傑
王豫,敬所,立甫
王豫卿,康侯
王豫嘉,九青
王豫州,潤皋
王貞,慕貞,蘆村女史
王貞儀,德卿,德風亭,金陵女史
王貞慶,善甫,金粟公子
王貞憲,敕如,汝敕
王貞春,煦堂,載陽
王貞淑,玉曠
王貞白,有道
王貫,一之
王貫三,配公
王貴,道充
王貴翁,君傳
王貺,子亨,王況
王貽典,石逸
王貽孫,象賢
王貽德,師禹
王貽杰,熊占
王貽桂,小山
王貽正,王貽永
王貽永,克明,季長,康靖,王克明,秀長
王貽清,筱岑
王貽燕,棪齋,翼安
王貽矩,王貽序,貽序
王賁,石潭,蘊文
王資,之深
王資深,取道
王資良,輔德
王賓,時暘
王賓之,賓之
王賓儒,蕊梅
王賓基,叔鷹,堇廬
王賓田,海鵬,硯農,芝泉
王賔儒,蕊梅
王賚,傅岩,穋村
王賜均,壹齋,逢齋
王賜履,少庭,少廷
王賞,望之
王賡,學坡
王賡榮,向甫,春舫,曏甫
王賡煒,亦臣
王賡言,簣山,贊虞
王賢,茂先
王質,子貞
王賽玉,儒卿,文卿
王贄,獻甫
王贇,世傑
王贈芳,倫堂,慎其餘齋,文安堂,曾弛,曾貤,曾貺,知足知不足軒,綸堂,霞九,音也負
王贊,嬾仙
王起,硯香
王起元,善長
王起岱,潔庵
王起幹,湘曲
王起明,晉象
王起芬,芳人
王起鴻,周翰,漁石
王起麟,孝侯
王超,東皋
王越,世昌,威寧伯,襄敏
王趯,彥恭
王軏,載卿,輿浦
王軒,臨卿
王軫,應宿
王軺,公佐
王軾,叔和,心坡
王輅,以明
王輔,良弼
王輔周,左丞
王輔臣,李輔臣,馬鴿子,馬鷂子
王輔運,林洲,開右,開石
王輔銘,翊思
王輝,左手王
王輝廷,南閤,南階
王輝祖,龍莊
王輦,子侍
王輪,子庸,孝泉,王綸
王輯寧,篠園
王輿,仲任
王轂,臨沂子,虛中
王辛,五山
王辰,星環,次農
王辰應,子震
王辰順,新畬,耕甫,耕畬
王近仁,定壽,定濤
王近思,子孝
王近敏,子修
王近訥,子仁
王迥,巣居子,王九,白雲先生
王迪,時吉
王迪中,二琴居士,再培,硯雲
王迪簡,庭吉,蕺隱
王述,懷祖
王述古,信甫,鍾嵩
王述周,訒齋
王述曾,木齋,省吾
王述濬,益江,雋驤
王迸,國瑞,純父
王迺容,子莊
王迺德,子一
王追美,輝之
王追騏,錦之,雪洲
王追驥,千里
王追麒,錦之
王通,文達
王造,依中
王造周,識字山翁,邵石
王逢,原夫,松塢先生
王逢元,吉山,子新
王逢吉,謙齋
王逢壽,鶴卿
王逢年,長孺
王逢庚,上章,肅堂
王逢源,星海
王逢瑞,梧圃,梧園,相圃
王逢祿,硯漁,硯通
王逢辰,芑亭
王連,海川
王連彩,聲齋
王連瑛,廉夫
王逨,致君
王進,以正
王進之,臨淸
王進寶,忠勇,顯吾
王進德,仁甫
王進泰,恭勤
王逵,惟道
王逸,文超
王遂,去非,實齋,正肅,穎叔
王遂善,季良
王遇,子合,子正,東湖
王遇亨,杜胥
王遇春,東星,東皋
王遇龍,千載,坤德,子坤,第季一
王運新,筠心
王運昌,蘭舫
王運開,子朗
王過,幼觀,拙齋
王遐齢,宜亭
王道,伯行
王道亨,紹祖,逸民
王道仁,世誠
王道充,懋中
王道全,子純
王道卿,淸臣,王淸臣
王道墉,崇菴
王道增,益甫
王道大,人一,無懷
王道孟,牧齋
王道成,原恭,見華
王道昌,叔潛
王道明,熙載,雙崎
王道昭,嗣徽
王道正,惟德
王道清,希真純素大師,正之
王道焜,少平,昭平,照平
王道生,時英
王道直,子繩
王道真,幹叔
王道純,希文
王道行,明輔,龍池
王道通,晉卿
王道遠,仁仲
王道顯,當世
王達,子泉
王達才,曉巖,曉帆
王達材,又農,子棟
王遜,謙伯
王遜志,文敏
王遠,帶存
王遠炳,盂桑
王適,子立
王遴,恭肅,慎徵,繼津
王遵,子法
王遵坦,太平
王遵度,鐵岸
王遵扆,秋崖,箴六
王遵禮,安卿
王遵訓,信初
王遷,無怨公
王選,慎簡
王遹,子敏
王遹昭,怡士,怡山
王遺直,叔向
王邁,正叔
王邦乂,俊臣
王邦俊,士賢
王邦寧,王邦甯
王邦瑞,惟賢,維賢,襄毅,鳳泉
王邦璽,介卿,貞石山房
王邦直,子魚
王邦選,秀升
王邦采,畦綠,貽六
王邦鼎,惕三,鐵珊
王邱,仲山,王丘
王郁,文愽
王郁蘭,蕙芝,香谷
王郡,勤愨
王郢玉,五懷
王都,琴川,邦畿
王都中,元俞,本齋
王鄖,文益
王鄰臣,光輔
王酆鼎,子涵,文倩
王酉發,噩甫,息寮子
王醇,函元,雨元
王醜醜,雙節
王釀,山翁,醉翁
王釅,日嚴
王釆,少白
王采,少白
王采薇,玉珍,玉瑛
王采藻,錡香
王采蘋,澗香
王采蘩,王采綠,莒香
王里,仁夫,應聘,第七
王重,十六,式鈞
王重儒,洛泉
王重光,廷宣,濼川
王重貴,權重貴
王重賢,子尚
王重陽,世雄,中孚,允卿,德威,知明,重陽子
王野,太古
王釐,有成
王金,汝礪
王金儀,桐君
王金印,冠廷
王金彝,銘昉,銘舫
王金成,惕菴
王金映,晴舫,鏡淸
王金發,孑黎,季高
王金笵,文敘
王金策,香杜
王金綬,伯霞
王金英,澹人,秋士,菊莊
王金華,寶山
王金銘,戒之
王金鎔,鑄言
王金鏞,笙甫
王金鏻,蔭棠,蔭蒙
王金鼎,笛浦,鎮九
王釗,子懋,柳川
王釴,公儀,龍江
王鈁,印岩,子宣,恭簡
王鈅,賜黃
王鈇,德威,王佚,王鐵,蒼野
王鈍,仕魯,士魯
王鈞萬,登廷
王鈴,子才
王鈺,十六,孟堅
王鈿,孟淑
王鉅,德卿
王鉅翁,萬古
王鉉,澹石
王鉉翁,中實
王鉌,應仲
王鉎,金圃,金園,金圖
王鉛,季和
王鉞,懋揚
王鉦,王珏
王鉽,聲遠
王銍,性之,汝陰老民
王銑,王景顥,礪可,麗可
王銓,秉衡
王銓臣,寮洲
王銘,未岩,裴山
王銘淵,史漁,薌泉
王銘臣,於常
王銘西,愚溪
王銘訥,訒齋
王銳,允威
王銳新,文鋒,澤農
王鋌,紫長
王鋭,允威
王鋻,畏三
王錄,子薦
王錕,振伯
王錚,半農,幼瑩,於民
王錟,一雪,巨野老人,長穎
王錡,赋九
王錦,在中
王錦繡,壯節
王錦雯,慕齋,雨農,雲上
王錦韓,季侯,雲岩
王錫,子美
王錫三,蕓閣
王錫九,宗濂,蘭史
王錫侯,嶠海,康國
王錫元,十四間書樓,紫籐花館,蘭生
王錫命,天予
王錫奎,文一,麗亭
王錫康,悔庵,用蕃
王錫彤,悔齋,抑齋,筱汀
王錫恩,禹峯
王錫晉,桐甫,逸雲
王錫景,介亭
王錫朋,剛節,樵傭,樵慵
王錫爵,元馭,文肅,荊石
王錫琯,玉叔
王錫瑞,元芝,應廬
王錫疇,夢厓
王錫祺,壽萱,瘦冉
王錫純,熙臺
王錫綸,印川
王錫纓,冠楚
王錫蕃,季橋,思劬,稚蘭
王錫蕙,樹百
王錫誥,芝庭
王錫輔,龍章
王錫銜,笏亭,筠亭
王錫鑛,含貞
王錫闡,天同一生,寅旭,昭冥,昭奐,曉庵,曉菴,餘不
王錫齡,松甫
王錱,壯武,家賓,璞山,返璞山人
王鍃,四十六,文曜
王鍇,叔金
王鍈,伯和,樸齋
王鍊,弘範
王鍭,子鋒
王鍵,德閒
王鍾,公虛
王鍾俊,選才,銅山逐客
王鍾健,仲乾,王鐘健,靜亭
王鍾吉,藹人
王鍾鈁,羅山,翼山
王鍾靈,龍淵
王鍾麒,天僇生,無生
王鎔,三十,時化
王鎔金,鑫亭,鑫堂,鑾堂
王鎡,介翁
王鎬,鳳巢
王鎮,景安
王鎮南,贊三
王鎮新,至堂
王鎮清,麗生
王鎮濤,麗生
王鎮興,賓柔,黃甲草廬老人
王鏊,九峰主人,守溪,守谿,文恪,清之,濟之,震澤,震澤先生
王鏗,貞石
王鏜,孟聲
王鏞,莪蕓
王鏡瀾,月坡
王鏳,叔聞
王鐐,德耀
王鐔,子相,逸蕘
王鐘峷,太峯
王鐵珊,伯唐,海門,王樂洋
王鐶,崇重
王鐸,大振
王鑄,天賞樓,王敷,蘊成,雪浦
王鑅桂,竹樓
王鑑,後山
王鑑之,明仲,遠齋
王鑑善,虛堂
王鑑澐,偉臣
王鑑翁,子明
王鑒,符照
王鑒塘,寶泉,淸如
王鑨,大愚,子陶
王鑰,北門
王鑾,西園
王镃,王滋
王長生,畹蘭
王長發,祥甫
王長蔭,槐庭
王開,元啟,鏡潭
王開伯,王關伯
王開俊,勇烈
王開化,貞介
王開寅,紹珊
王開甲,掄珊,綸山,靜初
王開祖,儒志先生,景山
王開禧,立堂
王開袓,儒志先生,景山
王開雲,湘友
王閏之,季章
王閏孫,伯永,懶雲
王閑,堅廬
王闈,無競
王闐,維振
王闓運,壬父,壬甫,壬秋,尊經,朗齋,湘綺,湘綺先生,湘綺樓,湘綺老人,王開運,紉秋
王闢之,聖塗
王阮,南卿
王阳明,王守仁,守仁,伯安,阳明,阳明先生
王陟,王涉
王陟臣,希叔
王陳常,思文,慕彬居士
王陳策,師董
王陶,文恪,樂道
王隅,仲廉
王隆熙,黽承
王階,臺仙
王際康,呂崖
王際有,書有
王際華,二十四福堂,夢舫居士,文莊,白齋,秋水,秋瑞
王際逵,叅漢
王隨,子正,文惠,章惠
王隼,王準
王雄,文翀
王雅,格非
王集,呂存,少盦,雲甫
王雋,迪父
王雍,原肅
王雨,伯時
王雨謙,勿軒老人,王佐,白岳
王雨谷,問渠,子詒
王雯,慶祥
王雱,元澤
王雲,根石
王雲?,華雲?
王雲岫,矞堂,雯谷
王雲清,月樵,貴卿
王雲漢,倬菴,倬葊
王雲煥,曉圃
王雲藩,階平
王雲起,友山,霖仲
王雲銘,寶文
王雲錦,倬亭,宏駿,海文
王雲鱗,桂亭
王雲鳳,應韶,虎谷
王雲鷺,翀孺
王雲龍,雲卿
王霆,定叟
王震,文豫
王震亨,乾二
王震午,喜郎,希舜,第長
王震定,東父
王震生,去非
王震起,海屏
王震龍,霖九
王霈,雨三
王霖,澄齋
王露,天波,戒三
王霽,汝明
王靈仙,神像
王青熙,心潭,明甫,春明
王青琴,素卿
王青翰,香印
王青蓮,希白,金粟齋,香湖
王靖,詹叔
王靖共,慎旃,慎栴
王靖廷,壽椿堂,小萬卷樓,臣恭
王静,子仁
王靜,永靜
王靜儀,艷雪
王靜專,寧遠
王靜德,安如,荇洲
王靜涵,曉江,虛齋
王靜淑,一真道人,玉隱,釋凈琳,隱蟬子
王靜紈,文琳
王靜言,淑蘭
王鞏,伯愿
王鞞,棣芬
王韋,文霸
王韜,大隱
王韞徽,澹音
王韞秀,王蘊秀
王韞章,玉田,蘭齋
王韶,子相
王韻梅,王韶梅,素卿
王韻香,淸微道人
王頂,不惑,張頂
王順,祖孝
王順孫,彥升
王順德,叔昌
王順榮,靜安
王順祺,廷壽
王順行,成五,率之
王頊,茂原
王頊齡,世恩堂,容士,文恭,松喬老人,瑁湖,畫舫齋,秀甲園,錫壽堂,顓士
王頌椒,篆雲
王頌蔚,王叔炳,筆傭,芾卿,蒿隱,黻卿
王頌霖,杏溪
王預,立誠
王頔,叔雅
王頠,玄鑒
王頤,養正
王頤正,子登
王頲,士直,青鳧
王題雁,仲銘,雙峰
王顏,復元
王顒,崇可
王顯,必融
王顯世,子亦
王顯仁,克明
王顯名,王顯眀
王顯忠,元孝,肝山
王顯懿,彝叔
王顯曾,傳研堂,周謨,文園,雙峰草堂
王顯祖,繼先
王顯祚,襄璞
王顯緒,維彰,芝岩,閏軒
王顯謨,紫珊
王顯道,微之
王風仁,象觀
王風采,汝載
王颺昌,子言
王飛,飛虎將軍
王養壽,稻蓋
王養晦,翰孺
王養正,伯純
王養浩,伯充
王養粹,法乾
王養素,冲虛真人,壽之
王餘佑,五公山人,介祺,文節先生,申之
王餘慶,叔善
王餘芊,子千,玉泉
王馥,少昭
王馨,兆弼
王馴,上泉
王駒,少甫
王駕,大用,守素先生
王騊,茂良
王騎鶴,慶也
王騫,思靖
王騭,人岳,人嶽,幾菴,王隲,相居,辰岳,辰嶽
王騰,允升
王騰望,吉旋
王驤,壽夫,孝泗,少莪
王驤陸,仁知居士,相六
王驥,尚德,忠毅,靖遠伯,靖遠侯
王體仁,綬珊
王體健,廣生,淸有
王體名,樸園
王體復,陽父
王體文,堯章,渙夫,第七四
王體泰,情閩,椿圓,椿閩,椿闓
王高,思登
王鬲,景和
王鬷,忠穆,總之
王魁鑾,洪達,金珊
王魏勝,卜昌,杏村
王魯,希曾
王魯山,子琴
王魯復,夢周
王鯤,旭樓,瀛之
王鯨,大升
王鰲永,澗遡,王鼇永,蘅皋,霏雪館
王鳳,舜儀
王鳳周,梧崗
王鳳坦,履吉
王鳳垣,履吉
王鳳嫻,文如,瑞卿
王鳳孫,振采
王鳳文,丹峯
王鳳昌,翰屏
王鳳森,子林,秋圃,鸞亭
王鳳椿,雲枝
王鳳沼,儀卿,翼淸
王鳳璘,彬儒
王鳳生,振軒,江聲帆影閣,竹嶼
王鳳祥,恭勤
王鳳竹,儀臺,允在
王鳳翔,梧岡
王鳳翱,石城
王鳳英,桐花
王鳳靈,十七,應時,筆峰
王鳴,吉士,桐岡
王鳴玉,六瑞
王鳴球,儀皇
王鳴琦,小韓
王鳴盛,禮堂,西沚,西沚居士,西莊,鳳喈
王鳴臣,汝文,陽岡,陽江
王鳴韶,儀鳳,剋柔,夔律,王廷諤,禮傳堂,竹窗,翠微精舍,蓑笠軒,逸野堂,鶚起,鶴溪,鶴溪子,鶴谿,鶴谿子
王鳴鳳,子儀
王鳴鶴,羽卿
王鴻,翼道
王鴻中,舉一,雲峰
王鴻儀,雲衢
王鴻儒,大士
王鴻兟,嘯龍,巸庵,無離
王鴻典,慎齋
王鴻功,子儀,羽可
王鴻嵩,峻如
王鴻志,夢授
王鴻業,千秋,君調
王鴻漸,懋德,淯南
王鴻烈,小嗚,小鳴,心齋
王鴻緒,儼齋,壽昌堂,季友,敬慎堂,横雲,横雲山人,王度心,秀友,賜金園
王鴻翔,惕生,澹盦,燕孫
王鴻翱,子升
王鴻舉,儀甫,用亭
王鴻詞,博之
王鴻誥,漸逵,為儀
王鴻賓,筵初
王鴻飛,厚山,緒雲
王鵠,子梅,王鴻
王鵬,萬里
王鵬壽,友松
王鵬運,佑遐,半塘,半塘僧,半塘僧鶩,半塘老人,四印齋,幼遐,幼霞,校夢龕,騖翁,鶩翁,鶩遐軒
王鶚,文康,百一
王鶴,于野,子皋,子臯
王鶴年,芝田
王鹽鼎,頤之
王麒,筠亭
王麗娟,金兒
王麟,春塢
王麟兆,級庭
王麟書,昭如
王麟標,圖公
王麟祥,星生,曉峰,退齋
王麟趾,瑞甫
王黂,仰坡
王黃森,栢泉
王默,伯靜,子章
王黼,將明,王甫
王鼎,佐梅
王鼎伯,瑞川
王鼎冕,甲先
王鼎彥,隨庵
王鼎徵,肖穀,肖緞
王鼎梅,味羹
王鼎爵,家馭
王鼎臣,玉耳
王鼎起,玉鬯
王鼎輔,潛庵,潛菴,緒菴
王鼎銘,錄勳
王鼒,冶秋,啟庭,靖侯
王齊,內肅
王齊丘,尚一
王齊叟,彥齡
王齊愈,文甫
王齊海,星槎,萬涵
王齊輿,之孟
王齡昌,錫九
王龍光,幼譽,耶溪先生
王龍應,第六,韶父
王龍文,澤寰
王龍澤,及翁,潛淵
王龍見,默齋
王龔,漢卿,王齊褒
王龜,大年
王龜齡,安仁
玻崇武,博崇武
珂克僧額,小亭,揮如,秋浦
珂實克,珂什克
珊竹,居仁
珠爾杭阿,珠爾剛阿
班吉本,揖固,韋卿
班弟,班第
班惟志,彥功,恕齋
班昭,惠姬
班都察,忠定
理洪儲,孝敏,李洪儲,繼起,退翁
理熙,仲雍
琔珠,定珠
琦昌,齊贇達
琴應夾,夾之,日休堂
琴蘭秀,孤山主人,惺齋,聞遠
琴輔,士任,柏栗堂,梅軒
瑚世泰,瑚什泰
瑚嚕克格綳額,格繃額
瑚圖禮,景南
瑚爾哈托克雅,呼爾哈托克推,托克推,虎爾哈托克推
瑚爾哈托恩東額,託恩東額
瑚爾虎康喀賴,呼爾哈康喀賚,瑚爾喀康喀賚
瑚錫哈哩伯麟,壺錫哈理伯麟,文慎,梅坪,玉亭,退思齋
瑛桂,丹卿,月樵,林一
瑞亨,禮門,蘊謙
瑞保,執桓
瑞常,芝生
瑞徵,石麟
瑞明,仲欽,菊莊
瑞林,芸卿
瑞洵,景蘇
瑞琛,獻廷
瑞瑸,仲文
瑞璋,茀侯
瑞興,芝庭
瑞良,鼎臣
瑞賢,子良
瑞雲,代華
瑞麟保,匏生,瑞旹
瑣非,復初,拙齋
瑣魯火都,忠定
瑪拉特松寧,瑪拉特松箖
瑪拉特松筠,文淸,湘浦,百二老人
瑪拉特熙昌,敬慎
瑪敞,瑪常,瑪昌,瑪瑺,馬常,馬昌
瑪爾洪阿,瑪爾吉阿
瑺亨,嘉會
璩之璞,仲玉,君瑕
璩可道,元學
璩崇胤,紹宗
璩某（璩慶孫）,韓哥
璩某（璩慶重孫）,張住
璩煇,艮齋,良齋,長齋
璩詠,益亭
瓜勒佳三德,昭毅
瓜勒佳努三,恪靖,瓜爾佳努三
瓜勒佳吳達善,勤毅,瓜爾佳吳達善,雨民
瓜勒佳圖欽保,圖欽寶
瓜勒佳富德,瓜爾佳富德
瓜勒佳滿福,勤毅,武毅
瓜勒佳瑚爾起,瓜爾佳瑚爾起
瓜勒佳端濟布,壯節,瓜爾佳端濟布
瓜勒佳觀音保,瓜爾佳觀音保
瓜爾佳五岱,伍岱,瓜勒佳五岱
瓜爾佳伊克坦,仲平,文直
瓜爾佳伊遜,襄壯
瓜爾佳佛倫保,佛楞保,瓜爾佳佛蘭保
瓜爾佳保明,瓜勒佳保明
瓜爾佳倭黑,沃赫
瓜爾佳傅爾丹,溫心
瓜爾佳剛林,公茂,巴克什
瓜爾佳勞薩,噶喇衣章京,忠毅,襄毅
瓜爾佳吳拜,勇壯,果壯,武拜,烏拜
瓜爾佳和託,和托
瓜爾佳哈哴阿,剛恪,瓜爾佳哈朗阿,瓜爾佳哈郎阿
瓜爾佳哈寧阿,哈甯阿
瓜爾佳哈豐阿,瓜爾佳哈凝阿,瓜爾佳哈寧阿
瓜爾佳圖賴,圖賚,昭勳
瓜爾佳塔斯哈,塔思哈,莊毅
瓜爾佳塞楞額,色楞額
瓜爾佳奎俊,樂峰
瓜爾佳奎恆,奎恆
瓜爾佳官達色,瓜勒佳官達色
瓜爾佳富僧德,武壯
瓜爾佳岳良,崧亭,松亭
瓜爾佳崇勳,建侯
瓜爾佳崧蕃,錫侯
瓜爾佳崧駿,振青,鎮青,雪帆
瓜爾佳巴錫,瓜勒佳巴錫
瓜爾佳席卜臣,錫卜臣
瓜爾佳庫勒納,庫勒訥,庫哷納,庫哷訥
瓜爾佳彰庫,張庫
瓜爾佳復興,勤毅
瓜爾佳怡良,悦亭
瓜爾佳恆安,輯堂
瓜爾佳扎隆武,札隆武
瓜爾佳托雲佈,瓜勒佳托雲佈
瓜爾佳敖拜,鰲拜,鼇拜
瓜爾佳敦住,瓜勒佳敦住
瓜爾佳文祥,博川,子山,文山,文忠,斯不負齋
瓜爾佳文輅,吏隱居士,子乘,子稱,小舫,玉林
瓜爾佳斌良,備卿,吉甫,壽石盦,抱冲齋,梅舫,眠琴仙館,笠畊,笠耕,隨葊
瓜爾佳普恭,壽峰
瓜爾佳景福,介之,仰亭
瓜爾佳景霖,介如,叔度,星橋
瓜爾佳果陞阿,果升阿,果星阿
瓜爾佳格斯泰,瓜勒佳格斯泰,瓜尔佳格斯泰,葛思特
瓜爾佳桂良,文端,燕山
瓜爾佳榮祿,仲華,文忠,略園
瓜爾佳欽拜,瓜勒佳,肅敏
瓜爾佳武理堪,兀里堪,武禮堪,烏哩堪,烏理堪
瓜爾佳武賴,吳賴,康毅
瓜爾佳氏,吟香主人
瓜爾佳沙爾虎達,襄壯
瓜爾佳法良,可庵,可盦,可菴,夢蝶,漚羅,漚羅待史,漚羅盦,頻羅菴
瓜爾佳烏凌阿,壯武,烏淩阿,莊武
瓜爾佳特登額,恭慎,芳山
瓜爾佳玉崑,武節,瓜勒佳玉崑
瓜爾佳玉德,他山,達齋,餘蔭堂
瓜爾佳珠滿,瓜勒佳珠滿
瓜爾佳瓜勒佳忠靈,瓜勒佳忠靈,鍾靈
瓜爾佳盛桂,盛貴
瓜爾佳石成,瓜勒佳石成
瓜爾佳福瑞,果愍
瓜爾佳福綿,福緜
瓜爾佳程尼,誠介
瓜爾佳穆克德訥,勤毅,穆克德諾
瓜爾佳穆哈納,瓜勒佳穆哈納
瓜爾佳穆里瑪,穆理瑪
瓜爾佳索海,曹海
瓜爾佳聯英,秀峯
瓜爾佳英奎,伯文
瓜爾佳蘇拜,勤僖
瓜爾佳蘇清阿,剛愨
瓜爾佳觀喜,吉蘭,果毅,瓜爾佳觀音喜,關喜
瓜爾佳觀成,葦杭,葦航
瓜爾佳觀明,官明
瓜爾佳賡福,瓜爾佳賡音保
瓜爾佳趙布泰,卓布泰,武襄,趙布太
瓜爾佳車克,文端
瓜爾佳達普都哩,瓜勒佳達普都哩
瓜爾佳郎坦,郎談
瓜爾佳鄂泰,瓜勒佳鄂泰
瓜爾佳金梁,一息老人,小肅,息侯,瓜圃,錫侯
瓜爾佳長壽,希彭
瓜爾佳長瑞,小泉,武壯
瓜爾佳長秀,其五,可青軒,蘭舫
瓜爾佳阿靈阿,愨勤
瓜爾佳雙慶,有亭
瓜爾佳雙銳,恭愨
瓜爾佳音泰,殷泰,淸端
瓜爾佳額勒登保,忠毅,珠軒
瓜爾佳馬爾薩,瑪爾薩,瓜勒佳,馬爾塞
瓜爾佳魁齡,夢符,端恪,華峰
瓜爾佳麟椿,麟春
瓜爾佳麟趾,壯介,蕉園
瓜爾佳麻勒吉,謙六
瓦三果爾沁,斡三果勒沁,果勒沁,果尔沁,瓦山果勒沁,葛爾沁,襄敏
瓦三阿爾沙瑚,斡三阿尔沙瑚,瓦山阿爾沙瑚,阿尔沙湖,阿尔沙瑚,阿爾沙湖
甄世泰,履謙
甄世良,賢卿
甄元成,敬平
甄克敏,德修
甄完,克修
甄崇德,學漸,鴻齋
甄希賢,士勉
甄度,文榘
甄庸,定理
甄徹,見獨
甄成德,行叔
甄敬,子一
甄昌祖,茂先
甄昭,子布
甄棲真,道淵
甄槃,澗濱
甄氏,甄后
甄汝翼,鶴溪
甄沛,汝澤
甄津,汝問
甄淑,爾儀,錦石
甄藍玉,鈿卿
甄鐸,文振
甄龍友,雲卿
甕蕙,季芳
甘一驥,德夫
甘京,健齋,甘涼
甘作賡,和廷,問和,颺三
甘來學,継齋,開之
甘傑,甘醴銘
甘元奎,兩溪
甘元煥,峴叟,建侯,復廬
甘元輔,相宜
甘公亮,欽采
甘勉,思學
甘叔異,同叔
甘可貞,洪喬,虹橋
甘同叔,子異
甘和,瑤軒
甘啟華,韻仙
甘國璧,惟弼,東屏,立軒
甘國銓,平父
甘培源,先之
甘培紀,紹堂
甘塏,子純
甘士价,紫亭,維藩
甘夢祥,國興
甘大橓,寬夫
甘大綬,子紆
甘守先,薪圃
甘定中,善孫,居一,第念三,餘慶
甘家斌,秩齋
甘常俊,用章,甸方
甘庭珪,德全,甘廷珪
甘延年,存仁
甘復,克敬
甘恪任,莘邨,莘頓
甘惟寅,孔肅
甘慤,天民
甘應俊,士雅
甘承謨,裕亭
甘振,大聲
甘揚聲,實夫,寶夫
甘敬脩,示勉
甘文焜,仲明,忠果,炳如
甘文翰,國華
甘昭吉,祐之
甘晉,仲湟
甘朗,明遠
甘朝舉,士廉
甘杲,景行
甘某,仲肅
甘桂芳,秋巖
甘棠,景召
甘棻,穀卿,載卿,轂卿
甘楚材,梅坡
甘樹椿,花隱老人,雨亭
甘正頤,汝觀
甘汝亨,衢上
甘汝來,耕道,耕野,莊恪,遜齋
甘泳,中夫,東溪,東溪子,泳之
甘淵,伯淸
甘澤,洪濟
甘炳,竹生
甘為霖,公望,几山
甘焯,慶郎,明遠,第念九,西父
甘熙,實庵,石安
甘特,存庵,達士
甘玉麟,實摩
甘瑛,宗華
甘瑾,彥初
甘福,夢六,德基
甘禾,周書,愛廬,晴村
甘立,允從
甘立功,淡泉
甘立媃,如玉
甘立德,惟一,純齋
甘立朝,正甫
甘立猷,惟弼,維弼
甘立言,惟服,謹軒
甘節,尚忠
甘籌,大衡
甘紹盤,愚亭
甘維寅,孔夙
甘茂榮,定菴,榮可
甘茂源,泉甫
甘茹,征甫
甘觀,貞父
甘調元,諧卜
甘調陽,雨若
甘談,叔閏,第七,貴默
甘逢年,經畬
甘運壽,海鶴
甘運源,十三山外史,嘯喦,嘯岩,嘯巖,我道人,甘源,道淵
甘運籌,海鶴
甘際昌,鶴海
甘雨,時霖
甘霖,時雨
甘鴻,小倉,小蒼
甘鵬雲,崇雅堂,息園,息園居士,月樵,樾僑,潛廬,翼父,翼甫,耐公,耐翁,葉樵,藥樵
甘麻剌,光聖仁孝皇帝,顯宗
甯世簪,單公
甯中立,爾強
甯之昆,仲劉,忠劉
甯升,允亭
甯古塔皁保,吟舫,天然如意齋,天瓶居士,廕方,潛齋,蔭方
甯嘉猷,君獻,屏穀
甯完我,公甫,寧完我,文毅,萬涵
甯師張,希仲
甯廷芬,梅軒
甯思真,子仙
甯承勳,寗承勳,康侯,昭德
甯承烈,寗承烈,武侯,節愍,養純
甯時謨,甯時鏌
甯時鳳,祥夫
甯正,正卿,韋正
甯洵,文仲
甯溥,公父
甯炳文,蔚卿
甯瑛,廷玉
甯瑜,樸齋
甯繩武,貽軒
甯良,元善
甯蘭森,香汀,香江
甯鈳,大受
甯雋,公才
甯鳳鼎,菊夏
田䨙,潤齋
田一儁,中台,德萬,田一雋,賓陽
田一麟,道徵
田三戒,子慎
田世威,維揚
田中,立夫
田中玉,韞山
田中義,白岩
田九齡,子壽
田亙,元邈
田京,簡之
田人熙,子青
田仁,路孫
田仁汪,履貞
田仙寮,玄達先生
田令孜,陳令孜
田仲珪,瑞卿
田佐,德賢
田佑,廷相,田祐
田作霖,輔臣
田依渠,枚村,每存,環溪
田倫,德彝
田偉,德英
田元,太初
田元晉,明卿
田元焕,和卿
田元素,玄靖先生,知白
田光壁,玉章
田克悉,安叔
田公遠,子逈,田公述
田六善,兼三,兼山,鷦棲
田其年,東方,東芳
田制祿,石泉
田勤生,勤肅
田勸,作民
田化龍,騰岳
田博,德師
田占,士元
田厚,成之
田厥茂,心畊,心耕
田可大,燕五
田吉,五虎,兆元,夢吉
田同之,在田,彥威,西圃
田名撰,蕉農,金詔
田君度,唐公
田君彥,德茂
田呈瑞,介璞,蒼崖
田商霖,珠濤
田啟光,四表
田喜?,注山
田嗣叔,忠毅,起宗
田嘉榖,樹滋,芹村
田嘉禾,峯霖,逢霖
田嘉穀,樹滋
田嘉蘭,蓀襄
田國俊,垚莊,熾庭,研芸,鶴樵
田在下,楚臣
田圭,信夫
田地,閔王
田均晉,碩洲,邵洲,頤洲
田均隋,玉洲,鑒川
田堯封,岳恆
田墀,大庭
田壎,伯聲
田大年,湀川,漢川
田大有,思齋,豫甫
田大益,博眞,博真,或損
田大稔,阜海
田好謙,遜宇
田如京,子庾
田如芬,芝泉
田如鰲,凝叟,田汝鰲,邦鎮
田如鼇,田如鰲,癡叟
田子堅,茂甫
田子成,成之,武康
田孔昭,德明
田存義,廣亭,肅亭
田季,策卿
田宏,廣略
田宗源,子濟
田實發,玉禾
田寶卿,筠舲
田寶臣,少泉,竹家
田山雲,雨伯,頤齋
田岱雲,作霖
田嵓,景瞻
田嵩年,季高,遯翁
田希呂,志舒
田庚,紹白,鎮海
田延昭,廷昭,紹方
田式,顯標
田弘正,安道
田彬,中度
田得吉,惠泉,迪亭
田得名,雨嵐
田得雨,時哉,松崖
田從典,克五,剋五,嶢山,文端
田德,胡子
田志勤,崇廣,平圃
田志肅,恭甫,琴舫
田忠,伯邑
田忠良,忠獻,正卿
田怡,子如,翕九
田恂,信卿,子笠
田恪,敬甫
田惠,師舉
田慈龍,景明
田慶曾,介眉
田應昌,際間
田應璜,子琮
田應科,果毅
田懋,德符,退齋
田懿,伯達
田成法,子憲
田成玉,荊岩
田我霖,少坪,雨田
田授,承之
田攀龍,小池
田敏,子俊
田敏耕,曉園
田文烈,姚堂,拙安老人,煥庭
田文虎,炳叔
田文錦,子城
田文鏡,仰光,端肅
田文鼎,仲德,蒙軒
田斌,尚賢
田既霖,夏雲
田明德,澄伯,韻松
田明昶,朧初,靜軒
田明濯,星五
田明理,仲儒,威仲
田時秀,子實
田晝,承君
田景暘,時中
田景瀛,仙洲,春亭
田景猷,觀野
田景賢,宗儒,西郭
田景遷,田景千
田智枚,介臣
田曉,就堯,德充
田曠,符度
田書年,子耘,念農,雲史
田曾,撰異
田有嘉,會之
田有年,孫若,孺儁,迂叟
田朝泰,菱齋,鄰哉
田本,笠人
田本沛,華在,華石
田松齡,碧園
田桐,恨海氏,梓琴,玄玄子
田楊,廷翰
田榕,南村,拙園,端雲
田榮祖,繼先
田樂,希智
田樂義,宜卿,直卿,芸野
田樹榮,田書榮
田毓民,澤普
田毓璠,福生,魯玙
田氏,恭淑端惠靜懷皇貴妃
田氏(辛棄疾妾),田田
田永祚,吉卿
田永秱,田永桐
田汝成,叔禾,豫陽
田汝耔,勤甫,水南
田汝頴,登之
田汝麟,子仁
田汝𦓹,深甫,莘野
田況,元均,宣簡
田泂,田洞
田泰斗,一山
田淦,累遷
田淵,文淵
田游巌,田二
田滋,榮甫,莊肅
田潛,伏侯,小蓴
田潤,景潤,田淡
田澤,濟民
田澹,子真
田濟,汝霖
田濡,南畹,少生
田濤,岫生,曉生
田瀾,汝觀
田為,不伐
田煐,田瑛
田爾耕,五彪
田玉,璧華
田玉成,荊巖
田玉梅,田玉槑,鼎臣
田玉燕,雙飛
田玹,廷玉
田珍,待溪
田琦紳,莆坪
田琨如,應瑞,雙峰
田琯,希玉,希舜,竹山
田瑄,德潤
田瑛,玉汝
田瑜,資忠
田瑞庭,雲根
田瑧,志道
田甘霖,特雲
田生金,成叔,雙南
田甫,良輔
田畊,濟民
田畫,文初
田畯,仲卿
田疇,汝治
田登,有年
田登年,子登
田真子,正甫,第五
田祖生,季耕,文元,耕隱
田祥,吉生,吉蓀,鵝鼻山樵
田祿生,壄隱,孟耕
田禋,本誠
田福茂,廷耀
田秀,子實
田秀栗,子賓
田秋,汝力,西麓
田秫,尺徑山人,藝陶
田稔,慶甫
田種玉,公琢
田穆,深遠,田穑
田積中,巨載
田立家,平寰,正國
田章,漢風
田紀,文綱
田紱,大章
田維翰,半翁,西園
田緒宗,彷文,文起,蓼庵,雨來,鹿關
田緒文,筠川
田繼昌,月村
田耀昆,鼎三
田耕,仲耘
田耕可,九三
田聯第,省齋
田肇埏,會九
田腴,誠伯
田自禪,絅叔,錦山
田興勝,武烈
田興和,怡亭
田興奇,剛介
田興奎,星六
田興宗,外孫,德遠,第二
田興恕,忠普
田舜年,九峯,九峰,韶初
田良,君遂,恆齋
田良輔,君佐
田芬,孟蘭
田茂遇,楫公,髴淵
田荊,廷友
田莊儀,禮常
田著,晦叔
田蓮瑞,儷江
田蕙,應秀
田蕙田,友蘅,梅平
田薰,雪崖
田藝蘅,子蓺,子藝
田蘇游,劭秋,美本
田蘭芳,伍衆,梁紫,簣山
田行源,汪之
田衍,師孟
田詔金,恩書,鶴泉
田讓,敬齋
田豐,子慶
田象三,大尚
田貞,子貞
田貴生,仲耕,文惠,耒隱
田賦,公賦
田質,文伯
田起濱,錦如,錫如,錫汝
田起龍,雲從
田軒來,東軒
田辟疆,宣王
田述,首囗
田述古,明之
田通,仁舍
田逢吉,凝只
田進,子興
田進陛,聖勷
田鈞,秉之
田鉷,公異
田銳,伯穎,樹皂
田錫,田繼沖,表聖
田錫珍,聘臣
田鍾秀,梅圃,梅園
田鎮則,印僧,朝英,第小六,顯元
田鐸,振之,西埜
田閏,閏之
田闢,滋墅,西亭
田際春,石怦,芳卸
田雄,毅英
田雨公,敬堂,杏軒,硯農
田雨時,霖商
田雯,古歡堂,子綸,寒綠堂,山彊,山彊子,山疆,山疆子,山疆書屋,山薑,山薑子,德州先生,方壺齋,漪亭,漫郎,紫倫,紫綸,紫輪,綸霞,聱叟,蒙齋
田雲倬,少虹
田需,子益
田震,起也
田霈霖,雙雲
田霖,威節
田霡,子益,樂園,香城居士
田靈芝,先奇
田頊,希古
田頤,正叔
田馭遠,柔我
田鳳儀,慶葉
田鳳昺,星垣
田麟,西藪
田龍,文明
由禮門,中夫
由雲龍,夔舉,定庵
甲穟,叔旆,遜菴
申㶅,晩悔堂,道源
申㻙,克厚
申丹,蒼嶺
申之悌,梧峰,梧齋,順夫
申仲,次孟
申仲康,西叔
申价,懋德,紫厓,紫崖
申佐,懋良
申佐鼎,金鋐
申佑,君佐
申佳胤,申佳允,申申嘉允
申儀華,四痴,四雅,瑞明
申光弼,郊峯,隣卿
申光漢,企齋,文簡,時晦,漢之,石仙齋,靑城洞主,駱峰
申公濟,伊溪,希仁,貞敏
申典常,庚堂
申冕,時周
申叔舟,保閑齋,希賢堂,文忠,泛翁
申命仁,松亭,榮仲,貞淸,風流狂客,龜峰
申命和,季欽
申命圭,元瑞,君瑞,適安,默齋
申命鼎,伯凝,隠坡
申啟賢,子敬,子鏡,敬亭,文恪,鏡汀
申圾,就閑
申垓,仲遠
申埈,平仲
申士秀,書升
申夢憲,汝式
申夢璽,受昌
申大年,鶴圃
申大成,子相,蓮峯,蓮峰
申奎,文甫,醉隱
申孝仲,友君
申孟慶,伯祥,雲溪
申季誠,子誠,松溪
申安,仲舒
申尚毅,果亭,次剛
申居鄖,西岩,錫勛
申屠性,彥德
申屠有涯,缾隱
申屠澂,仲敬
申屠義,順之
申屠致遠,大用,忍齋
申屠衡,仲權,樹屋傭
申屠誠,行諶
申屠逸,庭光
申屠駉,子廸,子迪
申常典,庚堂
申弼貞,元伯,病翁
申得淵,玄圃,靜吾
申從濩,三魁堂,次韶
申德隣,不孤,醇隱
申德馨,桐友
申志廉,浣淸,浣青
申志貞,正之
申思喆,明敍
申思夔,汝一
申思科,登甫
申恕,仲寬
申恜,謹叔
申恦,孝恩,忠貞,恩休窩
申恭,思德
申悅道,懶齋,晉甫
申愈,伯謙,晦谷
申慄,懼而
申應榘,子方,晩退軒
申成慕,聽竹
申抃,樂天,樂翁,橘宇亭,貞信
申敏一,功甫,化堂
申敬,敬先
申文彩,林軒
申文濟,龍溪
申旞,儀卿
申昉,明遠,鈍庵
申時行,休休居士,徐時行,文定,汝默,瑤泉,蘇菴主人
申景瑗,叔獻
申景禋,子精
申景禛,君受,忠翼
申景裕,子寬,景毅
申晳,聖與
申曅,季晦
申曼翊,曼倩
申最,季良,春沼
申末舟,子楫,歸來亭
申杲,良輔
申某,申氏,真空
申槩,子格,寅齋,文僖
申橈,季涉,雲臥
申檣,巖軒,濟夫
申櫓,濟而
申欽,放翁,敬叔,文貞,玄翁,玄軒,象村
申氏（申情女）,申桂姐
申汝哲,季明,知足堂,莊武
申汝慧,南峯,南峰,定甫
申沆,容耳,文孝
申浚,彦施,懶軒,昭安
申浦南,天寄,自然
申浩,彦源,武壯
申涌,季修,霞隐
申涵光,和孟,孚孟,廣平三君,畿南三子,畿南三才子,符孟,聰山,聰山先生,臥樗老人,荊園,鳧明,鳧盟
申涵煜,觀仲,鶴盟
申涵盼,隨叔
申混,元澤,柳菴,艸菴
申湛,仲卿,漁城
申湜,叔止,用拙齋
申潛,元亮,峨嵯山人,靈川子
申澄,子渻
申澳,士濯
申濡,君澤,泥翁,竹堂
申瀞,彦游
申炅,用晦,華隱
申爾忠,獻赤
申球,君美
申理,伯溫,潛山
申琓,公獻,文莊,絅庵
申瓚,而戲
申用休,戒之,雲谿
申用嘉,美中
申用懋,元渚,敬中
申用漑,二樂亭,文景,松溪,漑之,睡翁
申甫,三分水刵分書屋,及甫,笏山
申砬,忠壯,立之
申碩蕃,仲衍,百源
申磼,伯俊,忠獻,獨松
申礏,仲峻
申祐,天錫
申穟,叔旆
申純,厚卿
申紹芳,維烈,青門
申綋祚,嵩臣,維久
申維岱,國鎮
申綸,南濱,廷言
申繼揆,勖庵,維誌,蘧園
申翊亮,君輔,象峯
申翊全,東江,汝萬
申翊聖,君奭,文忠,東淮居士,樂全堂
申翊隆,君弼,濠梁
申翼相,叔弼,貞簡,醒齋
申興瑞,瑤圖
申良,延賢
申良佐,輔之
申萬祿,壽菴
申蕙,蘭芳,詩農
申詒,紫亭
申誠立,子精
申誥,紫亭,紫庭
申贊皇,士先
申輯英,玉卿
申達道,亨甫,晩悟
申遵美,士休
申銋,寒竹,忠景,華仲
申錫綬,印堂,蔭棠
申鍾岳,耐園
申鏛,大用,文節,韋庵
申鑑,慢翁,明遠,笑仙
申靖夏,恕菴,正甫
申韶,成仲,涵一齋
申點,忠景,聖與
留?,端父
留保,松裔
留元剛,茂潛,雲麓子
留元圭,粹中
留元崇,積翁
留元英,若純,若鈍
留夢炎,中齋,忠齋,漢輔
留定,君儀
留怙,彥疆,留愷
留恭,伯禮
留敬臣,懋德
留東,純仁
留某,觀宗
留正,仲至,忠宣
留洪,處厚
留睿,養愚
留碩,季膺
留筠,端甫
留若冲,如淵
留震臣,龍德
畢䨴,伊蔚,子彤,澹庵
畢世持,公權
畢世長,夷仲,從古
畢亨,文亨
畢仰高,讓雄
畢仲偃,希言
畢仲容,子莊
畢仲愈,將叔
畢仲游,公叔
畢仲衍,夷仲
畢保釐,東屏
畢允升,元吉
畢元,永春,秀野居士
畢元老,觀竹
畢光榮,梧樵,煦之
畢光祖,宗遠
畢再遇,德卿,德淸,忠毅
畢力忠,公式
畢十臣,協公
畢友宜,凌峰
畢坰,畢埛
畢培貞,子源
畢士安,仁叟,士元,文簡,畢士元,舜擧,舜舉
畢大鈺,小菴
畢太昌,孟和,覲文
畢孝,宗仁
畢宗賢,士希
畢宿庚,西有
畢宿燾,溥幼,范園
畢庭傑,雄伯
畢廷拱,敬夫
畢張,宿夫
畢從古,幾道
畢從周,師聖
畢德,友義居士,文德
畢忠吉,淄湄,鐵嵐
畢恩溥,韓原
畢慧,智珠,蓮汀
畢憲曾,季瑜,靜山
畢應辰,悔齋,星樓,星艛,稚諴,維誠
畢懋康,孟侯,東郊
畢懋政,惟德
畢懋良,師臯,見素
畢懋賞,惟功
畢懷圖,展權
畢所讜,渠塘
畢承昭,曼年
畢承緗,芝田
畢拱辰,星伯,湖目,烈愍,羼提居士
畢振姫,亮四,亮泗,有僧官
畢振姬,亮田,王孫,頡雲
畢振達,倚虹,幾庵
畢效欽,畢鏓
畢星海,翁昆,菎園
畢昭文,少陵
畢時中,三俊,中甫,壽老,第六七
畢景桓,少英
畢本恕,仲言,北池
畢楚珍,士珩,雪傭
畢榮佐,大野,襄扆
畢槐,面山
畢民壽,舜民
畢汾,素溪,繡佛
畢沅,宮保,弇山,弇山畢公,湘蘅,秋帆,秋颿,經訓堂,纕蘅,靈巖山人,靈巖山館,靜逸園
畢涵,有涵,焦麓
畢湄,眉生,雲溪
畢滋大,經可
畢潛,慕雲,泳斯
畢濟川,六十九,汝舟
畢濟時,七十□,汝霖
畢瀚昭,伯彥,星源
畢瀧,澗飛,竹痴
畢炳炎,子羣
畢烜,彥晦,粵溪
畢熙曾,小竹,恬山,耀裘
畢爵,馭臣
畢玉,廷璽
畢瑜,十九,廷珩,珍廷
畢璉,器之
畢用,廷用
畢發,摛庵
畢盛育,子萬
畢祈鳳,景昭,景韶,梧山
畢禮,畢鏞
畢竟夔,三十六,叔元
畢竟容,五十七,仁叔
畢竟立,惟中
畢簡,仲白
畢粹,思溫
畢紹堂,研農
畢紹昌,丹生
畢繼曾,承畢,研山
畢翰,伯羽
畢耀,畢四,畢曜,畢燿
畢自嚴,景曾,畢日嚴,白陽
畢自寅,旭陽,畏甫,選石齋
畢至,春霆
畢良史,伯瑞,少董,死齋
畢芸珍,絳霞
畢茂昭,存樸,靜山
畢萬鍾,詔有
畢著,畢朗,韜文
畢蘭奇烏爾恭額,剛愍
畢袓高,訓誠
畢裕曾,曉山
畢誼,元復,咸正
畢諴,存之
畢貴生,孝伯,成之
畢道遠,仲任,東河,致用堂
畢金科,剛毅,應侯
畢鏘,廷鳴,恭介,松坡
畢鐘璨,玉林
畢際壯,匹槐軒,履禮
畢際孚,信涉
畢際有,存吾,怡庵,載積,載績
畢鳳卜,翔仞
畢鸞,冲霄
畱志淑,克全,朋山
當閭,存善
疊卜泰,允恭
疏暹,暗初,曙初
疏筤,渭傳,菉莊
白一言,子恕
白世卿,汝衡
白世珍,希甫,潛淵,香田
白中俊,致菴
白久潤,蘊中
白之珪,公言
白仁傑,休菴,士偉,文敬
白侃,廷直
白傑,廷秀
白儀光,牧山,銘謙
白允明,正姚
白兆士,石若
白光倩,光倩
白光勳,彰卿,玉峯
白光弘,大裕,岐峯
白光彥,忠愍,楓巖
白冊侯,燥丞
白凟,子通
白友直,子端
白友穆,醴臣
白受繪,松潭,汝彬
白受采,惺玄,素臣
白啟常,仰菴,伯倫,長子
白圭,宗玉,恭敏
白圻,敬齋,輔之
白坦,易之
白垸月,蓮芳
白埈,崇之,愼齋
白士琳,國寶,宜堂
白士鎧,敬軒
白夢鼐,仲調
白大珩,而獻
白大用,幼權
白大鵬,萬里
白奐彩,含章,含貞,泊如,白煥彩,白煥采
白如嵩,中儀,中嶽
白如梅,茂韓
白如珩,楚珍
白如鏡,顯齋
白守廉,敬庵,景中
白定標,竹軒
白居易,白乐天,乐天,香山居士,醉吟先生,白香山,樂天,白二十二,白傅,白文公
白履忠,梁丘子
白崇禧,白健生,健生,小诸葛
白希李,少庚,蓮塘
白希珩,汝佩
白希繡,惟錦
白幼美,金剛奴
白廷英,岳鍾
白弘,宗大,松菴
白德明,天光真人,顯道
白志貞,白琇珪,白誘珪
白忠,舜臣
白思問,仲裕
白思明,睿之
白思誠,實之
白恩佑,叔啟,啟南,石仙,石翁,蘭岩
白恪,敬甫
白悅,洛原,貞夫
白惟咸,仲說
白惟讓,仲謙
白惺涵,集虛
白意,念蓼
白慧元,次如
白懷清,漪亭
白所知,廷謨
白敏中,文瑞,用晦,頑朽
白敬宗,子肅
白文寶,和夫,忠簡,淡庵
白文珂,德温
白文祿,壽山
白文節,彬然,文憲,淡巖
白文選,毓公,白可撰
白斌,聖緖
白斑,玫玉
白旃香,西來
白日新,又銘
白昂,康敏,廷儀
白昌銘,鼎元
白明禮,立山
白映庚,星街
白昶,永熙,霽風
白時中,榮國公,蒙亨
白時耉,德老,忠莊
白晉,明遠,白進
白景亮,明甫
白有申,書堂
白朗,明心
白望,久而
白杲,光宇
白桂,子芳
白桓,叔璋,建侯
白棟,吉軒,子隆
白楹,礎之
白榕,蔭城
白榮宰,錦堂
白樸,仁甫,太素,蘭谷
白氏(馬翰如妻),封骸節婦
白民秀,起元
白永祿,壽山
白洵,又蘇,直侯
白清額,清獻
白湛,季淸
白潢,近微,近薇
白潤,星槎
白濟,子捷,白公濟
白濬,子深
白瀛,寰九,素庵
白為蘭,保和,秋谷
白煥彩,含章,泊如
白煥章,問齋,閑齋,閭齋
白照,晴坡,晴波
白爾赫圖,忠勇
白玉,欣甫
白玢,宗璞
白玶,良甫
白珏,白珪
白珝,德潤
白珪,君寶
白珽,廷玉,湛淵
白琮,廷貴
白瑜,紹明
白瑞麟,壯節
白瑩,秋浦
白瑾,瑩之
白璧,石仲
白璿,恭惠,睿玉,碧齋
白用,器之
白畿,彥京,易閣,默岩
白登明,林九
白登雲,慶峯,慶巖
白眙遠,翼齋
白知禮,崇敬
白祥,雲房
白稹,白禎
白竹,長倩
白篤學,復菴,志仁
白純德,白德純
白維,禮田
白義寶,休珍
白翱,鳳儀
白胤謙,子益,容安齋,東谷,東谷老人,歸庸齋,白允謙,若水
白舜琴,南亭
白良輔,舜臣
白色純,勤僖,素公
白若圭,德純
白華,寓齋,文舉
白處善,義安處士
白行簡,白二十三,知退,阿憐
白行順,致和
白補宸,慈庵,袞五
白讓卿,季生
白谷華,古楷
白賁,亨甫
白輝,用和
白逾桓,楚香
白遇道,悟齋
白都繼昌,塵定軒,左庵,忍齋,拜都繼昌,疏花瘦石簃,蓮龕,行素齋,述之,述亭
白采,子受
白金,士珍
白金柱,忠果
白鉞,文裕,秉德
白鋼,世堅,南涂
白鍠,上鍾
白鍾山,毓秀,玉峰,玉房,莊恪
白鎔,冶原,冶園,冶源,小山,小迂
白鐘麟,聖壽
白雲上,凌蒼,淩蒼,秋齋
白雲章,小香
白霦,潤章,澗章
白頤正,彝齋,文憲,若軒
白香室,香室女士
白驥,龍友
白鳳,世禎
白鶴林,子琴
白鸞,孟禽
白麒,子仁
白麟,應雍
白鼎胤,銘石
白精忠,輔乾
百嘉納,若思
百家奴,九德
皁保,鶴亭
皂保,吟舫
皂旗張,未知
皇太极,太宗,應天興國弘德彰武寬溫仁聖睿孝敬敏昭定隆道顯功文皇帝
皇甫仁,四兼,春卿,芝峰
皇甫仲章,二泉
皇甫冉,茂政
皇甫冲,子浚
皇甫坦,履道
皇甫大夫,洞庭子
皇甫嵩,羲眞
皇甫巽,伯陽
皇甫弘,啟之
皇甫弘敬,文欽
皇甫德相,干祿
皇甫恂,中孚
皇甫抗,若水
皇甫文備,孝忠
皇甫斌,文仲
皇甫明子,東生
皇甫映,韜之
皇甫曄,如晦
皇甫曙,皇甫十,郎之
皇甫曾,孝常,皇甫十六
皇甫松,子奇,檀欒子,皇甫崇
皇甫枚,遵美
皇甫氏(皇甫瓘女),澄空,皇甫氏
皇甫汸,子循,百泉
皇甫治,小軒,蘭臺
皇甫涍,子安,少玄
皇甫渙,時亨
皇甫湜,持正
皇甫澈,皇甫徹
皇甫濂,子約,理山,道隆
皇甫煒,重光
皇甫燠,廣煦
皇甫玄志,正平
皇甫琰,邦瑞
皇甫璧,君才,長仁
皇甫祥,廷瑞
皇甫蕙,藝蘭
皇甫鉟,昭文
皇甫錄,世庸,近峯,近峰
皇甫鏞,皇甫六,龢卿
皇甫鏡幾,晤道
皇甫鑑,唐弼
皇甫長庚,少白
皋陶,德明皇帝
皮儀,仲宜
皮元,次翁
皮光業,文通,貞敬
皮南舉,仲尹
皮子良,漢公
皮日休,襲美,逸少,醉吟先生,醉士,鹿門子
皮棨,維楨
皮樹棠,鶴泉
皮汝謙,子揚
皮溍,昭德
皮潤璞,玉亭
皮濛,以亨
皮豹,文蔚
皮野,季賢
皮錫瑞,吉人,宙合堂,師伏,師伏先生,師伏堂,鹿門,麓雲
皮龍榮,季遠,起霖
益士傑,寄齋
盛㫤,允高,盛昶,盛昹
盛世佐,庸三
盛世承,以烈
盛世綺,鏡齋
盛世翼,以忠,勺泉
盛世英,偉人,篁樗
盛中叔,中叔
盛以弘,子寛
盛以恆,以恆,勉南,烈愍
盛伯濬,仲深
盛侅,汝愚
盛俊,用章
盛俌,春雨,汝弼
盛儀,德章,蜀岡,蜀崗
盛允升,德常
盛元,愷庭,鐵花館主人,韻琴
盛周,於斯
盛唐,蘆汀,鳴和
盛國政,寰宇
盛國林,輯侯
盛均,之材
盛培,樹芳,雨春
盛增,益齋,筠軒,觀儀
盛壽,鶴君
盛大士,子履,逸雲
盛大謨,斗挹,於野
盛如梓,庶齋
盛婉,夢琴
盛安,行之,雪蓬
盛宗貢,元珍
盛宣懷,一宋百廛,幼勗,幼勛,愚齋,杏孫,杏生,杏蓀,次勛,次沂,止叟,荇生,蓀杏,薇孫,補樓
盛家堉,亮生
盛寅,啟東,退菴
盛居,康侯
盛度,惟貞
盛康,勖存,勗存,待雲盦主,旭人,留園主人
盛庸,歷城侯
盛弘邃,東田,紫翰
盛彌俊,逸園
盛彌振,抑之
盛彪,元仁,虎林
盛徵玙,小雲,笑筠,聘之
盛德,克修
盛德瑞,祥父
盛思明,盛思民
盛思本,五洲,午洲,午舟,小岩,恩本,詒安
盛悰愷,伯悌
盛惇大,仲甫,南墅,甫山
盛惇崇,二愛軒,士膺,孟岩,孟巖,柳五,睦園
盛慶琳,子瑾,子連
盛應律,元坡,豫章八俊
盛應期,值菴,思徵,斯徵,直菴
盛懋,子昭
盛懋麟,蘭泉
盛支焯,菊畦,賁園
盛敬,宗傳,寒溪,聖傳,貞介先生
盛文美,思椿
盛文韶,景成,景聲
盛昌華,洪秋,緯丞
盛星懷,次垣,薇孫
盛昭,克明
盛時傑,鍾英
盛時泰,仲交,雲浦
盛時輔,千齡
盛時選,以仁
盛景年,修齡
盛景璇,季瑩,淡逋,芰舲
盛曠,元放,至樂先生
盛朝勛,介眉,眉庵
盛朝恩,椿山,瞻甫
盛格,覺羅盛格
盛森桂,樹冬,毓英,育華
盛椁大,甫山
盛植型,心竹,蓉舟,鈞士
盛植麟,蕅塘
盛楓,丹山,黼辰
盛欽,敬之
盛氏,蓑衣道人
盛汝謙,亨甫,古君子,古泉
盛沅,盛愷華
盛洪,思禹
盛潤,履之,澤民,越帆
盛濂,惟見
盛濓,頤齋
盛瀧,源之
盛灝元,百堂,蔚占,西元
盛炘,景文
盛炳章,弱船,翡船,翥船
盛炳緯,星璇,省傳,耒農,養園
盛烈,笠舫
盛熙祚,晴谷,西京
盛王賛,子裁
盛王贊,子裁
盛琦,廷璧
盛環,玉振
盛當時,明輔
盛稔,伯豐,十二,成西
盛章,季文
盛端明,希道,榮簡,程齋
盛符升,誠齋
盛紹先,克振
盛綱,暨堂,茶麓,鷺容
盛綸,以端
盛胤昌,茂開
盛若林,子才
盛茂華,念庵
盛萬年,叔永,恭伯,民祈
盛著,叔彰
盛訥,敏叔,文定
盛象翁,則賢,則軒,景則,聖泉
盛賚汝,以善
盛輿,敬之
盛遠,子久,宜山,鶴江
盛邦翰,悅堂
盛錦,廷堅,青嶁
盛鍾,秀甫
盛鍾賢,右子
盛鏡鸞,影娘
盛陶,仲叔
盛隆,榖人
盛際,舜咨
盛際斯,成十
盛青鶴,立田,衎真
盛頤,養蒙
盛顒,時望
盛麗珠,川媚
盛麟,德遠
盧,子獻
盧㻶,公瑞,墨齋,祖同
盧一誠,誠之
盧一麟,禎甫
盧世㴶,南村病叟,德水,紫房
盧丙垣,南軒
盧中,守正
盧之懔,敬生,鈍翁
盧之翰,盧翰
盧九雲,倬亭,悼亭
盧乾元,萬資,餘庵
盧二秩,東園,東閭
盧亘,彥威
盧亨,永泰
盧仝,玉川子
盧仲佃,十二,汝田
盧仲容,仲容
盧仲璠,伯琰
盧伯卿,元章
盧作樑,秋蓼,陟山
盧侗,元伯
盧侶,子益
盧俊章,彥生
盧俠,毅夫
盧信,廷瑞
盧修可,子吉
盧偀,忠烈
盧傳元,五雲,貞復
盧僧孺,定齋,希文
盧儀,正夫
盧億,子元
盧儒,為己,重齋
盧儲,精齋
盧允真,德恒,恒庵
盧允貞,德恆,恆齋
盧元?,湘艖,蘊山
盧元倬,西津
盧元偉,西津
盧元培,鯤颺
盧元昌,半林居士,文子
盧元發,捷三
盧元福,子祥
盧元素,淑蓮,淨香居士,鶴云
盧元輔,子望
盧充𦔐,次農,竹泉
盧光前,嗣宗
盧光吉,星垣
盧光啓,子忠,子期
盧光晉,伯書
盧光濟,子垂
盧克久,一松
盧克柔,仲立,文昭
盧克治,仲敬,敬齋
盧全操,全操
盧全貞,子正
盧公則,子真
盧公弼,希亮,菊逸齋
盧其慎,敬之
盧初,子端
盧勗,汝成
盧勳,三十七,後屏,汝立
盧化鰲,雲際
盧千,伯隴
盧南一,廬南一
盧南仲,祥仲
盧南金,聲伯
盧占,子從
盧厚,子處
盧原定,怡仲
盧原質,希魯,盧質,節愍
盧友度,友度
盧友明,信古堂,君亮
盧友源,淵叔
盧叔仝,和仲,松齋
盧受采,盧受彩
盧可久,一松,德卿
盧同,叔倫
盧同伯,七橋,土橋
盧含,子章
盧和,廉夫
盧問之,宗審,裕齋
盧喦,叔山
盧嗣冶,嗣冶
盧嗣宗,起先
盧嗣業,子通
盧嗣立,敏紹
盧嘉慶,吉甫
盧嘉猷,知道
盧國華,效襄
盧址,丹陛,抱經堂,盧沚,青厓
盧均芳,德宗
盧坤,厚山,敏肅,靜之
盧坦,保衡
盧垕,公載
盧堯俞,惟欽,日休
盧堯臣,欽父,贊勛
盧壁,國賢
盧士倓,果亭
盧士傑,子英,藝圃
盧士宏,子高
盧士宗,公彥
盧士準,道泉
盧士玫,盧士政,盧士玟
盧士珩,景瑜
盧士瓊,德卿
盧士鎬,武營
盧士鞏,從真
盧壯夫,武之,武子,盧壯父
盧夢錫,國禎
盧夢陽,少明
盧大中,子致
盧大任,尹儔
盧大經,子權
盧大順,子達
盧天澤,培之,雨初
盧奇,廷才,德玉
盧奎,公奎,強立,毋我,盧毋我,盧魁
盧女,孝祐
盧如鼎,呂侯
盧子休,子休
盧子尚,仁仲
盧子章,元平
盧存心,敬甫,玉岩
盧存惠,從寬
盧孝孫,新之,玉溪,玉溪先生
盧孝達,四十五,維周
盧季方,子穉
盧學書,用中
盧學溥,澗泉,鑒泉
盧學禮,立夫,立甫,趨庭
盧宅仁,伯居
盧宇,雲瞻
盧守愼,伊齋,寡悔,文懿,文簡,暗室,茹峰老人,蘇齋
盧守懃,君錫,安格
盧守默,審經
盧宏,子器
盧宗和,子讓
盧宗哲,淶西,濬卿
盧宗回,望淵
盧宗文,子敏
盧宜,公弼,函赤,弗庵
盧寂,子靜
盧察,潛夫
盧寧,謐叟
盧寧忠,冠巖,獻甫
盧尙庭,孤松
盧就,子業
盧履謙,益齋,自牧
盧岐嶷,希稷,璧山
盧峻,子翰
盧崇興,斗瞻,瞻斗,鼎卿
盧崟,伯筠,雲谷
盧嵩,中甫,敬平,桑村
盧嶽,子川
盧帝臣,簡心
盧庭賓,賜盧姓
盧廣,彥高
盧延讓,子善,盧十三
盧廷楨,乾臣,墨卿
盧廷瑞,鈞祥
盧廷直,仁老,安叔,正大,第十五
盧廷選,真常
盧建基,成堂
盧弘本,子道,盧簡方
盧弘正,子強,盧六,盧弘止
盧弘熹,宇安
盧弼,佐元
盧彥文,元質
盧彥方,子圭
盧彥達,義行
盧彬,宜夫,東山
盧彭祖,長嬰
盧從度,子彝
盧從愿,子龔
盧從雅,子法
盧御鎮,靜宜
盧德儀,儷蘭,梅鄰
盧德宣,孝本
盧思愼,天隱堂,子胖,文匡,葆眞齋
盧怡仲,松齋先生
盧恆,士恆
盧恩承,時齋
盧惟亮,寅齋,惠疇
盧愻,子順
盧慶綸,和庵,理堂,盧光燮,盧光爕
盧慶雲,幹廷,杏龍
盧慶龍,雲從
盧憕,平仲
盧憲,子章
盧憲觀,石林,賓王
盧應晥,守庵,明遠
盧懋鼎,烈愍
盧懷仁,學山
盧懷慎,伴食宰相,文成
盧戇章,雪樵
盧承基,子構
盧承業,公禮,子繪
盧承立,盧承丘
盧招,子思
盧振新,漢卿,澥春
盧摯,疏齋,莘老,處道
盧攜,子升
盧敬節,敬節
盧文勳,堯卿
盧文度,子澄
盧文弨,召弓,弓父,弨弓,抱經,抱經堂,抱經居士,數間草堂,春愛日艸廬,杭東里人,檠齋,盧嗣宗,石松山人,石魚抱經,矾漁,磯漁,粲齋,紹弓,萬松山人,解舂,諛聞齋,鍾山,青崖,須友堂,鬯庵,龍城
盧文明,剛輔
盧文燧,火甫
盧文璧,伯玉
盧文紀,子持
盧文韶,匏廬,召音
盧方,仁囿
盧方春,柳南
盧日新,敬修,筱銘
盧昂,子皋
盧昆鑾,翰坡,金成
盧昇,孔昭
盧昌詒,栗甫
盧明楷,端臣,純安,鈍菴,鈍齋
盧明章,用晦
盧明諏,君敎,君教,四華
盧明遠,子廣
盧易,瑞峯
盧昭,伯融
盧晏,春林
盧普德,寶王
盧景,彥遠
盧景亮,長晦
盧景任,弘仲,敬菴
盧景春,以和,燕居
盧景脩,子從,盧氏,駰郎
盧景芳,湘畹
盧會衢,欽文
盧有棠,聯萼,藹園
盧有鄰,慕貞
盧朓,月旦,盧晀
盧朔,寒皋
盧朝安,小亭
盧某,起信
盧柟,子木,少楩,次楩
盧格,正夫
盧植,盧楷
盧椿,予懷,六橋,大春
盧楚,叔翹
盧楩,木伯
盧楷,可齋
盧榕,叔材,盧郁
盧槃,子隱
盧樂娘,樂娘
盧樂戌,匯濱,右山,康甫
盧欽,公愼,晩歲,立齋,竹泉
盧正勤,子勵
盧正容,休昭
盧正己,子寬,盧元裕
盧正德,香山
盧正沂,東源
盧正言,履貞
盧殷,鼎臣
盧殷士,殷士
盧毓嵩,立峰
盧毓高,立峯
盧氏(盧廣慶女),盧氏
盧氏(盧琛女),廉貞
盧永年,祥卿
盧永畿,奠輔
盧汝弼,子誥,子諧,盧弼
盧汝賢,毓珊
盧汝鵾,子羽
盧汶,習隱,聖鄰
盧沂,詠道
盧沇,子衡
盧法原,立之
盧注,盧汪
盧泮,懷玉
盧洪,抑人
盧洪夏,思孔,思禮
盧洪慶,思章
盧洪春,思仁
盧洪烈,策勲
盧洪珪,君瑜
盧洪秋,思義
盧洽,在陽
盧浙,三惜齋,三芝山房,容庵,容艸合廾,容菴,容葊,讓瀾
盧浚源,星沅
盧浩,養元
盧淮,北紀
盧深夫,深甫,潭孫,第千七,蘆深夫
盧淵,恭順,文濊
盧清,一峯
盧渥,子章
盧渭,渭生
盧湘,鏡源
盧源,子玉
盧溥,子光
盧溶,孟涵
盧滋,玉潤
盧演,行兼
盧潮,文溥
盧澤,止泉
盧濟,全菴
盧濤,混成
盧濬,治宇
盧瀚,文淵
盧炎,當世
盧炳,子陽
盧炳濤,秋槎,靜波
盧焯,光植,漢亭
盧煌,道舍
盧煥,堯文
盧煦,子春,明審
盧照鄰,幽憂子,昇之
盧熊,公武,盧儒
盧熙,誠齋
盧燦,中孚
盧爌,鏡亭
盧爾悌,子申
盧爾惇,以崇,劬天,雪村
盧爾慥,未一,衡麓
盧爾秋,厚轅,桃塢
盧獻卿,著明
盧玉祥,雄卿
盧珉,子珉
盧珏,可菴,登父
盧琦,西寧
盧琮,廷玉
盧琰,錫圭
盧瑀,子圭
盧瑋,性之,渭璜
盧瑛,克修
盧瑛田,如麓,虹仲,龍升
盧璘,秀夫
盧璣,舜用
盧環,雪汀,雪江
盧璲,克莊
盧璲采,韻珊,鳴珂
盧瓊,獻卿
盧當,讓之
盧盛衍,治臣
盧直,本愚
盧省菴,盧明經
盧眉娘,逍遙
盧睿,介思
盧知原,行之
盧知宗,弘嗣
盧碩,與軒
盧祖潢,申濤,蓀塘
盧祖皋,次夔,申之,蒲江
盧祥,仲和
盧祺,介眉
盧禛,子膺,文孝,玉溪
盧禦鎮,靜宜
盧禮,仲敬
盧秀,子實
盧秉,仲甫
盧秉安,文定
盧秉政,實堂,燮堂
盧秉純,性香,義肥
盧秩,崇績,崇續
盧稷,士馨
盧稹,叔微,淑微
盧端智,可及
盧策,經臣
盧簡求,子臧
盧簡辭,子策
盧紳,約甫
盧統慈,道存
盧綋,元度,澹岩,澹崖
盧綎,菽浦
盧經,叔向,惠浦,蕙浦
盧綖,昭度
盧綜顯,右文,恆齋
盧維慶,仲吉,成祉
盧維禎,司典,水竹居士,瑞峯
盧維茲,二允
盧維雝,肅卿,頤園
盧綰,景陽
盧綸,朝言
盧緘,子晦
盧績,設叟
盧繹慈,昭德
盧繼元,棣華堂
盧繼祖,克齋
盧纁,高垣
盧羣,載初
盧群,載初
盧義,崇義
盧翊,子鸞
盧習,擇善
盧翰,邦臣
盧聯璪,星崖
盧肇,子發
盧肇祿,東泉
盧臣忠,仲信,信仲
盧臧,魯卿
盧自省,子慎
盧芷,良臣
盧若騰,牧洲,閒之
盧英,文華
盧英僩,栗甫,毅行
盧茂,景芳
盧萬德,安亭
盧萬里,子遠,第曾十二
盧著,碧筠
盧蓋邦,維翰
盧蔭溥,南石,小雅,文肅,霖生
盧蕙,抑齋
盧藏用,子潛,盧二
盧蘊貞,蘊真
盧蘋,子瑞
盧虔,子野
盧處約,得之
盧行毅,子明
盧行質,子義
盧衢,子重
盧襄,五塢山人,師陳
盧見曾,借書樓,抱孫,漁洋山人,澹園,雅雨,雅雨堂,雅雨山人
盧觀,夷孝,彥達
盧觀源,千時
盧詢,舜徒
盧調,子通
盧談,德宗
盧謙,撝之
盧象,盧八,緯卿
盧象昇,九台,建斗,忠烈,忠肅,湄隱居士
盧象晉,盧象晋
盧象觀,幼哲
盧貞,子蒙,盧十九,盧真
盧貺,仲賓
盧質中,質中
盧赤松,子房
盧踐言,子中
盧蹈,衷父
盧軺,子致
盧載,子蒙
盧輔,仲立
盧輻,子固(本字子飛),盧軿
盧迥,士恭,盧珙,盧逈,貞達
盧通基,成堂
盧連城,蕙圃
盧逵,秉漸
盧運昌,際昌
盧道光,穀弇
盧道和,順也
盧道悅,喜臣,夢山
盧達,漸甫
盧遠興,振齋
盧郁,盧栯
盧鄴,漳臣
盧醫王,醫王
盧重,子威
盧金聲,浩亭,鶴間
盧金蘭,昭華
盧鈞,子和
盧鉞,威仲,威節
盧錫晉,子弓,晉侯,認齋
盧錫疇,奇芬,西坪
盧鎬,月船,配京
盧鎮,子安
盧鎰,君萬
盧鑑,朗齋
盧長卿,廬長卿
盧閈,孝思堂,恭肅,有隣
盧隆基,盛堂
盧隠,盧殷
盧雄飛,升之
盧雍,古園,師邵
盧雲亭,瑞玉
盧雲鳳,輝下
盧震,亨一,說安堂
盧霈,子中
盧靖,勉之,木齋
盧靜,慈愛
盧革,仲辛
盧順之,子謨
盧顒,仲傑,莊惠
盧顔,盧言
盧首賓,盧守賓
盧鳳起,敖尹
盧鴻,大賓
盧鵾,子遠
盧默,子成
盧點,師予
盧龍雲,少從
相傑,世英
相培基,深菴,溧菴
相有度,一臣
相樞,拱之
相燮堃,寅甫,瀛府,理卿
相禮,子先
相鎮,仲安
眉娘,逍遙大師
眞圓,大方,徧融,鮮氏
眞明,象光
眞覺,百松
真寶,彝齋,朝用
真山民,真桂芳
真德秀,希元,文忠,景元,景希,西山,西山先生
真志道,仁夫,實之,真正則,誠之
真金,文惠明孝皇帝,裕宗
眭坦,履道
眭明才,哲卿
眭朝棟,堯章,曉章,樹人
眭本,允立
眭燁,子蘊
睦世秤,公達,散翁,玄軒
睦來善,來之,睡翁,睡軒
睦大欽,湯卿,竹塢,茶山
睦性善,性之,甁山
睦敍欽,忠貞,梅溪,舜卿
睦昌明,翠園,際世
睦林儒,士雅
睦詹,思可,時雨堂,逗日堂
睦長欽,孤石,禹卿
瞻岱,恭勤
瞿㫤,瞿昶
瞿中溶,古泉山館,吉羊燈室,周劍漢鐙之室,奕載堂,安槎,木友,木天,木夫,木居士,歸田園居,淸吟閣,百鏡軒,空空子,綠鏡軒,萇生,銅象書屋,鏡濤,長物齋
瞿九思,慕川,睿夫
瞿俊,世用,學古
瞿信,實夫
瞿元捷,翠林,葵林
瞿元錫,伯申,嵩錫,曇谷
瞿元霖,仲蒼,青階
瞿兆騤,乘六,遠村
瞿共美,叔獻,海外畸人
瞿啟甲,良士
瞿嗣興,華卿
瞿嘉福,榮山
瞿廷諧,槎仙
瞿廷韶,耕莆,舜不治石,舜石,賡甫
瞿式耜,在田,多默,媿林,媿林居士,忠宣,文忠,稼軒,耘野,臨桂伯,起田
瞿應紹,子冶,月壺,陛春
瞿日華,孔陽
瞿昂,子皋,子高
瞿昌文,壽明
瞿明,德昭
瞿昶,塘瞿
瞿時行,見可
瞿晟,景明
瞿景淳,師道,文懿,昆湖,昆湖先生,景湻
瞿曇譔,貞固
瞿朝宗,澗篁
瞿杲,炳暘,醉漁
瞿樹蔭,懷亭
瞿汝稷,元立,冏卿,太虛,洞觀
瞿汝說,星卿,達觀
瞿泰安,伯陽
瞿溶,仁甫,麗江
瞿照,光宇
瞿珍,若婉
瞿甲,太初
瞿祥,治徵
瞿福煐,仲璋,石癯
瞿福麟,祥芝
瞿秉淵,敬之,鏡子
瞿秉清,濬之
瞿紹基,厚培,蔭棠
瞿綸,經閣
瞿緝曾,龍川
瞿繼鍾,素芬,靜拙
瞿能,世貞,世賢,襄烈
瞿良,周臺
瞿進思,屺堂,靖爾
瞿鏞,子雍
瞿雯,雲子
瞿霆,南山,啟東
瞿霆發,聲父,雲巖
瞿頡,孚若,菊亭
瞿騰龍,在田,威壯
瞿鴻禨,子九,子玖,文慎,止庵,止盦,此君亭,直廬,西岩,西巖,西巖老人,超覽樓
矛啟運,景昌
石?,敏若,橘林
石一鰲,晉卿,石一鼇,磻松,蟠松
石一鼇,晉卿
石三泰,果勇
石中立,文定,表臣
石之玫,溫如
石之珩,叔珍,壽峴
石九奏,四如
石亨,忠國公,武淸侯
石亨祖,元卿
石介,子美,彭郎,正甫,第二
石仲元,慶宗
石仲集,大成,天瑞,星兒,第四十五
石余亨,休休子,成己,遯翁
石作棟,鄭卿
石作硯,靜久
石來之,惠廷
石俊,偉齋
石俊興,崑生
石保吉,壯武,忠武,祐之,莊武
石保興,保正,光裔,石保正
石允常,恆德,石淸潭
石允德,迪之
石元吉,蓉城
石元孫,善良,善長,慶孫,石慶孫
石元聲,九成,雲璈
石元麟,君定
石光宿,凌漢,洞樵
石光暹,旭初,月峰
石光瑛,太始,茂謙,蠹隱
石光著,仲明
石光霽,仲濂
石全彬,恭僖,長卿
石全潤,雨峰
石公孺,長孺
石公弼,國佐,石公輔
石公揆,道任,道佐
石公瑾,子玉,定哥,第一
石公轍,道叟
石凌漢,雲軒
石勒,世龍,明帝,高祖
石午合,丙與,丙輿,丙輿(與),第九
石卓槐,楟山,芥圃,蘋澗山樵
石君瑜,君瑜
石嗚泉,應谷
石嘉吉,未庭,藹士
石國任,樂莘
石國侢,桂軒
石國偁,桂軒
石國柱,殿卿
石國英,月澗
石均,湖遠
石天應,瑞之
石天柱,國棟,季瞻,石柱
石天麟,天瑞,忠宣
石如璉,石芝
石子章,鄭州
石子該,季瞻,第一
石存禮,敬夫
石孝友,次仲
石孟康,孟康
石學洙,近魯
石學階,升卿,應臺
石宇,宙亭
石守信,武烈
石安民,惠叔
石宗太,樂山
石宗昭,應之
石宗萬,升之
石定子,光錫,安叔
石宜喬,砥齋
石宜簥,砥齋
石家紹,民傭,瑤臣,瑤辰,衣言
石屬文,抱忠
石岩,伯瞻,衡麓
石峩,潤慎
石峯,丹崖
石峻,子高,抑齋,敬亭
石崇,季倫,齊奴
石崇俊,孝德
石崑玉,楚陽,汝重
石嵩貴,撫棠,補堂,補山
石巍,民望
石巖,民瞻,汾亭
石康伯,幼安
石廉,子之
石廣均,亦園,方墀,榘生
石延年,安仁,曼卿
石延慶,光錫,石襲慶,襲慶
石廷柱,忠勇
石建點,星坡
石弘,大雅
石彥成,性衷
石彥誠,誠之
石彪,定遠侯
石彬,孝簡皇帝,肅祖
石待問,則善
石待旦,季平,石城先生
石待舉,寶臣
石後,先之
石德芬,惺庵,星巢,石炳樞
石徽之,子倩
石忠政,不邪
石恪,子專
石應岳,介峰,鍾賢,鍾質
石應嵩,兆甫,澹寧
石懋,敏若
石成峰,子軒,虛谷
石成瑛,東域
石成璋,禮南
石成金,天基,惺齋,良覺居士
石才孺,伯元,寧老,第一,難老
石承楣,洛川女史,湘雲
石承藻,桐葉山房,蘭蹊,黼庭,黼廷
石抹世昌,榮甫
石抹宜孫,忠愍,申之
石抹海住,仲通,榮甫
石抹繼祖,伯善,太平幸民
石拱極,天一,弋峰
石指南,覺軒
石揚休,昌言
石撰,貞愍
石敦仁,天倪,思濟,石天倪,聖和
石敬暉,德昭,石暉
石敬瑭,聖文章武明德孝皇帝,高祖
石文,時亨
石文晟,公著,絅庵,絅菴
石文桂,子馨
石文焯,霞峯
石斗文,天民
石方洛,仲蘭,問壺
石昉,德輝
石昌國,逢時
石星,拱宸,拱辰,東泉
石映,先進
石昭,景輝
石昱,孝平皇帝,睿祖
石時榘,傳方,月亭
石晝問,叔訪
石普,元周
石景濬,伯川
石景略,仲謨
石景芬,蕓齋
石景蘧,介孫
石景術,慎思,順思
石景衡,叔平
石曜,麗躔
石曰琮,宗玉
石有恆,雲岫
石某某,子荆
石梁,士升
石森,立父
石椂,允升
石榮宗,曉山
石樹梅,仙浦,圃三,鶴村
石檟,伯材
石步瀛,辛崖
石氏(喻夢炎妻),可度
石永,壽卿,靜齋
石永康,撝庭
石汝礪,碧落子
石泰,得之,杏林子,翠元子
石洢,月川,熊耳
石洪,濬川
石洪慶,子餘
石洵直,居正
石淮,宗海
石清吉,威毅,忠烈,祥瑞
石渠,天全道人,翰卿
石澄,士廉
石澐奎,禹門
石濤,釋道濟
石為崧,五中
石為藝,石為蓻玉
石煥,子英
石熙政,石熙正
石熙載,元懿,凝績
石燕山,杜堂
石燦,敬齊,若木
石爾德特文暉,葵卿
石爾德特瑞常,如舟吟館,文端,芝生,西樵
石牧之,聖咨
石玉,大器
石玉龍,剛介
石玠,邦秀
石珤,文介,文隱,熊峯,石王,石瑤,邦彥,邦產
石珵,瑩中
石琳,崑山
石瑁,信之
石瑛,蘅青
石瑤,邦彥
石瑭,廷堅
石瑽,德和
石璜,匏庵,夏宗
石璞,仲玉
石璞玉,琢其
石璟,孝安皇帝,靖祖
石璧,完子
石瓊,伯玉
石申,仲生,寶笏堂
石皓,耀彩
石盞德玉,共嵒老人,君寶
石確,德堅
石礪,用之
石礪金,佳江,益汀,益江
石祚,錫蕃
石神福,忠良
石祿,君錫,蓮峰
石禮哈,節庵
石禮紈,季蘋
石秀之,春卿
石範,宗卿
石簡,廉伯,玉溪
石紹雍,孝元皇帝,憲祖
石維嶽,五峯,大治
石綸,愚泉
石綸藻,渠閣
石緩,碧蓮
石繩簳,瞻淇,竹侯
石繼喻,子罕
石繼曾,興宗
石繼芳,克肖,岱宇
石聲諧,鳯亭
石與義,仲遷
石茂良,太初
石茂華,君釆,君采,恭襄,毅菴
石茂蔭,金門
石萬年,有慶
石葆元,聿臻
石蒼舒,才叔
石蘊輝,聘南
石虎臣,寅谷,謹旃
石處道,元叟
石衍之,克美
石裕紳,拙農,笏堂
石補卿,嘱山
石解,通叔
石調,振金,正涇,正經
石譽生,緩亭
石讚韶,儀亭
石象之,簡夫
石貫,總之
石賡,聲叔
石贊清,次皋,紫泉山餘,紫荃山館,襄臣
石起,遠叔
石起宗,似之
石輅,君乘
石輝祖,光遠
石轀玉,琢堂
石達,良仁
石達開,天父第七子
石遷高,謙甫
石邦哲,熙明
石邦憲,希尹
石邦柱,安國
石郁,文卿,肅齋
石重貴,出皇帝
石金,南仲
石金川,梅亭
石鈞,秉綸,遠梅
石銳,以明
石錦繡,彤霞
石鍷,方山
石鏡潢,宅三,心矩,星渚,竹醉生,鏡瀅
石鑑,大觀
石隆,城嵩
石雲倬,天章,無庵居士,蔚園
石雲星,元笙
石雲英,芝秀
石韜玉,琢堂
石韞玉,凌波閣,執如,歸真子,獨學老人,琢堂,琢如,石蘊玉,竹堂
石韶,夔甫
石順興,南屏
石飛熊,芝麓,芝麗,芝龍
石養源,蒙泉
石駒,千里
石鯉,越三
石鯨,少玄,應聲
石鳳臺,六象,逸齋
石鳴韶,虞琴
石鴻翥,石泉
石鴻韶,晉卿
石鵬,義齋,雲卿
石默啜,默啜
石龐,天外,晦村
石𡼖,克齋,子重,石墎,石墩
硯彌堅,伯固
碧魯朱馬喇,朱瑪剌,朱瑪喇,朱馬剌,珠瑪喇,珠瑪拉,襄敏
碧魯鄂輝,恪靖
碩博會,覺羅碩博會
碩德,忠敏
碩德八剌,睿聖文孝皇帝,英宗
碩濟,澤圃
社圖肯,舍圖肯
祁?,寄庵,竹軒
祁世佶,吉人
祁世倬,漢雲
祁世長,子和,子禾
祁世齢,松延
祁以德,子修,子峯,子脩
祁仲鑑,彥明
祁司員,宗規
祁君璧,伯溫
祁國祚,鶴亭
祁宿藻,子儒,幼章,文節
祁寀藻,仲寅
祁寬,居之
祁寯藻,勤學齋,叔穎,實甫,文端,春圃,春圃先生,春浦,涵碧軒,淳甫,觀齋,谷曼谷九亭,雙橋精舍
祁序,祁嶼
祁廷訓,祁廷義,祁橐駝
祁彪佳,世培,孝介,宏吉,幼文,弘吉,忠惠,忠敏,虎子
祁徵祥,子聘,星皆
祁德淵,弢英
祁德玉,卞容
祁德瓊,修嫣,卞客,昭華
祁德茝,湘君
祁德莞,悟因
祁德菹,湘君
祁憲直,憲直
祁承㸁,夷度,爾光
祁振,慕高
祁敏,惟學
祁敕,惟允,棠野
祁文友,珊洲
祁文汪,沛然
祁暐,坦之,泣守護
祁曜徵,既朗
祁清,子揚,蒙泉
祁熊佳,文載
祁爾誠,勉齋,祝崖,築岩
祁班孫,兕林明大師,六公子,奕喜,奕禧,季郎
祁理孫,奕慶,杏庵
祁琳,景純
祁荷桐,繹思,龍門
祁蔭傑,少曇,灕雲
祁讓,文雅
祁豸佳,止祥,雪瓢
祁通格,德甫,祁通額
祁韻士,諧庭,鶴皋
祁韻壬,鶴舉
祁順,巽川,致和
祁駿佳,季超
祁鯤,仲化
祁鯨,孟化
祁鸞昌,笑山
祕丕笈,德藺
祕王騶,禦卿,述德
祖世增,忠愍,益三,益之
祖世英,穎仲
祖之望,子久,皆山堂,皆山草堂,祖望之,舫齋,載璜,青鳳子
祖之麟,起瑞
祖傳中,大本
祖可法,順僖,順禧
祖君彥,祖宿城
祖士儀,容南
祖士衡,平叔
祖士龍,德驤
祖大壽,復宇
祖德恭,肅之
祖德洪,九我
祖忠,君信
祖文明,奎燦,榮斗
祖文謨,顯之
祖業弘,祖業宏
祖浩然,養吾
祖淵,天泉,雨菴
祖湘雲,潤香
祖澤潛,亮淵
祖澤闊,治淵
祖無擇,擇之,祖煥斗
祖無頗,夷甫
祖環林,杏塘
祖秀實,去華
祖詠,祖三
祖謙光,鳴吉
祖貫,子元
祖述堯,性之
祖鳳林,彩卿,彩雲
祝世喬,子遷
祝世廉,子隅
祝世昌,僖靖
祝世祿,延之,無功
祝世胤,世允,世應
祝之至,一生
祝乾壽,以仁
祝以豳,孟劉,惺存
祝仲寧,橘泉翁
祝允明,希哲,枝山,枝指先生,枝指生
祝元矩,絜庵,繩萬
祝元程,清洲,清淵,潹洲
祝可久,德父
祝可仕,孟型,耀比
祝君翔,山臞
祝君翼,敬之
祝喆,明甫,西澗,西澗草堂
祝喻,文山
祝嘉聚,紹蘅,雪農
祝國基,一之
祝國泰,鳳池
祝堃,厚臣
祝堯,君澤
祝堯煥,德徵
祝塏,幼荻,爽亭
祝增,任庵,喻存
祝士模,訒亭,體成
祝壽朋,仁壽
祝大昌,公榮
祝大明,公亮,大朋
祝大舟,濟之
祝天保,惟忠
祝奕,彥思
祝如川,至方
祝婉瑜,樂水
祝子和,梅所
祝孝先,茝畦
祝孟獻,丕文
祝安國,易齋,濟叔
祝宣,朝用
祝尚矣,半邏
祝尚義,質甫
祝峋,秀巖
祝崇祜,琴舫
祝希賢,楓溪老漁,高山
祝常,履中
祝康,道濟
祝廷彪,毅齋,虎臣
祝廷華,丹卿,毅丞
祝彥,元美
祝徑,直夫
祝復奇,大崖
祝德全,午橋,葆初
祝德筠,竹如
祝德純,定伯
祝德綏,多福
祝德麟,悦親樓,止堂,芷堂,芷塘,賡雲,趾堂
祝徽,懷服,文柔
祝志遠,子厚
祝慶承,孝承,竹湖
祝慶揚,子言,海屏
祝慶蕃,晉度,晉庭,晉甫,蘅畦,衡畦
祝慶轂,詒庭
祝懷真,偶仙,璞如
祝挺,正夫
祝教,子敷
祝文,懋徵
祝文明,再田
祝昌,山公
祝明,文卿
祝時泰,汝亨
祝暹,孟昭
祝曾,紹宗
祝期,介公
祝松雲,善則,澹溪,陶牖
祝林宗,有道
祝櫰,汝昭
祝次仲,孝友
祝欽明,文思
祝永壽,望坪
祝永文,佩五
祝永昌,君祥
祝永清,祝永青
祝泌,子涇,觀物老人
祝洙,安道,宗道,第一
祝洤,人齋,游龍,貽孫
祝淮,子鉉
祝淵,開美
祝濬,仲源,十一
祝瀚,十五,惟容
祝瀾,有本
祝炳章,倬漢,雲門
祝熙載,舜咨
祝爾介,五十,維藩
祝玄衍,丹陽
祝珝,前溪,珍卿
祝琳,熙齋
祝瓊湘,靈芝
祝登墀,賡颺
祝登瀛,濟堂
祝百五,炳季,瘦豐
祝百十,子常,筱山
祝石,子堅
祝確,永叔
祝祐,彥將
祝祥,廷瑞,王祥
祝福,德饒
祝禹圭,汝玉
祝穆,和甫,文修,樟隱,祝丙
祝純嘏,岵斯
祝維城,盛浦,盛甫,盛補,盛鬱
祝維岳,周輔
祝維楨,峙堂
祝維誥,南郭五子,宣臣,綠谿,豫堂
祝繼志,汝德
祝繼龍,思允,樂有
祝續,遙緒
祝義,彥祥
祝翼斐,翼棐
祝耀祖,述卿
祝肇祥,專州,會洲
祝臣基,一之
祝致和,七十八,達卿
祝舜齡,壽卿
祝萃,惟貞
祝萬選,錢萬選
祝萬齡,忠節,關西夫子
祝蕃,直淸,蕃遠
祝衡,坪孫
祝詒,禹門,靖方
祝詠,峋僂,鳴盛
祝諫,以中
祝金,廷心,萬竹山人
祝鑾,篁溪,鳴和
祝開,元常
祝閔,次騫
祝陛雲,宛舟,毅方
祝雲棟,榴村,留村
祝韞慧,鈺章
祝顥,惟淸,維淸
祝鳳岐,雲淡,雲溪
神保,安道
神周,朱周
神英,景賢,涇陽伯
祥慶,素雲
祥麟,仁趾
祿堅復,子固
禄堅復,子固
禇國賢,徵羨,慎菴
福临,世祖,體天隆運定統建極英睿欽文顯武大德弘功至仁純孝章皇帝
福保,嘉申,景堂
福全,介臣,小庵,德載
福善,富善
福報,復原
福增格,富僧額,松巖,贊侯,酌雅齋
福壽,忠肅
福明安,富明安,欽文
福森布,富森布
福楙,幼農,淄生
福永,富永,春溪,知足軒,配堂
福海,富海
福滿,直皇帝,興祖
福漳阿,福彰阿
福濟,元修
福珠淩阿,福珠凌阿,福珠隆阿
福珠隆阿,文瀾,旿樓
福瑛,福英
福申,佑之,保之,澍棠軒,禹門
福福雲,淦泉
福臣,海門
福興,振亭,賓三
福錕,箴亭,箴廷
禮佳紀爾塔布,吉勒塔,吉勒塔布,李佳吉勒塔,李佳吉勒塔布,李佳紀勒塔布,李佳紀爾他布,李佳紀爾塔布,紀勒塔布,紀爾他布
禮思鵬,扶齋
禹世一,執卿,孤山
禹之謨,稽亭
禹之鼎,上吉,尚吉,尚基,尚稽,廣陵濤上漁人,慎齋
禹仁烈,靖平
禹伏龍,懼庵,東溪,見吉
禹倬,丹巖,卓夫,卓甫,天章,文僖,易東,白雲
禹尚中,忠壯
禹弘績,嘉仲,長谷
禹性傳,文康,景善,淵庵,秋淵
禹惟一,二友堂,子允
禹愼言,子認,黜齋
禹楫五,玉泉
禹殿鰲,大川
禹洪康,安靖
禹淑靜,素淸
禹湛,渱江
禹玄寶,原功,忠靖
禹藝,君才
禹貢,玄圭,襄莊
禹鼎,葛溪
禾真靜,妙行先生,復常
秀亭,冰玉主人
秀寧,琪原,秀堃
秀平,晴川
秀昌,一峰
秃忽魯,文肅,親臣
秃滿答兒,曼卿
秉彝,宜卿,懿齋
秋學禮,德中,立亭
秋瑾,漢俠女兒,玉姑,璿卿,碧城,秋俠,秋千,秋閏瑾,競雄,鑑湖女俠,鑒湖女俠
种世衡,仲平
种古,大質,小隱君,种种詁
种師中,端儒,端孺,莊愍
种師道,彝叔,忠憲,种建中
种放,名逸,明逸,退士,雲漢醉叟
种湘,楚源
种誼,壽翁
种諤,子正
科奇哩額倫特,忠勇,科奇理額倫特,鄂倫忒,額倫忒,額稜特
科奇理佛尼勒,佛尼埒,恭靖
科爾可大,科爾擴岱,科爾曠岱,科爾科代
科爾坤,覺羅科兒坤,覺羅科爾坤,覺羅科爾昆
秘世通,明遠,開遠
秦丕烈,啟人,嘯廬
秦世得,捷三
秦世禎,瑞寰
秦世章,子明
秦中,時中
秦乃歌,又詞,笛橋
秦之俊,來劬,惟式
秦之均,秉一
秦之柄,漢陸,謙伯
秦之炳,漢陸,謙伯
秦之鑒,惕庵
秦九韶,道古
秦代馨,劍湘,薦香
秦仲,山甫
秦休,又休,岵瞻
秦伯龍,春山,蛟門
秦保寅,樂天,石農,箬溪
秦倬,天採,訥庵
秦偉,世觀
秦僎,季升
秦儀,梧園,鳳岡
秦兆雷,介庵,豫吉
秦光弼,季臣
秦光玉,璞安,羅藏山人
秦光祖,虎侯
秦再奚,井白,僻隱
秦凱,禹垣
秦初,性初
秦力山,巩黃,遁公
秦勇均,健資,柱川,柱臣,桂洲
秦可大,仲修
秦可貞,季章
秦司鐸(JosephGabet),秦嘎嘩
秦吉士,子敬
秦名虚,秦名虞
秦啟烶,振炎
秦嘉,士會
秦嘉楫,少說,鳳樓
秦嘉銓,存古
秦噩,公肅,南澗
秦四麟,季公
秦國璋,滌塵,特臣
秦國龍,冰谷,孫巒,潛庵,絲巒,臥子
秦坊,儼塵,表行
秦堅,叔固,畏磷
秦堯曦,毅庵,縵卿
秦塤,伯和
秦增齡,錫九
秦士楨,木成
秦士鶴,松巢
秦士麟,石生,贊廷
秦士龍,仲翔
秦夔,中齋,廷韶
秦夔揚,韶臣
秦夢蘭,企蓮,文心
秦大光,楞香,麗中
秦大受,可庭,心孩
秦大士,魯一
秦大夔,舜卿
秦大成,澄敘
秦大治,寧齋,緯辰
秦天杜,漢昭
秦子俊,雪舫
秦孝然,石經
秦季槱,宏父
秦宏鈞,容齋,景賢
秦宗淑,宋宗淑
秦宗游,慎齋,逸少
秦宗道,秦家道
秦定三,恭武,竹坡
秦家穆,少伯,肇北
秦寶,連城
秦寶璣,姚臣,潛叔
秦寶瓚,岐臣,稚雲
秦寶鑒,恆宦,懋昭,櫟年
秦尙弘,毅伯,盤桓
秦尚烈,岐賓,庶渠
秦尚運,秦南運
秦崇,智崇
秦崢,思謙
秦嵩,中望
秦嵻,康山
秦巘,玉笙,綺園
秦希瑗,貞白,麟祥
秦希甫,辨之
秦廣之,公廣,蒼華
秦廣漢,沛生
秦廷傑,霞堂,馥堂
秦廷寶,秋原
秦弘,子重,緘齋
秦彬,復初,泰初
秦從龍,元之
秦復培,來卿
秦德榮,慎卿
秦德洵,雲巖
秦德藻,以新,海翁
秦恆齢,立亭
秦恩延,偶僧,子惠
秦恩彤,味蘭
秦恩復,敦夫,澹生,近光
秦恩普,秦恩霈
秦恬然,儉齋,師石
秦應源,小山
秦應逵,達九,鴻軒
秦應驄,行之
秦才管,尾僊
秦承家,季髯,賓於
秦承恩,慎之,芝軒
秦承業,補之
秦承霈,蘭臺
秦揚,容齋,德聞
秦敏樹,散之,林屋,稚梅
秦敦世,湘丞,湘臣
秦敦原,秦敦源
秦敦承,任宣,曉山
秦敬,克恭
秦敬衡,竹浯
秦文,從簡,蘭軒,雲峰
秦文樸,訥夫
秦文煃,小汀,膚雨
秦文解,九村居士,元甫
秦文超,偉士,寒村
秦日暄,五六,玉六
秦日琨,竹泉
秦旭,修敬,景暘,貞靖
秦昂,民望
秦昇,叔熙
秦昌焯,爾翼,雪樵
秦春,錦江
秦時中,椿堂,橙堂
秦時吉,修之
秦時昌,枚諤,雪廠
秦暕,待舉
秦曇,曇筠
秦曾源,辛揆,辛楑
秦有倫,天彞
秦朗,世昌
秦朝釪,大樽,岵齋
秦本提,玉屏
秦松齡,寄暢園,對岩,對巖,微雲堂,次椒,次淑,漢石,留仙,畱仙,蒼峴山人
秦某,利見
秦柱,汝立,餘山
秦梁,子成,虹洲
秦梅,壽屏
秦梓,楚材
秦棠,竹舟
秦森源,湘丞,湘臣
秦植,彥立
秦楨,鈺仙
秦榛,香苑
秦榮,味蘭
秦榮光,月汀,止甫,炳如
秦樹,右青,硯樵,舜選
秦樹敏,勉鋤,娛園
秦樹松,巨川
秦樹聲,乖庵,又衡,右衡,宥橫,宥衡,幼衡,晦明,晦鳴
秦檜,忠獻,會之,謬狠,謬醜
秦步觀,幼海,澹庵
秦武,二十九,從熙
秦武域,紫峯
秦殿楹,望皋,芝生
秦毓鈞,一鳴,平甫,祖同
秦毓鎏,冕甫,效魯
秦民屏,秦明屏
秦民悅,崇化
秦汧,吉生
秦汴,思宋,次山
秦沅,湘南
秦沆,小泗,筠谷
秦泉,漪園
秦泰鈞,汝夏,靜軒
秦淦,七十一,懋淸
秦淳熙,介庵,蓮溪
秦淵,季雲,珠崖,躍時
秦渙,十四,汝亨
秦湛,處度
秦源寬,岵雲,未能
秦潮,步皋,端崖
秦澍春,笠莊,篛農,雨亭
秦濂,士蓮,最齋
秦濟,公楫,忍庵
秦瀚,叔度,從川
秦瀛,凌滄,吳篷,小峴,小峴山人,淩滄,知過堂,遂庵
秦炳文,硯雲,誼亭
秦炳直,子質
秦為幹,景堂
秦焜,燿之,耀之
秦煥,文伯,聞鉢
秦熙成,益齋
秦熙然,南沙,泉南,雒生
秦熫,衍奇
秦熺,伯暘,伯陽
秦燿,舜峰,道明
秦爾坦,介卿
秦玉,德卿
秦玘,伯玉
秦玠,半俗,建封
秦瑗,鳳儀
秦瑛,廷輝,錦衣戶侯
秦瑞玠,晉華
秦璧,蘊珍
秦瓌,含明
秦瓛,廷贄
秦生泰,徵翁,紅翁
秦用中,擇之
秦百里,宛來,復堂
秦矞章,補茵,補蔭
秦祐,順甫
秦祖永,聲白,逸芬
秦禾,子實
秦秉芝,小香
秦篤新,鳳門
秦篤輝,山子,榆村
秦簧,鹿笙
秦系,公緒,東海釣客,秦十四
秦紀煊,松崖
秦約,文仲
秦紘,世纓,襄毅
秦紳,子佩
秦紹煊,松崖
秦綬章,仲和,佩鶴,恆廬,萼盦
秦維城,石愚,綏臣,西臣
秦維嶽,五琴五十硯齋,曉峰,聽雨山房,覲東
秦維正,兆谷
秦緗業,應華,澹如
秦緗武,惺夫,慶榴,省吾
秦繼宗,敬伯,西汀
秦羲,致堯
秦翰,仲文
秦耀曾,遠亭,雪舫
秦育,修敬
秦膺剛,仲和,和仲
秦自德,心畬
秦致恭,率禮
秦臻,味彈,已生,茝風
秦舜翰,國宗,鷺坡
秦良玉,貞素
秦芷,端榮
秦若暘,旭升,逸溪
秦茂林,竹人,翰卿
秦莘田,待軒,耕樂
秦蔭南,雲墅
秦蕃,良翰
秦蕙,畹芬
秦蕙田,味經,味經書屋,味經窩,文恭,樹峰,樹澧
秦藹如,岫雲
秦蘭佩,楚湘,秋湘
秦裕伯,容卿,景客,景容,葵齋,蓉卿,雙谷
秦覯,少儀,少章
秦覿,少儀
秦觀,太虛,少游,少遊
秦詳兒,尼子
秦誠通,孟陽
秦谷,洪川
秦貽謀,孟燕
秦賡彤,汝採,臨士
秦起宗,元卿,昭肅
秦躍龍,山公,鶴峰
秦述先,壽彭
秦逵,文用,秦達
秦道然,雒生
秦達章,斐伯,槐青
秦遵宗,子瞻,蓉庵
秦邦屏,烈愍
秦鄰晉,汝睦,道吾
秦鄹洺,大來
秦重泰,原博,澹緣先生
秦金,國聲,端敏,鳳山
秦金燭,藜軒,野雲
秦金鑒,厚齋,友芝
秦釴,中實,亮甫,若甫
秦鈁,七十一,鳴和
秦鉅,子野,義烈
秦鉞,嶼湖,懋功
秦鉽,克繩,剋繩,補念
秦銳,克進
秦錫九,松岩,禹疇
秦錫圭,介侯,見齋,鎮國
秦錫淳,即瞿,沐雲
秦錫田,硯畦,適盦
秦鍾簡,敬臨,舸南
秦鎬,宅侯,瞻白
秦鏜,國和,樂易,類樗山人
秦鏞,大音,弱水
秦鏷,基真,子韜,真齋
秦鐄,果亭,秦璜,震遠
秦鑣,陛丹,馭南
秦長春,伯晦
秦際唐,伯虞,南岡
秦際隆,友松
秦雄飛,旦初,曉園
秦雲,佩芬,胥母山人,膚雨
秦震鈞,蓉臣,酉經
秦靄如,岫雲
秦靖然,藥師,陶庵
秦韜玉,中明,仲明
秦顒,士昂,士昻
秦養浩,孟高,推良,明仲,第仁七
秦鰲,婁江,子元
秦鳳,子儀
秦鳳林,梧洲
秦鳳簫,鸞枝
秦鳳翔,芝珊
秦鳳輝,於岡,景洲
秦鳴夏,子亨,子章,白厓,白崖
秦鳴雷,子豫,華峰
秦鴻鈞,世萊,心陶
秦鶴鳴,芷齋
秦黌,序唐,序堂,石研齋,石翁,西岩,西巖
移剌元臣,忠靖
移剌揑兒,武毅
移剌氏(耶律買哥妻),貞靜
移剌買奴,顯懿
移剌迪,蹈中
稅與權,巽甫
程?,秋水,藝農
程㸅,南樓,文純
程䋲武,筱泉
程一枝,仲木
程一飛,翀甫
程三光,亭功,壯愍,明遠
程世京,伯崇
程世剛,松崖
程世揚,仲章
程世昌,全甫
程世淳,澂江,端立
程世燦,含光
程世鎮,惠山
程中楷,端泉
程中立,子强
程乃㐅,仰思
程乃父,仰思
程之元,德孺
程之才,正輔
程之楨,維周
程之藩,鎮野
程之邵,懿叔
程之韺,象六
程之鴻,漢翔
程之鵕,採山,羽宸
程九萬,雲期
程乾,德易
程京萼,祓齋,韋華
程京蕚,祓齋
程人鵠,正六,韜庵
程仁,守之,程轍
程仁傑,友三
程仁圻,方浦,方甫,袤野
程仁均,少暘,心田,曙東
程仁壽,壽卿
程仁恩,竹溪
程仁著,伯麟
程介,盤隱
程介福,伯祥
程令儀,碩甫,芍圃
程令媛,儀卿
程令説,彦舉
程以南,南仲,斗山
程以寧,復圭子
程以忠,學川
程以臨,至可
程以莊,臨之
程以謙,子益
程仲昭,塢樵,朗山
程伊,宗洛
程伯友,伯友
程伯強,牧齋
程伯榮,良弼
程伯獻,尚賢
程伯鑾,次坡,程中錚,葯隣,藥鄰,藥隣,陶村
程位,宅三
程佐衡,又伊
程佑,彥泰
程佲,彥彰
程佶,孟華
程俊,程氏
程信,彥實,晴洲釣者,襄毅
程修己,景立
程俱,北山,致道
程傅,佐時
程傑,俊卿
程儒,素時
程儒林,桂堂,詵一
程允元,孝思
程允慶,善徵
程元,仁山,會之
程元允,志行
程元妹,元姝
程元岳,山牕,遠甫
程元弼,夢良
程元愷,育才,莪生,虞丞
程元林,蔚峯
程元棫,寄漁
程元樾,茂如
程元治,德涵
程元章,冠文,寇文,師洛堂,恆齋
程元翼,南冥
程元鳳,文淸,瑞甫,申甫,訥齋
程元鼎,和甫
程兆勝,吉亭
程兆彪,蔚書
程兆棟,玉才,臥松
程兆熊,壽泉,孟飛,香南
程兆祺,伯龍
程兆科,敉長
程兆綸,綬章
程兆鏗,坦泉
程兆麟,霽巖
程先,傳之,東隱
程先甲,一夔,鼎丞
程先貞,正夫,海右陳人,葸庵
程光寵,羲臣
程光庭,朝望
程光烈,覲文
程光瑄,堂亭,璧亭
程光甸,子極
程光矩,二至,蔚亭
程光華,雪庵
程光鉅,二至,蔚亭
程克一,貫之
程克俊,元籲,忠靖,章靖
程克式,景伊
程克明,君佐
程克紹,成甫
程兖,季淵
程全,禹昌
程公碩,中遜
程公許,季與,希穎,文簡,滄洲
程公說,伯剛,克齋
程公説,伯剛,克齋
程其元,仁父
程其垕,容父
程其孚,純父
程其恕,行父
程其深,長父
程其清,立父
程其賢,思齊
程兼善,士達
程再伊,連平
程利川,如方,有光
程則,行諶,行謀
程功,拙存,次立
程功銓,鏡堂
程勇,文憲
程勝,六無
程化龍,念劬
程千里,偉明,月郎,桂筵,第二十八,邁卿
程卓,從元,正惠
程卓梁,任齋,肩宇
程南,庸菴,聖可
程南金,叔貴
程南雲,清軒,遠齋,靑軒
程博文,敏叔
程厚,勤齋,敦慎
程叔琳,子蔭,惕盦
程叔良,仲卿
程叔達,元誠
程受昌,根善
程可中,仲權
程可久,季成
程可則,佛壯,周量,彥揆,湟榛,湟溱,石曜,石臞,量周
程可大,俊夫,復齋
程可紹,致和
程同文,春廬
程名世,令延,筠榭
程含章,月川,羅含章,象坤
程周,希旦
程周祐,賓容
程哲,聖跂
程商,義臣
程問學,思玄
程啓祐,後純
程啟,意萱
程啟佑,後純
程啟充,以道,程啟兄
程啟南,開之,鳳庵
程啟學,楚臣,紫溪
程啟朱,念伊
程善,本善
程嗣功,汝懋
程嗣弼,夢符
程嗣立,水南,篁村,風衣
程嗣章,元樸,南耕
程嘉燧,偈庵,孟陽,松圓,松圓詩老,海能
程嘉行,公敏
程嘉訓,伊園,心顏
程嘉謨,用訏,雪坪
程因,因百
程國仁,濟堂,濟棠,鶴樵
程國儒,邦民
程國勝,安定郡伯
程國榮,拙庵,拙菴
程國檠,竹坡,良輔
程國祥,仲若,我旋
程國賢,君任
程在廑,筱瀛
程坦,坦然
程坦然,徽典
程垓,正伯
程垣,逸士
程埈,亦僧,大川,眷谷
程埜,彥魯
程培傑,漁村
程堂,卓亭,用三
程堯,希古,志隱子
程塤,讀山,賡箎
程增,維高
程增瑞,覲岳
程壎,讀山,賡篪
程士庸,仲謙,程世庸
程士椿,南嚴,南巖
程士賢,師尹
程士龍,應辰
程壽齡,薦如
程夔,午坡
程夢子,仰高,伯起
程夢星,午橋,香溪
程大中,拳時,是庵
程大任,華老
程大位,汝思,賓渠
程大功,明吾
程大呂,天臺,文載
程大夏,居行
程大年,叔永
程大昌,文簡,泰之
程大本,叔達
程大熊,兆呂
程大璋,子良
程大皋,韓洲,鶴林
程大約,君房,幼博
程大紳,廷佩
程大觀,叔賓
程大賓,汝見
程大賔,汝見
程天旋,玉璧
程天民,行可
程天秩,秩宗
程天經,民瞻
程天驥,千里
程奎,國光
程女,英孝程烈女
程姬,魯太后
程婷栻,南傲
程嫻,淵湛,湘蘅
程子敬,和一,敬所
程子民,天民
程子琨,瑤林
程子璋,錫南
程子釴,扶輿,鼎甫,鼎輔
程子鏊,坤輿
程子鐸,黃輿
程存,伯順,澹成
程孟,文實,槐瀕
程季卿,元慶
程學伊,春甫
程學博,二蒲,近約
程學啟,忠烈,方忠
程學愽,近約
程學本,立培
程學道,志傳
程學金,式如
程宇光,韜庵
程守伊,曙堂,聯堂
程守善,通真子
程守謙,荀叔
程守身,若曾
程安,會一
程安節,元亨
程宏,毅夫
程宏圖,士南,士尚
程宏志,聖木
程宏敬,儼存
程宏濟,奇童,志仁
程宏玉,廣亭
程宏遠,蛻翁,退僧,頌嘉
程宗,原伊,文伊,源伊
程宗伊,道鳴
程宗曾,嗣孝
程宗淇,綠溪
程宗豫,介巖,介石
程定,後野,靜夫
程定泰,靜齋
程宣,嗣霖
程宣俊,魯齋
程家修,獻廷
程家棟,葵田
程家相,潛明
程家督,端林
程家祥,香谷
程家禶,岳西,汝華
程寀,公弼
程寅錫,仲虎,硯香
程富,冰月道人,好禮
程實,時彰
程實之,士華,尊己翁
程寧,道夫
程寬,栗夫
程寰,伯輔
程寶名,榕門,聽橋
程封,伯建,石門
程少杜,景明
程尚志,心之
程尚義,緯堂
程履端,於始
程履謙,虛谷
程岩,巨山,海蒼
程峋,程珣
程峴,和卿,見山
程崟,二峰,南陂,夔州
程崧卿,中甫
程嵩祝,華封
程嵩辰,震舒,韻琴
程巖,巨山,海蒼
程川佑,方水,蕉雲
程希濂,澹人
程希濓,澹人
程希諒,元寬
程師孟,公闢
程師曾,雪舫
程師望,周翰,第一
程席珍,蘊琦
程席齡,原谷,與九
程平,德正
程序,士倫
程庭,且碩,碩生,若庵
程庭昭,幼安
程庭桂,楞香,芳仲
程庭鷺,序伯,蘅鄉
程康莊,坦如,昆侖
程廣,克勤
程延珙,獻之
程廷弼,澤齋
程廷恆,守初,月鋤,邃廬
程廷昶,雲飛
程廷材,維楚
程廷栻,敬叔
程廷梁,雲蓀,震楣
程廷棟,松溪,殿中
程廷浩,巨揚,霞江
程廷濟,肖埜
程廷珙,獻之
程廷璐,佩鳴
程廷祚,啟生,程石開,程默,綿莊,緜莊,青溪,青溪居士
程廷策,汝揚
程廷鏡,蓉屏
程建用,彝仲
程弁,星如
程式,君衡
程式濂,鄰溪
程式金,友石,子堅,寅伯
程彥,晏裘
程彪,美中
程徐,仲能
程得齡,湘舟,與九
程從龍,漢章,登雲
程御樊,仲遲,仲邊
程御龍,楓溪,翼山
程復,用初
程復初,明善
程復心,子見,林隱
程德全,本良,純如,雪樓
程德楷,憲甫,松亭,松廷,邦憲
程德潤,伯霖,玉樵
程德煌,澍田
程德玄,禹錫
程德秀,景華
程德良,凝之,雲連
程德萃,草亭
程德譽,文琦
程德賚,子香
程德降,廷邁
程德音,農初
程德麟,子定,達菴
程徹,申齋,通甫
程心宇,天懷,肯堂
程必昇,東旭
程志中,興齋
程志和,雒庵
程志堅,桂山
程志洛,書原
程志銓,元衡,溉堂
程志隆,蘊山
程忠詔,介臨,幹臣
程忠顯,良輔
程思廉,介甫,敬肅
程思樂,北野,北黔
程思溫,叔玉
程思義,思義
程思聰,謀伯,鈍菴
程思靖,仲方
程怡孔,孟顧,錞庵
程恂,慄也
程恆生,尚齋
程恕,以忠,忠卿
程恩,天寵
程恩澤,春海,梅春,讀雪軒,雲芬
程恩濊,湛華
程恩煦,朗仁
程恩錫,雪香
程恪,敬之
程恭,也先不花
程惟孝,留蓀,蓴甫
程惟象,則之
程惠昭,明萬,順萬,鵬萬
程愈,謙夫
程愚,次柴
程愷,小顧,沛膏
程慶燕,義庭
程慶餘,可大,善夫,心齋
程憲,伯度
程應佐,嵇亭
程應奎,文瑞
程應振,列卿
程應琦,程應奇,節愍
程應琪,其玉,樹仙
程應璜,抑谷,渭符
程應甲,仲敬,堅三,應祥,第三
程應申,及父
程應科,冠亭,竹墅
程應誠,誠齋
程應軺,星採,星泉
程應辰,蕉山
程應鍾,序東
程懋來,憩堂
程懋嫻,湘擠
程懷信,宗文
程懷庭,盛菴
程懷珍,味蔬
程懷璟,小宋,玉農
程戡,勝之,康穆
程拱宸,仲星
程振,樸翁,玉夫
程振甲,也園,木庵,篆名,音田
程振箕,澤弓
程振鐸,舜若
程授,朝章
程掌,叔運
程揆,端卿
程摶萬,鵬九
程擇,義夫
程攸熙,寶輝,謇堂
程放,季嘉,拙庵
程敏政,克勤,暖道,篁墩
程敦厚,子山,家山
程敦書,通叟
程敬,孟莊
程文,質夫
程文傅,仲熙
程文囿,灌泉,觀泉
程文在,吾偉,篤芳
程文德,八十四,文恭,松溪,舜敷
程文思,堯夫,松石
程文桂,月芬
程文榮,南村,蘭川,魚石
程文正,笏山,范村
程文炳,壯勤,從周
程文球,冠石,春谷
程文著,美中
程文葵,進揚
程文轂,暢之
程文遇,元卿
程文運,耕方
程斯覺,既華,易齋
程新恩,玉塘
程日宏,肇遠
程旦,孟明
程旭,昭晉
程昇,啓明
程昊,希大
程昌,時言
程昌寓,程昌禹
程昌期,佳評,蘭翹,階平
程昌誼,越未
程昌齡,元壽
程明,愫室
程明愫,蔌園
程明渤,北際,竹坪
程明試,式言
程易,從道
程春藻,麗芬
程春震,時舉
程時中,時中
程時思,二十四,以學,臺山
程時敏,子方
程時登,登庸
程晉燾,魯齋
程晉芳,三長物齋,勉行堂,勉行齋,廷璜,桂宦,程廷鐄,程廷鑛,程志鑰,蕺園,魚門
程晏,晏然
程晞尹,聖任,隱莘
程普,克濟
程景伊,文恭,綠雲書屋,聘三,莘田,蒲褐山房,雲塘,龍湖叟,龍湖漁叟
程景明,敬亭,補庵,達材
程景雲,漢章
程智,子尚,極士,雲莊
程暾,孟陽
程曼卿,子華
程有俊,熙之,顯之
程有守,思約
程有徽,晦之
程有文,叔信
程有覺,順之
程有階,回溪,盈六
程望澤,湄生,潤生
程朝儀,仲威,抑齋,石印山民
程朝柱,信芝
程朝珠,信之
程朝金,元直,康侯,程朝京,蘿陽
程本治,虞五
程本煇,霞峯
程本燿,又韜
程本立,原道,巽穩,巽隱,忠介,道原
程杏芳,彝堂,紅圃
程材,良用
程杞,森崖,獻可
程杭,葦之
程東,楚望
程東鳳,朝陽
程杲,時昭,蘭峰
程松,冬老
程松宜,素菴
程松生,夢侯,筠甫
程林宗,介山,泰卿
程枚,時齋,瀛仙
程某,仵郎
程桓生,尚齋
程梓,方峰,方峰先生,程粹,養之
程梓雲,連茹
程梯功,鶴槎
程棟,芳泉
程棣,仲華
程棫林,少珊
程森,伯茂
程植,仲本,古愚
程植義,培初,立山
程椿年,壽貞
程楙采,心師竹齋,憩棠,曜初,程贊采
程楷,二十一,正之
程榆,森之
程榛,晉苑,香苑
程榮,次桓
程榮壽,輔義
程榮秀,孟敷
程構,程擴
程樗,伯文,翠林逸民
程樞,伯機,雲樓
程樟,喬仲
程樸生,石洲
程機,樞一
程檉,家檉,雨宣
程正則,古山
程正巽,風樵
程正度,裴文
程正揆,程正葵,端伯,良籌子,青溪,青溪老人,青溪舊史,青溪道人,青溪達子,青谿道人,鞠陵
程正明,德卿
程正璽,玉章
程正色,程正已
程正萃,除只
程正葵,程正揆
程正誼,二十四,叔明
程正隆,石野
程步矩,易園
程步蟾,桂葊
程毓昌,蘊園
程氏,陳程氏
程氏(程嵩朗女),令秀
程永奇,格齋,次卿
程汝璞,蕉鹿
程汝盛,以怕,四十
程汝繼,敬承
程汝翼,子獻
程汝能,公才
程汝鏡,小蓉,少蓉
程沂,岱源
程沄,二眉,伊湄
程沆,清叟
程沐,自芳
程泌,旨泉
程法孔,魯一
程泰,用元
程泳,友山,孟游
程洙,正源
程洵,允夫,克庵,欽國,翠林逸民
程浚,肅庵,葛人
程海,宗源,慶源,澄源,長源,養源
程淑,繡橋
程淳,竹堂
程淳袓,程醇袓
程湘,芳芷
程源,又清
程準,平叔
程溥,廣初
程溫,德和,鑑亭
程滂,子澤
程漳,朗岑
程潤,松岩,淸波
程潮,仲偉
程澄,文潔
程澍,彥霖
程澐,天霈
程澤,仲達
程澤蘭,馥菴
程澤霈,玉雲,聲之
程澥,則明,希淳,文孫,明則,第十六
程濟,漏澤園
程濬,武岑
程瀚,北海
程炌,曉山,默子
程炎子,淸臣
程炎震,篤原
程烈,既培
程焜,光樵,可山
程煌,子明
程煜,旭亭,暘川
程煥章,有堂
程煥采,曉初,程奐采,霽亭
程熙,克和,景熙
程熙增,康侯,皞蓀
程熟,伯生
程燁,子潛
程燧,德明
程燾,子壽,普庵
程獻燧,獻燧
程玄景,師朗
程玉成,巽生
程珌,懷古
程珍,爾虛
程珏,臨川,錫五
程珙,仲璧,柳湖
程珤,子彬,靜泉
程珦,伯溫,君玉,程溫
程珫,季聰
程班,唐班
程珮,以和
程珮琳,季超,璧畬,碧腴
程琯,德和
程琰,奐若
程琳,天球,文簡
程瑀,伯寓,愚翁
程瑁,君用
程瑍,玉章
程瑜,叔寶
程瑞,希鳳,梧岡
程瑞祊,姬田,宗衍,槐江
程瑤田,亦田,伯易,寶彊道人,寶疆道人,易田,易疇,益壽翁,程易,葺翁,葺荷,葺郎,讓堂,讓堂主人,讓堂先生,讓堂老人,辨榖老民,醉翁之年,附讓堂
程璋,弱文
程璠,仲韞
程璧,君實,君寳
程璧光,恆啟,玉堂
程璬,文瓌
程璲,嚴璲
程璵,子立
程瓊,無涯居士,飛仙
程用之,用之
程用晦,明遠
程用霖,程霖
程甲化,季白
程畹,蘭畦
程百二,幼輿
程皋績,思令
程益,光道
程盛修,南陔松菊,夕陽書屋,楓儀,雙橋,風沂
程直方,前村,道大
程相,簡廷
程瞳,啟曒,莪山
程瞻,師仁
程矞采,晴峰,程新勝,靄初
程矞雲,南浦
程知節,義貞,襄公
程祁,宗彥
程祕,懷古
程祖洛,問原,問源,梓庭,簡敬
程祖潤,雨琴
程祖澍,潤禾
程祖誥,覃叔
程祥棟,小松
程祿,于天,在夫
程福蘭,佩芬,紉秋
程禹圭,天錫
程秀,子載,文洲,醇甫
程秀民,二十七,天毓,習齋
程秉,耕雲
程秉釗,公勖,蒲孫
程稘,子相
程穆衡,惟淳,蘊香居士
程穎芝,希轅
程立之,斯立
程立本,澄春,澄齊,澄齋
程立誠,伯修
程立鰲,亦軒
程章,德耀
程章掖,少泉,成伯
程端學,時叔,積齋
程端本,卓芸
程端禮,敬叔,畏齋
程端穎,小芝
程端蒙,正思,蒙齋
程策,參寰,獻可
程筠,德林
程節,信叔
程純,子一
程紱,澤雲
程紳,伯書,東凕
程紹,公業
程紹昌,文伯
程紹裘,鶴衫
程紹開,及甫,月巖
程綝,蘭溪
程維岳,申伯
程維清,仲熙,修恬
程綿世,德裕
程繜武,友恭
程繩祖,叔武
程纘孟,載功
程纘洛,速肖
程義,元方
程義洛,書易
程羽,冲遠
程羽伸,啓夏
程翄,修齡
程翔,鵬擧
程翔卿,孝肅,羽道
程翰,坤之,沖之
程翰林,翰林
程翼,於敬
程聯堃,厚菴
程聳,德升
程肇烈,佩紳
程肇鑄,吉農
程致禄,仲芳
程興仁,大恕,近溪
程興發,春亭
程良,二十七,明輔
程良佑,裕卿
程良傅,展衡,扆衡
程良籌,持卿,節愍,雪窗
程良金,玉淵
程芝筠,紫堂,霞壇
程芬,瑞卿
程芳朝,中裕堂,其武,其相,程鈺,立庵
程若中,寶石,盤磵居士
程若容,寬夫
程若庸,逢原
程若稷,民若
程若藻,藴中
程英銘,新三
程茂,蓴江
程茂冲,恭甫
程茯娥,程伏娥,蓮村
程荃,蘅衫
程莘田,梅坨,梅秺
程華,祝峯,積峯
程萬峙,立山
程萬年,勝九
程萬璋,峩若
程萬里,道遠,陳萬里
程萬鍾,廷錫
程葆,鎮北,震伯
程蓮,友青,魚溪
程蘭階,毓淸,沅溪
程虞卿,禹山,趙人
程行杞,夢符
程行模,樓亭
程行超,海峯
程衍洙,仲瀾,程家軾
程襄龍,古雪,夔侶
程西池,垣衢
程覃,會元
程觀生,仲孚
程觀頤,我生
程訓,佩齋
程註,爾雅,芸閣
程試,子躍
程誥,欽之
程謙,受益
程謙之,成甫
程讓,程汝達
程谹時,愚谷,聲子
程豐厚,筱芙,芑孫
程象祖,巖孫
程豫,杜洲,秉謙,立齋
程貞,履正
程賀,程君山
程資,仲樸
程賜榮,天咫,謌巖
程質,仲文
程贊寧,程贊清
程贊普,一亭,鳧塘
程贊清,定甫,程贊寧,靜軒
程贊采,憩棠,曜初,翊臣
程起鶚,挺生,艇笙
程軏,信甫
程輅,伯衡,東臯處士
程輝,琴之
程迥,可久,沙隨
程迪,恭愍,惠老
程述祖,繼孫
程途遠,平山,玉章
程通,彥亨,端直,貞白
程逢午,信叔
程逢盛,小鵬
程進瓌,貞玉
程逵,九龍,彥通
程逸,思亮
程遂,成父
程遇孫,叔達
程道元,覺齋
程道壽,應正,節愍
程道庠,長虞
程道新,涵初
程道東,明吾,震伯
程道源,學淵
程道翼,子羽
程達,于順,順甫
程遜,惟謙
程遵堯,紹棠
程遵彥,之邵
程遵道,悅南,悅甫
程遷,廷秀
程邁,進道
程邃,垢區,穆倩,青溪
程邦太,民望
程邦憲,拙存居士,淸虛靜泰室,穆甫,竹庵,竹盦,竹菴,遲雲吟館
程邦本,民望,辰望
程邦祚,柯亭
程郇,晉輔
程鄰,欽之
程采,鳳若
程量入,上慎
程金,德良
程鈁,仲鳴
程鈞,子重
程鈺,式如
程鉅夫,文憲,文海,遠齋,雪樓
程銈,十峯,方岩,瑞卿
程銓,春嵐,衡山
程錫蕃,介農,庶之,晉康
程錫類,不匱
程鍾,曏晨,覺山,雲珂
程鍾彥,南村草堂,芥亭,驥超
程鎔,矞堂
程鎮瀛,芷柳,蟄庵
程鏞雲,之圃
程鐘義,耐菴
程鐸,子木
程鑑,孔昭
程鑾,坡士
程锺,子通
程長銘,銘也
程開元,再揚
程開豐,羽文,芑堂
程開運,子元,少輝,蓉第
程閨貞,梅雪
程陽,孝遂
程隆,君熙
程際盛,奐若,東冶
程際雲,小亭,縈之
程際韶,夔九,簫庭
程雄,子散
程雲,岑度
程雲步,千里
程雲翔,平圃,軒宇
程雲翰,竹堂
程雲鵬,華仲
程雷發,伯聲,寅郎,第二十五
程霆,仲復
程震佑,曉林
程霓,民望
程霖,雨邨
程霖壽,小炳,汝滄,箕叟
程靈洗,元滌
程靜宜,仁卿
程靜貞,素庵
程韻蘭,臣卿
程頊,二十三,廷臣
程頌萬,子大,鹿川
程頌藩,伯翰,葉庵
程頤,伊川先生,正叔
程題雁,書亭,賓秋,鞠泉
程願學,希聖,節卿
程顥,伯淳
程顯甲,登俊
程顯道,元吉,松谷
程養全,子正
程騭,寶柱
程驤,季龍,師孟,松軒
程鳳墀,丹麟
程鳳娥,映碧
程鳴伊,希正
程鳴岡,振民
程鳴鳳,朝陽
程鴻儒,世英
程鴻緒,石琴,芑堂
程鴻詔,伯敷
程鵬,彥升,彥昇
程鵬翼,九萬
程鵬里,迪庭,鶴街
程鵬霄,飛卿
程鹿鳴,蘋卿
程麟,伯祥
程默,子木
程鼎,復亨,韓溪翁
程鼎敏,罕功
程鼎新,晞說,草庭
程鼎芬,伯和,鄂南
程齊訥,敏仲,近甫
程齊誥,綬人,鶴階
程龍,烈愍,飛生
程龢,子中,雲生
稱海,忠襄,莊順
稷玫,玉圃
稽承孟,養田
稽景照,良清
穆?祖,公有,第一
穆世傑,文英
穆來輔,誨之
穆修,伯長
穆克登佈,穆克登布
穆古必立,永叔
穆員,穆六,與直
穆大鴻,桂山
穆孔暉,伯潛,文簡,玄菴
穆孔輝,以昂
穆寅,虎臣
穆寗中,允執
穆導沅,張導沅
穆廷栻,公符,淸恪,符公
穆彰阿,子樸,鶴舫
穆德林,西園
穆德沛,香甫
穆忠銘,勤宰
穆念貽,翼之
穆成龍,雲從
穆擯祖,公有
穆文熙,少春,敬甫
穆深,桂陽
穆煒,一齋
穆爾察福興,田生,綏庭,莊愨
穆爾扎穆克登布,勇肅,穆爾察穆克登布,穆爾查穆克登布
穆爾查成書,倬雲,多歲堂,穆爾察成書,誤庵,識庵
穆爾查那斯洪阿,穆爾察那斯洪阿,穆爾查穆爾察那丹珠,萬石
穆相,伯寅
穆緝香阿,居南
穆翬,彥翔
穆蘭泰,芷衫,雲罕
穆衍,昌叔
穆賓,庭秀
穆馨阿,吟濤
穆騰額,藝圃
積善,宗韓
積朗阿,積郎阿
穰嵩起,嵩起
窩闊台,太宗,英文皇帝
竇以燕,子翼
竇偁,日彰
竇儀,可象
竇儼,望之
竇元,叔高
竇元灝,少梁
竇光鼐,元調,吾齋,東皋,東皋先生,省吾齋
竇克勤,敏修,艮齋,遯庵,靜庵,靜菴
竇勸,季能
竇卞,彥法
竇參,時中
竇叔向,竇十九,遺直
竇可權,雲明
竇啟瑛,亦亭,修五
竇垿,子坫,子州,蘭泉
竇士鏞,曉湘,警凡
竇天章,彦法
竇奉家,千山
竇如蘭,子化
竇妙善,貞烈
竇威,文蔚
竇子偁,燕雲,竇于偁,進南
竇季餘,幼直
竇守謙,瀛舫
竇容恂,介子,葵林
竇容聰,霖子
竇容邃,樗村,聞子
竇展,伯良
竇希儞,企善
竇希寂,澄遠
竇希球,國珍
竇希瑊,美玉
竇常,中行,竇大
竇庠,冑卿,竇五
竇庭蘭,竇蘭
竇從周,文卿
竇心傳,輔堂,長山
竇忠棐,國輔
竇懷貞,竇從一
竇承焯,俊三,晉山
竇承芳,世芬
竇振彪,武襄
竇明,惟道,惟遠
竇易直,兆隆,方輪
竇本,可立
竇梁汾,慕儀,適存
竇欲博,乙湖,乙潤
竇欲峻,松溪
竇氏（太穆皇后）,太穆順聖皇后
竇氏（昭成皇后）,昭成皇后,昭成順聖皇后
竇氏（肅宗張皇后母）,義章縣主
竇海渟,贊唐
竇渥之,季殊,霑甫
竇潤,子雨
竇澄,叔淸
竇牟,竇二,貽周
竇玉璠,梅亭
竇琰,令璋
竇畢,竇曅
竇皋,靈長
竇祥,文瑞
竇端,研溪
竇絟,素文
竇綱,總之
竇繼祖,周臣
竇纁,延贄
竇羣,丹列,竇三,舟列
竇舜卿,希元,康敏
竇蒙,子全,子泉
竇行冲,和卿
竇詵,斯和,瑤圃
竇誕,光大,忠貞
竇貞固,體仁
竇遴奇,松濤
竇重光,義田
竇鎮,叔英,拙翁
竇需書,環溪
竇靖,子恭
竇鞏,友封,囁嚅翁,竇七
竇鴻年,檍園
竇默,子聲,文正,漢卿
立智理威,忠惠
立柱,何鈞
章一桂,德芳,第萬四
章上松,筠亭,鶴屏
章世仁,元卿
章世德,天彞
章世法,宗之,青峰
章世禎,克昌
章世純,大力
章世繩,詒武,鴻軒
章世臣,有堂
章乃正,履中,端士
章乃羹,梅先
章之邵,少董
章亮,文煥
章仁基,厚卿,筱雲
章仇玄素,元素
章仕堯,時雍,淸所
章令信,令信
章以貴,一人
章佳喀爾塔喇,喀勒塔喇,忠壯
章佳夢吉,獻徵,鑑侯,鑑溪,鑒溪
章佳尹泰,子登,文恪
章佳尹繼善,元長,文端,望山,望山山人
章佳慶保,佑之,蕉園,蘭雪堂
章佳慶桂,丹年,文恪,樹齋
章佳慶霖,晴村
章佳承志,章佳承霈
章佳赫特赫,忠壯
章佳達素,達肅
章佳那彥成,文毅,更生,東甫,繹堂,韶九,韶允
章佳鄂禮,立庭
章佳阿克敦,冲和,德蔭堂,恆岩,恆巖,文勤,立恆,立軒
章佳阿必達,章佳鄂彌達,章佳阿彌達
章佳阿桂,廣庭,廣廷,德蔭堂,文成,雲岩,雲巖
章俞,咨臣
章倫,修五
章倬標,果堂,錦歸
章傅,傳道
章僑,處仁
章儀,來鳳,章表,翔鳳
章儀林,秋亭
章允儒,珍甫
章允賢,九華,汝愚
章元任,莘民,萃民
章元崇,德昂,環溪先生
章元彬,曉山
章元振,時舉
章元澤,吉父
章充,章流
章兆驥,裁良
章兆鴻,達亭
章光岳,見前
章八元,章十八,章才子
章公量,寬夫
章其志,明式
章冲,茂深
章升之,以初
章又新,實甫,第四
章友直,伯益
章可舉,蘭皋,隋阜
章君庭,明揚
章啟,際亨
章啟周,章廷益,貞伯
章善,立賢
章嗣衡,星嶽
章嘉楨,元禮
章嘉禎,元禮
章嚞,德元,春谷
章四娘,柔和
章國武,文叔
章國舜,伯元,秀南
章在茲,景與,陶公
章圭瑑,篆生,籀蒼
章圻,一橋
章均,安溥,治齋
章型,敬安,鏡涵
章垚,叔垕
章垣基,屏遠
章埏,乃秋,咫齋,海秋
章培慶,佩卿
章堡,滋菴
章堮,卓初,秋水
章墦,伯瑤
章士傑,曉鰲,漱泉
章士元,伯允
章士熊,載璜
章士珠,還浦
章士祐,君福
章士荃,彥實,芷操
章士齡,君壽
章壽康,碩卿
章夏,彥明
章夢斗,兆星,斗山
章夢賢,思齊
章大來,泰占
章大倌,星園
章大澤,道和,雷川
章大豐,士玉,瑩齋
章大醇,景孟
章太炎,章炳麟,炳麟,枚叔,太炎,菿汉,余杭先生
章奕鉎,星彩
章如愚,俊卿,山堂
章如旦,希周
章如蘭,澹園,襲芬
章如鈺,伯温
章婉儀,耐卿
章婉婉,文柔
章孝參,魯士
章孝標,道正
章孝貞,靜儀
章學淳,懋修,粹齋,蘭軒
章學湘,漁汀,漁江,魚江
章學濂,石樓
章學誠,實齋,少岩,少巖,章文斅
章守勳,保庸
章守誠,仲明,念清
章宗元,伯初
章宗源,逢之
章宗瀚,栢川
章宗瀛,登之
章宗輅,耐村
章定瑜,梯山,肖樓
章定鑑,繼武
章寓之,道充
章寬,筱汀
章寶傳,習之
章尚學,六十九,宗理
章尚絅,節愍,闇然
章履成,慧成
章岵,伯望
章岷,伯鎮
章峴,伯瞻
章嵩,鳳麗
章嶔,井翁,厥生,可舫
章希穎,春園,春齋
章師程,受生
章平,蘭軒,賡陶
章平事,大修
章康,季思,聘君,雪崖
章延年,廷修
章延楓,小河
章廷奎,芝田
章廷楣,雨周,雨洲
章廷表,簡庵
章廷黻,公晁,蘊白
章弼,拱辰
章彀,仲弓
章彬,自新
章律,容齋,怡晚散人,鳴鳳
章得一,德茂,悠然先生
章得象,希言,文憲,文獻,文簡,郇國公
章復,彥復
章徵瑞,蘭舟
章德懋,勉之
章德芝,敬芬
章德藻,端甫,邁瓊
章志堅,卓如,若洲
章忱,景恂
章思培,子三,本植
章性良,江蘺,聖可
章恩海,子瀾
章悊,季明
章惇,子厚
章愷,北亭,虞仲
章慶治,枚舫
章慶雲,際可
章憲,欽臣
章憲文,公覲,鹿苑
章應全,保之
章應奎,聚五
章應子,貴安
章應柳,星南
章應雷,震卿
章應韶,繼美
章應龍,坦齋,翔卿
章懋,世功
章成義,宜甫,師竹
章才邵,希古
章拯,以道,四十,恭惠,樸菴
章振標,學和
章振萼,范山
章振蕚,紫扶
章授,榮之
章援,致平
章擴,充道
章攀桂,淮樹,華國
章政徽,令修
章敏,以達
章敞,尚文,質菴
章文,中子
章文基,字南,守南
章文標,憲卿
章文綬,丹甫
章文藻,振亭
章文謨,子顯
章文起,又昌
章文鐄,文璜
章文麟,瑞卿
章春遇,雨齋
章昭達,伯通
章昺,天節
章時鸞,孟泉
章晉,伯明
章晟,南垞,曜鳴,竹亭
章曠,于野,峩山,文毅
章書,弘載
章曾邠,允居
章有大,容谷
章有嫻,媛貞
章有成,靜齊,靜齋
章有期,紹泉
章有淑,瑞麟
章有渭,玉璜
章有湘,令儀,橘隱居士,玉筐
章有源,瑞麟
章有澄,迴瀾
章有閑,媛貞,有嫻
章服,德文
章望之,表民
章朝偉,連峯,遲峯
章朝宗,禹寧
章朝敕,寶傳,菊人
章杞,午橋,季高
章杲,泉鑑,賓暘
章格,戒菴,韶鳳
章桂文,企山
章桂生,蟾一
章桂聯,立齋
章梫,一山
章棟,四可
章棠,二梧,自勤,蔭南
章棨,宗肅
章森,德茂
章棶,敬則,章徠
章棻,春亭
章楠,虛谷
章楫,濟叔
章楶,莊敏,莊簡,質夫
章槱,南塾先生,南墊先生
章標,原本
章樵,升道,桐麓
章樹逵,儆頑
章樾,茘村
章檉,伯榮
章檗,三十四,貞叔
章次郇,弼之
章欽允,恭剋,鱗長
章欽文,君煥,斐菴
章正國,平甫
章正宸,偁庵,偁東餓夫,格庵,格菴,羽侯
章正岳,益孟
章武,繼韶
章永,延仲
章永康,子和,晉堂,瑟廬
章汝梅,次柯,韻之
章汝槐,子應
章汝鈞,和叔
章沅,芷伯
章法,事可
章法護,季珣,幼叔
章洪發,雲齋
章洪鈞,夢所,琴生
章浚,輪香
章淑雲,瓊田
章淡如,菊仁,誌純
章淮,原豫
章淵,伯深,懲窒子
章清,仲寧
章湘洲,琴崖
章溢,三溢,三益,匡山居士,莊敏
章溥,春屾,春岫
章漢,倬堂,偉堂
章潢,文德先生,斗津,本淸
章潤,實甫
章炤,子臨
章炳仁,質卿
章炳森,椿伯
章炳麟,太炎,枚叔
章為梯,步靑
章烜,蘭主,蘭渚
章煒,伯剛,元城,涵翠山房,琯官,琯香,管香
章煥,文明
章煥然,素夫
章煦,寒山舊廬,文簡,曜青,桐門
章熊,于牧
章熙,治亭
章熺,玉亭
章燮,澧塘,理堂
章燮元,笠舫
章燮理,協和,築岩
章燾,彥博,彥溥
章玄應,元應,十二,章元應,順德
章玉植,成五
章玉檢,東嚴,東巖
章珪,孟瑞
章琰,子美,立庵
章瑄,用輝
章瑞,廷召,瀛山
章瑾,公瑾,用欽,采芝
章璠,用成
章瓊,璧田
章用中,端叟
章甫,夢甫
章甫端,子相,西瀛
章畸,稚蓀
章睿,左奎
章祖申,無可,笛漁,茝生
章禮,約之
章程,叔千,楚江
章穎,文肅,茂獻
章第榮,及廷,雲巢,鼎銘
章箴,仲銘
章節,紫池
章節夫,仲制,從軒,從軒先生
章篯,椿伯
章簡,坤能
章粹,仲容
章紫電,宇光
章紹宗,螺川
章紹曾,公訥,醒吾
章紹洙,伯愚,北蒙,魯泉
章紹齡,夢香
章絅,素五,觸虛
章綖,君邃
章綡,子上,子京
章綬,仲結
章綬銜,子伯,子檗,紫伯
章綸,絲綸
章縡,伯成
章繪,尚素
章繹,章擇
章美中,積之
章耀廷,焜垣,黼卿
章聰,俊民
章良肱,翼之
章良能,達之
章若昌,彭若昌
章茂林,秀巖
章華,嘯蘇,曼仙,縵仙
章葆直,潤生,潤田,燿田,耀田
章著,晦文
章蒙,明發
章蕁,希盛
章蕃,松坡居士,申甫
章藻功,息廬主人,豈績
章術,抱愚,道傳
章衡,公甫,子平
章衡忠,平甫
章袞,介庵,介菴,汝明
章規,守規
章覲文,裴泉
章訢,至和
章詒燕,翼凡,鷺門
章詧,冲退處士,隱之
章誼,宜叟,忠恪
章諺,又傳,樂野
章謐,止臣,浮之,端承,第三,靖之
章謙亨,牧之,牧叔,生佛
章貞,含可,載弘
章貽燕,鷺門
章賢,士希
章贄,素菴
章贇,後山
章贊元,素完
章辰,雲龍山人,麗江
章迪,允德
章述,兩峰,景明
章适,景南,道峰
章遇孫,宗覲
章道鴻,黼卿
章達,章莪
章遹翰,淳懷,蓴孫
章邦元,伯善,午峰,悛生
章邦翰,公佐
章采岳,岱淵
章金牧,萊山,雲李
章鈺,堅孟,式之
章銓,拊廷,湖莊
章銳,元進
章鋆,採南,望雲山館,酡之,酡芝,采南,雙橋草堂
章錢齡,祖庚
章錦祚,世禎
章錫,聖九
章錫光,偁山孑僧,劼丞
章錫奎,仰蘇,松庵
章鍾亮,墨稼,恂齋,新齋
章鎬,次張
章鎰,元益,靜菴
章鏓,克平
章鐏,馥園
章鑄,子壽
章鑑,公秉,杭山
章鑒,亮之
章陶,柴桑,栽良
章隆,章隆才
章際治,岑石,琴若
章際清,竹溪
章雲鷺,紫儀,紫義
章雷,迅齋,震初
章震,春生
章霖,瞻三
章韞,道庵
章韻清,蘭言
章頔,朝宗
章頴,南洲,章穎
章頻,簡之
章顒,士昂
章顯,西杭,誠庵
章駒,伯昂,伯駿,孟駒,第十八
章高元,松岩,迂子,鼎臣
章魁孫,光大,斗翁,第千三
章鶴齡,六峰,子襄
章黯,二儒,二孺
章黼,息翁,次白
章鼎臣,鳳至
章齊,叔敬
童什庚,松君
童仁益,友賢
童以炘,秋湖
童仲揆,元圃
童伯羽,敬義先生,蜚卿
童佩,子鳴
童俊,邦英
童保常,子珍
童元鵬,雲翮
童兆璜,秋垣,秋山,秋里
童兆蓉,少芙,紹甫,芙初
童冀,中州
童可,士衡,第二
童品,十二,廷式,慎齋,章品
童均,松巖
童埏,際庭
童士奇,樹庠
童大?,硯蕓
童大定,德潤,持之,第三,進之
童大祿,受蒼
童天申,祿所
童如淮,淮川
童存德,居敬
童孝源,有本,甬川
童學濂,石機
童學詩,元友
童守宏,守宏
童宗顏,西橋
童寅,以敬
童寬,濟之
童尚柔,子敬
童尹,廷正
童居易,杜洲先生,行簡
童履康,嘯泉
童帖木兒,一齋
童德本,椿年
童德璋,瑤圃,璠圃
童德鍈,春珊
童忠鋐,月島,玉如
童忠鎬,燕如
童恩,春海
童成功,童功成
童承契,十一,士成
童承敘,內方,士疇,漢臣
童挹芳,茂倩,養園老人
童文,潛夫
童旭,賓暘
童春,祝三,竹珊
童昶,明甫
童有成,化徵
童有齢,慶伯
童朝儀,令侯
童梅華,月村
童梓,良仲
童棫,牧甫,遜庵
童楷,端木
童槐,晉三,萼君
童欽承,在公
童正芳,治堂
童正詩,懋唐,懋堂,楙唐,楙堂,靜雍
童毓英,子俊
童汝槐,德符
童淑坤,素柔
童添雲,鎮銘
童漢臣,仲良,南衡
童潮,信之
童炳宸,煒廷
童珮,子鳴,少瑜
童琥,二十二,廷瑞
童瑞,世奇
童瑾昌,懷卿
童璞,無瑕
童璲,思振
童用賓,彥周,用之,第三一
童祝,勉和
童祥熊,小鎔,次山
童秀春,仲華,圭儂
童穎,藏之
童範儼,桂丞
童紱,方來
童維坤,烈愍
童綸,廷言
童緣,大璋
童羅峯,協齋
童聚培,天因,碧沚
童能瑞,漁溪
童能靈,寒泉,龍儔,龍濤
童英,俊民
童華,心樸,赤城
童葉庚,松君
童蒙,敏求
童蘭,世馨
童貫,道輔,道通
童軒,十一,士昻,志昂
童金,子丹
童鈺,二如,二樹,璞岩
童鉞,秉虔
童銓,士衡
童鋐,聲伯
童錫燾,奎六,燮卿
童錫笙,褧欽
童鐘,松簷
童震,寶音,菉村,青岳
童養性,毓初,邁公
童鳳,稚簫
童鳳三,慎獨齋,梧岡,鶴街,鶴銜
童鵠,儀喬
端宏,仲仁,坦齋
端廷赦,世恩,思恩,虹川
端復初,以善,端木復初
端木傑,俊民,過庭
端木國瑚,井伯,太鶴山人,太鶴山房,子彜,子彞,青田一鶴,鶴田
端木坦,履之
端木埰,子疇,有不為齋,碧瀣
端木奎照,筠軒
端木復初,以善
端木百祿,叔總,小鶴
端木詡,芳萍
端木順,少坤
端澄,本淸
端良,伯蹇,簡廷
端鈇,威伯,靜寰
竹妙,須摩
竹敬敬,思敬
竹林賢,七山
竹綠漪,淇園
竹鄰老人,若筠
竺之侃,竺之祝
竺大年,耕道
竺愚,其不,椒卿
竺某(段氏夫),道遜
竺欣,碩夫
竺稷,堯佐
竺英梅,雪崖
竺麐祥,潯賦,靜甫
符之恆,南竹,聖幾
符允中,汝執
符兆綸,雪樵,鴻詔
符初,復仲
符國瑞(字),國瑞
符夢龍,峻起
符家麟,瑞峯
符彥卿,冠侯
符惟忠,正臣
符應琦,毅齋
符授,天啓,天啟
符敘,舜功
符昭愿,致恭
符曾,七君子,幼魯,春鳧,符增,藥林,貫翁,賞雨茆屋,青鳧
符樂,同和
符氏(趙炅皇后),懿德
符氏（符昭愿女）,普濟大師
符渭英,非熊
符煥,樂勤,樂琴
符瑩,嬋青
符璋,笑拈,蠡傭
符葆森,南樵
符蒙,適之
符觀,活溪,衍觀
符錫,宜臣
符鐘,伯聲
符長春,柏園
符驗,亨六十八,大克
符鳳書,笏峻
笪東光,七十三,景陽
笪重光,君宣,在莘,在辛,太辛,奉真,始青道人,掃葉道人,松子閣,江上外史,江上逸史,笪傳光,蟾光,逸光,逸叟,鐵甕城西逸叟,鬱岡掃葉道人,鬱龍岡掃葉道人,鵝池閣
笪鑣,柳門
第五倫,伯魚
第五居仁,士安
第五悰,思玄
第五昌言,聖俞
第五某某,瑶林
第五泰,伯通
第五琦,忠圭,爵瞻,禹珪
答剌罕秃怯里,莊敏
答加沙,康懿
答失蠻,彥修
答思朶朶別,安敬
答瀾,天章
答祿文圭,橫溪,章瑞
答祿與權,洛上人,洛上翁,答祿子,荅祿與權,道夫
答里麻識理,天章
策旺阿拉布坦,策妄阿拉布坦
策養嘉錯,倉洋嘉錯,羅布藏仁青倉洋嘉錯,羅布藏仁青策養嘉錯
算只兒威,忠宣
管㮋,聯韡,萼樓
管世銘,緘若,興隆,蘊山,讀雪山房,韞山,韞山先生,韞山堂
管世駿,德夫,德輿
管伸,直夫
管作霖,惠豐,惠農
管元善,凌雲
管元翰,翰雲
管兆桂,秋岩
管勛,予嘉
管南,仲寧,第八五,聖可
管同,因寄軒,異之
管嘉福,正甫
管壽昌,伯齡
管大勳,世臣,慕雲
管大耀,二十四,德臣
管如圭,季璋
管如德,武憲
管學洛,午思,道明
管學湛,樂斯
管學畏,志道
管宗聖,允中
管宗賢,月崖
管尚忠,佐鼎
管崧,秀岑
管師仁,元善,文懿
管師復,臥雲先生,臥雲子
管幹貞,松崖,管幹珍,管翰,陽夫,陽復
管庭芬,培蘭,芷湘
管廷楫,濟州
管廷獻,士修,石夫
管廷節,凝初,寧初
管廷鶚,士一,薦秋
管律,應韶
管志道,東凕,登之
管愛蓮,韻香
管愷,旗山
管慶祺,心梅
管應律,六我,正之
管應鳳,肇和
管懋光,子謙
管懷珠,藏珍
管懷理,一初,復齋
管振聲,雲坡
管捷,翼齋,膚公
管文,渙章,煥章
管斯駿,秋初
管昂發,大臨,徐昂發
管昌,世隆
管時敏,管訥
管杞,任齋,在齊
管松年,協風
管枟,琢翁,美中,雲木
管某,管成
管棆,吹萬,宇文,柏軒
管楫,汝濟
管淓,慕川,春洲
管淵,公躍
管湛,定夫
管滋琪,奇玉
管澥,長源
管濟泰,坦夫,玉堂,紹寧
管灝,若梁
管琪,儒珍
管甫柏,思承
管登,弘升
管禮墀,丹卿,步玉
管禮秉,衡甫
管禮耕,操羊攵,操養齋,申季
管稷,五十五,子安
管竭忠,藴赤
管筠,湘玉
管紹裘,治菴
管繩萊,孝逸
管見,石峰,道夫
管誠,葵園
管貞,原淸,源清
管貽萼,葒生
管貽葄,樹荃,芝生
管貽龍,樹荃
管起鳳,瑞吾
管辰熙,管長?
管通,彥亨
管道昇,仲姬
管達,升逵
管遹群,兆籛,椒軒
管邁安,伯袁
管鑑,明仲
管閣,弗若
管霈,晴雲
管高福,少溪,申之
管麟,文禎
範儀鳳,振岐
範元颺,邁亭
範士毅,霄峯,霄峰
範孟琯,楠齊,補齊
範安仁,南山
範廷桂,子石
範橚,肅夫
範江,定山,定由
範清漋,文波
範清灝,荊川
範繼宗,孚吉
範良佐,希彥
篤列圖,彥誠,敬齋
篤烈圖,克成
簡上,文選
簡世傑,伯俊
簡仁瑞,季麟,節愍
簡佐,臣心
簡叔琳,瑋卿
簡嘉誥,承命
簡宗傑,南屏,敬甫
簡方,德馨
簡於言,時可
簡昌璘,玉亭
簡昌麟,玉亭
簡朝亮,季紀,竹居
簡欽文,其敬
簡正理,西碧
簡祖英,世英
簡繼芳,師啟,慶源
簡而可,敬所
簡芳,德馨
簡輔,汝欽
簡迪,居易,薌溪老人
簡霄,一谿,騰芳
簡顯,十二,齊道
籍君玉,東軒
籍忠宣,陸儕
籍忠寅,亮儕
籍景春,笑山
米信,海進,米海進
米協麟,景韓,瑞符
米占鼇,海秋
米友仁,元暉,君仁,小米,懶拙老人,虎兒
米喬齢,鶴年
米嘉績,仲功
米士廓,若虛
米天瑛,華峯
米如京,大有
米宗遠,夢圓
米文光,欽甫,餘甫
米榮,仁夫,良齋
米毓瑞,蘭庭,香樵
米燦,湯泉
米珣,永叔
米綬,仲惠
米繼芬,繼芬
米芾,元章,家居道士,海嶽外史,無礙居士,米黻
米萬鍾,仲詔,勺園,南董北米,友石,友石先生,邢張米董
米調元,和梅,養石
米豐年,玉田
米闓,英甫
米雲卿,君夢
米顯,遂良
米魯,無敵天王
粘合南合,宣昭
粘合大本,彥中
粘合暠,洪明
粘合重山,忠武
粟作貢,栗作貢
粟增熉,冬蓀
粟恆豐,樂亭
粟登,貞年
粱廷卿,碩輔
糜竺,子仲
紀中實,誠之
紀中旺,際隆
紀中興,雲臺
紀中良,美之
紀中賢,顯之
紀五常,一元
紀五昌,衷文
紀交,志同,紀上交,聖錫
紀亨,嘉會
紀人龍,訥庵
紀傑,士英
紀儉,崇業
紀元,子相
紀克一,貞甫
紀克揚,令聞,六息
紀公巡,恆甫,省吾
紀冠軍,卓山
紀勤,廣業
紀坤,厚齋,花王閣
紀堯卿,贊祁
紀塋,充璧
紀夔,公穆,昉虞
紀大奎,向辰,慎齋,敬義堂,曏辰,雙桂堂
紀大復,半樵,子初
紀大綱,允立,永立,豫吾
紀天植,鈡秀
紀天澄,湛元
紀天申,寵予
紀太后,孝穆皇太后
紀容恂,淳甫
紀容舒,姚安,竹厓,遲叟
紀容雅,儀南
紀山,吉三
紀平,可均
紀廷相,柱石
紀御蛟,雲崖
紀復亨,元稺
紀愈,孟起
紀慶曾,半虔,師泉,思詒
紀應炎,伯明,孟嗣,第二十二
紀懋勛,楓山
紀振,文聲
紀文,彬然
紀旭,曉蒼
紀旻,敬亭
紀旿,方洲
紀昀,九十九觀齋,文達,春帆,曉嵐,瑞杏軒,石雲,觀奕道人,鏡煙堂,閱微草堂
紀昂,曉東
紀昉,又李
紀明,文翥
紀昐,東白
紀易,坦居
紀映淮,冒綠,阿男
紀映鍾,伯子,伯紫,卷婁道人,戇叟,檗子,櫱子,蘗子,鍾山逸老,鍾山遺老
紀映鐘,伯紫,戆叟,檗子,鍾山遺老
紀昭,怡軒,懋園
紀昺,碩山
紀時,宗尼
紀時和,協萬
紀時宜,行安
紀時泰,順慶
紀時達,育萬
紀時選,玉山
紀晃,啟東
紀晉,康候
紀晙,寅東
紀晟,隆照
紀晥,文東
紀晫,晴湖
紀景星,繫淸
紀景煥,明揚
紀景辰,旌吾
紀景連,文揚
紀晰,扶華
紀晸,霞友
紀智,萬周
紀暄,旭升
紀暉,照乾
紀暟,普亭
紀會蔭,松符
紀朱,孔陽
紀杭,勝卿
紀松,晚青
紀松實,多零
紀栻,調元
紀桂,漢三
紀梁,鎮韓
紀梓,鵬舉
紀棠,召茇
紀森,盛林
紀楠,棟隆
紀極,拯之
紀標,居一
紀樹寶,希聲
紀樹林,參雲
紀樹桐,鳳棲
紀樹楍,道原
紀樹楨,公輔
紀樹琮,璧九
紀樹璝,珠林
紀樹芬,菊侶
紀樹馨,香林
紀欽,敬之
紀氏,孝穆慈慧恭恪莊僖崇天承聖純皇后,恭恪莊僖淑妃
紀永印,皇圖
紀永年,介眉
紀永泰,越凡
紀永祥,九公
紀永銀,純嘏
紀汝???,靜軒
紀汝䈖,維式
紀汝仲,山甫
紀汝价,維籓
紀汝份,雪亭
紀汝似,象庭
紀汝佐,輔堂
紀汝佩,鳴鑾
紀汝佶,御調
紀汝佺,秀三
紀汝侃,諤臣
紀汝來,燕寧
紀汝侗,愚山
紀汝保,全齋
紀汝俰,巽亭
紀汝倌,雨田
紀汝倓,安圃
紀汝倫,南園居士,虞惇
紀汝偉,介寶
紀汝健,子壯
紀汝備,理含
紀汝傳,緒承
紀汝僑,惠人
紀汝僴,毅山
紀汝儀,亞瞻
紀汝億,万斯
紀汝允,信夫
紀汝充,臣川
紀汝光,再嚴
紀汝兟,修可
紀汝器,彝尊
紀汝在,静養
紀汝培,篤栽
紀汝夔,鳴球
紀汝安,静山
紀汝完,抱璞
紀汝宣,化遠
紀汝宬,書山
紀汝寅,同甫
紀汝寧,静遠
紀汝寬,敷五
紀汝岌,綺峰
紀汝岑,少華
紀汝岢,渥池
紀汝岧,堯峰
紀汝岯,附魯
紀汝岱,東屏
紀汝岷,藝嶓
紀汝峋,眉峰
紀汝峒,宏岡
紀汝峙,淸遠
紀汝峻,奇峰
紀汝崇,向高
紀汝崑,藴珍
紀汝崙,崑峰
紀汝嵥,蒼峰
紀汝嶙,峻瞻
紀汝嶟,麗岩
紀汝嶷,九峰
紀汝巖,東瞻
紀汝平,均誠
紀汝廣,鳳翔
紀汝彭,景籛
紀汝徽,振峰
紀汝志,確士
紀汝慧,明遠
紀汝慶,寶餘
紀汝憲,由舊
紀汝懷,會齋
紀汝振,丕休
紀汝文,成章
紀汝明,廉卿
紀汝模,允式
紀汝欽,碧岑
紀汝清,德澄
紀汝漣,瀾淸
紀汝珍,潤崖
紀汝礪,器齋
紀汝秀,遠山
紀汝立,建功
紀汝第,殿傳
紀汝簾,湘碧
紀汝純,教和
紀汝翰,圖南
紀汝還,合浦
紀汝重,希周
紀汝龍,陳謨
紀淑曾,秋槎,衣孟
紀温,宗直
紀溫,宗直
紀澄中,湛泉,雪川
紀澐,迅濤
紀灝,光吉
紀炅,仲齋,征君,朏庵
紀煌,耀宸
紀煐振,蕭符,麟符
紀煐遐,榆甫
紀煒,燦宸
紀煥徽,虞五
紀玘文,蕴山
紀班,陛周
紀琠,煥若
紀琳,玉重
紀瑞,燦若
紀璠,魯珍
紀環,炳若
紀璿,天儀,莫璿
紀瓊,蘊玉
紀甘,盤泉
紀祿,運千
紀章,闇然
紀符,梅庵
紀策,君章
紀純,粹然
紀素,繪先
紀紱,懷璽
紀紹,復業
紀經,克營
紀綬,紀壽
紀維翊,晴谷
紀維翰,墨泉,黑泉
紀綸,綬青
紀緒,繼先
紀總,統一
紀自修,慎庵
紀自學,習庵
紀自強,勉庵
紀自悅,充快
紀自春,陽庵
紀自法,仰止
紀自温,厲庵
紀自牧,遜庵
紀自程,行止
紀自起,儏庵
紀自雲,祥庵
紀蘭,香畹
紀許國,石青
紀誡,勉夫
紀逵,文逵
紀逵宜,肖魯,閒雲老人
紀遠,子深,無遠,白雲山人
紀邁宜,偲亭,蓬山老人
紀郁,從周
紀郇,紹伯
紀都,京華
紀鈺,潤生
紀鉅維,伯駒,悔軒,香驄
紀鏞,大器
紀鐘,鳴盛
紀長清,用波
紀雲奇,夏峯
紀雲輈,楘庵
紀震新,雷楊
紀霖,彥澤
紀騰蛟,春曉
紀驤,子谷,芷馥
紀鳳鳴,明瑞
紀鴻,壽昌,雪岑
紀鴻翊,晴谷
紀黃中,宸吉
紇干弘,田弘
紇干承基,嗣先
紇干氏(紇干濬女),其先田氏
紇石烈延年,九齡
納喇三和,誠毅
納喇伊勒圖,襄武
納喇勒禮善,勒爾謹,勒理善,勒里善,那拉勒理善
納喇吳爾古代,吾兒忽答
納喇和托,那拉和托
納喇哈爾奇,喀爾奇
納喇喀寧阿,哈寧阿
納喇喀山,哈山,喀三,敏壯,那拉喀山
納喇噶達洪,噶達渾,敏壯
納喇固三泰,固山泰,那拉固三泰
納喇孟格布祿,猛骨孛羅
納喇安達立,安達哩
納喇尼堪,巴克什
納喇岱善,歹商
納喇巴奇蘭,巴齊蘭,那拉巴奇蘭,霸奇蘭,霸奇蘭爾
納喇希福,禧佛
納喇常安,冰淨閣,受宜堂,坦履,履坦,澄觀樓,納蘭常安,綠雪堂,葉赫納蘭常安
納喇常恩,小澂,潤伯
納喇康喀勒,那拉康喀勒
納喇恩國泰,恩格德
納喇愛松古,那拉愛松古
納喇扈爾干,虎兒罕赤
納喇揆敍,凱功,唐有園,惟實居士,愷功,揆敘,文端,益戒堂,自怡園,謙牧堂,隙光亭
納喇明珠,端範,端范
納喇果爾敏,果勒敏
納喇查郎阿,松莊,查朗阿
納喇楊吉砮,那拉仰加奴,那拉楊吉努,那拉楊吉砮,那拉楊機奴
納喇武格,五格,伍格
納喇滿達爾漢,敬敏,滿達尔漢,那拉滿達爾漢
納喇瑚什布,扈什布,胡什布
納喇瑪奇,瑪齊,馬緝,麻齊
納喇瑪拉,敏恪,那喇瑪拉,那拉瑪拉,馬喇
納喇穆徹納,穆徹訥,那拉穆徹納
納喇納海,那拉納海
納喇興鼐,星鼐,那拉興鼐
納喇薩璧翰,薩碧漢,薩碧翰
納喇費揚武,那拉費揚武
納喇通嘉,佟佳,佟嘉,通加
納喇鄂莫克圖,襄壯,鄂莫格圖
納喇金台石,錦台什
納喇長海,大盋菴主,淸癡,滙川,遼東三老,那蘭長海,雷谿居士
納喇阿什達爾漢,阿什達尔漢
納喇雅賚,襄壯
納喇額爾德尼,巴克什,文成
納喇額赫訥,額赫納,額黑納
納喇馬福塔,那拉馬福塔,馬富塔
納喇齊蘇勒,勤恪,濟蘇勒,篤之
納國棟,納國梁
納拉拜音達里,那拉
納璘不花,絅齋
納穆圖,榮靖,納謨圖,那謨圖
納蘭性德,容若,楞伽山人,納喇性德,納蘭成德,葉赫納拉性德
納蘭時,純中
納蘭筠德,書彤
納速剌丁,士瞻
納麟寶,玉亭,那林保
紐璘,忠武
紐鈷祿訥親,鈕祜錄納親,鈕祜錄訥親
純只海,忠襄,武穆
素博通額,雲樓
素哥實理,仲凱
索仁,孝德
索佳和桂,丹亭
索佳烏蘭泰,遠芳
索佳額勒布,履豐,籐花榭,約齋
索倫都拉爾都拉爾托克托奈,托克托那,托克托鼐,都拉爾托克托奈
索倫額蘇里成德,額蘓哩成德
索元岱,士巖
索勒豁金世續,伯仙,伯軒,文端
索勒豁金崇光,恪勤
索勒鄂拉富登阿,索勒鄂拉富當阿,索勒鄂拉福當阿,索勒鄂拉福登阿,鄂拉富當阿,鄂拉富登阿,鄂拉福當阿,鄂拉福登阿
索承學,遜夫
索揚,于孫,第五,粹道,純老
索文,武靖
索明善,元甫,勤恪
索柱,擎石
索欒烏扎常德,長德
索泰,介山
索湘,三川,巨川
索琳,索林
索綽絡奎照,伯冲,朗山,玉庭
索綽絡寶鋆,佩珩,佩蘅,吟梅閣,文靖,自怡悦齋,銳卿
索綽絡德保,乾和,仲容,勺園居士,定圃,懷玉,文莊,樂賢堂,潤亭,索綽羅德保,龐村
索綽絡德風,巽齋,石德風
索綽絡景星,月汀,雲伯
索綽絡景灃,東甫,索綽絡景豐,誠慎
索綽絡英和,夢禪居士,定圃,恩福堂,樹琴,煦齋,粵溪生,索綽絡石桐,脀叟,脀叟氏,藏松書舍,觀頤山墅,銅琴鐵笛齋,隨遇而安精舍
索綽絡觀保,伯容,蘊玉,補亭
索綽羅台隆阿,索綽絡台隆阿
索綽羅恩壽,藝棠
索綽羅麟魁,夢花書屋,文端,星臣,梅谷
索羅帖睦爾,元素
索謙,文綱
索達,君通
紫堯年,昭涇,欽甫
紫慶成,芝楣
紫望岱,東巡
紹參,宗廣
紹宗,遂初
紹昌,任庭
紹琦,楚山
紹祺,秋皋
絇紡,句紡
經亨頤,子淵,石禪,頤淵
經元善,蓮山,蓮珊
經濟,半園,子通
經聞,薪傳
經魁,燮軒
綦友楫,松友
綦崇禮,北海先生,叔厚,處厚
綦志遠,子玄
綦成周,予有
綦才,桂亭,色鋤
綦晉,叔達
綦毋潛,孝通,綦毋三
綦汝楫,松友
綦灃,匯東
綽爾多,綽勒多
綽里幔,關紫
綿文,達齋
線一信,成之
線榮,子華
線真,忠獻
練亨甫,葆光
練享平,際清
練僖,伯上,伯尚
練國事,君豫
練塤,聲伯
練夢華,安道,懷古,第元二,震孫
練子寧,忠貞,練安
練安,子寧,忠貞,松月居士
練定,公權
練山甫,補之
練幹譽,克家
練廷璜,宜獻,立人
練恕,伯穎,辛福
練朝恩,辛甫
練概,宰平
練槩,宰平
練祗柔,陳祗柔
練禧,伯尚
練綱,從道,思菴,練綱口
練繪,質夫
練耒,彥本
練逄,彦默,練逢
練遠,伯壽
練魯,倥侗子,希曾
績五美,大政
績凝基,桂林
繆主一,天隱
繆之光,觀國
繆之容,吟秋
繆之鎔,煉卿,醒園,鍊卿
繆介臣,和卿,子惠
繆仲公,南美
繆佚,叔明
繆侃,叔正
繆倫,叔彝
繆倬,昭甫
繆傅梅,和卿
繆元德,正臣
繆元益,東生,澄香
繆元輔,純之,補之
繆元龍,卿雲
繆兆禧,孫菉,鴻儀
繆公恩,梅澥,立莊,蘭皋
繆冠瀛,又德,鴻初
繆嘉壽,延之
繆嘉猷,仲良
繆國維,四備,爾張,西垣
繆奎,景地
繆孔昭,潛村,省夫
繆孟翹,冬青子,樊君
繆守愚,希顔
繆宗周,惟靜
繆宣,時化
繆寶娟,珊如
繆尚美,九如
繆尚誥,繆尚喆,芷卿
繆尚邃,寧遠
繆希雍,仲淳,仲醇
繆庭柱,滋雲,芝雲
繆延祺,筠孫,筱孫
繆彤,念齋,歌起
繆從龍,雲叟
繆徵甲,少微,布廬
繆德綏,和叔
繆思恭,德謙,菊坡
繆恭,守謙,小茅山餓夫,思敬,責菴
繆承鈞,善夫,增緒
繆敬持,二田,以直
繆文龍,惟德
繆斌,丕成,弼丞
繆昌,廷謨
繆昌彥,公信
繆昌朝,公敏
繆昌期,又元,文貞,當時,西溪
繆昌道,景玉
繆昭,公著
繆晉,甲浦
繆曰芑,武子
繆曰藻,文子
繆朝棟,蕭亭,陰亭
繆朝荃,伯楚,蘅甫
繆枟,曉岩,海峰
繆梓,南卿,武烈
繆椿,子功
繆榮吉,伯康
繆榮琦,又謙,文謙
繆樗,全之,敢言
繆樸,尚質
繆次回,聖微
繆正叔,寅叔
繆永垣,勤三
繆汝勵,利卿
繆汝和,協衷
繆沅,永思,湘沚,湘芷,澧南,餘園
繆泳,於野,潛初
繆潤,曉江
繆炳泰,象賓,象賢,霽堂
繆烈,允成
繆燧,蓉浦,雯曜
繆玉娟,式如
繆玉書,古愚
繆玉銘,薇初
繆珊如,寶娟
繆珠蓀,樨青,穉青,霞珍
繆珽,秉廷,笏岩
繆琪,縝菴
繆瑜,珍叟
繆祐孫,孚民,柚岑
繆祖培,敦川
繆穆,舜賓
繆端,靜軒
繆翥,叔羽
繆肇甲,墨書,補山
繆興宗,舜舉
繆艮,蓮仙
繆荃孫,夢園,小山,小珊,炎之,筱山,筱珊,繆炎,菼之,蓺風,藝風,藝風老人
繆華,補笙,韻華
繆謨,丕文,虞皋,雪莊
繆象衡,北鑰
繆貞,仲素,烏目山樵
繆贊熙,秬卿
繆起渭,君望
繆逢原,昆萊,觀瀾
繆進德,仁甫
繆遵義,宜亭,方彥,松心
繆鈞,耐菴
繆錦宣,鈞聞
繆鑌,洪陽,爾鈞
繆鑑,君寶,苔石翁
繆開祚,雲初,雲彩,雲礽
繆震,東尹,耀卿
繆靖,德綏
繆鞏,子度
繆鼎臣,志平
繼仁,克菴
繼志,雲鵠
繼昌,蓮溪,蓮畦,述之
繼格,續莊,述堂
繼祿,子受
續克家,子敬,弦齋
續吟,秉陽
續掄升,子選
續景明,竹軒
續曾,竹溪
續錫蕃,庶平,思平,恩平
缃綰,緗悺
羅?,宗溫,石齋
羅一理,循叟
羅一道,貫卿
羅一鸑,應周
羅上義,元忠
羅上行,元亨
羅上達,元通
羅世勛,偉章
羅世材,菊農
羅世榮,國器
羅世珍,以獻,魯峯
羅世纘,丕承,僖敏,松齋
羅世華,明遠
羅中,道原
羅中庭,慶堂
羅中彥,茂衡
羅中錦,素存,蜀江
羅之紀,國張,筠心居士
羅九鼎,象州
羅亨信,安素,樂素,用實,用賓
羅亨炳,鎮南,風森
羅人望,羅久望
羅人琮,宗玉,紫蘿
羅人鑄,劍農
羅仁則,榮可
羅以俊,宅于,梅陰
羅以明,善蒙,矇叟
羅以智,文山,鏡泉
羅仲孺,幼卿
羅仲舒,宗之
羅仲衡,芥璘
羅伏龍,佐才
羅佐清,廉波,濂波
羅佩金,鎔軒
羅侯,鈞調
羅俊,蓼翁,西叔
羅信佳,十四,邦彥
羅修源,星來
羅修澍,沛林
羅倫,一峯,一峯先生,一峰,一峰先生,彛正,彜正,彝正,應魁,文毅,正密,靜觀
羅偉,長康
羅傅,次卿
羅傅林,集喬
羅傑,尙萬
羅傳球,鳴菴
羅傳瑞,西林
羅僑,吉水鄉先生,惟升,東川,東川先生,維升
羅儀則,鶴在
羅儁,用章
羅元,君仁
羅元吉,大昌
羅元祥,宗瑞
羅元禎,汝符
羅元賓,元賔,尚之
羅光,盤和公
羅光炤,映寰,映霞,朗亭
羅光眾,天英
羅光錫,漢臣
羅克昭,冶亭
羅克昱,曉江
羅克藻,西村
羅克開,達父
羅全略,仲謀
羅公升,時翁
羅典,凝園,徽五,慎齋,輝五
羅列,天爵
羅副,進成
羅勛,子銘,小溪
羅勝先,雲和山長
羅勳,卿積
羅升棓,宣琳,次垣
羅南英,仙塢
羅博,梅山
羅博文,宗禮,宗約
羅卜藏,羅布藏
羅厚焜,甄甫,筱山
羅叔玠,鲁珪
羅吉人,善衡,善齋
羅名士,以旂
羅周敬,尚素
羅善,復之
羅善同,信遠,純古
羅喩義,文介,湘中
羅喬年,亨鼎
羅喻義,文介,湘中
羅嘉福,訏庭
羅嘉蓉,石船叟,秋浦,載微
羅嘉賓,一山,興賓,興賢
羅國俊,九峯
羅國瓛,念北
羅在爵,松年
羅坤,宏載
羅坦,痴道人,臥雲,頑仙
羅垚,奕高
羅士則,宗法
羅士友,兼善,晉卿,融齊
羅士昂,雲堂
羅士椿,詩庭
羅士毅,恕齋
羅士瀛,松圃
羅士琳,次璆,次醪,茗香,觀我生室,銘香
羅士芬,韻生
羅士菁,雅林
羅壽田,筱喦
羅夢棫,德玉
羅大任,小遜
羅大佑,栗園,穀臣,輔賢
羅大冕,冠南,玉成
羅大奎,魯文
羅大濟,章江
羅大猷,翊辰
羅大玘,惟節,維節
羅大用,時行,東江
羅大紘,公廓,匡吾,匡湖
羅大經,景綸
羅天尺,履元,履先,履光,後石湖,惠門八子,惠門四君子,石湖,石湖天尺
羅天池,六湖,泩湖
羅天益,謙甫
羅天酉,弓甫,恭甫,柘岡
羅奎,明漢
羅如墉,本崇,竹峯,竹峰
羅如松,彥節
羅如箎,宗仲
羅如鵬,振翼,翥亭
羅子昂,四虛
羅子純,粹卿
羅存,仲通
羅存惠,禹九
羅孝芬,廷揚
羅孝連,武勤,虎臣
羅孟郊,耕甫
羅孫燿,澹峰
羅學川,師道,滄洲
羅學鵬,瓞宗,雲山
羅安,南洲,時泰
羅安世,建溪,德輿
羅安強,守道
羅宏備,我生
羅宏鑰,南宮
羅宗周,楚泉
羅宗瀛,書田
羅宗禮,敬夫
羅宣明,傳道
羅家劭,嶧農
羅家彥,寶田,葆恬
羅家得,魯堂
羅宸,湘溪
羅寅,夙之,威之
羅寧,士寧
羅審禮,安行
羅尚友,明善
羅尚德,希容
羅尚忠,化成,孝可,心華
羅尚愛,以德
羅尚賓,晉卿
羅屏,碧石
羅履泰,以通,通齋
羅崇奎,子文,近山
羅崇嶽,仰止
羅崇謙,汝益
羅崇鼎,爾顏
羅嵒,友山,品山
羅布藏噶爾桑嘉穆措,羅布藏噶爾桑嘉穆錯
羅布藏堅參,卸任噶勒丹池巴,噶勒丹池巴,洛桑堅贊,羅生戛爾,羅生戛爾曾
羅希揚,士鼎,松野
羅師揚,希山,幼山
羅度,裴卿
羅廣,大用
羅延新,貢美
羅廷儀,易門
羅廷唯,曾甫
羅廷煦,羅建煦
羅廷紳,公書,十九
羅廷繡,公裳
羅弘佐,濟伯
羅弘信,德孚,莊肅
羅彛,性菴
羅彥輔,經世
羅彧,仲文
羅從彥,仲素,豫章先生
羅從直,以道
羅復,子貞
羅復仁,老實羅
羅循,遵道,霍泉
羅徵竹,庭猗
羅德光,梅溪
羅德憲,壯巖,忠烈,憲之
羅德綍,濟生,緒武
羅心堯,允中
羅必元,亨父,北谷
羅志仁,伯壽,壺秋,壽可
羅志清,文青
羅志謙,又之,靜貯
羅志讓,耦廉,西津釣叟,負負生
羅忠祜,少村
羅思舉,壯勇,天鵬,子江
羅性,子理
羅恢,師程
羅惇曧,倚移居士,掞東,癭公,癭庵,癭庵僧,癭盦,賓退
羅惇衍,兆蕃,文恪,星齋,椒生,集義軒
羅惟一,允中
羅惟垣,少辰
羅惟政,景辰
羅惟溶,恬碧
羅惠孺,士迪
羅惠迪,長吉
羅愚,北林,季能
羅愛卿,羅愛愛
羅慧卿,春玉
羅慶元,子輔,雲峯,霽峯,齋峯
羅慶薌,餘堂
羅憲凱,元甫
羅憲汶,古柏居,植于,漢柏居,篁菴
羅憲陛,拱北
羅應兆,元發
羅應奎,萃堂
羅應庚,西亭
羅應斗,光射,巍岡
羅應標,子楨,子誠
羅應聘,伯衡,徐應聘
羅應鴻,德賓
羅應鶴,德鳴,聞野
羅應鼇,簡恪,羅應鰲
羅懋,敬德
羅或,仲文
羅才衍,子鳴,子鴻,宇鴻
羅承棟,南池
羅承祖,紹先
羅拯,道濟
羅拱,常明子,彥威
羅振常,子經,終不忍齋,蟫隱廬,邈園
羅振文,弘毅
羅振漢,少垣
羅振玉,叔蘊,叔言,式如,松翁,羅寶鈺,貞松老人,雪堂
羅振鋆,佩南,佩蘅
羅振雲,竹坡,翔鳳
羅攜,慕齢,藻齡
羅政,十七,皆正
羅敬,畊雲老人,與敬
羅文俊,三十六螺書屋,泰瞻,綠蘿書屋,蘿村,蘿村先生
羅文彬,質安
羅文源,斗槎
羅文煒,對山
羅文煥,顯卿
羅文瑜,輝山
羅文節,仲正
羅文綱,紀之,鑒堂
羅文美,簡章
羅文蔚,變夫
羅文袞,莊泉
羅文鑒,秋墅
羅文靖,以獻
羅斌,三有
羅斗南,保叔,士衡,第少一
羅斧月,獻修
羅方,循矩
羅旦,希明
羅明,元亮
羅明泰,永安
羅星,拱北
羅星斗,于天,碁洲
羅昶,彦明,止齋
羅時可,以中
羅時舉,令韜
羅時霖,汝濟
羅晉,晉伯,羅晉君
羅晉亨,捷三,接三
羅晉寶,子虛
羅晉廷,爵藩
羅晟,公亮
羅景星,卿雲
羅智傑,俊卿
羅暹春,旭莊,水南灌叟,泰初
羅曾,求師
羅會元,呇初,杏初
羅有容,德殳,德父
羅有章,文圃
羅有高,臺山
羅有麒,麟圃
羅朋,友道
羅朝偉,慧章
羅朝元,竹筠
羅朝國,惟禎,維禎
羅朝棟,國臣
羅朝樑,國臣
羅本,湖海散人,貫中
羅本周,肅祍
羅本立,厚菴
羅林,承季,森父,第萬一,繼父
羅某,君預
羅柔,文徽
羅桂銘,伯新
羅棐恭,欽若
羅棟,吉甫
羅森,約齋
羅椅,天驥,子遠,澗谷,磵谷,第七十一
羅椿,元齡
羅椿枝,日新
羅榮,志仁
羅榮光,耀庭
羅榮孫,子成
羅榮祖,仁甫
羅榮茂,松如
羅樹勛,堯欽
羅樹鑒,柏蓀
羅欽德,介石居士,允廸,毅軒,浮漚道人
羅欽忠,允恕,季弟,惺翁,敬軒,西野
羅欽順,允升,整菴,整菴先生,文莊
羅正墀,玉聲
羅正春,笑山,錦山
羅正鈞,劬盦,順循
羅殷泰,羅殷太
羅永祺,小樾
羅永符,子信
羅汝元,懋先,羅鐵面
羅汝懷,念生,汝槐,研生
羅汝才,曹操
羅汝敬,寅菴,羅簡,羅肅
羅汝楫,彥濟,湛室老人
羅汝芳,惟德,明德,維徳,近溪
羅江太,靜波
羅沛,雨亭
羅治,敬叔
羅泌,歸愚,長源
羅泰,士亨
羅洪,從範
羅洪先,念庵,念菴,文莊,達夫
羅洪載,道與
羅洪遠,近之
羅洪鐠,問亭
羅洪鑄,冶亭
羅浩,琴川,養齋
羅海鳳,南磵,應瑞
羅淮,潤民
羅添登,龍門
羅清憲,榮道
羅清英,松亭,貞毓
羅湘,淡仙
羅湜,正源,長吟亭
羅源,仲淵,羅浮山人
羅源一,沁吾
羅源浩,立齋
羅源漢,南川,方城,靜軒
羅潮,春舟
羅澄,景深
羅澄鑑,鏡心
羅澤南,仲岳,仲嶽,忠節,湘鄉羅氏,羅山,羅山先生
羅濬,明甫
羅瀚隆,匯瀛,海農
羅瀷,明源
羅灌宗,克澤
羅炳鎔,子蔭
羅烈,以芳
羅無兢,孝逸先生,謙中,遯翁
羅煇,德新
羅煐,禹光,雲亭
羅煜,晴巖
羅煥,午亭,崇文
羅熙贊,伯賡
羅燡,倬庵,顯文
羅玘,十五,圭峯先生,文肅,景鳴
羅珍,佛崖,叔軉
羅珦,用誠
羅珵,欿齋,邦珍
羅珽,玉廷
羅琛,仲琛
羅琰,松軒
羅瑋,宗器
羅瑛,慶淸
羅瑞圖,應庚,星垣
羅瑤,國華,野庭
羅瑾,懷瑾
羅璋,瑞卿
羅璞,宗溫
羅璟,冰玉,明仲
羅璧,伯現
羅瓊璋,雲卿
羅瓛,羅巘
羅甡,斗溪
羅用敬,子直,子真
羅田,汝獲
羅畸,疇光,疇老
羅益禧,良節
羅相,澄溪
羅睿,文哲
羅祖宏,弘道
羅祖訓,仲番,仲畬
羅祝,叔和,羅柷
羅福善,汝嘉
羅福萇,君楚
羅禮琮,峭巖
羅秉學,能中
羅秉彝,振彞
羅秉忠,克羅俄,榮壯,羅克羅俄領占,順義伯
羅秉成,幼賡
羅秉鈞,夢巖
羅章,邵吉
羅竦,叔恭
羅端,文靜
羅笏,寶山,心魚
羅篪,叔和,應詔,應韶,羅箎
羅級,子升,後谷
羅素,墨狂
羅紱,天文
羅紳,書憲
羅紹威,忠勤宣力致理功臣,端己,貞壯
羅經,大常
羅經學,敬齋,毓珊,粵珊
羅經畬,墨莊
羅維垣,石帆
羅維藩,价卿
羅綱,西琴
羅綺,尙絅,尙綗,尚絅,尚綱,煑詩道人,綠野堂
羅緄,存冲,承文
羅緗,雲五
羅緯,宿甫
羅縉,薦卿
羅織雲,靜機
羅繞典,文僖,知養怡齋,蘇溪,蘭陔
羅繡文,錦堂
羅繡錦,綉錦
羅繼洪,范園
羅羅,士安
羅美齡,松齒
羅羲年,寄雲
羅羽豐,習齋
羅翽雲,退圃,靄其
羅耆勛,伊亭,紹伊,蓮舟
羅耕,存甫
羅聘,兩峰,花之寺僧,遯夫
羅脩,脩爵
羅臨,福五
羅致恭,奉之
羅與之,與甫
羅興,起善
羅興儒,中順堂
羅興元,勝會,夢醒
羅興義,大崖,宜修
羅良,虞臣
羅良佐,明村,顯道
羅良弼,漫叟,長卿
羅良禎,應泰
羅英,羅瑛
羅苹,復齋,華叔
羅茂春,九峯,九華,大年,耆之
羅荘,孟康
羅莊,孟康
羅華,曼公
羅萬化,一甫,十二,康洲,文懋,文懿
羅萬甲,夢賚,鷗浦
羅萬程,時騰
羅萬紀,壽伯
羅萬藻,文止
羅萬象,光大
羅萱,伯宜,夢草
羅蒙正,希呂
羅蒼期,姬生
羅薦可,養蒙
羅薰,叔薰
羅處約,思純
羅虞臣,熙載
羅行楷,子換,子摸,子模
羅衍嗣,慶餘
羅衮,子制
羅裴恭,不欺先生,欽若
羅見龍,養潛
羅觀,彥彬
羅訓,丕訓
羅誼,正之
羅謙,林亨
羅讓,脩已
羅豐祿,稷臣
羅貽淑,繡蘭女史,韶峰
羅賢,大用,真閰羅
羅賢升,南階,枚臣
羅贊,世卿
羅輅,半窗,質甫
羅辰,星橋,羅浮道士
羅近秋,鹿鳴
羅迪楚,南貞,景湘
羅通,學古,迂齋
羅逢元,旋吉
羅遇春,旭莊
羅適,赤城
羅遵殿,壯節,有光,澹村
羅邦焯,煌典
羅邦陶,又山
羅郁筠,蘭卿
羅配章,書雲
羅金淑,麗生
羅金馨,海澄
羅鈇,愚邱,明衛
羅銓,文衡
羅錦城,希棠
羅錦文,蔚生,鬱亭,鬱田
羅錦森,兼三
羅錦雯,孫雲
羅錫疇,甫生
羅鍔,士廉
羅鏞,子揚
羅鑒,緝熙
羅長䄎,申田
羅開禮,正甫,水心
羅隱,昭諫,江東生,羅十五,羅橫,羅給事
羅隱之,希夷先生
羅隱南,郢南
羅雲,霞綺
羅雲陞,子修
羅雷發,子囦,子淵,日大
羅震亨,雨田
羅靖,仲恭
羅鞏,伯固
羅頌,端規
羅頎,儀甫
羅願,存齋,端良
羅餘慶,道承
羅香,香香
羅馫,星槎
羅鳳,印岡,子文
羅鳳山,勤勇,鳴岐
羅鳳彩,苞儀
羅鳳林,叔平
羅鳳華,筱豪,衍純
羅鳳藻,抑山,雙佩老人
羅鴻,廷猷
羅黃裳,美至
羅點,北庵,文恭,春伯,此庵
羊可立,子喩,子豫
羊士諤,羊二十七,諫卿
羊復禮,乾生,心梅,敦叔
羊煥然,徐煥然,晉叔
羊鐸(Joseph-LaurentCarayo),翁鐸
羋旅,楚莊王
羋棄疾,楚平王
羋軫,楚昭王
美里吉台,洪範
羡欣桂,丹林
義太初,仲遠,冰壺,沖遠
羽孺,素蘭
翁䨙霖,筠樓
翁世庸,箕敘
翁世用,世用
翁世經,可貞
翁世資,世資,冰崖,資甫,資輔
翁之章,士穎
翁之繕,公勁,蘭士
翁于槃,在澗
翁五倫,大經
翁仁,德元
翁仲德,剛仲,第三
翁仲益,贊德
翁仲通,濟可
翁俄特定住,翁俄特定柱,翁果特定住
翁信,誠之
翁健之,應乾
翁傳泗,厚文
翁傳煦,少蘭,魯齋
翁傳照,少畦,心釋子
翁元圻,佚老巢,載青,迂春,鳳西
翁元龍,時可,處靜
翁光珠,月如
翁公質,鄭公質
翁升,南仲
翁卷,續古,靈舒
翁叔元,寶林,梵園,翁柟,鐵庵,靜鄉
翁合,丹山,叔備,與可
翁合老,仲嘉
翁同書,丌軒,文勤,祖庚,藥房
翁同爵,俠君,玉甫
翁同祜,伴石,受之,雲亭
翁同龢,井眉居士,叔平,均齋,文恭,松禪,松禪老人,玉圃,瓶庵居士,瓶廬,瓶廬居士,瓶生,瓶盦,瓶笙,瓶齋居士,笙階,笙龠皆,紫芝白龜之室,聲甫,訒夫,長瓶,韻齋
翁咸封,子晉,潛虛,紫書
翁士偉,賓王
翁壽篯,述唐,鏗伯
翁壽麐,惠君
翁夢得,景說
翁夢鯉,希登
翁大中,林一
翁大年,叔均
翁大立,元本,孺參,見海
翁天浩,元直,養齋
翁天祐,嘉林,應侯
翁奎孫,南沙翁子,柏園,鼎臣
翁如麟,萊山
翁孟寅,五峰,賓陽
翁學本,小軒,蘭畦
翁學淵,丹山,原道,舟山,道源
翁孺安,素蘭,靜和
翁守德,雲譜
翁宏,大舉
翁宗潘,建封
翁定,應叟,瓜圃
翁家春,啟陽,東衡
翁嵩年,康飴,蘿軒
翁巖,國瞻
翁巖壽,如山,庶善先生,翁夔
翁廣平,海琛
翁延慶,德甫
翁延緒,小山,理臣,筱恬
翁彥升,元卿
翁彥博,約之,青崖
翁彥國,端朝
翁彥深,養源
翁彥約,行簡
翁德修,本敬
翁德廣,仲實
翁德洪,纖若
翁心傳,子唯
翁心存,二銘,千日醉道人,文端,澄懷園,知止齋,遂庵,遂盦,邃庵
翁志琦,式金,琢山
翁忠源,春泉
翁忱,誠之
翁憲祥,兆隆,完虛
翁應弼,子直
翁承贊,文堯,狎鷗翁,翁十九
翁挺,五峰居士,仕挺,士特
翁敏之,功甫
翁文魁,希曾
翁斌孫,弢夫
翁方綱,三漢畫齋,三萬卷齋,兩香谷園,兩香齋,卣研齋,培下山房,寶蘇室,小知大年之室,小石亭,小石帆亭,小蓬萊閣,嵩陽真蹟之齋,彜齋,復初齋,忠敘,晉觀堂,有鄰研齋,松竹雙淸書屋,正三,石墨樓,石洲,綠硯齋,蘇米齋,蘇齋,蘭盟書屋,覃溪,詩境軒,通志堂
翁易,竹林先生,粹翁,醉翁
翁春,曙鳩,澹生,辨堂
翁春孫,亞珊,若素
翁時器,德卿
翁晏,宗海
翁暠,元音
翁曾文,紱卿
翁曾桂,子馨,小山
翁曾源,仲淵
翁曾燦,顯如
翁曾純,吉卿,子祥
翁曾翰,季才,海珊
翁桓,少君,翁垣
翁森,一瓢,季卿,秀卿
翁榮,德潤
翁樹培,宜泉
翁正春,兆震,文簡,益齋,靑陽,青陽
翁永年,可尚
翁永茂,東巖
翁泳,思齊先生,永叔
翁洪,守洪
翁洮,子平
翁洽,澤民
翁涇老,清叔
翁溥,夢山,德宏,榮靖
翁澍,季霖
翁為樞,紫璇
翁照,朗夫,霽堂
翁熙,正之
翁燿,翁耀,誠軒
翁玉,潤之
翁玉孫,翁玉蓀
翁玉蓀,蘿軒
翁珽,翁璉
翁理,存道
翁瑛,繡君
翁瑞恩,璿華
翁璨,德輝,見愚
翁瓉瑛,玉亭
翁甫,景山
翁由誨,汝和
翁甲,碧影
翁相,冶山,輔卿,長卿
翁磐,進吉
翁祖望,渭公
翁祜智,勉齋,睿若
翁禄,學仲
翁端恩,璇華,紉卿
翁素,誠夫
翁素鸞,霞仙
翁紹之,子光
翁紹海,寄塘
翁經,載道
翁綬,汪翁綬
翁維寧,奠一
翁績,熙載
翁肅,彥恭
翁與淑,登子
翁茂南,朝梁
翁華,持甫
翁萬,和冲
翁萬達,仁夫,戶曹三君子,東厓,東涯,襄敏,襄毅
翁葵,景陽
翁蒙之,子功
翁蘭,心乾,秋皋
翁蘭芳,香谷
翁詒孫,寶卿
翁謙,天益
翁谷,子靜
翁迪,允吉
翁逢龍,石龜,際可
翁逸,祖石
翁遂,允威
翁運槐,楫山
翁運標,雋工
翁道均,午芬
翁邵,好德,翁醇
翁酉,思齋
翁釆,景文
翁采,景文
翁金堂,升伯
翁錚,鐵谿
翁錫祺,壽生,迪光
翁長庸,山愚,玉於,蓼野
翁長森,鐵梅
翁雒,小海,懋勤,穆仲
翁雲霖,筠樓
翁霔霖,傅宗
翁靜如,珠樓,靜如
翁頤,正之
翁點,沂伯
習元,又元
習孔化,因甫,紫瑤
習孔教,時甫,豫川
習家騋,德齋
習寯,載展
習振翎,燦雲
習振翖,笥山
習經,嘉言,寅淸居士,射樂翁
習韶,尚鏞
翟世琪,湛持
翟之瑞,一含,龍文
翟伯恆,保之,東泉
翟儒,晴嵐
翟儕鶴,松山
翟儲文,蘭亭
翟允之,誠齋,靜庵
翟光鄴,化基
翟六娘,六娘
翟再溫,奉達
翟化鵬,溟南,翥雲
翟厚,公厚
翟去邪,正己
翟友直,益之
翟台,思平
翟唐,堯佐
翟善,敬夫,敬甫
翟嗚球,獻之
翟均廉,春沚
翟天翺,圖南
翟奎觀,映東
翟守常,性存
翟守廉,藍溪
翟守素,昭儉
翟宣,太伯
翟寶善,協二,繼南
翟居德,安常
翟庭蕙,秀夫
翟延初,岱麓
翟廷俊,梯雲
翟廷楠,棟叔
翟張極,張極
翟彥俊,用章
翟彬,文中
翟復,景初
翟德興,喬山野人,宗起
翟志穎,同叔,觀妙先生
翟思,子久
翟思忠,志道
翟恂儀,誠齋
翟慎行,復初
翟慶全,從善
翟政,以德
翟敏政,愛堂
翟敦仁,靜叔
翟敬,行簡
翟文光,質友
翟文簡,君夫
翟文錦,屏山
翟文鳳,長離
翟斗生,乾若
翟方振,筠溪,鑄溪
翟方進,建中,建宗
翟於磐,子漸
翟明誠,殿伯
翟柏舟,仲河,東萊女史
翟槐,公樹
翟樹滋,敏甫
翟汝文,公巽,忠惠
翟汝特,公肅
翟源,大川,晴江
翟溥福,本德
翟澄,憲淸
翟灝,大川,平皋小隱,晴江,書巢堂,無不宜齋,艮山
翟炳,欽夫
翟熙典,式文
翟熙志,心土
翟熠,山樵,怡堂,月樵
翟玉,潤之
翟玉貴,福堂
翟瑄,二翟,廷瑞
翟瑛,仲英
翟璘,潤卿
翟瓚,黃中
翟用儀,信庵,可齋
翟登雲,望山
翟發宗,述庵,黻平
翟祥,君瑞
翟秉樞,斗南
翟緝會,龍川
翟繡裳,汝衷
翟羾,友諒
翟翚,儀仲
翟耆年,伯壽
翟能,本善
翟興,公祥,大翟
翟興福,介堂
翟英,瞿英
翟誥,錫三
翟諒,仲直
翟起宗,元振,符振
翟輔朝,瀚臣
翟通,任亨,翟瑛
翟進,先之
翟銓,秉衡
翟錦觀,絅之,雲莊
翟鎬,周甫
翟鏡,秉明
翟鑾,仲明,仲鳴,文懿,石門
翟雲升,文泉,舜堂
翟驤,士龍
翟鳳翀,淩元,淩玄,爾騰
翟鳳翔,鳳翱
翟鳳翥,翼經,象陸
翟鵬,志南,翟青天,聯峰
翟龕,遯庵先生
翰兆霖,鎮菴
翰殿榮,輔廷
耀成,岳成
耀曾,朗川,韜菴
老佐文,甫田
老子,李耳,老聃,李聃,太上老君,道德天尊
耍俊卿,天相
耶律(韓)遂忠,耶律(韓)郭三
耶律之文,天章
耶律九哥,潯陽公主,潯陽郡主
耶律伯堅,壽之
耶律何魯不,耶律斜寧
耶律余里衍,蜀國公主
耶律倍,人皇王,文武元皇王,文獻欽義皇帝,文獻皇帝,李贊華,東丹慕華,突欲,義宗,耶律圖欲,讓國皇帝
耶律偶思(漚思),耶律涅烈
耶律元寧(開里子),耶律安世
耶律八哥,同昌公主,同昌縣主
耶律剌葛,撒刺阿撥,耶律率懶
耶律勻德寔,玄祖,簡獻皇帝
耶律勻德實,玄祖,簡獻皇帝
耶律匣馬葛(匣麥),耶律曷魯
耶律十哥,三河公主,三河郡主
耶律古,耶律涅剌昆,耶律霞馬葛
耶律右尚,伯強,文正
耶律合祿,三韓郡王,耶律合魯,耶律宗範
耶律吼,耶律曷魯
耶律和古典,秦國長公主,耶律胡古典,耶律胡骨典
耶律喜隱,耶律完德
耶律圖魯窘,耶律阿魯隱
耶律天德,耶律苾扇
耶律夷臘葛,耶律夷剌葛,耶律夷臘,蘇散
耶律婁國,耶律勉辛
耶律宗真,文武仁圣昭孝皇帝,神聖孝章皇帝,耶律只骨(朮不孤),耶律夷不堇,聪文圣武英略神功睿哲仁孝皇帝,興宗,钦天奉道祐世兴历武定文成圣神仁孝皇帝
耶律察割,翼武皇帝
耶律屋質,耶律敵輦
耶律崔八,南陽公主,南陽郡主
耶律巖木,耶律敵輦
耶律巖母堇,秦國長公主,秦晉國大長公主,秦晉國長公主,耶律粘米袞,魏國公主
耶律希亮,忠嘉,明甫
耶律希逸,柳溪
耶律帖剌(怗剌),耶律痕得
耶律延壽,楚國公主,秦晉國長公主,許國公主,趙國公主
耶律延壽女,越國公主,趙國公主
耶律延禧,天祚皇帝,惠文智武圣孝天祚皇帝,耶律延寧,耶律阿果
耶律德光,嗣聖皇帝,太宗,孝武惠文皇帝,睿文神武法天启运明德章信至道广敬昭孝嗣圣皇帝,耶律堯骨(耀屈之),耶律德謹
耶律忙古帶,威愍
耶律惟一,用中
耶律拔里得,耶律孩鄰(解里),耶律麻荅(答)
耶律撒剌的,宣簡皇帝,德祖
耶律撒葛只,鄭國公主,魏國公主
耶律撻烈,耶律涅魯袞
耶律擘失,仁壽公主,仁壽縣主
耶律敬,子恭
耶律敵剌,耶律合魯隱
耶律斜涅赤,耶律撒剌,耶律鐸盌
耶律斡里太,鄭國公主,鄭國大長公主,鄭國長公主
耶律曷魯,耶律控溫,耶律洪隱
耶律朔古,耶律彌骨頂
耶律李胡,欽順皇帝,章肅皇帝,耶律奚隱,耶律洪古
耶律楚材,文正,晉卿,湛然居士
耶律楷,正己
耶律槊古,晉國公主,晉蜀國大長公主,晉蜀國長公主,越國公主
耶律欲穩,耶律轄剌干
耶律洪基(弘基),仁聖大孝孝文皇帝,圣文神武全功大略广智聪仁睿孝天祐皇帝,天祐皇帝,孝文皇帝,耶律查剌,耶律涅鄰,道宗
耶律洼,耶律敵輦
耶律洽昚,耶律牙新
耶律洽禮,耶律敵輦
耶律海里,耶律涅剌昆
耶律滑哥(化葛,化哥),耶律斯懒
耶律澤民,濟之
耶律濬,大孝順聖皇帝,順宗
耶律牙里果,耶律敵輦
耶律特里,梁宋國大長公主,秦晉國大長公主,越國公主
耶律璟,天順皇帝,孝安敬正皇帝,穆宗,耶律明,耶律述律
耶律甘露,耶律迪列(烈)
耶律突呂不,耶律鐸袞
耶律糺里,趙國公主,齊國公主
耶律羽之,耶律兀里,耶律寅底哂
耶律老古,耶律撒懶
耶律耨里思,昭烈皇帝,肅祖
耶律葛剌,耶律古昆
耶律薩剌德,懿祖,莊敬皇帝
耶律褭古直,耶律巖母根
耶律覿烈,耶律兀里軫
耶律觀音,晉國長公主
耶律觀音女,燕國大長公主,魏國公主,齊國公主
耶律解里,耶律潑單
耶律賢,天贊皇帝,孝成康靖皇帝,景宗,耶律明扆,耶律明記,耶律賢寧
耶律賽哥,金鄉公主,金鄉郡主
耶律跋芹,晉國長公主,魏國公主
耶律轄底,耶律涅烈袞(涅里袞)
耶律迭里特,耶律海鄰
耶律道清,耶律守淨
耶律道隱,耶律留隱
耶律釋魯,耶律述瀾
耶律鈞,莊慎
耶律鈿匿,平原郡主,荊國公主
耶律鐸臻,耶律敵輦
耶律鑄,成仲,文忠,雙溪
耶律長壽,臨海公主,臨海郡主
耶律長壽女,吳國公主,衛國公主,魏國長公主
耶律阮,世宗,天授皇帝,孝和庄憲皇帝,孝和莊憲皇帝,耶律兀欲(隈欲)
耶律阿保機,大圣大明天皇帝,大聖大明神烈天皇帝,天皇帝,太祖,昇天皇帝,耶律億,耶律啜里只,耶律阿保謹(阿布機)
耶律阿海,忠武
耶律陶哥,長寧公主,長寧郡主
耶律隆先,耶律團隱
耶律隆緒,天辅皇帝,弘文宣武尊道至德崇仁广孝聪睿昭圣神赞天辅皇帝,文武大孝宣皇帝,昭聖皇帝,睿文英武遵道至德崇仁广孝功成治定昭圣神赞天辅皇帝,耶律文殊奴,聖宗,至德广孝昭圣天辅皇帝
耶律頗德,耶律兀古鄰
耶律頹昱,耶律團寧
耶律骨浴,永寧郡主
耶律魯不古,耶律信寧
耿世安,忠武
耿之昌,約齋
耿九疇,恆庵,恆菴,淸惠,禹範
耿人鳳,竹林
耿介,介石,耿冲璧,逸庵,逸菴
耿仲明,毛有傑,雲臺
耿佐明,仲藎
耿佩誠,聖標
耿保衡,少尹
耿保遐,子遠,少尹
耿傅,公弼,忠憲
耿儒,南濵,季纯
耿充從,徽之
耿兆組,前紫,彊園
耿光,雲浦
耿光前,爾孝
耿光宣,輔臣
耿克仁,岱岩
耿全美,具庵
耿全良,西泉
耿再成,得甫,德甫,武壯,武莊
耿南仲,晞道
耿古德,咸一
耿啟乾,子元,西岑
耿塾,學源
耿士偉,鶴峯
耿壽平,格菴
耿如掄,君簡
耿如杞,楚才
耿安泰,伯威
耿宗倚,紹中
耿宗塤,箎伯
耿定力,叔台,叔臺,子健
耿定向,在倫,天臺,天臺先生,子承,恭簡,恭肅,楚侗,端之
耿定理,子庸,楚倥,楚倥先生,楚空先生
耿庭柏,華平
耿庭栢,華平
耿庸,大用
耿延曾,延增
耿廷望,彥淸
耿廷籙,虞門
耿建極,建公
耿復亨,伯祥
耿徵雨,澍屏
耿德壽,靜山
耿志煒,孟諸,明夫
耿思齊,賢卿
耿惇,子厚
耿慈愛,正儀
耿應張,易庵
耿應衡,玉齊
耿懷端,烈亭
耿承祖,霜面尉
耿拱極,雲岩
耿揩勳,瑞文
耿撒里台,彥莊
耿文光,斗垣,酉山
耿文睿,天資
耿日德,修甫
耿日椿,壽朋
耿明,一白,晦之
耿星,天章
耿昭忠,信公,勤僖,在良
耿昱,叔昭
耿時舉,元鼎,德基
耿樸,景朴,景渙,玉壘山人,耿渙
耿橘,庭懷
耿機,海樵
耿汝霖,彥起
耿沄,晴湘,雪村
耿淑田,貞一
耿湋,耿十三
耿濟瀛,蓬樵,雲閣
耿炳,耀垣
耿炳文,伯襲,武愍,長興侯
耿煥,文叔
耿爭光,明菴,爾遜
耿獻忠,伯良,美陽
耿玉函,梅溪
耿瑛,玉光
耿瑤,德華,熊山
耿瑩然,冲斗
耿直,彥正
耿福,伯禧
耿秉,直之
耿繡彝,用中,蓮庵
耿繼元,舜臣
耿繼玄,顯之
耿繼茂,忠敏
耿聚忠,殼心敏
耿自檢,思退,退思
耿至良,西泉
耿興宗,東山
耿茂楨,子嘉
耿蒼齡,思泉,萸庵退叟
耿蔭樓,旋極
耿裕,好問,文恪,青崖
耿迪,吉甫
耿道冲,伯齊,齊賢
耿錫麟,芝巖
耿隨卿,子承
耿隨朝,子衡
耿隨龍,允庵,舜言
耿願愚,又柴,茶峰
耿願魯,又樸
耿鳴世,敬亭,耿明世,茂謙
耿麟,瑞符,雲亭
聊讓,公遜
聚慶,文悅
聞一多,友三,友山
聞世烈,梅谷
聞人夢吉,凝熙先生,應之
聞人大夏,咸三
聞人安道,彜庚,彝庚
聞人宏,君度
聞人徽音,嗣音
聞人悳行,元科,聞人德行
聞人棠,南懷
聞人模,聞人謨
聞人武子,蓬池
聞人滋,茂德
聞人熙,春臺
聞人珇,德夫
聞人益,仲璣
聞人詮,聞人銓,邦正
聞人譽,聲甫
聞人鍵,大閑
聞人韺,以和
聞人麟,彥昭
聞元奎,應明
聞元璧,應韶
聞同初,鄧同初
聞啟祥,子將
聞性道,天迺,惢泉
聞捷,佐溥,澤農,鹿樵
聞星傑,松園,羽儀
聞景輝,日彰
聞朱玢,書岩,種懷
聞棠,雲枚,靜儒
聞步雲,蘭坪
聞淵,石塘,聞夫子,莊簡,靜中,靜夫
聞濟時,幾安
聞璞,楚璜
聞瓚臣,德黃,愛閒老人
聞益,星聚,省謙,錦峰
聞福圻,京士,鈍庵
聞福增,新甫,眉川
聞秀玉,餐霞
聞維堉,少谷
聞芝玉,紫卿
聞賢,國賓
聞達熙,子和
聞金和,韶初
聞釗,遠明
聞韶,樂甫,蕭九
聯元,仙蘅,先亨,鶴年
聯斌,子明,星橋
聯璧,玉農
聯福,芝圃
聯魁,星喬,星樵
聶世卿,仲孺
聶世潤,德甫,雨軒
聶仕,本學
聶以大,克俊
聶傳曾,毅芳,雲生
聶元,存善
聶元珪,錫章
聶元瑋,杏林,錫章,香林
聶其浩,知易
聶其燁,幼瓊,碧湘女史
聶冠卿,長孺
聶友良,益之
聶合鼎,峙峯
聶周臣,士友
聶嚞,廷秀,愚仲,癸孫,第三七
聶埈,筠巖
聶士成,功亭,忠節
聶夔,克諸,克諾
聶大年,壽卿
聶大煐,技一,芝山
聶夷中,坦之
聶子英,安業
聶子述,善之,文定
聶守真,碧窗
聶寶琛,嶼蓀,獻廷
聶尚恆,惟貞
聶師道,宗微
聶廷璧,子雍,祖雍
聶復孫,仁甫
聶心湯,純中
聶恆,尚夫,秋田,陳恆
聶慶龍,叔會,戴孫,景仁,第一太
聶憲文,伯符
聶應禪,公明
聶應科,廷傑
聶文祜,錫昌
聶文達,晉雲
聶斗月,文範
聶昌,幸遠,忠愍,榮敏,聶山,賁遠
聶昭潛,素吾,讓皆
聶智,志節
聶有儀,蓮仙
聶柄枬,雉梅
聶榮禧,黼屏
聶樹勛,筠巖
聶櫟,公壽
聶汝佶,萬亭,藹亭,蘭亭,譪亭,靄亭
聶法孟,宗鄉
聶泰,亦峰,夢蓮,幼菊
聶洲,蓮峰
聶淳,古甫,心遠
聶澐,雨帆,雨颿
聶濟,方峯,明甫
聶濟時,楫臣,畏三
聶瀛,汝登
聶炳,韞夫
聶燾,環溪
聶珙,周贄
聶珪,廷玉
聶琚,思敬
聶瑄,廷器
聶璜,鳴卿
聶用乂,用乂,聶康民
聶當世,二瞻
聶禎,正卿
聶端禮,彥中,昌孫,榮郎,第六十八
聶紹元,伯初,無名子
聶緝椝,仲芳,心齋
聶緝槼,仲芳,心齋
聶繼模,樂山,瓊芳
聶肇奎,季觀,藻庭
聶興禮,家訓,立庭
聶良杞,四十二,子實,念初,汝實
聶芬,韻琴
聶蒙昌,十三,德隆
聶襲,佩蘭
聶誼,隆道
聶豹,文蔚,貞襄,貞讓,雙江,雙江先生
聶賢,恭襄,承之,榮襄
聶道,明德
聶遜,仁懷太守,好謙
聶邦彥,迂齋,阿輔
聶金鏞,聶金墉
聶鈐,小巖
聶鉉,伯器,器之
聶銑敏,晉光,蓉峯
聶鎬敏,京圃
聶鏞,太拙生
聶鏸敏,羹梅
聶際茂,松岩,松巖
聶雲章,浣溪
聶雲翰,化南,摶羽
聶靜,十一,子安,白泉
聶顯彰,香林
聶鳳簫,德暉
肇敏,遜思
肖猷,士恆
肖震,長源,鳴霆
胡?,尊生
胡一中,允文
胡一倫,右鄰
胡一桂,人齋,德夫
胡一珠,丕澂,木齋
胡一璉,公侑
胡一鴻,季漸,逵羽
胡三台,芝岡
胡三省,光大,子唯
胡上琛,席公,節愍
胡世佐,伯衡
胡世安,客竹居,石芝軒,秀巖,菊潭,處靜
胡世寧,南都四君子,永淸,浙三仁,端敏,胡世寍,胡世甯,靜菴
胡世將,忠烈,忠獻,承公
胡世敦,兼山
胡世琦,惟忱,玉樵,瑋臣
胡世皋,聲九,鶴岑
胡世科,希哲
胡世英,汝迪
胡世藻,掞菴,潔菴
胡中和,元廷
胡中藻,堅磨生,翰千,翰選
胡乃麟,趾祥
胡之太,康臣,聽崖
胡之純,穆仲
胡之綱,仍仲
胡之邵,景才
胡之銳,品南
胡之駿,伯襄
胡九韶,鳳儀
胡于鋐,啟名,綺茗
胡于錠,屏山
胡交修,己楙
胡交脩,己懋,己楙,胡交修
胡亦,顔徒
胡亦常,同謙,嶺南三子,豸浦,賜書樓
胡享政,端叔
胡亶,保叔,保林,勵庵,勵齋,銀臺
胡什圖,呼什圖
胡仁模,宏齋,良政
胡介,彥遠,旅堂
胡介昌,茲儔,西麓
胡介祉,循齋,息游堂,智修,茨村,谷園,隨園
胡仔,元任,苕溪漁隱
胡令能,胡釘鉸
胡以曜,藍聞
胡以準,北沙,可平
胡以溫,公厲
胡以遜,幼謙
胡仲參,希道
胡仲威,伯圜
胡仲容,咸和
胡仲弓,希聖,葦杭,葦航
胡仲德,德甫
胡仲舒,漢卿
胡仲謨,二十,啟忠
胡仲轄,仁山
胡仲雲,從甫
胡仲霖,成甫
胡价,士重,玉吾
胡任輿,孟行
胡份,子文
胡伋,彥思,彦思
胡伯南,允文
胡伯崇,毘陵子
胡伯常,恆夫
胡伯虎,用之
胡伯驥,德甫
胡伸,彥時
胡佑,微仲,德孫,第百二,興哥
胡余潛,叔昭
胡作彭,芝山
胡作柄,謙持
胡作梅,修予,修預,抑齋,聽真閣
胡作相,代言,約齋
胡佩,時鳴
胡佩芳,拙盦,誦芬,雲舲
胡佩蓀,谷芬
胡佺,尚真
胡侁,子先,雲岫
胡侃,彥和,柳湖居士,胡侔
胡來宣,崧山,翰周
胡來貢,從治,順庵
胡侊,子仁
胡侍,奉之,承之,濛溪,濛谿,蒙谿,蒙谿先生
胡俊傑,朝佐
胡俊章,效堂,燕笙,笑山
胡俛,公謹
胡信,胡興
胡俸,君錫
胡倫,天叔,天敘
胡倬,存堂
胡偉,一峯,邦奇
胡健,山立
胡傑,劍西,子文
胡傑人,子碌,指六異人,芝麓
胡傳,守三,鈍夫,鐵花
胡傳撏,仁舫
胡僑,天放,汲古
胡僖,伯安,十七,子祥
胡僧孺,唐臣
胡儀,五十,士望
胡儒,南湖,國珍
胡儼,長威
胡允,方平,潛齋
胡允同,敬嗣
胡允文,執中
胡允林,小峯,小峰
胡元,容齋
胡元佐,德懋
胡元倓,子靖,耐寒
胡元儀,子威,瞻園,蘭茝
胡元博,彥聞,筱初
胡元均,子正
胡元壹,景通
胡元彪,伯文
胡元恆,仲長
胡元杲,秋白
胡元濬,春波
胡元焯,丹雲,丹霞
胡元煥,小瑲,小碧
胡元熙,幼初,曉論
胡元琰,景玉
胡元瑾,景通,第百十三
胡元直,介堂,子正
胡元舉,子仁
胡元英,懷芬,薌谷
胡元衡,平一
胡元裳,耕莘,野鶴
胡元質,季華,慶孫,獻惠,第八十,長文
胡兆春,東谷,潛髯
胡兆爵,佩三,璞叟,謙堂
胡兆進,現亭
胡兆龍,予袞,具茨,子袞,宛委
胡先春,天樞
胡先達,羹軒
胡光,文光
胡光國,愚園灌叟,碧澂
胡光墉,芝圃,雪岩
胡光大,砥齋
胡光廷,芳舟
胡光族,耀宗
胡光琦,步韓,韞川
胡光瓉,玉泉
胡光祖,紹堂
胡光祚,永耀
胡光藩,價臣
胡光裕,彥昭
胡光震,東格
胡克勤,舜臣
胡克和,節之
胡克家,占蒙,果亭,果泉
胡克寬,東易
胡克敬,孟常
胡克齊,敬一
胡全,正卿,震卿
胡全才,勤毅,體舜
胡公廉,介卿,簡齋
胡公望,迴齋,遇齊,遇齋
胡公武,學林居士,彥英,英彥
胡公留,彥良
胡公著,絅思
胡其廉,沖素
胡其恪,仙鬴,聞度
胡其炳,海霞,繡虎
胡其著,景倩,雪舫
胡其造,石廩
胡其高,汝升
胡具慶,俟齋,弢峰
胡具樸,含貞
胡典齢,汝白
胡凱,虞臣
胡凱似,凱姒,靜香
胡初翁,存菴,敬存
胡則,子正,忠佑,正惠
胡剛,性輔,惟輔
胡剛中,正夫
胡功祁,厚齋,靄生
胡助,古愚,履信,純白道人
胡勉,志學
胡勝,捷甫
胡勣,彥功
胡勲裕,原若,苕原
胡匡定,性山,霽嵐
胡匡憲,懋中,繩軒
胡匡衷,寅臣,樸齋
胡匡裁,燮臣
胡匡襄,贊臣
胡升,定庵,潛夫
胡升吉,允初
胡南,安定書隱,景山,比心
胡南逢,元用
胡占魁,義亭
胡原酆,東帆
胡及,克儉,考父,胡克儉
胡友信,成之
胡叔元,允卿
胡叔廉,明發,練溪
胡可與,子道
胡同,仁卿
胡同夏,元馭
胡同文,子尚
胡同熲,桄叔,繼高
胡君防,朝宗
胡君隆,屾齋,景初
胡咸,誠甫
胡哲,仁感
胡唐老,俊明,定愍,忠愍
胡商隱,元美
胡問仁,山佃,顏目
胡啟甲,恭先
胡啟祥,苦庵
胡啟錦,織雲
胡善,子純
胡善祥,恭讓皇后,恭讓誠順康穆靜慈章皇后,胡善庠,靜慈仙師
胡喦如,景傳,梅卿,第元一
胡喬年,筿湘,魯生,魯笙
胡嗚臯,雲翥
胡嗣瑗,愔仲,晴初,琴初
胡嗣蕃,露青
胡嗣齡,繩武
胡嘉栗,潤甫
胡嘉祐,元祚
胡嘉言,納齋
胡嘉謨,子忠,止吾,進菴
胡嘉隱,胡嘉鄢
胡器,季楠
胡國安,仁卿
胡國柱,砥亭
胡國楷,鏡舫
胡國濱,碧園
胡國瑞,嘉言
胡國綱,秋筠
胡國英,嘯白
胡國釴,夏採,莫齋,鉉五
胡國鑑,曜眾
胡在恪,念蒿,默齋
胡在慧,像山,椽山,橡山
胡在洵,三泉
胡坊,元禮
胡坤,道順
胡埜,德林,環中居士
胡執禮,汝立,雅齋
胡培,胡名培
胡培系,子繼
胡培翚,竹村,紫蒙,載屏
胡培翬,世澤樓,研六室,竹匡,竹村,竹邨,紫蒙,載屏,載平
胡基,樂平
胡堃先,順齋
胡堅常,秉彝
胡堯元,二峯,廷獻
胡堯卿,宗元
胡堯時,仰齋,子中
胡堯臣,伯純,石屏
胡堯賓,半塘
胡墉,登士
胡士容,仁常
胡士彥,世美,十七
胡士梅,爾調
胡士榮,仁齋,翼南
胡士熙,春臺
胡士瑾,澹園,鍾郎
胡士畿,衛京
胡士章,符卿
胡士端,心水
胡士育,基仁
胡士著,絅文,胡上著
胡士蘭,伯荃
胡士謙,端笏
胡士鰲,爾潛
胡士鼎,禹功
胡壯猷,元策
胡壽卿,本仁
胡壽安,克仁,菜知縣
胡壽嵩,仁山
胡壽椿,大年,研生
胡壽樁,硯生
胡壽海,東海
胡壽祺,映庚,淸源
胡夏客,宣子,鮮知
胡夢昱,剛簡,季昭,季汲,竹林愚隱
胡夢泰,友蠡
胡夢熊,渭濱
胡夢發,卜子
胡夢蘭,楚父,湘涵
胡夢魁,景明,澗泉
胡夤,伯寅,子珊,明明子
胡大原,伯逢
胡大壯,季履,西園先生
胡大定,正庵
胡大成,澹源,集化
胡大文,伯絅
胡大時,季隨,盤谷
胡大本,季立
胡大正,伯誠,胡慥
胡大海,武莊,王甫,越國公,通甫
胡大瀠,文漪
胡大異,同之
胡大經,德庸
胡大鏊,翼之
胡大集,成齋
胡天培,雲樓
胡天武,星齋
胡天游,傲軒,松竹主人,胡乘龍
胡天牖,端逸
胡天與,古學
胡天衡,虞英
胡天選,賢卿
胡太初,太初
胡太才,詠笙
胡奇偉,彥蓼
胡奎,應文
胡奕脩,叔微
胡奧,原邃
胡如壎,伯鏞
胡如山,南峰
胡如范,幼廉
胡婉娘,守端
胡子敬,漪如
胡子明,伯寅
胡子昭,介愍,仲常,伯尚,伯常,志高,胡子韶,胡志高
胡子祺,壽昌,胡壽昌
胡子義,志遠
胡子襄,易堂
胡孔集,成齊
胡存道,師善
胡孚宸,公度,愚生
胡孝,民行
胡孝思,抱一
胡孝曾,佩卿
胡孟奎,宿坪,星五
胡季堂,升夫,培蔭軒,莊敏,雲坡
胡季本,秉誠
胡學書,復初,雪堂
胡學浹,悅之
胡學淵,漱玉
胡學禮,又未,立齋
胡學詩,未也
胡學龍,遇六,雨麓
胡守中,伯時,文溪
胡守宗,穆中
胡守恆,吉雲,文節,見可
胡守法,充菴,冲虛靜默悟法崇道凝誠衍範顯敎眞人,浩然,純和子
胡安,仁夫
胡安之,叔器,白齊先生
胡安國,康侯,文定,武夷先生
胡安平,時中
胡安老,康年
胡安芬,剋馨,春園
胡宏,董胡宏
胡宏子,宏仲,第二
胡宗,太初
胡宗仁,彭舉,長白
胡宗伋,定翁,浚明
胡宗信,可復
胡宗回,敏節,醇夫
胡宗愈,修簡,完夫,簡脩
胡宗憲,梅林,汝欽,汝貞,襄懋
胡宗明,汝誠,甁山
胡宗智,伯通,雪村
胡宗武,義翁
胡宗海,仲深
胡宗炎,彥聖
胡宗穎,夙成,達齋
胡宗緒,環隅,襲參
胡宗茂,叔良
胡宗虞,鹿游
胡宗道,守正,溫泉
胡宗鼎,凝九
胡官,仰成
胡定,二溪,明仲,正叔
胡定俊,升之
胡定泰,平川
胡宥,子仁,金峯
胡家玉,夢輿老人,小蘧,琢甫,胡鈺
胡家駒,幼良
胡容本,雪堂
胡宿,文恭,武平
胡寅,子畏
胡富,康惠,文惠,永年
胡實,廣仲
胡寧,一菴
胡寬,有容
胡寶,信夫
胡寶仁,念閭,懋卿,筱玉
胡寶瑔,恪靖,泰舒,瓶庵,瓶菴,胡金蘭,頤齋,飴齋
胡寶鐸,昆圃,虎臣
胡尙志,士先
胡尚德,懷廷
胡尚忠,行之
胡尚慶,紹餘
胡尚英,瑤宇,超凡
胡尚衡,階平
胡尚鉁,胡尚珍
胡就矩,仲規
胡居仁,叔心,敬齋,文敬,莊渠先生
胡居祐,彥承
胡履剛,夢高,素行
胡履吉,理生,道坦
胡履坦,遵道
胡履輝,淸翁
胡屯,德進
胡岫奇,試香
胡岳,北岡,宗高
胡峩士,學蘇
胡峻,伯駿,貞庵,雨嵐
胡峻德,克菴,明卿
胡崇,宗叟
胡崇德,二十三,伯賢
胡崇曾,參伯,四十三
胡崋,惟峻,靜齋
胡嵒如,景傳,梅卿
胡嵩,右階,少室
胡嵩齢,月坡
胡嶧,仲連,如村先生,如邨老人
胡嶽,峻宗
胡巖起,伯巖
胡川楫,巨卿
胡布,子申
胡希仁,時中
胡希寅,致翁
胡希是,則翁
胡希舜,惟善,見虞
胡希逸,希逸
胡希顏,宗哲
胡帛,子行
胡師,道夫
胡師夔,易簡居士
胡師徐,夢應,宗武,第十四,胡烈
胡師謨,肇周
胡常,思齋,立方
胡幼文,德華
胡幼黃,成玉
胡幽貞,無生居士
胡序,少賓
胡庭蘭,伯賢
胡廙,致恭
胡廣,光大,文穆,昊菴,晃庵,晃菴,胡賡,胡靖
胡延,啟元,綺園
胡延夔,子韶
胡延璠,一峯
胡廷俊,升之
胡廷宜,杏村,杏林
胡廷寅,胡諲
胡廷幹,鼎臣
胡廷彩,素菴
胡廷桂,伯詵
胡廷森,衡之,西棽
胡廷槐,晉三,蔚堂
胡廷沅,真夫,芳芷
胡廷玉,伯榮,香九
胡廷琛,穀卿
胡廷瑔,星石,玉汝
胡廷璣,瑜公
胡廷相,直生
胡廷祿,原學
胡廷註,待堂,禹東
胡廷贊,夢錫
胡廷鳳,樞巢
胡廷黼,元素,十七
胡弌之,宗原
胡弘,任之
胡彝,安常,雪埜
胡彤恩,詞父
胡彥,白湖子,穉美
胡彥昇,國期
胡彥穎,秋垂
胡彥達,仲通
胡彥麟,角亭
胡彧,信山,愧林,翁生
胡得生,齊己
胡從治,貞之,醉愚
胡從聖,思諫
胡復,克長
胡德,全之
胡德修,梅仙
胡德增,松門
胡德完,叔大,杏所
胡德廣,及之
胡德彝,蘭芬
胡德濟,世美
胡德珪,國瑞
胡德盛,尚愚
胡德邁,卓人,鹿亭
胡心尹,德懷
胡心得,元靜
胡必勝,仲彰
胡必達,孚中,月巖
胡志仁,弋溪先生
胡志傳,子肖
胡志夔,鳴和
胡志康,永寧
胡志潔,玕亭,雪方
胡志福,松煇
胡志章,稚楓
胡志鵬,扶九
胡忠,藎臣
胡忠本,思一
胡忠正,延一
胡念修,右階,幼嘉,靈和
胡念祖,仁夫,鶴心
胡思忠,進之
胡思敬,問影樓,漱庵,潄唐,瘦唐,瘦篁,退廬,退廬居士
胡思煥,載明
胡恆,公占
胡恩,允承
胡恩燮,愚園老人,煦齋
胡恭,克敬
胡悉寧,海若
胡悳,允脩,十九
胡惟中,可久
胡惟仁,舜咨
胡惟寧,一軒
胡惟彥,斯美,雲巢先生
胡惟德,恭甫,馨吾
胡惠齋(號),惠齋居士
胡愈,宗韓
胡愷,虞臣
胡愿,伯恭
胡慎儀,石蘭,采齊
胡慎容,玉亭,紅餘,臥雲,觀止
胡慎淑,景素
胡慥,敬夫
胡慶豫,東坪,邕來
胡憲,原仲,簡肅,籍溪,籍溪先生,靖肅
胡憲仲,仰崖,文徵,文澄
胡應之,泰來
胡應佳,季貞
胡應嘉,杞泉,祁禮
胡應文,子會
胡應泰,蘭岑
胡應炎,煥卿
胡應璣,粹翁
胡應辰,對薇,汝拱
胡應麟,元瑞,少室山人,少寶,明瑞,石羊先生,石羊生
胡懋忠,良卿
胡懷,節愍
胡懷玉,珍如
胡懷琛,季仁,寄塵,秋山
胡成均,廉璧,式儀,鑒泉
胡成浚,在郊,子深,雪眉
胡戢,叔文,蘇門居士
胡戴仁,狷菴
胡承,安節
胡承壂,胡承殿
胡承志,仙浪,山浪
胡承業,紫峯,紫峰,紫舉
胡承殿,廷易
胡承漢,雲昭
胡承熙,皡如,節愍
胡承珙,丹溪,墨莊,景孟,求是堂,菊佳軒
胡承瑗,伯蘧
胡承義,紫峯
胡承詔,侍黃,君麻
胡承諾,君信,東村,東柯,石莊,石莊老人
胡拱,惟辰
胡拱辰,共之,拱之,敬所,莊懿
胡振,暻公,汀鷺,瘖禪
胡振卿,振祖
胡振聲,武壯
胡捷,象三
胡掄,良材
胡掄元,桂容,桂峯
胡揆,少卿
胡揚,伯淸
胡搏,元舉
胡撙,崇禮
胡攀龍,海峯
胡攸顯,守愚
胡政新,祥麟
胡政舉,修甫,吉人,孟存
胡效才,用甫
胡效植,靜亭
胡敦實,觀光
胡敬,以莊,書農
胡敬義,惺田,陸田
胡敷庵,胡敖庵
胡文,宣文
胡文健,星門
胡文可,可山
胡文壁,東文,貞素先生
胡文壽,仁夫
胡文學,卜言
胡文彬,仲質
胡文柏,心原,松侶,獬君
胡文柔,蘭韻
胡文淵,深卿,鏡塘
胡文瀚,怡垣,綺園
胡文炳,虎臣
胡文煒,德華
胡文煜,元暉
胡文照,星垣
胡文燿,其暐
胡文璧,汝重,石亭
胡文相,亮公
胡文舉,仲明
胡文華,德輝
胡文靜,峹山
胡斌,忠勇
胡斗元,元浩
胡方,植芸,直內
胡方岄,月山,艮齊
胡方平,師魯,玉齋
胡方朔,小東
胡日初,旭齋
胡日發,香谷
胡旦,穉明
胡旧钫熒,忠安,源潔,潔菴
胡早,思道
胡昂,若駒
胡昇猷,允大
胡昉,啟暘
胡昊,敬及
胡昌基,星祿
胡昌暘,霽亭
胡昌曙,覺齋
胡昌祖,守先,荔樓
胡昌齡,長彥
胡明佐,拱柱
胡明善,公澤
胡明庶,功甫
胡明憲,澄宇
胡易,光貞
胡星,辰庚
胡星垣,文亭,象昭
胡春元,眉雲
胡春華,小琢
胡昭,原明
胡昭陞,擢亭,羅亭
胡昶,東望
胡時,伯正
胡時中,伯正
胡時化,十三,惟權
胡時忠,慎三,昭伯
胡時顯,晴溪,行偕,行楷
胡時麟,十四,靈昭
胡晉康,介堂
胡晉接,子承,梅軒,止澄
胡晉文,煥章
胡晉臣,子遠,文靖
胡景先,彥明
胡景桂,月舫
胡景棠,少愷
胡景榮,子仁
胡景翼,勵生,笠僧
胡景裕,好問
胡景顏,適齋
胡智,尚明
胡智燮,調陽
胡暉吉,瘦生,谷堂
胡暘,景和
胡暟,啟明,龍川
胡曉,東白
胡曦,壺園,曉岑
胡曰發,中皆,香谷
胡曼,長卿
胡曾,亦魯
胡會恩,孟綸
胡有恂,伯春
胡有恆,愼齋,筠亭,貞甫
胡有璜,呂瑞,昌瑞
胡有開,益之
胡朝梁,梓方,詩廬
胡朝棟,松坪
胡朝穎,達卿
胡朝臣,十三,敬所,汝鄰
胡期恆,元方,復齋
胡本濤,雲閣
胡本英,粲菴
胡杞,基仲
胡杰,子文
胡東,古愚,時震
胡東皋,道光
胡東臯,方岡,汝登
胡杲,胡隱士
胡松,松岩
胡松年,茂老
胡林翼,文忠,潤之,潤芝,胡林翌,詠之,詠芝,貺生
胡枚,我占
胡果,穀齋
胡柏年,柯亭,許安
胡某元,豈浮
胡某（胡贇孫）,王七
胡栝,釋之
胡栢材,韻山
胡栩然,夢園,臥山
胡格誠,中孚
胡桂生,懋修,輔臣
胡桂芬,畬亭
胡桂芳,三十九,忠端,時榮,瑞芝
胡梅,淸壑道人,白叔
胡梓,抱石,西山
胡棐翼,珏軒,篤忱
胡棟,地齋
胡棣,伯友
胡棨,信之
胡森,十七,未齋,秀夫
胡植,鐘卿
胡楚材,叔章
胡楚賓,北門學士
胡榆元,桂峯
胡榘,仲方
胡榮,希華,文莊先生
胡榮宇,卓齋
胡榮珂,叔璋,秉同,達齋
胡樞,邕藩
胡樸,質堂
胡樹聲,雨塘,雨棠,震之
胡權,義公,霞城
胡次焱,梅巖,濟鼎,餘學,餘學梅巖先生
胡欽,欽承
胡欽相,南渚
胡欽華,匡山九子,實美
胡正,胡禎
胡正仁,心蓮,讓堂
胡正基,岫青,巽泉
胡正岳,魯瞻
胡正棻,芷塘
胡正蒙,正伯
胡正言,曰從
胡毓材,梅農,盛周
胡毓筠,介卿,介鄉,子青
胡毓麒,少卿,肖匡
胡氏（胡留女）,胡百七娘
胡氏（胡贇孫女）,合德
胡永,石汀,石江
胡永亨,肇美
胡永和,履初
胡永成,嵿泉,思貞
胡永湛,湘浦
胡永興,彥隆
胡求魚,江村
胡汝嘉,懋中,懋禮,秋宇
胡汝安,恭甫
胡汝寧,似山,文禎
胡汝慶,天錫
胡汝明,傳道
胡汝桂,芳甫
胡汝欽,子敬
胡汝為,桂林
胡汝煥,文甫
胡汝直,古愚
胡汝礪,竹巖,良弼
胡汝翼,伯鄰,東巖
胡汝舟,巨濟
胡汝開,倫泉,淪泉,溣泉
胡汝雨,均濟
胡汝霖,仲望,東岩,靑厓,青崖
胡汝飲,子敬,龍川
胡江,山公
胡汭,舜居
胡沂,周伯,獻簡,獻肅
胡沇,永泉
胡況,孟淇
胡泉,白水
胡泌,西表
胡泰,道安
胡泰福,岱青
胡泳,存齋
胡洪,淵之
胡洪安,禹甸,素履,葒庵
胡洵,宗美
胡浚,希張,竹岩
胡浪,攻聲
胡海,朝宗
胡海定,節愍,聖占
胡涇,源潔
胡涍,原荊,蓮渠
胡涓,柯卿
胡涵,柘塘
胡淑,蓉初
胡淑脩,文柔
胡淮,宗豫
胡深,文淵
胡淵,匏更,橤明
胡淸焣,思平
胡淸燾,昭宇
胡清江,薇史,薇鳴
胡温,遵道
胡渭,朏明,東樵,東樵山人,耆學齋,胡渭生
胡湘,子瀟,筠帆
胡湘林,揆甫
胡湛,印溪
胡湜,嘯雯,守初,耐緣
胡湧,二十一,汝原
胡源凱,谿雲
胡溢,正益
胡溥,文博
胡溫,胡風子,遵道
胡溱,輝僑
胡溶,安公
胡漢,十一,源梁
胡漢平,楚橋
胡漢槎,雲梁
胡漢漣,商玉
胡潚,幾道
胡潤,京蒙,河九
胡潤祖,敬先
胡潮,可大
胡澂,鑑餘
胡澄,玄海
胡澍,甘伯,石生,荄甫
胡澤光,彜圃,彝圃
胡澤民,宗尹
胡澤淵,鏡涵
胡澤潢,仲垣,咸池,星岡
胡澤順,梅坪
胡澥,伯圜,季解
胡澧,百鍾
胡澸,景雲,蔗庵
胡澹,澹生
胡濂,宗周
胡濙,忠安,源潔,潔菴
胡濤,滄來,葑唐
胡濬,源大淵,源淵
胡濱,慶潤,石泉
胡瀚,今山,川甫
胡瀛,孟登
胡瀛濤,海客,葦舟
胡瀛生,胡瀛
胡瀾一,予源
胡炎,光文
胡炎午,子西,第季三,起南,麟孫
胡炎發,宜父,第四五,雷發,養明
胡炬,然明
胡炳,澹泉,玉田,虎臣
胡炳䖍,香喬
胡炳升,吉階
胡炳南,煥亭
胡炳文,仲虎,雲峯
胡為楷,型芝
胡無悶,凝香樓主
胡焯,光伯
胡煜,廷和
胡煥文,鑑堂
胡煦,文良,滄曉,紫弦,葆璞堂,蒼曉
胡熙,宗文
胡熙壽,犖齋,諤臣
胡燏棻,堯臣,寄虹山人,寄虹山館,芸楣,蕓梅,雲楣
胡燿,文光
胡爟,若思,頣庵
胡爾俊,用章
胡爾哈慶明,虎爾哈慶明
胡爾愷,石江
胡爾英,秋崖
胡獻,時臣
胡獻徵,存仁,統虞子
胡獻瑤,公瑾
胡玉,伯堅
胡玉伯,壎生
胡玉瑚,方州
胡玉縉,綏之,艷葊
胡玉衡,曜亭
胡玘,致廣
胡玠,仲藩
胡玢,胡汾
胡玥,朝重
胡玻,宏濟
胡珉,文珮
胡珊,佩紳,佩聲
胡珙,石崖
胡珦,潤博
胡珪,明珪
胡珵,孟紳,琅圃
胡珽,心耘
胡琨,次瑤
胡琮,文德
胡瑄,廷器
胡瑑,叔和
胡瑗,畹如
胡瑜,季城
胡瑞,方正
胡瑞瀾,子安,小泉,筱泉,觀浦,觀甫
胡瑞臨,宜吉
胡瑨,澹中,胡縉
胡璇,衡可
胡璉,公器
胡璋,珩佩
胡璘,汝溫
胡璞,器之
胡璟,希宋
胡璧城,夔文
胡璧華,崑白,昆白
胡璩,子溫
胡璪,元質
胡璽,伯章
胡瓊,佩清
胡瓚,仲珪
胡用之,從先
胡用儀,聘三
胡用存,性之
胡用實,其佐,松菴先生,賓巖
胡用莊,敬夫
胡用賓,六十,晉卿
胡用賔,其佐
胡田,雲從
胡甲桂,石遠,秋卿
胡登臣,正平
胡發琅,肅藻
胡百能,同老,少明,祖壽,第二十一
胡皇后,善祥,恭讓章皇后,靜慈仙師
胡皞,樂熙
胡益,士恭
胡盍朋,子壽,簪庭
胡盛星,拱北
胡直,廬山,正甫
胡直孺,少伋,少汲,西山老人
胡相,相之
胡相端,智珠,湘端
胡相良,全溪,純一
胡睿,好聞
胡矩賢,玫綬,眉壽
胡石庵,天後,金門
胡礪廉,子周
胡礪鋒,星若,麗生
胡祖廣,忠肅,漢卿
胡祖德,筠橋,雲翹
胡祖望,秋塍
胡祖舜,善則,谷隱
胡祖謙,瑞臣,端臣
胡祚安,紹蘧
胡祥鑅,劭介
胡祥麟,子賢
胡祺,壽卿
胡禎,用良
胡福,百順
胡福宏,徵五,胡福弘
胡禮,子敬
胡禮垣,榮懋,翼南,逍遙游客
胡禮箴,心州,聽石,雪門
胡禹冀,載川
胡秀蕙,定庵
胡秉,仲彝
胡秉德,紹陽
胡秉忠,誨甫
胡秉梁,又張
胡秉虔,伯敬,惜分齋,春喬,春橋,繩軒
胡秉鈞,理軒,統政,退思
胡秘達,密達
胡稷,公望,夢湘,胡光棨
胡稷言,正思
胡積學,畏之
胡穎,叔獻,石壁
胡立道,貴常,雲寄
胡章,早立,理齋,石川
胡端北,褚端北
胡端彥,英弼
胡端書,敬哉
胡端禎,端禎
胡笴,剋生,東澤
胡筠,筆江
胡筠亭,稼維
胡箕,斗南
胡節,國信
胡篤卿,用光
胡篤生,入臾,孟培
胡簡,胡筒
胡簡敬,又弓
胡簪朋,樂卿
胡籍,季文
胡粹中,胡山
胡紀,大年
胡紀常,銘六
胡紀謨,息齋,獻嘉
胡紉蓀,谷芳
胡純,惟一
胡純基,誠齋
胡紘,幼度,應期
胡紹勛,文甫,讓泉
胡紹南,仲遹,衣菴
胡紹曾,省之,魯堂
胡紹煐,枕泉,耀庭,藥汀
胡紹舜,季韶
胡紹芬,念曾,香圃
胡紹鼎,牧亭,雨方
胡紹齡,介年
胡統虞,孝緒,孝緖,明善堂,此庵,此菴,此菴先生
胡經,伯常
胡經一,鑑僧
胡綠,碧窗
胡維宗,之庵
胡維寧,季懷
胡維崧,松山
胡維新,文化,雲屏
胡維祺,介祖,伯眉,壽雅
胡維翰,良甫
胡綱,振紀
胡緒,本理
胡緝,熙績,舜舉
胡緣,香輪
胡縉,曰紳
胡縝,胡奠
胡繡珍,寵仙
胡繩祖,剩崖,畏思
胡繼瑗,亦少,叔玉
胡繼美,中在
胡纘宗,世甫,可泉,孝思,胡瓉宗,胡鑚宗,鳥鼠山人
胡美,廷瑞,胡廷瑞,胡廷美,臨川侯
胡美彥,儁民
胡義質,君真,壽生
胡翔卿,仲集
胡翔藹,晴沙,裔雲
胡翔雲,黃海
胡翰,蓴甫,邗水老民
胡翴,商用
胡翹元,澹園,羽堯
胡翹椿,浴鶴,溶鶴
胡翼,筠亭,鈞亭
胡翼龍,伯兩,伯雨,蒙泉
胡考生,均軒
胡聘之,淇笙,蘄生,靜軒,靳生
胡聚之,懷揚
胡聯奎,星垣,桂峰
胡聯第,蘭墅
胡聯芳,春卿
胡肅,元暹
胡肇昕,曉庭,篠汀
胡肇智,季臨,芰舲,霽林
胡肇禧,蓮生
胡肇綸,理堂
胡肇華,崑白
胡肇齡,存齋,與九
胡胤嘉,胡應嘉
胡膏,來霑
胡自厚,躬可
胡致和,順天
胡致隆,蕭灘居士,藏之
胡與可,元功
胡與權,正仲
胡與高,岱瞻
胡興仁,恕堂,補拙軒
胡興周,公望
胡興裔,寅閣,希亭
胡興齢,柱峯,桂峯
胡舜㣧,明祚,玄毓
胡舜元,叔才
胡舜舉,汝士
胡舜陟,三山老人,汝明
胡航,公濟
胡良,達之
胡良機,念菴,省之
胡良權,周量
胡良臣,翼明
胡良顯,得岑,忠遂
胡芳,秀實
胡若某,君平
胡若琦,與孚
胡英,廷俊
胡英發,壽卿,德華,第千八,胡老
胡茂林,秀山
胡茂楠,賓石
胡華,煥齋
胡華黻,默莊,默菴
胡萬吉,體斌
胡萬春,德遠
胡萬里,伯明
胡葆光,遷夫
胡蒨桃,胡倩桃
胡蓮,茂生
胡蔭森,呂瑞
胡蕙庭,似穀
胡薇元,壺庵,孝博,詩舲
胡蘊,介生,石予
胡蘭,畹香
胡處約,詳之
胡處邦,上淸大洞道士
胡虞潢,天水
胡虞繼,祈緒,芝廬
胡蛟齡,淩九,陵九
胡行學,兆佐,爾輔
胡行恭,民敬
胡行簡,居敬
胡衍,雲峰
胡衛,衛道
胡衹遹,文靖,紫山,紹開
胡裒然,君舉
胡裔麟,紱生,象賢
胡裕,伯容
胡裕文,彬如
胡裕昆,竹屏
胡裕燕,式嘉
胡褒,嘉言
胡襄,季皋
胡觀國,十牛,胡行,詹聖
胡觀智,愚中,竹泉
胡訓,南山,誨之
胡詔虞,恬庵
胡誘珍,寵仙
胡誠,赤存
胡誼,正之,觀省佚翁
胡調元,榕村
胡諒,名夫
胡諤,文友
胡諧,東渠
胡謐,廷愼,廷慎
胡謙,牧農
胡謰,仲玉
胡證,啓中,啟中,胡十二
胡譽,實孚
胡讓,仲遜
胡象鴻,巢嵐,顛木
胡象龍,占六
胡豹變,柳渠,蔚文
胡貞媛,秀溫
胡貞波,冰心
胡貫,一貫
胡貴,勤愨,爾恆
胡賓,汝觀,潢南
胡賓于,大儀
胡賓墀,見龍
胡賓王,時賢
胡賡善,受谷,受轂,心泉
胡賡熙,臺如
胡賡謀,裕孫
胡質,孝質
胡贊,二十二,克襄
胡超,彥超,恥菴
胡超龍,躍衢,雲谷
胡躍如,子淵
胡軒,士榮
胡軫,敬同
胡載道,文甫
胡輝甲,鼎臣
胡述文,琴垞
胡适,胡洪骍,洪骍,嗣穈,适之,期自胜生,铁儿,藏晖,天风,宗尚
胡逢恩,仲原
胡連,曉亭,韞珏
胡遂孫,成甫,竹洲
胡道,濟時
胡道南,任臣,鍾生
胡達,松齡
胡達可,行仲
胡達善,伯仁
胡達樹,甘垣
胡達源,文妙香軒,淸甫,聞妙香室,芸閣,雲閣
胡達澍,甘園
胡遜,蕙麓
胡遠,十八,子明
胡遠濬,淵如
胡遠秀,薌潊,酒蕩子
胡遠齡,永曾
胡邃,深之
胡邦奇,君才
胡邦泰,紫巖
胡邦直,忠佐
胡邦祐,筠甫
胡郁,星煥,松齋
胡郡奴,孝貞
胡都,仲之
胡鄂,卓庵
胡醇,萬六,雪舫
胡醇父,淸父
胡采,素椽
胡釋之,開甫
胡重明,養元
胡量,元謹,眉峰
胡金,聲之
胡金芝,松溪
胡金英,存廬
胡金門,鳳書
胡釣璜,東表
胡釴,靜庵
胡鈞,千之,稚仲,贊廷
胡鈞學,儼堂,樹德,研堂
胡鉉,墨仙,鼎三
胡銓,忠簡,澹庵,邦衡
胡銘紳,又書
胡銘鼐,樂山,爾調
胡銳,承恩,曲江
胡鋐,勳鉅,震軒
胡錦,芳卿,蘭陵
胡錫珪,三橋
胡錫祜,心齋,新齋,樂伊
胡錫麟,夢岩,禮修
胡鍈,聲旗,警生
胡鍊,允智
胡鍔,小泉
胡鍵,希準
胡鍾,應律,澹菴
胡鍾生,道南
胡鎔,傳孫
胡鎬,京濟
胡鎮,斯靖
胡鎮南,霍霖
胡鎮孫,安國
胡鎮鑅,小唐
胡鏜,伯遠
胡鐃,律鍾,爾櫟翁,笠峰
胡鐸,小夫子,支湖,支湖先生,時振,胡道學
胡鑄,蓬山居士
胡鑑,鏡堂
胡鑒,克明
胡鑰,畏卿
胡钁,晚翠亭長,老匊,菊鄰
胡長孺,汲仲,石塘
胡長庚,城東居士,少白,應宿
胡長慶,延之,梅溪
胡長新,南枝,子何,銘三
胡長齡,三餘堂,印渚,西庚
胡開益,仲謙,牧堂
胡閎休,良弼
胡閏,忠愍,忠烈,松友,梅友
胡閲之,廣時,廣疇
胡阮,省遊
胡隆,必興
胡隆洵,信芳,紹泉
胡際盛,藹人,黼明
胡雅拉蘇布通阿,果勇,蘇卜通阿
胡雍,伯雍
胡雲端,騰霄
胡雲誘,冰心
胡震,不恐,鼻山
胡霖,浦三
胡霖蒼,商雨,潤生
胡霞,綺仙
胡青上,雪方
胡靖,汝寧,胡德盛
胡靜嫻,貞齋,退齡
胡革,實之,實在,從之,胡諶
胡韞玉,仲明,樸安,頌民
胡韻,遠存
胡韻蘭,香谷
胡順,坤德
胡順之,孝先
胡順華,明順華,積之,賓南,龍岡
胡順鎔,文和
胡頤,依蓮
胡顯,梁國公
胡顯宗,世榮
胡飛英,居實
胡飛鵬,樵硯,魯封
胡飛麟,仁趾,祥村
胡養局,度昭
胡養正,繼功
胡香山,夢白
胡香昊,竹軒,芋莊
胡駿,葆生,補齋
胡騮,恆園,恆岡,恆罔
胡體乾,健夫,爻峯
胡高望,崑圃,希呂,文恪,豫堂
胡魁,應辰,西源
胡鯨,英溪,魚伯
胡鰲,巨卿,鹿厓
胡鳳丹,月樵,齊飛
胡鳳如,參御
胡鳳池,際飛
胡鳳翥,雲升,雲開
胡鳳耆,雲開
胡鳳鳴,岐西,紫庭
胡鳴泰,冠三
胡鳴鵉,和菴
胡鴻,贊皇
胡鴻典,敘廷,文圃
胡鴻澤,友梅,陶軒
胡鴻炳,文臣
胡鹽凡,墨園
胡麗玉,珠林
胡麟,伯祥
胡默,孟成
胡鼎,定甫
胡鼎彜,右銘,小汀,銳生
胡鼎彝,鼎臣
胡鼎才,元振,元鎮
胡鼎臣,子重
胡鼎金,貴剛
胡齊崙,天柱
胡龍孫,省吾
胡𡰥簡,近道
胡𤇍,子文
胥作霖,澤民
胥偃,安道
胥元衡,平叔
胥壽榮,雲松
胥庭清,永公
胥文相,士衡
胥琬,麓庵
胥瑞瑢,佩徵,酉山
胥繩武,燕亭
胥致堯(字),致堯
胥遇,于巷
能去塵,去塵
能成甫,能仁甫
能持,天印
能政,能氏
能義,損菴,無言
能鼎臣,君佐
脫古思帖木兒,天元帝
脫因,安僖
脫因納,忠景
脫寅,正己,蒙谷子
脫帖穆耳,可與
脫憐,拔都兒
脫斡鄰勒,王罕
脫桓不花,宣簡
脫歡,企顏
脫歡察兒,彥明
脫穎,尚賓
脫脫,子安
脫脫木兒,松軒
脱列哥那,乃马真后,昭慈皇后
脱羅,興皇帝
臧丙,仲回,夢壽,臧愚
臧之鼎,鉄卿,鐵卿
臧偉,仲猷
臧儀,伯威
臧元壽,仁甫
臧勵,勉仲
臧博文,能約
臧嘉琰,潤之
臧均之,可園
臧垕,伯載
臧增慶,一柳,易秋,雪樓
臧壽恭,眉卿
臧夢解,魯山
臧大受,君可
臧孙辰,臧文仲
臧崇亮,茂融
臧師點,興付,興會
臧幾道,公恕
臧庸,在東,拜經,東序,用中,臧鏞堂,西城,西成,邦經
臧惟一,守中
臧應奎,損齋,賢徵
臧懋循,晉叔
臧懷亮,懷亮,時明
臧承灝,杏士,蕓自
臧振榮,君仁,岱青
臧政倬,邦卿
臧文通,達夫
臧暹,其先
臧格,正子
臧桶,承之
臧榮棠,受齋
臧榮青,理谷,藜閣
臧永錫,孝恭
臧洪,弘父
臧渾,袓道
臧澤,子隆
臧濟臣,景傅,未齋
臧灼,晦叔,立之,第四
臧爾心,子端
臧珊,子佩,子珮,靜齋
臧琮,坤儀,嵩詒,省齋
臧琳,玉林,玉琳
臧瑛,世美
臧瑜,次琅
臧瓊,文瑞
臧相,伯良
臧睦,季和
臧祐之,佐才
臧祚鞏,氶琡
臧福寧,恆亭,恆立
臧禮堂,和貴,孝節,孝節先生,愛日居士,愛日齋
臧秉臣,禮亭
臧繼宏,世景,厚庵
臧繼芳,原實
臧聰,任渠,自聞
臧良,祥卿
臧衡,晦明
臧詢,公獻
臧論道,公弼
臧諶,子常
臧谷,宜孫,詒孫,雪溪
臧鏗,子與
臧铕,茂之
臧雒,中州
臧鳳,瑞周
臺初爾額勒精額,額勒經額
興佳伊勒東阿,恪勤
興同,石林,道遠
興存,鶴昶
興安,子靜,明軒
興恩,承齋,耀廷
興泰,孚山
興祿,荷田
興福,厚之
興蒼,佑之,曉山
興長,興常,興昌
興陞,榮齊
舍利石鐵,石鐵
舒一邃,初民
舒亨熙,會嘉,芙嶠
舒亮友,益齋
舒亮梅,璽齋
舒亮發,益齋
舒亶,信道,嬾堂,懶堂
舒以健,醇甫
舒位,樨禪,犀禪,犀靈,玉鑪三澗雪齋,瓶水齋,瓶笙館,皋橋,立人,簫材琴德軒,舒佺,銕雲,鐵雲,鐵雲山人
舒佐堯,唐陔,霞叔
舒元一,桂林
舒元璋,少庭,載之
舒元輿,舒三
舒元迥,子穎
舒兆漣,簡華
舒光,耀山
舒公平,平山先生,廉夫
舒其志,元者
舒其紳,佩斯,蘭圃
舒其紹,春林,衣堂
舒化,壯僖,汝德,繼峰,莊僖
舒化民,以德,自庵
舒卓,可立
舒向,用志
舒嘉,至善
舒嘉猷,孟襄,舜臣
舒四德,懿兼,筠軒
舒國光,六十九,賓之
舒圖南,若亭
舒坦,舒垣
舒堯俞,伯可
舒夢旂,武仲
舒夢桂,叔祥,慶祖,晉卿,第四
舒夢蘭,天香居士,白香,香叔
舒夢齡,舒夢麟,蘇橋,錫吾
舒大成,時中
舒大邦,伯興
舒天民,埶風
舒天秀,瑞卿
舒姒,嗣音
舒孟華,去華
舒學旦,鎬懷
舒宏,彥洪,白雲先生,白雲山人,舒弘
舒岳祥,景薛,東野,第詵三,舜侯
舒峻極,漸鴻,韋園
舒嵩年,祝山
舒嶽祥,景薛,東野,舒岳祥,舜侯,閬風先生
舒并生,思兼
舒度,越几
舒庭謨,宗弼
舒廷英,菊坡
舒弘志,孺立,心矩
舒弘緒,崇孝,悅齋
舒弘緖,崇孝
舒彬,文質
舒忠,克誠
舒性,苕原,茗原
舒恭,自謙,說齋
舒恭受,谷虛,載餘
舒愷,子康,薰園
舒慶遠,伯元
舒慶雲,興虞
舒應龍,中陽,時見
舒懋官,江中耀,萸房,長德
舒懿匡伯,懿公
舒拉舒淩阿,舒凌阿
舒振,夢符
舒振甲,心劬
舒振遠,梅菴,金若
舒揚,德彰
舒撝,謙叔
舒敏,叔夜,時亭,石舫
舒敬,守中
舒文,彬甫,質夫
舒文昱,有常
舒文輝,充甫
舒斗祥,景祥,景韓
舒昌森,問梅,梅庵
舒明,本直
舒春,景熙
舒春芳,景仁
舒春陽,管生
舒晟,孔暘,孤陽
舒暢,石城
舒曰敬,元直,文侃先生,碣石
舒書,舒樹
舒朝冕,懋勉,靜峰
舒木魯富僧阿,舒穆祿富僧阿
舒本立,道生
舒杭,叔禮,汝濟,第辛四,辰孫
舒杲,彥升
舒林,叔喬,惟喬
舒柏,國用
舒桓,汝抑
舒棐,似輔
舒棫,師文
舒欽,廷正
舒正大,梅埜,直方
舒氏(諸仕俊妻),舒貞
舒汀,紹安,雲川
舒泰,德潤
舒津,通叟
舒浹,溶川
舒淑娟,佩芳
舒淑布,惠昭
舒清,明潔
舒清國,伯原
舒滸,平叟,平甫
舒澄之,少度
舒煥,堯文
舒燾,伯魯
舒玠,桓玉
舒球,東美
舒琥,良玉
舒琪,元英
舒琬,傳正
舒琮,伯禮
舒瑞圖,東璧
舒瑞龍,肇平
舒璘,元賓,元質,廣平,文靖,舒麟
舒璧,藍田
舒益,裕父
舒瞳,仲曦,仲羲,舒曈
舒瞻,雲亭
舒知雄,崇玄大師
舒程,本固
舒穆噜恆齡,友蘭,壯節,恆齡,錫九
舒穆嚕伊爾德,伊勒德,舒穆祿伊爾德,襄敏
舒穆嚕富呢雅杭阿,富呢雅剛阿,富尼雅杭阿,富尼雅綱阿
舒穆嚕富善,恭懿,福善,舒穆祿富善
舒穆嚕巴琿岱,恪恭,舒穆祿巴渾岱
舒穆嚕愛星阿,敬康,舒穆祿愛星阿,艾星阿
舒穆嚕揚古利,武誠,舒穆祿揚古利,舒穆祿楊古利
舒穆嚕額勒登額,額爾登額
舒穆祿佛倫,夢痕齋,敦夫
舒穆祿冷格里,楞額禮,武襄
舒穆祿徐元夢,善長,文定,蝶園,蝶園先生
舒穆祿海成,舒木魯海成
舒穆祿穆成格,穆成額
舒穆祿納穆泰,那木泰
舒穆祿舒木魯豐安,舒木魯豐安
舒穆祿舒楞額,舒楞格
舒穆祿舒泰,書泰
舒穆祿譚泰,譚太
舒穆祿阿林保,敬敏,適園,雨窗
舒穆魯毓祿,曉山
舒穆魯永陞阿,舒木魯永陞阿
舒穆魯海淩阿,勇壯
舒穆魯舒保,貞恪,輔廷
舒穆魯舒常,恪僖
舒穆魯舒濂,舒漣,舒連
舒穆魯舒赫德,伯容,伯雄,文襄,明亭,舒穆祿舒赫德
舒穆魯連成,緖齋
舒穆魯音登額,剛節
舒紹基,摯甫,養初
舒綱,大中
舒纓,振伯
舒興阿,雲溪
舒舒覺羅春齡,崇齡
舒舒覺羅百春,舒舒覺羅伯順,舒舒覺羅百椿
舒芝生,瑤草
舒芬,國裳,忠孝狀元,文節,梓溪,梓溪先生,粹溪先生
舒芳芷,芷仙
舒莊,子臨
舒藻,香沅,香谷
舒衍,仲昌,江東四先生
舒表,民望
舒襟,亦山,君實
舒謙福,蕙渠,適我
舒謨,愷政
舒載道,以文
舒逢吉,康伯
舒道弘,梅峯,梅峰
舒道紀,華陰子
舒遜,可菴,士謙
舒遠,仲修,北莊
舒遷,于喬
舒邦佐,平叔,輔國,雙峰先生
舒邦儒,真卿
舒采願,保齋,守中
舒鉼,和中
舒銳,子春
舒鎭,廷節
舒閱,能先,龍先
舒雄,子正
舒雅,子正
舒頔,貞素,道原
舒顗,敬常
舒顯胤,孟錫,鶴臞
舒鰲,四十九,子化
舒鴻儒,伯董
舒鵬,翼清
舒鵬翼,于南
舒默,貞亭
舒黻,德濟,德觀
舒黼,德明
良卿,賚亭
良弼,傅良弼
良貴,子修
色克圖師曾,季瞻
色克通額,色克通阿
色冷,色楞
色卜興額,色卜星額,色普興額
色普詩新,武愍
色楞閣,允恭
色楞額,振齋
色黑,塞赫,色赫
艾儒略,思及
艾元徵,允滄,長人
艾元老,長卿
艾勺,艾慶增
艾南英,千子,天慵子,章羅陳艾,豫章四子
艾厥修,來齋
艾去病,安叟
艾可久,德徵
艾可叔,無可,臞山
艾可翁,元憲,蕙山
艾城境,維卿,維齋,進舉
艾塾,仲修
艾士俊,人秀
艾宗驥,景皋
艾容,子魏
艾實,用濟
艾希淳,治伯
艾庭暉,幼淸
艾庭梧,伯蒼
艾廷棟,少堂
艾廷選,仲遴,潤皋
艾彭,伯崇
艾思明,君哲
艾性夫,天謂,弧山
艾恩蔭,厚齋
艾承恩,勉齋
艾敬,曰粛
艾斐,季成
艾旭,惟寅
艾易,仲和
艾暢,玉臺,至堂
艾杞,子徵
艾椿年,喬葊
艾樸,子文
艾毓初,孩如,忠節
艾汋,慶增,艾慶增
艾法善,元卿,吉人
艾洪,德裕
艾淑,景孟,竹坡
艾淳,厚菴
艾濂,玉溪
艾濟美,益庵
艾璞,德潤,東湖
艾祥,景福
艾福,天錫
艾秀,信從,鄭秀
艾穆,和父,熙亭,純卿
艾維新,希周,時宇
艾而康,太冲
艾謙,澹軒,澹軒先生,益之
艾雲中,翼口
艾鰲,子元
艾鳳岐,階亭,階廷
芧豫,少山
芮善,性存
芮宜言,嘉言
芮嶼,瀛客
芮復傳,宗一,衣亭
芮承錫,周卿
芮永恭,藥儂
芮永肩,後庚,鐵巖
芮煇,國瑞,有功,第八十,芮暉,驚郎
芮燁,仲蒙,勝郎,國器,第六十,耆老
芮畿,惟瞻,維瞻
芮稷,惟馨,維馨
芮繼宗,紹伯,繩齋
芮翀,子翔
芮釗,宗遠
芮長恤,嚴尹,蒿子
芮麟,志文
花上林,蔭圃
花傑,寶硯齋,建標,曉亭,蒨士
花夢月,紅兒
花天銘,萼樓
花奪元,兌山
花妥,友鶯
花尚,彭若
花彪,虎卿
花映台,壽珊,憲珊
花沙納,松岑
花詠春,伯雅,思白,魚南
花雲,從龍,忠毅,東丘郡侯,花安遠
苏轼,苏东坡,苏子瞻,子瞻,东坡居士,和仲,铁冠道人
苑䛆,苑四
苑囿,公甫
苑天位,公輔
苑時可,子正
苑時葵,向卿
苑棻池,小洲,香浦
苑策,子昂
苑馝桂,燕山,雲巒
苗和,致中
苗均,平山
苗夔,仙簏,先簏,先路,先麓,苗學植
苗好謙,誠肅
苗弘本,天錫
苗從舜,懷德
苗授,受之,授之,莊敏
苗敏學,以勤
苗明,暉粲
苗時中,子居
苗晉卿,元輔,懿獻,文貞
苗景符,禎運
苗朝陽,愼齋,應時,遇之
苗氏(趙禎妃),昭節
苗浡然,秀卿
苗渭陽,渭陽
苗漪,雨亭
苗澄,大生
苗灝,勢遠
苗煥,爾章
苗穎章,實之,小田,藝蕓
苗素,又損,繪臣
苗紳,紀之
苗縝,中密
苗肇岱,逸懷
苗胙土,叔康,晉侯
苗芳,馨遠
苗蕃,師陳
苗衷,公彜,文康
苗裕,君綽
苗貢珍,榮甫
苗輪實,苗耣實
苗進忠,葵吾,藎臣
苗重芳,苗仲方
苗鼎,革故
苗龍池,雲莊
苟士忠,信之
苟宗道,正甫
苟延庚,季壽
苟春培,東生,牧村
苟與齡,壽隆
苟華南,敬華南,蓮峰
苟頴,希顏
苫思丁,明遠
英俊,仲傑,贊廷
英勛,凱之,建庵
英和,樹琴,煦齋
英啟,子佑,續村
英安,仁山,椒甫
英廉,夢堂,文肅,福餘,竹井老人,計六,馮氏
英憲,蘭谷
英淳,琴南,英寶
英滙,仰峰,達夫
英煦,和卿,曙樓
英瑞,彥甫
英祥,豪卿
英綬,若卿
英華,安蹇齋主,斂之
苻丕,永叔
苻佾,子列
苻健,建業,明皇,高祖
苻堅,世祖,永固
苻子珪,符子珪
苻守規,漢公
苻洪,惠武帝
苻璘,元亮
苻生,厲王,長生
苻登,文高,高帝
苻肅,孝威
苻載,厚之,盧山山人,符載
茂彪,宗彝
范D,范氏子
范一漢,明善
范三綱,敍五,敘五,荊坡
范世京,延祖
范世亮,寅祖
范世勛,西屏
范世德,彥武
范世東,伏崖,文忠,汝明
范世美,敬之
范世芸,陽華
范世錦,英莊,雲莊
范中信,成齋,誠齋
范中平,彥和
范中立,巨山
范中耀,光庭
范中行,復詹,權甫,荷溪
范乃蕃,震生
范之柔,叔剛,淸憲
范之箴,從敬
范亦顏,聖鄰
范亭曲,悅古
范亶,栗園
范仕佶,子正
范仕義,廉泉,質為
范以作,爾新
范以淑,汝聞,自魯
范以煦,詠春
范仲凱,范仲愷
范仲寬,子容
范仲彪,炳文
范仲微,希元,滿孫,澎孫,第十三
范仲武,仲烈,季克
范仲淹,范文正,希文,文正公,文正,朱說,龍圖老子
范仲溫,伯玉
范仲穀,范仲轂
范仲芑,西叔
范仲藝,東叔
范仲趙,斐軒
范仲較,世卿,仲賢,第六,阿強
范仲黼,二江先生,文叔,月舟先生
范伋,小泉,汝希
范伯棠,受齋
范伸,邦直
范來宗,翰尊
范來賢,昌國
范信,進達
范倩仙,貞女
范偃,公武
范傳正,范十五,西老
范儀,成父
范儁,國士,西江三鳳
范允臨,長倩
范允金芮,用賓
范元亨,問園主人,直侯
范元作,信仲
范元功,信仲,元功,范圭
范元善,超羣,超群
范元裕,益之
范元鎮,元亨
范充濁,淸夫
范兆祥,廷和
范兆芝,香谷
范先謨,子嘉,花庚
范光啟,孤鴻,鴻仙
范光宗,談一
范光文,潞公
范光普,船三
范光陽,國雯
范光鼎,鼎齋
范克仁,欽顏
范克信,允誠
范克承,繼庭,翼亭
范公亮,寅仲
范公懋,從政
范其鑄,東岩
范冕,丹林,少城,為棱
范凌?,膏庵,雨村
范勰,匡谷,莞公
范匯,朝宗
范卜年,岵瞻,期昌
范印心,正其
范可奇,士頴
范吉,以貞
范同,擇善
范呈祥,獻芝
范周,無外
范咸,九池,浣浦,玉堂,碧山樓,貞吉
范啟,彌發,求邇,風月處士
范啟之,啟之
范啟璋,獻之,蠡園主人
范國寶,谷保
范國棟,少泉
范國森,志三
范國祿,十山,汝受
范圓曦,玄通子
范坦,伯履
范培因,芝軒,芸軒
范基,君本
范堂,芥舟
范塤,和仲
范士楫,箕生
范士熊,悅山,桓一
范士瑾,聞西
范士衡,平甫,正平
范壺貞,淑英,蓉裳
范多仁,葆元
范大儒,子師
范大澈,子宣,子靜,訥菴
范大用,正邦
范大錄,中孚
范天助,舜臣
范奇蕙,四墩,四教
范奎,景星
范如圭,伯逵,伯達
范如山,南伯
范姒然,叔軒
范姝,洛仙
范子儀,中存
范子堅,石莊
范子奇,中濟
范子該,少約
范子長,少才,雙流
范子順,譓卿
范孟容,寬夫
范宀+禹,正詞
范守己,介儒
范安仁,癩子
范宏志,夢雪,景沂,竹逸
范宗,宗器
范宗吳,希淹
范宗尹,忠肅,覺民
范宗瑩,琇章,瓊樓
范宜,范宜揖
范宜中,宜忠
范宜恆,宜恆
范宜損,范宜揖
范宜賓,半池,寅旭,范宏賓,范弘賓,鑑齋
范家相,左南,蘅洲
范寅,仰川,扁舟子
范寅官,淸臣
范寅賓,元觀
范寥,信中
范寬,中正,中立,仲立,范中正
范寶昌,錫五
范封,小垞,雙楣
范居中,冰壺,子正
范履冰,北門學士
范岷彚,念湖
范崇式,尊卿,振初,退庵
范崇禮,承休
范崇簡,元初,懶牛,浮休居士
范崙,子大
范崧,范松
范嵩,衢村,邦秀
范希中,小雨
范希曾,穉露,耒研
范希正,以貞,恕齋
范希淳,新溪,范熙博
范希淹,六十,景賢
范師孔,學可,學大
范師道,范思道,貫之
范常,子權,山人隱者,瑯琊山人
范廣衡,丙文,笠全,麓漁
范廷傑,侈卿,俊卿
范廷元,遴三
范廷懋,鷗丁,鷗汀
范廷楷,端植
范廷珍,惟中
范廷華,程綠
范廷諤,訥齋,質夫
范廷謀,周路,省庵,省菴
范廷銓,衡伯
范廷魁,介五
范廷鳳,抑庵
范建中,恪慎
范弈,少迴
范引年,兆期
范弘,蓬萊吉士
范從文,復之
范復粹,淸六,玉坡
范德,恕成
范德元,培增
范德嫁,婉珍
范德權,南仲,叔相,謹輿
范德鎔,子燕,子蔭
范心,冷芳
范必英,伏庵,秀實,秋濤
范志熙,子穆,月槎
范忠,則忠
范念德,伯崇
范思敬,棲谷子
范思本,春堂
范思皇,斗齋
范恪,忠果雄勇,范全,許國
范惇,和之
范惟一,中方,于中,洛川
范惟丕,于公
范惟恭,思安
范愛,洱皐,體仁
范愛眾,同人
范愷,士元
范慶,元會
范憲武,述清
范應期,伯楨,伯禎,屏麓
范應發,純甫
范應賓,光父,嵩臺
范應鈴,旂叟,旗叟,淸敏,西堂,西堂先生
范懋,少和
范懋德,東園
范懋柱,漢衡
范成,性存
范成大,文穆,石湖居士,至能,致能
范成象,澹齋,至先,致先
范承俊,友泉,蘇山
范承典,小雲,經甫
范承勛,眉公,蘇公
范承勳,世美堂,九松,眉山,蘇公,銘公
范承斌,允公
范承烈,彥公
范承謨,吾廬,忠貞,畫壁,蒙谷,螺山,覲公,觀公
范摹,行式
范攄,五雲溪人,雲溪子
范敬先,思祖
范文,德彰
范文壽,元龜
范文安,敬亭
范文富,潤甫
范文忠,煥章
范文程,寬斗,巴克什,憲斗,文肅,煇嶽,耀嶽,輝岳,輝嶽
范文聯,捷芳
范文英,彥材
范斗南,一卿
范新,雲望
范方,令則,葆樸子
范旻,貴參
范昌期,五際
范春林,東叔
范時中,卯孫,時舉,當可,第十五
范時崇,自牧,蒼嚴,蒼岩,蒼崖
范時捷,子上,敬存
范時秀,實甫
范時綬,紱齋,緩齋
范晉,誠之
范晞文,景文,藥莊
范景文,煥卿
范景淹,文叔,祥徵
范景琦,基山
范景頤,漱芳,迦陵
范智通,惟久,空室道人
范暹,啟東,葦齋,葦齋先生,起東
范曄,蔚宗
范曰俊,友千
范曾輝,充光,實齋
范朗,蔡朗
范朝宗,伯海
范本,孝先
范本禮,荔泉
范李,喬四
范東叟,仁叟
范杲,師回
范柔中,元翼
范栩,友莊
范栻,樸亭
范桂鄂,棣臣,華樓
范梁,昴生,楣孫
范梅,元春
范梈,亨父,德機,文白先生
范棟,孝隆
范棫士,思皇,祖年,芃原,芃野
范椿,危椿
范楷,子式
范榘坊,敬甫,方湖,本六
范榮道,范性道
范標,霞卿
范模,叔範
范機,拙逸,純之
范檟,二十五,子美,養吾
范欽,仲寅
范正國,子義
范正夫,子立
范正平,子夷
范正思,子思,子默
范正民,子政,子正,正民
范正脈,介子,龍圖
范正辭,直道
范殊,嘉龍
范毓䭲,培蘭
范毓璜,嘯浠,薖叟
范氏(黃春亭妻),湘靈
范永年,仁元,延齡
范永潤,吳雨,悟翁,洗竹
范永祺,莪亭,鳳頡
范永鑾,汝和
范汪,元平
范沖,元長
范泓,本涵
范泗,霞汀
范泰,仲和
范泰亨,右民,雲吉
范泰衡,宗山
范洵,茂仁
范浚,茂明,處道,香溪,香溪先生
范浩,茂直
范液,范夜
范淑,性宜,菊農
范淑泰,通也
范淑英,隱仙
范淑鍾,秀林
范淞燾,啟邠
范淮,禹平
范淵,靜之
范淶,原易,希暘
范渶,聖水
范源,仲淵
范源濂,靜生
范準,平仲
范溫,元實
范溶,茂寬
范滿珠,劬淑
范漣,佩湘,佩香,淸宜
范漴,隱翁
范漼,叔源
范潤,時澤
范澄,世淸
范濂,叔子
范濟美,濟美
范濬,舜文
范瀾,觀水
范炎,閒靜,黃中
范為金,蘭宮,衣垞
范煥,孟學
范照黎,井亭
范燈,范憕
范燧,以木
范玉,素君
范玉琨,吾山
范玉琳,渭齋
范玉衡,星溪,星虞
范玶,十一,文潤
范珤,惟善
范珪,守慶,范守慶
范理,士倫,省菴,道濟
范琛,廷獻,東山
范琦,子善
范琪,希世
范琮,禎彥
范琯,次房
范瑛,俊彥,直軒
范瑟,孔和,栢峯
范瑨,朝珍
范璋,邦獻
范璘,敬溫
范璣,舜華
范璨,九老第,松岩,松巖,松巖居士,樂志堂,約軒,范燦,電文,電聞
范瓘,廷潤,栗齋
范當世,伯人,伯子,古瀛狂客,無錯,肯堂,范今,范鑄,銅士
范疇,復初
范登,邦德
范百之,范百祖
范百嘉,子豐
范百揆,子中
范百歲,子老
范百祿,子功,文簡
范瞻雲,騰路
范祖幹,景先,柏軒,純孝先生
范祖禹,夢得,正獻,淳夫,純父,純甫
范祖筠,節父
范祝崧,雲鄂
范祥,晉公
范祺,應禎
范禕,文美,皕海
范禮,宗嗣
范禹偁,張諤
范立,中立,叔中,玉崖
范章史,淑雲
范端,思道
范端杲,元章,楊溪
范端臣,元卿,蒙齋先生
范筌,勿庵先生,叔魯
范筠,安禮
范純,樸齋,誠夫
范純仁,堯夫,忠宣
范純祐,天成,范純佑
范純禮,夷叟,彝叟,恭獻
范純粹,德儒,德孺
范純誠,子明
范素英,棲霞
范紫瓊,麗雲
范紳,縉卿
范絪,太和
范維粹,元白
范繼安,子靜
范繼文,玉渠,笙嘉
范纘,武功,笏溪
范罕,彥殊
范翩,留雲
范聰,達善
范育,巽之
范能,仲能
范致君,范致沖
范致大,德原
范致明,晦叔
范致虛,謙叔
范良,眉生
范良遂,之傅,墨莊居士,次卿,范之傅
范芳,元長,道原
范芸茂,補袞
范英,文華
范荃,德一,石湖
范莊,子嚴
范菌,荑香
范菼,惇哉
范蓀,季才,華陽
范薇,浣仙
范藻,德明
范處義,子由,由中,逸齋
范衷,士恆,士恒
范袓禹,唐鑑公,夢得,淳甫
范袓筠,節父
范褒,彥褒
范觀善,思賢,東皋隱者
范諷,補之
范謙,含虛,文恪,汝益
范謨,朝憲
范貞,必庵
范貞儀,一栢,芳筠
范貴良,儼孫,嚴孫,巖孫,歲孫
范貺,宜文
范貽孫,餘慶
范賡治,息淵,文虎
范質,文質
范贊時,唐公
范起莘,希尹,梅谿
范超,同叔
范路,遵甫
范軾,眉生
范輅,三峯,以載,十一,質菴,逮咎子
范輦雲,楞阿,雲泉
范迪簡,道卿
范迪襄,稷山
范述之,泉麓
范運鵬,搏九
范達禮,范達理
范遠,寶之
范遵道,聖涂
范遷,子盧
范邃,密居
范邦乾,佐廷,蔗亭
范邦周,袞美
范邦彥,子美
范邦綏,小酉,履之
范鄗鼎,彪西
范酉新,孟申,青山
范醇,希孟
范醇敬,子厚
范重明,思禮
范金鏞,漚道人,藕舫
范鈞,孟和
范銍,性之
范錦,蘭坡
范錫恭,伯允,敬亭
范鍇,白舫,聲山,苕溪漁隱
范鍈,彥俊
范鍔,范諤
范鍾,仲和,文肅
范鎔,景成
范鎧,秋門,酉君
范鎬鼎,婁山,婁山先生,彪西,漢銘,范鄗鼎
范鎮,忠文,景仁
范鏊,公度,叔度,攝生
范鏓,平甫,范鍯
范鏜,宏甫
范鏞,恭惠,鳴遠
范鐘,仲林
范鑣,和卿
范長發,廷舒
范開椿,碧嶺,肯青
范阿九,阿九
范陳禮,素丞,素函
范階,景志,范楷
范雍,伯純,忠獻
范雩,伯達
范雲,然道人,雙玉
范震,雷卿
范霖,時雨
范霽,夢得
范韓,魏公
范顏,仲用
范駒,昂千,藿田
范驤,文白,默庵
范鮑,北溟
范鯤,北溟
范鳳翼,異羽
范鳳諧,雍亭
范鳴珂,子瑊,紫函
范鳴璚,范嗚穌
范鳴謙,貞夫
范鳴龢,鶴生
范鴻謨,小初,次典
范鵬,冬齋,冲一
范鵬一,冬齋,冲一
范鶴年,琴山,研雲,青子
范龍,雲生
范龍光,允紳,天逸,雲僧
范龍孫,仲山,磵谷居士
茅一桂,句容
茅仁孺,景淵
茅俊,心友,灼亭
茅元儀,半石址山公,壽堂,夢閣主人,戍樓,暇老齋,曼山館,東海書生,東海波臣,止生,江村,石民,福堂,肆言戍老,表夏堂,西峰,該博堂,逸史
茅元輅,三峰,翊衡
茅元銘,栗園,畊亭,耕亭,賡庭,賡廷
茅光著,日升
茅勝遠,會友,鵉友
茅國縉,二岑,薦卿
茅坤,順甫,鹿門
茅培,厚之
茅大芳,毛大方
茅宗愈,唐佐
茅宗明,季德
茅宰,治卿
茅寵,赤川漁夫
茅崇本,仲立
茅崧林,壽泉
茅嵩壽,峻甫
茅廷鑑,阮村
茅彙征,邦佑
茅應奎,五湖漁叟,渠眉,鷗汀
茅應麟,石來
茅成,東海郡公,武烈
茅拱,國老
茅昌林,壽泉
茅星來,豈宿,鈍叟
茅晟熙,叔青
茅景容,次偉,涵溪,漢畸
茅本蘭,芷芳
茅桂芬,蕊仙
茅毅,子剛
茅湘,淸叔
茅潤之,松坪
茅澤民,臞叟
茅玉瑗,小素
茅瓚,見滄,邦獻
茅甫生,周翰
茅篪,鏡湖
茅紉蘭,秋佩
茅維,孝若,孝茗,少子
茅義,仲彝
茅翁積,穉延
茅蘭枝,素亭,華亭
茅觀,存慧
茅誧,大方,大芳,希董,忠愍,毛大方,茅大方
茅謙,子貞,肺山
茅豫,紹山
茅連茹,無厓,蘇厓,蘇犀
茅遇春,近亭,逸亭,逸春
茅鋐,大用
茅鍾盈,配京
茅鎜,新之,海門
茅鼐,九仍
茆欽,宗堯
茆璡,意山
茆薦馨,楚畹
茹佑,餘慶
茹大綸,燕山
茹太素,茹大素
茹宗舜,子孝
茹寶書,宣釗,榘亭
茹恩彬,文子,樸君
茹敦和,三樵,和茶煙閣,李敦和,竹香齋,遜來,頤志齋
茹棻,古香,禾犀葵,稚葵,穉葵
茹濤,春江
茹珍,君輔
茹瑺,忠城伯
茹綸常,容齋,文靜,簇蠶山樵
茹荃,寶山
茹鑾,世和
茹驤,伯俊,慶孫,第五十三,阿曾
茹骧,伯俊
茹鳴盛,揚芳
茹鳴金,聲父
荀子,荀况,荀卿,孙卿
荀鳳,文瑞
荃兆春,梅巖
荆伯珍,君玉
荆陽采,晴墅
荊元實,麗涵
荊光裕,孝啟
荊其惇,敕五
荊如棠,五峰,蔭南
荊孝錫,幾山
荊宇寧,一齋,仲愷,鹿山
荊州俊,章甫,籲吾,貞襄
荊州土,至元
荊從皐,澤卿
荊思溫,潤卿
荊性成,存甫
荊應春,子元
荊揚,東原
荊文炤,叔韜
荊時薦,伯鶚,延卿
荊月,娟娟
荊柯,劍盟
荊汝翼,廷偉,桐軒,澹齋
荊浩,洪谷子,浩然
荊王采,筠渠
荊玩恆,文紀,端敏,蔗齋
荊芸,世馥,心田
荊茂,庭春
荊道乾,健中,南溪,南谿
莊?,誠之
莊一俊,君棐
莊一夔,在田
莊一虯,赤飛
莊世驥,協鈞,季良
莊九畹,蘭齋
莊予楨,幹林
莊亨陽,元仲,復齋
莊令翼,圖雲,莊漢
莊令輿,蓀服
莊仲方,興寄,興記,芝阶
莊俞,我一,百俞
莊信,信甫
莊允治,蓉田
莊元辰,起貞,頑庵
莊元龍,伯深
莊兆麒,企仁,春庭
莊光,德燦
莊克家,思齊
莊公岳,希仲
莊其坤,淸吟女史,蘊貞
莊冏生,澹庵,玉驄
莊勇成,勉余,復齋
莊南傑,英才
莊受祺,惠生,楓南山館,維摩室,蕙生,衛生
莊名弼,彥公,抑庵
莊善孫,伯揚,性初
莊嘉,子敬
莊噶奇特恩澤,噶奇特恩澤,壯敏,守來山房,雨三,雨山
莊國禎,君祉,陽山
莊圭復,容齋,生道
莊均一,惠林,惠沐
莊培因,仲淳,本淳
莊士元,君聘
莊士彥,子彥,梅生,眉生
莊士敏,仲求,海春,玉餘
莊壬,子中
莊壬春,子仁
莊夏,子禮,藻齋
莊夢齡,與九
莊大中,述之
莊大升,曉堂
莊天合,德全,沖虛
莊天錦,子純,雲湘
莊如珠,凝暉
莊子固,憲伯
莊存與,味經齋,方耕,芳耕,養恬,養括
莊孟芳,子華,彥實,第孟十,維新
莊學和,介南,芝園
莊宇逵,印山,達甫
莊安常,子尚
莊宥,世寬
莊寶澍,仲芳,甘來
莊寶煊,仔珊
莊履朋,中益
莊履豐,中熙
莊嵋生,懶庵
莊師洛,蓴川
莊師熊,梅莊,次公
莊常春,熙臺
莊年,榕亭
莊庚如,新樵,星橋
莊康,祝熙,靜岑
莊廷偉,軼群
莊廷臣,寧宇,龍祥
莊廷鑨,子襄
莊彌邵,德脩
莊彥,傾生,碩生,頒生,領生
莊得,得一
莊復且,澤珊
莊復旦,植三,槐軒,澤珊
莊德芬,端人
莊徽,僖簡,君猷
莊心庠,養之
莊必强,弱翁
莊必彊,弱翁
莊志謙,兼六,牧亭
莊思寬,君栗
莊恆,五侯,聲鶴
莊恭,儀甫
莊惟春,元卿
莊應會,春侯,素鶴
莊應熙,二鶴,仲侯
莊應禎,希周
莊承篯,少彭,羹堂
莊承籛,小彭,羹堂
莊拔萃,亦岸,蓼亭
莊振,修勝,龍見
莊搢,厚存,書採
莊攽,雲浦
莊敏,廷功
莊敦厚,愚谷,書誠
莊敬,省齋
莊文昭,子麟
莊文烈,莊之列,莊之烈
莊文鸞,鳴和
莊方,邦直
莊昇,景暘
莊昶,天峯亭,天風亭,孔暘,孔暢,孔陽,定山,定山先生,定山居士,文節,木齋,活水,溪雲,臥林居士,雙泉閣
莊時泰,榆軒
莊景仲,崧甫,求我山人
莊暎,學晦,謙訥
莊曾儀,傳永,心崖
莊有信,來菴
莊有可,大久,岱久,岱之,岱玖,慕良,莊獻可
莊有恭,容可,滋圃,滋甫
莊有筠,慎庵,斐公
莊有臨,際盛
莊朝生,玉笥
莊朝賓,于觀
莊杜芬,寓庸,香圃
莊松年,伯堅
莊松承,巢雲,與常
莊枟,晚菘,書雲,研溪
莊柱,南村,書石
莊棫,中白,希祖
莊楚,尚賢
莊楷,書田,蓼原
莊歆,爽秋,肇升
莊歙,尚源
莊毓鋐,俊甫,偉堂
莊沅,畹雲
莊泰清,惺哉
莊淑蘭,伯芬
莊清度,省堂,繫安
莊湘澤,素筠
莊澈,瑩中
莊炘,似撰,景炎,虛庵
莊熊之,謚菴
莊熊芝,仲雅,謐庵
莊燾,莊濤
莊琛,堯甫,讓亭
莊琠,惇之
莊瑤,琪園
莊瑾,公瑾,釆芝
莊璧,月波
莊用賓,君采
莊盤珠,蓮佩
莊祁,京少,坪竹
莊祖,允寬,毅齋,莊獻
莊祖基,守齋,蘭味軒主
莊祖誥,汝欽,烈愍
莊祥,古泉,瑞卿
莊秉中,啟曾,虛堅
莊篆,丹仲
莊紉蘭,艾亭
莊素馨,少青,莊素磐
莊絳,丹吉
莊經畬,井五,研農
莊綬甲,卿珊,拾遺補藝齋
莊綸儀,紉秋,經郛
莊綸渭,對樵,葦塘
莊綸灑,對樵
莊綽,季裕
莊緗衡,耕石,芷坪
莊縉度,景裴,眉叔
莊繩祖,蜚英
莊翊昆,心衢,新渠
莊肅,恭叔,蓼塘
莊肇奎,星堂,胥園
莊與偕,肇龍
莊英,志彥
莊菜,蒹泉
莊蒙,子正
莊蒞民,善甫
莊蕡蓀,宜三,莊賁孫
莊蘊寬,南雲,思緘,抱閎
莊行成,德全
莊觀,居正
莊詵男,厚安,子振
莊賡熙,心吉
莊賡良,心安,栩園老人,醒庵,醒菴
莊起元,中孺,鶴坡
莊述祖,珍宧,珍藝先生,珍藝宦,葆琛
莊逄慶,小珊
莊通敏,際盛
莊逵吉,伯鴻,恂齋
莊選辰,半舫,皋直
莊采,素施,雲封
莊釣,敦城
莊鈞,振和,斅坡,讓亭
莊鉞,金墀
莊銓,硯香,陛颺
莊銘,石壽,石書
莊鋋,孔暘,定山
莊錫級,晉階,雨村
莊鍾濟,永碩,秉文
莊鑑,克明
莊關和,懷山,有鈞,酉君
莊陔蘭,心如,春亭
莊際昌,夢岳,景說,羮若
莊雋甲,經饒
莊驀孫,宜三
莊驥,莊騏
莊鵬舉,圖南
莊麟,文昭
莊鼇獻,任公
莊鼎彝,一㙺山樵,苕甫,調敷
莊鼎臣,申甫,蓀甫,覺生
莊鼎鉉,耳金
莊齊英,小魯
莘道然,會齋
莘開,季張,芹圃
莫之林,仁山
莫之栻,止齋
莫之永,予錫
莫之瀾,春江
莫仕高,琴樓
莫以增,愚山,與卿
莫伯虛,致道,致遠
莫伯鎔,器之
莫似之,子欽
莫倉棨,戟門
莫儔,壽朋
莫儼皋,公謨
莫允宣,是卿
莫元忠,子直
莫兆熊,公復,放梅
莫冲,子中,徳兒,文郎,第十三
莫勒哲勒墨爾哲哷墨爾哲呼托隆武,墨爾哲呼托隆武,墨爾哲哷托隆武
莫勒哲哷滿洲莫勒哲哷克興額,克陞額,滿洲莫勒哲哷克興額
莫勒賡額,愚溪,颺廷
莫及,子晉
莫友芝,侶亭,子偲,影山草堂,目目叟,眲叟,莫五郎,郘亭,郘庭
莫叔光,仲謙,文淸
莫叔明,公遠,寒泉子,延年,更生
莫可及,君愚
莫君陳,和中
莫哲,公明
莫啟新,水樵
莫夢蓮,仙李
莫大勛,聖猷,魯岩
莫大勳,魯巖
莫天如,霞峯
莫天祐,均作
莫天賦,子翼
莫奏,公職
莫如善,子明
莫如士,子元
莫如忠,中江,子良
莫如爵,子脩
莫如英,蔭之
莫子文,武仲
莫子春,春卿
莫子材,元吉,吉孫,材卿
莫子純,粹中
莫孜,勉中
莫安近,穀可,豰可
莫宣卿,仲節,孝肅公
莫容端,敬肅
莫將,少虛
莫峻,堅卿,孟高,望嵩
莫崙,兩山,子山
莫庭芝,芷升
莫庭芬,國華
莫廷芬,國華
莫彥逵,叔達
莫得哩果權,鎮邦
莫息,善誠
莫惟賢,孟徽,月珠
莫愚,子朴
莫懋,文懋,望樓
莫抃,慶叔,知足居士
莫抑,允升
莫揚,子充
莫旭,旦明
莫昇,啓明
莫昇瀛,仙洲
莫昌,隆遠
莫春齡,綬臣
莫是龍,廷韓,後明,秋水,雲卿
莫晉,來雨軒,寶齋,求雨軒,裴舟,錫三
莫普濟,聖階,躋堂
莫棠,楚孫,楚生
莫樂洪,莫洛洪
莫樹棠,蔭臣
莫毓敏,星山
莫毓梅,早山
莫毓楀,樸齋,漢齋
莫永貞,伯衡
莫汝明,莫如明
莫汲,佑兒,多男,子及,子汲,月河,第九
莫沖,子中
莫洪,巨川
莫滶,南陽
莫漳,子章
莫潘,樂濱
莫潛,孔昭
莫澤,兌夫,潤卿
莫濛,子蒙
莫濟,子齊
莫濤,水樵
莫灝,景淵
莫炳垣,椿亭,藜乙
莫焜,敘五,豫堂
莫熾,以南,岳城
莫燮乾,巽權,禺航
莫爾丹特爾慶額,特爾卿額,特爾淸額
莫爾丹色爾滾,勇壯,壯勇,色爾袞,達呼爾底音色爾滾
莫琮,叔方
莫瑀,天目山人,貴叔
莫生芝,子厚
莫異蘭,馨山
莫盛唐,堯臣,峩臣,蕘臣
莫睿,思卿
莫瞻菉,以莊,研雨山房,紫藤軒,菊人,青友,韻亭
莫瞻雲,亦亭
莫砥,彥平
莫碕,韞之
莫磐,公輔
莫磻,彥輔
莫礪,公權
莫祥芝,善徵,拙髯
莫禎,益和
莫秉清,紫仙,葭士
莫立之,斯立
莫簡,居敬
莫義,承符
莫自逸,勵堂
莫與儔,傑夫,壽民,猶人,貞定先生,超士
莫與先,兟子,大岸
莫與齊,道望
莫若冲,子謙
莫若拙,子才
莫若晦,子明
莫若沖,子謙
莫英,蔭之
莫蒙,養正
莫蒼棨,戟門,昭信
莫表深,智行
莫諲,如敬
莫謙,益之
莫謩,乳泉,次典
莫起炎,月鼎,洞乙,莫洞乙
莫鉉,仲圭
莫鑣,北野
莫長青,松亭
莫雲卿,廷韓,是龍
莫雲梯,月卿
莫震,霆威
莫驄,曰良
莽努特花連布,華連布
莽努特阿賴,庫魯克特爾漢,庫魯克達爾漢,武壯,襄武,達爾漢
菊林,秋藩
華㫤,双梧,文光,梅心
華世奎,璧臣
華世芳,若溪,若谿,蒦齋
華亦祥,纘長,鮑亦祥
華以勇,學健
華以煜,拙齋,杳岩
華仲亨,芝臺,起光
華仲平,世衡
華仲賢,廷佐
華俊聲,少蘭
華保鑒,召棠,守三,紹唐
華僐,冠如
華允誠,汝立,豫如,鳳超
華允誼,後庵,汝正,龍超
華光藻,蘭舟
華光鼐,伯銘,少梅
華典,慎五,竹巖
華凱,元凱
華叔陽,起龍
華啟直,禮成,豫庵
華善繼,孟達,濟川
華善述,仲達,玉川子
華嘉植,少平,松坪,逸喬
華國清,涵虛,鑒溪
華埜僊,子擧
華塾,允明,竹坡
華士方,泰岩,漁山
華士瞻,對民
華婉若,花卿
華孳亨,子宏,韋軒
華學泉,天沐,霞峰
華學涑,實甫,石斧
華學潛,天功
華學瀚,天奏
華學瀾,瑞安
華學燾,得中,次谷
華安愚,安愚,省齋
華宏施,子恕,碩庵
華宗康,三省,思淳
華宜,淑修
華察,子潛,鴻山
華封,尹東
華封輿,德之
華山,仁甫,靜菴
華岫雲,南田
華岳,子西,翠微
華嵒,德嵩,新羅山人,東園生,白沙道人,秋岳,華嵓
華嶸,味鮮,藕船
華巒,伯瞻
華希閎,文友,蕡囿
華希閔,劍光,芋園,豫原
華師召,公保,心谷
華幼武,彥淸,栖碧
華廉,仲淸,翠微子,雲井
華延年,慶長
華廷標,樹人,薌谷
華廷詔,與恩
華悰韡,公愷,貞固處士
華愛,仁卿,石窗
華慧空,貞素
華慶遠,子嘉
華慶雲,曉嵐
華懋欽,伯昭,德泉
華持,芍盂
華振,蕓谷
華敦復,陽初,雍明
華文彬,伯雅,秋蘋
華文桂,子同,季直
華文漪,菉園
華文炳,象五
華文熹,庠彥,東溟
華方,守方,時葺
華方苞,嗣甲,省存
華日新,修德,又齋
華旭,彥輝,樸素
華春奇,季新,完初,振凕
華時亨,仲通
華晉思,聲求,葵圃
華晉芳,孟塤,菡洲,藝泉
華晞顏,以愚,東湖
華曠度,子東,息齋
華桂,金粟
華桂樹,丹儀
華桓,松泉
華棣,紹棠
華榕端,蔭楠
華標,英甫
華歆,鍾葵
華永,世求,讓齋
華汝礪,崑源,用成
華沛恩,味蓴,琴樵
華泰,襄周
華洊吉,華洊古
華津,濟之,謇齋
華淑,斷園居士,聞修
華清,廉卿,濂卿
華渚,平莊,方來,方雷
華温琪,徳潤
華湘,源楚
華湛恩,孟超,紫屏
華滋,希尹,澤民
華炳微,星紫,福庵
華烈,東牕,武承
華烱,南湖,文熙
華焯,瀾石,瞻如
華焲,文高,東郊
華煇,再雲
華煜,恭和,稚樵
華煥文,堯章
華燦,謹齋
華燧,文輝,會通君,會通館
華爾,弗雷德里克‧湯森德‧華爾
華玄禔,本素,爾遐
華玉仙,芸卿
華玉淳,南林,師道
華玠,宜珍
華珏,汝和,誠齋
華珵,尚古生,汝德
華瑛,子英
華瑞潢,秋槎
華璉,商器
華璞,德珍
華瓏,守固,龍叔
華用楫,亦亭,赤亭
華申甫,元翰,華峙
華申錫,元吉
華登瀛,凌洲
華直溫,宣卿
華碩修,採石,萊若
華祖燿,厚堂,朗甫
華祝三,堯峰,瘦石,肇猷,鼎臣
華秉中,正夫
華秉彜,天性,負齋,長子
華立三,卓峰
華章志,遜來
華筌誠,庾樓
華紹濂,西京
華綱,怡雲,維寧
華翊亨,卓卿,贊之
華翥,伯翔
華翼綸,笛秋,贊卿
華聯輝,檉塢
華胥,叔用,羲逸
華舜欽,叔俞
華舫,方舟,沅亭
華芳蕙,小英
華蓮修,大蓮
華蘅芳,若汀
華蘭,省香
華衡芳,若汀,華蘅芳
華西植,晚香,煙麓,燕鹿
華謹,一桂,企容
華貞元,始得,訒庵
華述,仁山
華連布,花連布
華金,子宣,嵩峯
華金壽,祝萱,竹軒,銅士
華金婉,秀芬
華鈺,德夫
華錫琦,月梧,玉亭
華鎮,安仁,雲溪
華鑅,少筠,榮之
華鑰,德啟,水西
華長卿,劉庵,枚宗,梅莊
華雲,從龍,補菴
華雲龍,淮安侯
華韞珣,韻苕
華顯,用明
華高,則危,廣德侯,武壯,武莊
華鳳卜,翔仞
華鳳章,紀峰,詔銜
華黃,中湄,備大
華黼臣,仲庚,絅齋
華龍翔,丕光,西園
萇孕秀,青蘿
萬一之,不二
萬一貫,汝唯
萬世定,任齋
萬世延,叔永
萬世德,伯脩
萬人傑,望之
萬仁泰,國寧
萬介,廷老,第八六,驥哥
萬以敦,覺山
萬仲,彥和
萬伯,文爵
萬來復,仲循
萬俟卨,元中,元忠
萬儼,賓上
萬元亨,爾嘉,芳生
萬元傑,一蜚
萬元吉,吉人,墨山草堂,忠烈,忠節,慎餘,茄茶
萬光泰,北郭草堂,南村草堂,循初,晴初,柘坡,柘波居士,聞漁閣,遂初堂,青乳軒
萬光照,臨川
萬六吉,次謙
萬化,復吾
萬化成,秋田
萬友正,端友,虛舫
萬吉,克修,古齋,古齋先生
萬和寅,蓋卿,藎卿
萬和錫,德昭,聲甫
萬啟奎,文伯
萬啟巽,少荃,紫雲
萬啟心,毅然,葵田
萬啟琛,篪軒,防未然齋
萬啟畇,書原
萬啟釗,仲軒
萬啟鴻,雲巢,雲巣
萬善,一之
萬嗣達,禺存
萬嚞,愚公
萬嚴,萬頃
萬國景,叔民
萬國楨,伯文
萬國榮,東固,東園
萬國樞,環中
萬國欽,二愚,和甫
萬國相,客卿
萬國讓,克仁
萬培元,心農
萬培因,厚臣,蓮初
萬士亨,希菴,思通
萬士和,履庵,履菴,思節,文恭
萬士魁,梅臣
萬壽祖,念五
萬壽祺,二雨齋,介若,內景,內景堂,內景道人,南村,壽道人,年少,慧壽,明志道人,樊桐堂,沙門慧壽,素道人,若若,萬壽,萬道人,隰西草堂
萬夢丹,品菊,篆卿
萬如洛,匯庵,衡門
萬如石,盤國
萬姆光,希孟
萬娒光,萬晦光
萬孔亮,竹友
萬安,循吉,文康
萬宗乾,幼新,銅江歸釣客
萬宗大,伯宗
萬宗義,克芳
萬家奉,壽山
萬家奴,國卿
萬寀,一和
萬實,元茂
萬寧,萬甯
萬寶成,玉田,蘊初
萬尚烈,思文
萬山,壽夫
萬嵩,維嶽
萬巽,子悦
萬布科,桂階
萬希孟,醇甫
萬希槐,惜分陰齋,蔚亭
萬師詔,欽之
萬年,仁壽
萬年茂,南泉,少槐
萬年豐,子和
萬幾,汝思
萬庚,先之
萬庠,申之
萬廉,庭介,廷介
萬廷彩,呆齋
萬廷獻,仲箎
萬廷芮,荻香
萬廷莘,伊田,樂野
萬廷藩,介垣
萬廷蘭,梅皋,芝堂
萬廷言,以忠,思默,曰忠
萬廷謙,以牧
萬建崑,季瑜
萬建章,達甫
萬引年,考叔
萬弘璧,廷瑞
萬德,道仁
萬德昌,輔亭
萬忠,居敬
萬思誠,萬思成,葉思成
萬思謙,益父,益甫
萬恭,兩溪,肅卿,襄敏
萬愫,兆文
萬慶,子餘
萬應奎,斗華
萬應臯,鄭應臯
萬應隆,道吉
萬承勛,西郭,開遠
萬承宗,梓岩,梓崖,海麓,質庭
萬承紀,廉三,廉山
萬承蒼,孺廬,宇兆,宇光
萬承風,卜東,和圃,文恪,補田
萬振孫,性孺,麔卿
萬敏,欽夫
萬敬宗,節愍
萬文,世學
萬文卿,存良
萬文彩,國華
萬文洙,魯川
萬文英,仲實
萬文選,夾亭
萬斛,以虛
萬斛泉,劉玉,淸軒
萬斯備,允誠,公擇,又庵,斯傋,深省堂
萬斯同,季野,石園,石園先生,貞文,貞文先生
萬斯大,充宗,統宗,褐夫,褐夫先生,跛翁
萬斯年,澹庵,祖繩,繩祖
萬斯選,公擇,白雲先生,白雲莊
萬方春,碧山,藹如
萬方泰,梅莊,海壯,海莊,絢莊
萬方煜,序東
萬方貞,可泉,玉潭
萬昌,曉樓
萬昌言,元方
萬時若,虛谷
萬時華,茂先
萬時雨,炳湘
萬曰吉,允康
萬曰棟,隆卿
萬曰軾,養初
萬本端,萸生
萬栻,紹南
萬業封,小亭,耐誠
萬榮椿,稼軒
萬樹梅,奎春
萬權,仲衡
萬正色,中菴,惟高
萬武,世忠
萬毅,子義
萬氏,恭肅端慎榮靖皇貴妃,貞兒
萬民英,子才
萬水宗,篠巖
萬永康,堯衢,晉侯
萬汝楫,濟卿
萬法周,小莊,象濓
萬泰,東山
萬浩,二十六,汝孟
萬淑修,宜洲
萬清,仕廉
萬清選,俊升,俊昇
萬溶,景帆
萬潮,五谿,汝信,江西四諫,立齋,西江四君子
萬煃,欽象
萬煒,闇卿
萬煒彤,伽雲
萬燝,元白,忠貞,闇夫
萬燦,季方
萬爾昇,退修
萬爾昌,師二
萬獻深,綿蘇
萬玉山,淸微神霄演法真人,玉山,道璣
萬玘,宗玉
萬珍,韻珊
萬理清,藹生
萬琛,廷器,廷獻,東山,范琛
萬琨,筱堂
萬瑞毓,藻卿
萬瑞醴,鏡渠
萬瑩,二酉,時徹
萬璇,廷器
萬璜,謙堂
萬發元,冠三
萬發祥,瑞門,養正
萬白,孟素
萬盛,巽夫
萬相賓,觀亭
萬石,德躬
萬祥,慕廉
萬祺,樸菴,維壽
萬福,季崇
萬秉鑑,朗亭
萬科炳,靈峯
萬穀瑩,璞臣
萬立鈞,呂堅,肖園
萬節,資中
萬經,九沙,受一
萬緜前,萬綿前
萬繡,公錦,十六
萬義顓,祖心
萬翱,九皋,扶滄
萬肅鐸,宣木,洪嶼
萬育髙,民仰
萬自約,崇禮
萬臺,浣雲
萬興倫,貞生
萬舜臣,禹功
萬良,心田,生春
萬芳,壽亭
萬英,蘊華
萬荊,子荊
萬藻,掞齋,萬季齋
萬虞愷,懋卿,楓潭
萬虞龍,言卿
萬衣,淺原,淺源,章甫
萬表,民望,鹿園
萬觀,經訓
萬言,管村,貞一
萬言策,廷陳
萬諤,叔康
萬谷春,汝水
萬象春,仁甫,涵台
萬貢珍,子偉,祝英臺近山房,荔門
萬貢璆,香巢
萬造,彦亨
萬達甫,仲章,純初
萬適,應豫
萬邦孚,汝永,瑞巖
萬邦寧,細英
萬邦彥,允誠
萬邦榮,仁伯,西田
萬邦治,時卿,時欽
萬邦維,松溪
萬邦英,德峯
萬邦華,勛唐,春棠
萬郯,子問
萬里侯,介公
萬金鏞,東序
萬釗,劍盟,磵民
萬鈞,煥五,白齋
萬鈿,淑娵
萬銳,仕成
萬鋐,秋山,韻庚
萬鋼,仕堅
萬錦雯,懷蓼
萬錫珩,佩珊,潤甫
萬鍔,叔謙
萬鍾,榮祿
萬鍾傑,汝興,荔村,荔村草堂
萬鍾祿,天錫
萬鎮,子靜
萬鎮之,菊潭
萬鏜,仕鳴,十八,治齋
萬鐘,元亨
萬長齢,鶴樵
萬開睿,汝思
萬際軒,瘦雲,聘梅,雲孫
萬雲,子雨
萬雲官,虎卿
萬雲路,仲逵,幼荃
萬震,武山
萬霽,季丙
萬青藜,文敏,文甫,照齋,芋栗園,藕舲
萬願,從善
萬鵬,六息
萬鵾,二溟
萬鼎欽,抑齋
萬鼒,慎軒
葆亨,芝岺
葆初,效先
葆平,子均,鏡湖
葆謙,吉生,益園
葉一棟,庭幹,廷幹,樸誠堂
葉三益,謙夫
葉三省,景曾
葉世佺,雲期
葉世侗,開期
葉世倬,二思堂,健庵,十三硯齋,子雲
葉世傛,威期
葉世復,香南
葉世槐,硯農
葉世灃,魚山
葉世熊,光昌,培卿,夢飛
葉世經,子常
葉世順,慎儀
葉中,用齋
葉之儀,子羽
葉之梅,先南
葉之泰,時舫
葉之溶,笠亭
葉之瑞,應寔
葉之璲,應實
葉九思,開天
葉九金,廷相
葉二蘭,馨季
葉亨,叔通
葉亮,明大
葉亹,世黽
葉介,方叔,石叔
葉以清,子澄,雪篷
葉以蕃,二十六,承叔
葉任,仲堪
葉份,原學
葉伯巨,伯臣,居升,居昇,忠愍
葉伯英,冠卿,冠柳,孟侯,耕經堂
葉伸,葉仲
葉佩孫,沅雲
葉佩蓀,丹穎,傳經堂,慎餘齋,聞沚,辛麓
葉俊,肅英
葉俊傑,柏芳
葉保慶,篤臣
葉保翁,宗茂
葉信,中孚
葉修,克慎,龔修
葉偉,伯奇
葉傅桂,克庵
葉僊鼐,敏忠
葉儀,南陽先生,景翰
葉儀鳳,子儀
葉儒林,葉孺林
葉儞祖,德平
葉允,茂績,葉可嘉,韋菴
葉元,本貞
葉元凱,舜卿
葉元吉,子謙
葉元墀,午生,海藥生,紹蘭
葉元憲,世則
葉元玉,廷璽
葉元祺,厚山
葉元良,葉元亮
葉元階,仲蘭,心水,赤堇山人
葉元顯,子西
葉兆封,天恆,質夫
葉兆木,時春
葉兆蘭,古軒
葉光祖,顯之
葉克信,蓮生
葉兌,良仲
葉兑,夢授
葉全德,容齋
葉公大,純仁
葉冕,拱宸
葉冝,守義
葉冠,靜之
葉初春,吳中三諫,吳西主人,吳西先生,吳西公,處元
葉北海,岡南
葉南仲,晉明
葉南照,晉明
葉南金,恩及,樸園
葉參,廷瑞,次公,次清
葉及新,汝照
葉友生,奎五
葉叔亮,榆青,退庵
葉可大,引某
葉可成,懋學
葉可權,國衡,平齋
葉可畏,懋時,肖愚
葉可與,兩溪,懋志
葉同春,霓仙
葉名澧,八萬卷書樓,宗滌樓,寶芸齋,敦夙好齋,潤臣,翰源,葉名灃
葉名琛,崑臣,昆臣,海上蘇武,蕓珍,長春仙館
葉向榮,煒盧
葉向高,孟峻
葉吳楫,惠旃,萊亭
葉味道,文修,知道,葉賀孫,西山
葉和侃,諤亭
葉和春,復堂
葉和聲,雅南
葉唐稷,順孺
葉唐稽,順孺
葉善卷,葉勸
葉嗣孫,本心
葉嗣昌,貴修
葉嘉桂,麗南
葉因玆,心湖
葉國華,尚賔,觀吾
葉在琦,乃珪,稚愔,穉愔,肖韓
葉圭書,易菴,滄粟庵主,芸士
葉圻,雲岩
葉均,楚洲,葉德培
葉坤厚,湘筠
葉埔華,秋霞
葉培恕,葉培忠
葉基,克鉊
葉堃,青原
葉堯咨,叔羲
葉堯蓂,廷瑞
葉堯龍,友夔
葉士寛,映庭
葉士寧,宗儒
葉士寬,星士
葉士文,學川
葉士林,奎野
葉士模,旭樓
葉士煥,子綺,巽臣
葉士賓,尚賓
葉士鈺,琢山
葉士龍,淡軒,雲叟
葉壽朋,商山
葉壽萱,謹茹
葉夔,堯章
葉夢得,是齋
葉夢淇,尚源
葉夢熊,男兆,龍潭
葉夢珠,梅亭
葉夢鼎,西澗,鎮之
葉大任,萃老
葉大同,會之
葉大年,壽卿
葉大慶,榮甫
葉大有,謙甫
葉大榮,芳榮
葉大涵,恢恭,淵如
葉大焯,恂予
葉大琛,獻恭,覲瑜
葉大祐,仲貺,壽恭
葉大莊,損軒,臨恭,遜父
葉大華,淑瑺
葉大遒,敷恭,鐸人
葉大顯,仲謀
葉天培,因之
葉天爵,良貴
葉天球,硯莊,礪齋,良器
葉天祐,吉甫
葉天秀,實夫
葉天章,平恭
葉奇,弘偉
葉奕苞,九來,二泉,半園
葉如圭,梧生,榮甫,蓉浦
葉如松,茂林
葉如蘭,春泉
葉媚蘭,韻香
葉子奇,世傑,靜齋
葉子循,湄仙,玉崙
葉子曉,啟明
葉子琬,崇妙大師,懷瑛
葉子高,安仲
葉存仁,墨村,心一
葉孝友,孝友
葉孟傳,拙修
葉季亨,時質
葉季韶,承之,蘭谷
葉季高,竹坡
葉宇楷,正符
葉宏,涵川
葉宏緗,曉葊,書城,葉宏湘
葉宗春,仁卿
葉宗茂,保翁
葉宗行,宗人,錢塘一葉淸
葉宗魯,東父
葉官,玉壺,謙卿
葉定,帶華
葉宜穀,詒孫
葉寅,直翁
葉富春,澹谷
葉寘,坦齋,子真
葉審思,天根子
葉寶昌,文伯
葉封,井叔,慕廬,退翁
葉小紈,蕙綢
葉小蘩,千瓔,香期
葉小鸞,瑤期,瑶期,瓊章
葉履鏞,少梅,東序
葉山,子山,子文
葉峴,見山
葉崇沃,喬宇
葉嵩,伯高
葉巒,鍾秀
葉希賢,以愚,東吳老人
葉常,權之
葉常春,敏烈,葉長春
葉常芳,柏薌,柏邨
葉幹,伯貞
葉庭傑,彦英
葉庭和,西琛
葉庭珪,嗣忠,翠巖
葉庭鑾,金甫
葉康,彥成
葉康直,景溫
葉庸,子中
葉廣,大用
葉廣居,居仲,自得
葉廷傑,清泉
葉廷春,顧之
葉廷桂,蕃實,青來
葉廷榮,尚本
葉廷珪,梧孫
葉廷琯,愛棠,蛻翁,調生
葉廷甲,保堂,梅江,雲樵
葉廷眷,顧之
葉廷秀,潤山
葉廷芬,天茂
葉廷芳,松亭
葉建封,卓亭,甸旬
葉式,成規,瑞峯
葉弘綬,繭園,蕙叔
葉彥中,大中
葉彥昞,南林居士,汝潛
葉彬,起元
葉德,宗本
葉德林,筠谷
葉德潛,孔昭
葉德輝,周情孔思室,夢篆樓,奐份,奐彬,朱亭山民,煥彬,直山,直心,直水,空靈漁隱,葉麻子,西園,觀古堂,郋園,雙梅景闇,魚水,麗廔,麗樓主人
葉必茂,君選,此堂
葉志信,伯遜,誠之,雨窗
葉志詵,東卿
葉志超,曙青,言紫朝
葉志道,丹泉,士心
葉忠,一之,山南
葉思深,奉璋,湘洲
葉恆,敬常
葉恆元,一齊
葉恕,如心
葉恩,嗣光
葉恩沛,幼芝
葉愈,可水,琴泉
葉慧光,妙明,月中人
葉慶元,味道,子誠
葉慶增,子川,蓮舫
葉憲,德成
葉憲祖,美度
葉應,子唯
葉應乾,九十三,際淸
葉應咸,心可
葉應得,吉甫
葉應春,叔華
葉應槐,文擧
葉應祺,仲山,雲谷
葉應震,長東
葉應驄,肅卿
葉應麟,十二,時瑞
葉懋,德新
葉懋賞,功父
葉懷善,潤齋
葉成綺,聖彥
葉成額,葉成格
葉成龍,白雲
葉承,子敬,松亭
葉承光,咸菴
葉承基,健亭
葉承宗,奕繩,濼湄
葉承昌,翼勤,菊山
葉承遇,思章
葉承點,子異,沂川
葉抱崧,方宣,書農,藕潭
葉振德,季含,滋亭
葉振統,湘湖,繼庭
葉振麟,閣仙
葉挺,端叔
葉攀鱗,枚生
葉政,克明,公政
葉敏,汝行
葉敏昌,葉敬昌
葉敘,伯惇,少齋
葉敦艮,靜遠
葉敬昌,懋勤,蕓卿
葉斆,元習
葉文,宜忠
葉文境,曉江
葉文嫻,淑庵
葉文泰,春山
葉文炳,晦叔
葉文謙,文葸
葉文麟,星槎,聖植
葉斐恭,葉棐恭
葉新,惟一,梅晴,維一,艮堂,葉世經
葉新蔭,蕙田
葉方恆,學亭,嵋初,敬默
葉方蔚,敷文,艮齋
葉方蔥,青巖
葉方藹,子吉,文敏,訒巷,訒庵,訒菴,訒齋,讀書齋
葉方鑾,金門
葉旉,來青,南田,巢雲
葉旭昌,庚孫
葉昇,日新
葉昉升,華川,蓮臺
葉昌,閔昌
葉昌嗣,景厚
葉昌熾,五百經幢齋,佛頂尊勝陀羅經室,奇觚,奇觚廎,幾希野叟,惸居士,文竹山房,歇後翁,毄淡廬,治廧室,治廧居士,綠督廬主人,緣督,緣督廬主人,花橋老屋,菊裳,蘭裳,辛伯簃,雙雲閣,鞠常,鞠裳,頌廬,頌魯,骗鄄凡居士
葉昌齡,子長
葉明,辜胡
葉明之,伯晦
葉明元,弼虞
葉星,二珩
葉映榴,丙霞,忠節,炳霞,絳巖,蒼岩,蒼巖,蒼巖山房,蒼巗
葉春,時元
葉春及,化甫,石洞,絅齋
葉春澤,仁敷
葉昭,子宣
葉昭映,明遠
葉昱,炳南
葉時,彥登,文康,秀發
葉時可,行之
葉時敏,修自,志卿
葉時新,惟懷,柳沙
葉普亮,廣熙
葉景仁,天德
葉景温,仲實
葉景葵,卷盦,揆初
葉曙,杲卿,葉噯
葉書,伯丹,壽彭,鶴帆
葉有挺,果庵,貞夫
葉有聲,君實,震孩,震隱
葉有詞,屺李
葉朝晫,蘇臯
葉朝榮,桂山,良時
葉朝琯,雨亭
葉朝采,小輈,方泉
葉朝陽,文榮
葉朝頤,淡江
葉期遠,士毅
葉期頤,淡江
葉本立,務菴
葉李,亦愚,太白,文簡,舜玉
葉材,達卿
葉杞,南有
葉東,子潤
葉杲,謙夫
葉枌,小鳳,葉梤
葉林,儒藻,元文,去文,本山,高行先生
葉某,子華
葉柟,伯材
葉柟齡,薌溪,鄉溪
葉柯齢,薌溪
葉栐林,平山,桂亭,正笏
葉格,小鳳
葉桂,月卿,薌林
葉桂年,子義
葉桂林,古香
葉桂章,叔晦
葉桂藩,翰周
葉梓,元材
葉棠,香國
葉森,茂叔
葉棻,子實
葉椿,彝三,興三
葉楙中,敬甫
葉楙勲,銘齋
葉楚傖,小鳳
葉楠,卓齋,遜南
葉極,廷表
葉槐,蔭階
葉模,叔範
葉樹偉,南村,立方
葉樹南,環浦
葉樹廉,石君,葉萬,轂道人,道轂
葉樹德,太立
葉樹東,雲勝
葉樹枚,改吟,條生
葉樹棠,召封
葉樹滋,伯蓀
葉樹藩,星衛,涵峰
葉樹鳳,桐百,竹筠
葉樹鶴,松千,雲坡
葉機,宗藩,萊山
葉正儼,思若
葉正臣,致一
葉正蓁,蔭生
葉正蕃,國于
葉武,繼武
葉武子,息庵,成之,誠之
葉毓桐,挺生
葉毓祥,夢星,萃來
葉民,伊人
葉民極,仲永,夀孫,居正,第六十
葉永卿(字),永卿
葉永年,丹書,丹需,硯孫
葉永盛,子沐
葉永福,英多,霖林
葉永秀,汝實
葉永茂,亘齋,舜岡
葉永青,星巖
葉永齡,龜年
葉汝?,衡生
葉汝源,小舟
葉汝舟,埜渡,濟川
葉汝芝,仲田,草亭
葉汝蘭,退庵,香浦
葉汝𦵕,節愍,葉汝蘅,衡生
葉沅,芷林
葉治,平階,敬亭
葉法,湘筠
葉法善,道元
葉泰,道亨
葉泰椿,寧愚,鶴巢
葉泳芝,仲田
葉洪,子源,洞菴
葉洵仁,行中
葉涇,筱林
葉涵,無垢
葉淇,本淸
葉淮,秋槎
葉添德,景達
葉清,源潔
葉清叟,澄心
葉清臣,道卿
葉湘,勁夫,竹蓀
葉湜,子是
葉源,彥中
葉滋,懋德
葉滋森,與端,補園
葉漣,欽漣
葉漴,仲高
葉潔齊,一泓
葉潛夫,時升
葉澄,原靜,源靜
葉澍東,雲槎
葉澤,潤卿
葉澧,潤臣,翰源
葉澹宜,筠友
葉濤,致遠
葉濬,仲哲
葉瀚,浩吾
葉為珪,晉封,桐卿,玉叔
葉煒,文光,汝充,玄峰
葉照,以明
葉熊,小山
葉燕,再紫,又次,載之
葉燦章,星皆,震熙
葉燮,已畦,星期,橫山,橫山先生,獨岩
葉爾安,慶暄,貞甫
葉爾愷,伯皋,伯高,悌君,悌臣,柏皋
葉爾茂,天培
葉玉森,荇衫,葒漁
葉玉麟,浦蓀
葉珒,君璧
葉珩,鳴玉
葉現,景龍
葉琚,伯華,白華
葉琛,聘之
葉琦,廷圭
葉瑄,文珙
葉瑋,君璧
葉瑛,元英
葉瑞,宗瑞
葉瑞麟,雲孫
葉璋,又新
葉璧華,婉仙,潤生
葉瓚,瓚玉
葉生,又生
葉由庚,成父,成甫,通齋
葉申萬,惟千,維千,芷汀
葉申薌,小庚,箕園,維鬱
葉申靄,次幔
葉留,友竹,景良
葉發,定叔
葉皆,孟我
葉益,德謙
葉盛,景陽
葉盛琪,達齋
葉相,良臣,迂湖
葉相佩,調亭
葉相德,壯果
葉睦,三十八,敬之
葉矯然,思菴
葉石禮紈,季蘋
葉砥,周道,坦齋,屢道,履道
葉祐之,元吉,同庵
葉祖堯,允中
葉祖洽,敦禮
葉祖珪,桐侯
葉祖義,子由
葉祖茀,介之
葉祚,應福
葉祥麟,玉書,芋堂,默齋
葉祿,三十二,祿元
葉禎,仲貞
葉福,叔疇,節愍
葉福孫,君愛,蘭坡居士
葉福芝,季英
葉福貞,靜宜
葉禾,叔嘉
葉秀發,南坡,茂叔
葉秉仁,安然
葉秉德,古士
葉秉文,信臣
葉稠,十七,端泰
葉穆濟,茂公
葉立德,禮齋
葉立志,仲愿,仲願
葉竦,喬新
葉符叔,敬齋
葉篤生,竹村
葉簣,弁峰,景山
葉紈紈,昭齊
葉素娘,伊傅
葉素孃,伊傅
葉紳,廷縉
葉紹,繼甫
葉紹冕,爾端
葉紹堂,南屏
葉紹曾,唯吾,鳳西
葉紹本,仁甫,白蘋亭長,白鶴山房,立人,筠潭,筠甫,花影齋,芸潭
葉紹楏,振湘
葉紹翁,嗣宗,靖逸
葉紹芳,蕓山,際泰
葉紹蘧,莘友
葉紹袁,仲韶,仲韻,午夢堂,半不軒,天寥道人,木拂,湖隱外史,無葉堂,秦齋,粟菴,華桐流衲,鴻振
葉紹顒,季若,慶繩
葉經,叔明,東原,東園
葉經邦,杏亭
葉綬,叔章
葉維庚,兩垞,貢三
葉維藩,价人,辰生
葉縝,半湖,廷佩
葉繼尭,久甫,允甫
葉繼武,桓奏
葉繼美,章含,鹿吳
葉繼雯,桐封,雲素
葉義問,審言,恭簡
葉翊,君舉,寅孫,第三三,賓叔
葉翔鳳,天任,子翔,必大,第七十一
葉翥,叔羽
葉翥鳳,鳴周
葉翰仙,墨君
葉聲,彥聞
葉聲揚,賡庭
葉肇元,震伯
葉肇暘,暘谷,榆莊,陽谷
葉能,蓉城
葉自莊,端齋,肅廷
葉臻,子益
葉舒崇,元禮,宗山
葉舒璐,分乾,景鴻,鏡泓,鏡浤
葉舒瓚,雋千
葉舒穎,學山
葉舟,守恆,梅溪
葉良,漢傑
葉良佩,敬之
葉良儀,孚周,簡崖
葉良臣,君翕
葉芬,清之
葉花雲,妙玉
葉芳,味蒓,子春
葉芳蘋,金秀
葉英,思山
葉英華,夢禪居士,蓮裳
葉茂才,參之,玄堂,葉園,閒適
葉茂良,筠友
葉茂芝,瑞亭
葉茂蘭,何茂蘭,綠亭
葉茵,景文
葉莫,實之
葉菁華,樸原,檏原
葉華,仲茂
葉華坦,履莊
葉華滋,雨垓
葉萬善,元孺
葉萬景,霽伯
葉萬祿,惟學
葉萱,廷茂
葉葆,寶田,玉岑
葉葆元,春伯,體仁
葉蒸,汝麗,龔蒸
葉蓀,仲友
葉蓁,永茂
葉蓋,彦升
葉蓮,少青
葉蔭昉,昇初,筱奎
葉蔭松,霞林
葉蕙,惠清
葉蕙心,蘭如
葉薦,宋穎
葉藟,德敷
葉藩,古渠,登南
葉蘭,佩湘
葉蘭生,應徵,楚薌
葉蘭谷,又芬
葉蘭貞,淑明,淑畹
葉蘭馨,道芬,香士
葉虞仲,聖參
葉衍蘭,南雪,影梅庵,斜月杏花屋,海雲閣,秋夢,秋夢主人,秋夢盦,蘭臺,蘭雪
葉衡,仲輿
葉袓洽,敦禮
葉裕仁,復三,歸庵,歸盦,涵溪
葉襄,聖野
葉見恭,惠仲,節愍,見泰
葉覲儀,棣如
葉覲光,繡園
葉覲揚,敏修,蓮因居士
葉觀,國光
葉觀光,餘齋
葉觀國,存吾,家光,得槐軒,日存吾世居,毅庵,毅菴,綠筠書屋,老學齋
葉觀揚,敏修
葉觀潮,丹昙,文雷,曉昙
葉詩,恃伯,正始
葉誕,必大
葉誥,小湖
葉誦芬,肖庵
葉諦彌實,成毅
葉謙亨,伯益,星卿,第百六,阿五
葉謹翁,審言,曲全道人,贅翁
葉證翁,審言,曲全道人,贅翁
葉豈潛,潛仲
葉貫道,筠荘
葉賓,虞卿
葉贄,崇禮
葉赫奎麟,藝麟
葉赫成德,恪慎
葉赫清佳砮,逞家奴,青嘉努,青嘉砮
葉赫納喇全慶,小汀,文恪,東使堂,葉阿那拉全慶
葉赫納喇毓書,恭靖
葉赫納喇郭四海,文敏
葉赫那喇瑞麟,文莊,澄泉
葉赫那拉吉年,碧棲,秋畬,藤蓋軒
葉赫那拉定安,靜村
葉赫那拉常鈞,可園,和亭
葉赫那拉恩承,保心堂,子省,履堂,文恪,露圃,露園
葉赫那拉懷塔布,恪勤
葉赫那拉氏,孝欽顯皇后,慈禧皇太后
葉赫那拉永壽,納蘭永壽
葉赫那拉照祥,恭愍
葉赫那拉那桐,琴軒,鳳棲
葉赫那拉那清安,恭勤,慎修,正修,竹汀,葉赫納喇那清安,鶴侶
葉赫那拉銘安,文肅,新甫,鼎臣
葉起,振卿
葉辰,龍姝
葉逢春,叔仁
葉逢曦,旭渠
葉逢陽,子美
葉連,愛池
葉連雲,漢階
葉遄,尹齊
葉遇春,體仁
葉道治,綏和,綬和
葉道源,仲來,心渠
葉遜,謙甫
葉遠,潤庵,澹致
葉適,忠定,正則,水心先生
葉適正,剛明,堯道
葉遵,中寰,十一,子憲
葉選,渾洲,運洲
葉邁,叔俊
葉邦榮,樸齋山人
葉邽,子應
葉酉,書山
葉采,仲圭,平巖
葉重元,後湖
葉重科,道登
葉重第,振齋,道及
葉重華,德元
葉金,品三
葉金緘,茗旗
葉釗,時勉
葉鉁,萼江
葉銓,檢齋
葉銘,品三,小波,盤新
葉鋌,惟剛
葉錦文,敬伯
葉錦標,彩昭,杏橋
葉錫,玄圭
葉鏜,三十九,少巖,汝聲
葉鐘芝,幹九
葉鑛,勉明
葉長庚,竹亭
葉長揚,定湖,爾祥
葉長禮,秉周,賓洲
葉長馥,去蕕,賸庵,鏞聲
葉閶,昌父,直庵,秋臺
葉陶,金城
葉隆元,治卿
葉隆吉,超然
葉隆禮,士則,漁村
葉際英,仲華
葉隸,彦成,葉棣
葉雋,湛盧樵者,良弼
葉雲礽,奕甫
葉雷生,蓉庵
葉靜宜,峭然
葉預,誠之
葉頤,養正
葉題雁,映都,梅珊,秋汀
葉顒,伯昻
葉顓,端卿
葉香,惟德
葉馨,椒谷
葉魚魚,湑兮
葉鳳威,虞廷
葉鳳毛,恆齋,超宗
葉鳳立,聖生
葉鳳靈,昌韶
葉鴻英,鴻英
葉鵠,四十,時舉
葉鸞,應和
葉麃,以文,純吾
葉麟之,裳伯
葉默,彥思
葉黯,晦叔
葉鼎新,立三
葉鼐,致和
葉齊,思可
葉龍,允齋,舜言
葛?,敏問
葛一之,元甫
葛世潔,冰如
葛世隆,繼曾
葛乃袞,仲甫,龍九
葛乾孫,可久
葛仁傑,師粱
葛价卿,朝倚
葛依克勒和凌,和淩
葛元哲,廷哲
葛元隙,朝瑞
葛元隲,朝瑞
葛元齡,椿甫
葛其仁,元肫,鐵生
葛凌九,韻圃
葛勝仲,文康,魯卿
葛匡世,趙匡世
葛厚培,心園
葛和仲,堯卿,虛室先生
葛哩麻,如來大寶法王,西天大善自在佛
葛哲,明仲
葛啟然,天啟
葛啟銘,警文
葛嗣浵,竹林
葛嗣瀠,弢甫,雲威
葛嘉植,馬嘉植
葛在謨,介亭,謹三
葛址,士隆
葛士光,輝楚
葛士揆,端卿
葛士達,伯村,子材
葛士韜,望六
葛大紀,伯理
葛大賓,寅軒,興森
葛天民,樸翁,無懷,義铦
葛天驊,河珍
葛如麟,子仁,朝池
葛嫩,蕊芳
葛孔明,瀛壺,皓尗
葛學禮,恪庭,敬中
葛守德,仲謙
葛守禮,端肅,與川,與立
葛宏,文淵
葛宗極,拱辰
葛宗鄒,嶧峰,葆初
葛定,能靜,靜齋
葛宜,南有
葛宫,公雅
葛宮,公雅
葛寅,懷芳
葛寅亮,屺瞻,水鑑
葛寅炎,同叟,東泉
葛密,子發,草堂逸老
葛寶華,勤恪,振卿,鍊石齋
葛將,子熙
葛山,子靜
葛峻起,眉峰
葛峻道,際六
葛崇節,陶翁
葛嵩,惟高,雪岑
葛巖,夢賢
葛師仲,範卿
葛師望,興周
葛延年,少格
葛延濂,宗周
葛廷標,廷之,建之
葛廷燦,輝寧
葛廷章,朝憲,柳泉
葛建椿,秋巖
葛從龍,澤之
葛徵奇,介龕,無奇,竹嘯軒
葛德新,心欽,心銘,景三
葛德潤,澤躬,述齋
葛恆,晴溪,繼武
葛惇棨,臨雅,西庄
葛惟明,公綽
葛慈,伯止
葛慶曾,秋生
葛慶龍,寄漁翁,秋巖
葛應沼,聖淵
葛應濱,渭水
葛應秋,萬說
葛應雷,震父,震甫
葛懋學,伯思
葛懋德,敏修
葛懷敏,忠隱
葛振元,吉丞,羲乾
葛敏修,孝友先生,聖功
葛斗南,敬文,梁公
葛方晉,晝卿,樨香
葛昂,銘德
葛昊,容齋
葛昕,幼明,納明,龍池
葛星垣,圃如,應宿,素如
葛昭華,文圭
葛晉昌,棲梧,鳳堂
葛景萊,蓬山
葛曉,雲岳
葛曦,仲明,鳳池
葛書思,淸孝,進叔
葛書舉,規叔
葛有成,可大
葛朝,惕夫,易初,醉仙
葛朝陽,魯軒
葛木,仁夫
葛林,茂林
葛桐,青伯
葛桐銜,承勛,穉侯,青士
葛桷,安甫
葛椿,壽之
葛權,執中
葛次仲,亞卿
葛正仲,孝卿
葛正笏,信天,搢書
葛正華,彬若,臨溪
葛正蒙,仲正
葛氏,葛氏女
葛汝蓁,棣園
葛沛,槐邨,霖蒼
葛洪,抱樸子,稚川
葛浩,兩溪,天宏
葛温卿,直儒
葛源,宗聖
葛滂,垣溪先生,天恩,曰貞素
葛潀,德源
葛潤玉,貴純
葛濟勒和興額,和星額
葛濟勒喜昌,桂亭
葛炎,明發
葛炳奎,晦叔
葛熙泰,岱宗
葛玄素,天民
葛珣,叔寶
葛瑛,藏之,藏文
葛璂,子千,子平
葛璇,仲達,橘星
葛登名,道行
葛皋,子廣
葛祖亮,聞橋
葛祥熊,小崧,豫齋
葛禋,克敬
葛秀英,玉貞
葛立悌,順之
葛立方,常之
葛立經,倫先
葛符,蓼匪
葛素,叔繪
葛紹英,子傑
葛紹體,元城,元承
葛維恆,葛維垣
葛綸,理卿
葛緋,伯遠
葛縉,仲榮
葛繼孔,繩武
葛繼祖,聖時
葛美,尊五
葛聞孫,景先
葛肇基,壽芝
葛臞菴,葛癯菴
葛自得,資深
葛與國,獻可
葛興孫,景千
葛興宗,仲抗
葛舜有,廉五
葛良,仲溫
葛良傑,超亭
葛良嗣,興祖
葛芝,瑞五,龍仙
葛若煒,荷塘
葛若燿,敏菴,蘭谷
葛華,尚虞,春陂
葛萬全,於書
葛蕙生,瘦紅館主
葛藴,叔忱
葛蘊,叔忱
葛蘩,鶴林居士
葛蘭,時秀
葛覃,延之,釜陽
葛詠裳,叔霓,逸仙
葛誠,果愍
葛貞,元良
葛賡,德載
葛起耕,君顧
葛路,德超
葛逢,深父
葛逢時,才美
葛遠,惜芳痴人,香根
葛邦典,敘卿
葛邦楷,揆章,馗掌
葛邰,周先,祖命,第小五,葛邵,衍孫
葛邲,文定,楚輔,樂閒居士
葛郕,師古
葛郯,謙問
葛金烺,景亮,毓珊
葛錫璠,中恬,鲁生
葛錫祚,應康,晉卿
葛鏞,文振
葛鑄,鼎仲
葛長卿,才儒
葛長庚,武夷散人,海蟾,白叟,白玉蟾,蠙菴
葛閎,子容
葛雲漢,易齋
葛雲飛,凌臺,壯節,雨田,鵬起
葛震,旉之,星岩
葛靜婉,惠群,猗庵
葛靜畹,惠群
葛馥,香山
葛騏,子有
葛鳴陽,雲溪
葛鴊,子中
葛鵬,育翎
葛麟,後川
葛鼏,端調
董,一翁,第戊九,耆饒
董?,董振
董䆡,世弘
董䋊,嗣文
董三遷,汝孟
董上容,侶音,海嶠
董上治,巽峰,智甫
董丕謙,春亭,益菴
董世彥,子才
董世源,逢其
董世臣,半菴
董世蓉,繡霞
董中言,慎巳
董乂,彥臣
董之奇,夢錫
董之燧,正誼
董之鉻,筠塘
董之銘,小村
董二酉,誦孫
董交,無易
董亨復,子順
董亭式,敬夫
董仁,賢德
董介卿,守之
董以威,惠夫,石齋
董以寧,文友
董仲永,德之
董份,泌園,潯陽山人,用均
董伯熊,昂宵
董似穀,蓉初
董佐才,良用
董作棟,乾甫,工求,書巢
董作模,梓亭
董佩笈,岵瞻
董佳穆特恩布,穆騰布
董侹,庶中
董俊,虞臣
董俞,蒼水
董倫,董綸
董傑,五城,萬英
董傳策,元漢,原漢,幼海
董億,永年
董儒龍,神庵,蓉仙
董儲,步盧
董儼,望之
董允,在中
董允珂,二嘉
董允瑋,俟貞
董允瑫,在中
董允璘,吳仲
董允禎,兆先,祥生
董元,天孫,節愍
董元儒,元孺,汝為
董元勛,宰臣,雪樓
董元培,載園
董元學,汝覺
董元度,寄庐,寄廬,曲江
董元愷,舜民,蒼梧生
董元新,殿川,鬷川
董元醇,竹坡,董元章
董兆奎,瑞峰,瑞菴
董兆熊,夢蘭,敦臨
董兆鳳,蕭五
董光宏,君謨
董光甲,冠一,勇烈
董光裕,子順
董全勝,凱臣
董公偃,安義
董公健,伯強
董公揆,齊叔
董其昌,思白,文敏,玄宰,香光
董冬,慶冬
董劍鍔,佩公,孟威,曉山
董力,玄邈
董務忠,基孝
董勵,敏中
董南美,子才,碧巖居士
董占奎,甫軒
董原道,性之
董友筠,師竹,柯亭
董受祺,綬紫
董史,更良,良更
董唐之,慶長
董嗣成,伯念
董嗣杲,思學,明德,無益,董思學,靜傳
董嗣諶,董嗣湛
董嘉斤,徽美
董國光,士彥
董國容,綺琴,靈瓊
董國慶,元卿
董國棟,南木
董國琛,子珍,珍南,琢卿
董國英,恬齋,掖雲
董國華,十二琅玕館,幽綠草堂,榮若,欲寡過齋,淸簡居士,琴南,琴涵,綠谿漁隱,花西寓圃,雲壽堂,香影庵
董國蓉,綺琴,靈瓊
董均,玉岑
董基,巢雄,繼可
董基誠,子詵,玉椒,耜莘
董堯封,李村,淑化
董塼,丹峰,維和
董士元,不花,忠愍,節愍,長卿
董士宗,因之
董士廉,簡卿
董士弘,體仁
董士恭,肅卿
董士珍,周卿
董士良,善卿
董士表,晉卿,武獻
董士選,忠宣,舜卿
董士錫,損甫,晉卿
董夜來,月哥
董夢曾,魯齊
董夢程,介軒,萬里,董夢臣
董夢齡,椿園
董大倫,叔魚
董大儒,漢求
董大純,交如,小亭
董大選,梓邨
董大鯤,北溟
董大鵬,扶萬
董天工,材六
董天弼,霖蒼
董天衢,方達
董天錫,壽甫
董天麟,應天,藥窻
董如意,十三
董如鴻,儀吉
董威,德隅
董媛,子美
董子儀,朗洲,羽吉
董子策,元正
董子行,明卿
董存,彥成,野齋
董孝初,仁常
董學,十七,希顏
董學履,樵孫,爾安
董學淳,樸齋
董守中,君庸,子平,靖獻
董守仁,肅誠
董守庸,肅齋
董守思,仲良
董守禮,敬叔
董守簡,子敬,忠肅
董守義,子宜,昭懿
董守諭,次公
董安,敦仁
董宋儒,應宿
董宏,育萬
董宗仁,子安
董宗遠,子穆,雲舟
董官,惟賢
董宜卿,順之
董宜陽,子元
董宣,朝用
董家汾,小圃
董家玢,小圃
董容,公長
董寧,伯康
董寬,世宏
董寶裔,筱滄
董將,彌大,董埒
董少玉,董夫人
董少舒,師仲
董尚行,篤卿
董居誼,仁夫,仁父
董履垣,寧圃
董山,童倉
董岌,不危
董崇仁,子安
董巽祥,縉風
董希逸,贇則
董師,盛德
董師植,汾園,聖衣
董師謙,南江
董師（董欽子）,廣猷
董常國,夏卿
董平章,琴虞,眉軒,退叟
董幵,澄之
董幼安,景寧
董康,授經,誦芬主人
董延祚,獲佑
董廷圭,國器
董廷策,對甫
董建中,商民,湯民
董弘,師哲
董弘彪,明遠,雲麓
董彜,克明
董彝,宗文
董彩鳳,怡園
董得裕,添祐
董復,德初
董復享,太初
董復圭,均瑞
董復禮,秉彝
董德修,仲修,心齋先生
董德偁,天鑒,銘存
董德元,丙哥,第七十七,長夀,體仁
董德巍,奠高,蓬廬
董德明,東庄,汝哲
董德時,震齋
董德稱,天覽
董必,子疆
董志敏,蜨軒
董忱,世行
董思凝,石帆,養齋
董思恭,桂川
董思易,元亨
董思源,星海,靜軒
董思誠,子遠
董思賢,深道
董思近,約山
董恂,忱甫,獨頭,荻芬,荻芬書屋主人,董醇,還讀我書室,醞卿,韞卿,飲之
董恬,世良,中岡
董惟靖,安眾
董惠斌,偉堂
董慧,如魯
董憲臣,次皋
董應圭,五銘
董應擧,崇相,見龍
董應椿,冠英,雲帆
董應烈,性標
董應譽,碧含
董應軫,崇南
董應魁,捷軒
董懋,子功
董懋中,德甫
董懋史,周噩
董懋潛,孔昭
董懋澗,海之,雲壑
董懋策,揆仲,日鑄先生
董懷,世德
董懿,千美
董成,性存,自明
董成夫,忠烈
董我前,虛之
董承勛,對揚,白岩居士,芑堂
董承濂,睫巢,葒蔋
董承焻,奕華,涇舟
董拱壽,仁叔
董振,廷顯
董振秀,健華
董挺,庶中,董侹
董摶霄,孟起,忠定
董攸,仲遠
董教增,文恪,益其,益甫,觀橋
董敦逸,夢授
董敬安,敦齋,蔥階,述誥
董敬箴,子芳
董文,學舒
董文和,德華,景仁
董文寀,汝和
董文彥,莊愍
董文忠,彥誠,忠貞,正獻
董文渙,堯章,硯秋
董文炳,彥明,忠獻
董文煜,質生
董文煥,研樵,硯樵,董文渙
董文用,忠穆,野莊
董文直,彥正
董文萼,元昱
董文蔚,彥華
董文豐,忠毅
董文雋,松圃,松國,松浦
董文驥,易農,玉虬,玉虯,雲痴
董斯壽,斗南,松門
董斯張,借庵,斯暲,然明,遐周
董斯福,秋渔,秋漁,耕漁
董新策,嘉三,樗齋
董方,中矩,仲矩
董旦,夢錫
董旭,太初
董旻,子仁
董昂霄,忠毅
董昌,某老
董昌璵,厚山
董昌祠,念祖
董昌裔,夢貺
董明,德淹
董春卿,掌文,蘭溪
董昭,夏慶
董昭祚,子融
董昱,文昭
董昶,惟明
董時亮,彥功
董時憲,學乾,學幹
董時望,雪峯
董晉,混成
董景愈,紹孟
董暨,豐垣
董曜,枯匏
董書,毖齋
董曾,貫道
董會,貫道
董朝勳,右周
董期生,伯音,戒山
董本,行恭
董本中,宗道
董朱袞,繡章
董某,大演禪師,思靖,董氏
董柱,師德
董柴,也愚,愚溪
董桂敷,宗劭,宗邵,小楂,復廬
董桂新,柳江,茂文
董桂林,彬曜,鬱齋
董棨,樂閒,石農
董棻,令升
董楚材,冶田,晉卿
董楷,一翁,克齋,正翁
董榕,定岩,念青,謙山
董榮,廷寵
董槐,庭植,文淸,榘堂
董樸,汝淳,董五言
董樾,四十五,子亨
董欽德,心廬
董正,徵磻,望周,鈍庵
董正台,列三
董正官,訓之
董正揚,曇柯,眉伯
董毅,子遠
董毓葆,董毓保
董毓蘭,半樵山人,春圃
董氏(汜延仕妻),真英
董氏（唐玄宗嬪妃）,董芳儀
董民譽,端卿
董永攀,丹崖
董永芠,永艾
董永錫,孝懷
董汝昌,惠菁,惠藩
董汝明,亮廷
董汝漢,昭夫
董汝瀚,子匯,西嶼
董汝翼,元臣,輔廷
董汝良,弼臣
董汝觀,子賓
董汲,及人
董沛,孟如,覺軒,韋庵
董洪周,西侯
董洵,企泉,小池
董淑昌,景伯,蓮齋
董淦,蕺園
董淵,宗本
董清,伯源
董清映,幻梅
董温其,德潤
董湛濚,香南
董源,北苑,叔達,董元
董溪,惟深
董滋傑,子讓,松庵,鶴峰
董滿,士盈
董漢儒,葵岡,道夫
董漢策,帷孺,甦庵,芝筠
董潮,曉滄先生,曜仙,東亭
董潮靑,芝林
董澐,從吾道人,復宗,白塔山人,蘿石
董濬,禹川
董瀛,巨源
董瀛山,海峯,臥雲
董瀾,惟源
董灌,存誠
董灼文,勿軒,見三
董為良,景房
董煉金,定香居士,牧堂
董煒,叔明
董煟,南隱,季興,尚隱,秀興,繼興
董熜,南江,訥夫,謂瑄
董燧,蓉山
董爾瑞,五玉
董玉棻,海杏,澍香
董玘,文山
董珆,八十四,子純,晴谿
董珪,君章
董琦,天粹,東樓
董琬貞,容壺,蓉湖,雙湖
董琮,復齋先生,玉振
董琰,子莊
董琳,廷瑞
董琴,嶧蘊
董瑒,叔廸,無休,董瑞生
董瑞生,叔廸,董瑒
董璘,德文
董璠,德美,易直
董璿,董睿,衡之
董瓚,君庸
董用威,愛先
董用時,公權
董用棟,大樹,翼九
董甫,伯大
董白,小宛,青蓮
董盡倫,明吾
董相,應期
董真卿,季真
董石,叔玉
董祐誠,方立,董得臣,蘭石,蘭石齋
董神寶,義泉
董福祥,星五
董禮隆,午卿
董秉忠,朝英,耿軒
董秉清,冰如
董秉純,小鈍,小韭山房,抑儒,春雨樓,紅雨樓
董穀,漢陽歸叟,碧里山樵,碩甫
董穎,仲達
董穎佳,中江,玉禾
董立,文貞,植夫,玉峯
董章,士明
董端忠,舜鄰
董策,清寰
董策三,亦醇,亦醉
董篤行,天因,瀛賓
董粵固,蛟門
董紀,良史,述夫
董紱,嗣章
董紹,宗遠
董紹裔,宗先
董紹邦,體安
董維垿,子香,桂城
董綱,萬紀
董綸,誠之
董緗,翰文
董緯魁,斗垣,瑤輝
董繩燾,筱圃,著淸
董繼周,八際,十二,茂文
董繼祖,承芳
董義,肅齋
董羽,仲翔
董羽宸,邃初
董翼,伯隣
董耀,小農,枯匏,繼華
董耘,武子
董聖輔,周左
董肇彤,巳堂
董肇祥,雲亭
董肇胤,里蒙
董自明,鑑翁
董自超,景龍
董與幾,叔存
董興,海寧伯
董良史,邦直
董良玉,楚生
董若,若道
董若洵,景蘇
董茂春,良卿
董荊,宗楚
董莊,仲容
董華鏜,進聲
董蕃,子衍
董藻,潔齋
董虔運,虔運
董行之,達夫
董裕,惟益,擴庵,擴菴
董裴,國苞
董觀,坦叔
董訥,仁甫
董誠,友道
董誥,文恭,柘林,蔗林,西京,雅倫,雅綸
董說,若雨,雨庵
董誾,方南
董謙,受益
董豫,德和
董貽清,叔純
董賓卿,幾道
董贊襄,鷺班
董起予,卜公
董起龍,乘六
董超然,定園,晉卿
董越,尚矩,文僖
董逄慶,吉軒
董逌,彥遠
董通,彥達
董連陞,允恭
董進第,子庸
董遂,叔良,荊埜
董遇春,忠德
董道權,巽子,秦雄,缶堂
董道醇,子儒
董道隆,德從
董達存,丙齋,華星
董達章,定園,超然
董遠,仁仲
董遵,東湖,道卿
董選,叔仁
董邦用,威卿
董邦畿,心齋
董邦禮,希伯
董邦達,孚存,學存,文恪,東山,爭存,誠齋,非聞
董鄂和爾本,和尔本,棟鄂和爾本,端儼
董鄂托爾歡,董鄂托歡
董鄂新,棣生
董鄂永常,永長
董醇,董洵
董金鑒,竟吾,鏡吾
董鈺,芝齋
董鉞,毅夫
董銖,叔重,槃涧,盤澗
董銳,抑之
董錦章,寓園,蔚堂,襄邨
董錫疇,敘九
董錫齡,錫亭,鶴亭
董鍊金,定香居士,牧堂
董鎋,肅獻
董鎮,仲貞
董鏊,二十二,濟之
董鏞,孟聲,安遇生,臞菴
董鑄,克成
董鑰,十五,啟之
董長齡,子壽
董開宗,葛岩,藝苑
董闇,方南
董阜民,德之
董際旭,複日
董雍,肅卿
董雲書,滌青,靜廬
董雲漢,昭仲
董雲鶴,松筠
董革,彥孚
董韜,廷顯
董養性,邁公
董高,世望
董鯤,化卿
董鳳來,翰青
董麒,壯齋,觀三
董麟,春圃,春園
董黃,律始,德仲,白谷山人
董鼎,季亨,深山
董齡,壽卿
董辰,嗣紳
蒋介石,蒋中正,中正,介石,瑞元,志清,蒋校长,蒋委员长,蒋公
蒙哥,憲宗,桓肅皇帝
蒙大擧,子高
蒙大賚,善卿
蒙天祐,祐之
蒙惠,允濟
蒙正發,聖功
蒙英昂,君恩,宗文
蒙英昴,君恩,宗文,第紹十
蒙詔,廷綸
蒯光典,季述,季逑,理卿,禮卿
蒯希逸,大隱
蒯彥范,燕雛
蒯德標,蔗農
蒯德模,子範,子范,帶耕堂
蒯祖炳,繡谷
蒯祥,廷瑞,蒯魯班
蒯貞幹,嘯樓,虎岑
蒯賀孫,士薌
蒯越,異度
蒯關保,小崖
蒲丙,性夫,第大,茂林
蒲凝重,鎮之
蒲卣,君錫
蒲堯仁,傅叟,嵓英,彥性,第小五
蒲堯章,岩慶,彥成,慶哥,第小三
蒲壽宬,心泉,蒲壽晟
蒲壽庚,海雲
蒲宗孟,傳正,恭敏
蒲察文政,景儀
蒲察菘,叔成,武敏
蒲師道,叔範
蒲心豫,有亭
蒲忭,南園吏隱,快亭
蒲慎密,叔榮
蒲拱壬,子修,珪郎,第震一
蒲松齡,劍臣,柳泉,留仙,聊齋
蒲松龄,留仙,剑臣,柳泉居士,聊斋先生
蒲榮午,榮慶,煜父,燁父,直道,第三
蒲殿俊,伯英
蒲澤,仁伯
蒲生汶,若濁
蒲立德,東谷,毅庵
蒲箬,磊軒,青笠
蒲華,作英,胥山外史
蒲輪聘,侍三
蒲道源,得之,順齋
蒲遠猶,介輿,仲俞,仲輿
蒲鋼,南金
蒲鍾乾,健行
蒲開宗,先之
蒲震槱,伯震,國華,第三,震子
蒲預麟,蒲趾孫
蒲鳴鳳,彥朝,第五
蒿賓,大賓
蓋向,賓階
蓋國士,居弘,懋賢
蓋崇文,恕菴
蓋巨源,匡濟
蓋方泌,季源,春舫,碧軒,蓋方秘
蓋方琦,棣園
蓋暢,國華
蓋淑,子美
蓋經,德常
蓋芳泌,碧軒
蓋苗,文獻,耘夫
蓋蕃,叔文,希陳
蓼玨,松崖
蔚元康,良甫
蔚彥明,尉彥明
蔚彭齡,壽山
蔚春,景元
蔚昭敏,仲明
蔚祚,天祿
蔚綬,文璽
蔚能,惟善
蔚鍾,萬鍾
蔡㦛,行夫
蔡一楠,廷用
蔡一槐,景明
蔡三樂,菊泉
蔡上宰,星垣
蔡上翔,元鳳,東墅
蔡世佐,恆齋,輔臣,黼辰
蔡世忱,鎔齋
蔡世悅,銘溶
蔡世新,少壑
蔡世松,伯喬,友石,壽公,聽濤
蔡世浩,蔡世培
蔡世紱,石坪
蔡世芳,芝田
蔡世英,琢軒
蔡世遠,梁村,聞之
蔡中,庸可
蔡中孚,信之
蔡乃煌,伯浩,克儉,絜園
蔡之定,生甫,麟昭
蔡之沔,漢卿,漱菴
蔡之銘,琴叔
蔡九洲,麟宸
蔡乾,汝健
蔡乾釜,宜享
蔡二七,顯繍
蔡于穀,虞璧
蔡亨,南洲,嘉會
蔡亨嘉,元會
蔡京,元長
蔡亮,玉峯
蔡仁,和仲
蔡仕丹山,藐村,虛白堂
蔡以修,秋圃,耘圃,耘園,耘圖,芸固,芸園
蔡以倬,卓人
蔡以偁,季舉,黃樓
蔡以恒,五峰,景憲,汝久
蔡以瑺,季珪
蔡以章,忠貞
蔡以臺,季實
蔡仲光,大敬,子伯,謙齋
蔡仲平,仲平
蔡仲舒,正臣,王臣
蔡仲龍,子奇
蔡任,子重
蔡伯俙,景蕃
蔡伯烯,景蕃
蔡伸,伸道,申道
蔡似,如君
蔡佃,耕道
蔡作杞,南有
蔡作桂,儲五,綠野
蔡佩,子佩
蔡佳,爾嘉
蔡信義,近安
蔡傳,永翁
蔡傳奎,文雨,斗南,縵廬
蔡傳梅,嶺香,未羹
蔡僻,子正,蔡闢
蔡儒楷,誌賡
蔡元偉,伯詹,松莊
蔡元冲,希真
蔡元卿,長叔
蔡元友,石舟
蔡元培,蔡孑民,鹤卿,仲申,民友,孑民,鹤庼,周子余,周子餘,蔡振,鶴卿,鶴廎,鶴青
蔡元定,季通,文節,牧菴,西山先生
蔡元宸,紫楓
蔡元導,濬仲,濬沖
蔡元康,君濟
蔡元方,安禮
蔡元春,育奇,芷衫
蔡元美,二十,子仁
蔡元銳,北濠
蔡元陵,定庵,定菴
蔡元鼎,蒙齋先生
蔡元龜,君寶
蔡充,公度
蔡兆槐,植三,蔭卿
蔡兆熊,守愚,文虞
蔡兆豐,雪餘
蔡兆輅,樸庵
蔡克廉,可泉,道卿
蔡公湛,澹然
蔡共武,敬之
蔡其潮,十四,時信
蔡其聰,思齋
蔡兹,光烈
蔡冠卿,元輔
蔡凝,西巖
蔡則文,誠齊,誠齋,調齋
蔡力,至夫
蔡勝之,景杜
蔡升,徵元
蔡升元,徵元,方麓
蔡卞,元度,文元,文正
蔡叔逵,于漸
蔡召南,二風
蔡召棠,少蓮
蔡可教,子受
蔡可義,蔡義可
蔡可賢,子齊,聞吾,見菴
蔡可遠,致夫,齊峰
蔡同春,咸光,普旭,硯農
蔡向,淨空居士,瞻明
蔡君長,義首
蔡和,廷傑,白石先生
蔡哲,克智
蔡啟僔,崑暘
蔡善述,孝先
蔡嗣祖,基先
蔡嘉佺,子卓
蔡嘉禾,吟香,遂生,香吟
蔡國喜,月卿
蔡國炳,誠中
蔡國熙,夢羲
蔡國珍,恭靖,汝聘,見麓
蔡國琳,春岩,玉屏
蔡國瑚,寶厓
蔡國用,文恪,正甫,靜原
蔡國祥,瑞庵
蔡國齡,長卿
蔡培,岵瞻,蓉塘
蔡基,壁山,璧山
蔡場宗,賡堂
蔡壁,蒲齋
蔡士實,文光
蔡士端,蔚侯
蔡士舢,蘋仙
蔡士英,伯彥,滕王閣,襄敏,魁吾
蔡壽,懶齋,耆之,襄靖
蔡壽祺,梅盦,楳菴,眉安,紫翔,蔡殿齊
蔡壽臻,鶴君
蔡夑昌,裳萼
蔡夢熊,璜溪
蔡夢說,君弼
蔡夢齊,覺我
蔡大用,道行
蔡大醇,希孟
蔡天球,承寰
蔡天祐,天佑,成之,承之,石岡,石岡書屋,石崗
蔡天祥,君瑞
蔡天經,元愷
蔡天鈞,蔡天均
蔡太初,履翁
蔡奕,如晦,如誨
蔡奕璘,西村
蔡如松,勁節
蔡如玉,亦環
蔡如珍,梅魁
蔡如筠,竹笙
蔡如蘅,湘生,結芬
蔡如蘇,南坡,雨坡
蔡始權,秋航,秋舫
蔡娟娟,嫣然
蔡婉羅,仙季
蔡孔緒,心樵
蔡季謨,君貽
蔡學川,海城,百泉
蔡學洙,阜亭
蔡學海,靜甫
蔡守,哲夫,寒瓊,寒翁
蔡守愚,發吾,體言
蔡安國,訓伯
蔡安持,資中
蔡完,人備
蔡宗健,希元
蔡宗兗,二十二,希淵,我齋,葉宗兗
蔡宗吉,善餘,松村
蔡宗周,敬冕
蔡宗堯,東郭子
蔡宗岱,東屏
蔡宗德,兼峰
蔡宗柱,砥齋
蔡宗禮,彥文
蔡宗端,愚溪
蔡宗茂,小石,禧伯
蔡定,元應
蔡宣之,德修
蔡家玕,玉山
蔡家玨,玉山
蔡家琬,右峨,陶門弟子
蔡家駒,在谷,昂若
蔡寅,冶民,懷廬,淸任
蔡寅斗,九賓,芳三
蔡密,鹿峰
蔡寵,寵三,戄生,蘭臞
蔡寶仁,少海,心存
蔡寶善,孟盦,師愚
蔡居中,正夫
蔡居厚,寬夫
蔡屛周,二白
蔡履元,梓南
蔡履忠,惟精
蔡崇敏,崇敏
蔡嵩,中巖
蔡嶸,山甫
蔡希周,良傅
蔡希寂,蔡四
蔡希逸,僧隱丘,隱丘,隱石
蔡希點,子與,春山
蔡幼學,文懿,行之
蔡序,則殷
蔡康國,儒效
蔡延慶,仲遠
蔡廷弼,酋山
蔡廷治,潤汝,瞻岷
蔡廷秀,君美
蔡廷臣,藎卿,藎臣
蔡廷蘭,秋園,香祖
蔡廷衡,咸一,小霞
蔡彌邵,元德
蔡彬,清卿
蔡彭,敦賢
蔡彭胤,仲耆,希菴,恩窩
蔡待時,元晦
蔡得沂,詠而,雩潭,鶴汀
蔡復一,元履先生,敬夫,淸憲
蔡復元,淑仁
蔡復初,明善
蔡復午,中來,仲蘭,佇蘭
蔡微,希元
蔡徵藩,且園,价斯,价期,蔡國瑛,薇堂,韋堂
蔡德勝,直之
蔡德晉,仁錫,宸錫,敬齋
蔡德榮,景華
蔡德芳,英其,香鄰
蔡德馨,惟明
蔡必勝,直之
蔡志學,及之,如心
蔡志諒,直卿
蔡忠淇,菉泉
蔡忱,仲孚,孝孚
蔡念慈,劬菴,劬葊,慰曾
蔡念成,元思,蔡念誠
蔡思穆,夢敬,熙垣
蔡思義,貴仁,近仁
蔡悉,士備,士皆
蔡惟亨,永嘉
蔡應嵩,少起,錫影
蔡應科,思盛
蔡應麟,子瑞
蔡應龍,勇介
蔡懋,蔡渭
蔡懋德,公虞,忠襄,維立,雲怡
蔡懌,樂道
蔡成,元美
蔡戡,定夫
蔡承先,孝彦
蔡承志,楊巖
蔡承植,以發,槐庭
蔡承甲,青沙
蔡承禧,景繁
蔡承雲,景軒
蔡抗,子直
蔡披,明發
蔡拯,仲仁
蔡振先,德揚
蔡振武,宜之,麐洲,麟洲
蔡挺,子政,子政(正),子正,子致,敏肅
蔡捷,步仙,羽仙,雲心
蔡揆忠,兆唐,貞石
蔡揚金,子礪
蔡攸,居安
蔡放,天固
蔡效敏,樹園
蔡效毓,樹園
蔡敘功,剋齋,堇坊
蔡敦仁,柳泙,柳萍,槐莽
蔡文,煥卿,熐卿
蔡文恭,蔡允恭
蔡文田,心畬,紫岩
蔡文範,伯華,道華
蔡文聰,明仲
蔡文鑫,兼三,緘三
蔡文魁,國華,斂齋
蔡文龍,景荀
蔡斗移,元運
蔡新,德民,耐庵
蔡方炳,九霞,息關學者
蔡旦才,扆業
蔡旻,蔡明
蔡昂,惟中
蔡昇,景東
蔡昌謀,商可
蔡明復,以脩
蔡昕,景叔
蔡映辰,浣雪,貞敬
蔡春台,季實,蘭圃
蔡時,純中
蔡時田,修來
蔡時豫,粒齋
蔡時鼎,台甫
蔡晉瑞,芝生
蔡晟,文輝
蔡暹,文暉
蔡曾,子飛,東郭居士
蔡有喜,仲懼,蕳軒
蔡本,敦夫
蔡本俊,千之
蔡本崇,抑齋,柳賓,祁齋
蔡本端,幼貞
蔡本謙,梁海
蔡杞,榮卿
蔡杭,久軒,仲節,文肅,蔡抗
蔡東藩,椿壽
蔡杲,特明
蔡松年,伯堅,蕭閑老人
蔡枏,堅老,雲壑道人
蔡柏,武子
蔡栐林,伯寧
蔡栻,元敬
蔡格,伯至,素軒
蔡桓,宣卿
蔡梅,龍南
蔡楙,子後,栢浦,歸隱子
蔡榮,榮之
蔡榮春,悔川,梅川
蔡榮錫,春溪
蔡槐,月湖
蔡樞,子應,子歷
蔡模,子範
蔡樸,子初
蔡橚,一強,子強,蔡桓
蔡權,仲平,靜軒
蔡欽,懋鄰
蔡正孫,粹然,蒙齋,蒙齋野逸
蔡正笏,書存,松亭
蔡步瀛,仙舟
蔡步鑣,少卿
蔡武,允夫
蔡毅中,中山,中山先生,宏甫,弘甫,文莊,濮陽子
蔡毓榮,仁庵,仁菴,竹庵,顯齋
蔡氏(蔡英俊女),蔡氏
蔡汝弼,清泉
蔡汝懋,召泉,茗泉
蔡汝揆,君審,愚泉
蔡汝楠,子木,白石
蔡汝賢,思齊,用卿,龍陽
蔡沆,復之,復齋居士,蔡知方,虞知方
蔡沈,九峰先生,仲默,文正,蔡沉
蔡洪哲,中菴居士,無悶
蔡洸,子平
蔡浩然,養正
蔡淇,竺溪,衛川
蔡淑,種蘭女史
蔡淑貞,湘雪
蔡淑逵,子正,雲衢
蔡淮,弘甫,念質
蔡深,淵仲
蔡淵,安齊
蔡清,介夫,文莊,虛寶,虛齋先生
蔡湍,子東
蔡湘,竹濤
蔡溎,視侯,青岩
蔡源,濟父,第七
蔡溶如,伯雪,元度,蓼庵
蔡漴,慶崇
蔡漸,進之
蔡潤琛,佛華
蔡潤石,玉卿
蔡潭,熙山
蔡潮,巨源,日源,霞山
蔡澤苕,伯穎
蔡濟芳,佩琴
蔡瀾,安齋
蔡炯,令璋,蔡烱,雲橋
蔡炳墉,定侯
蔡炳揚,敬庭
蔡炳榮,舜臣
蔡為章,紫岑
蔡為都,孟侯
蔡烈,文繼,鶴峯先生
蔡無擇,彦誠
蔡無逸,居敬,逸溪
蔡煌,景和,樵坡
蔡煒,璞如
蔡煜,晦叔
蔡煦,葵亭
蔡熖,騰光
蔡熹,守愚
蔡燮,季新,耘梅,鼎臣
蔡燮昌,耀甫
蔡燿孫,藜生
蔡獻臣,虛臺
蔡玉卿,潤石,閨閣鐵漢
蔡玉生,冷香
蔡玉華,山函
蔡玉音,鳴鸞
蔡玠,錫卿
蔡珏,玉父,珍父
蔡珪,正甫
蔡珵,德輝,榮哥,第五
蔡珽,季子,守素堂,松山,無動居士,無勤居士,禹功,若璞
蔡理經,道秀
蔡琦,魏公
蔡琬,季玉
蔡琮,應崑
蔡琰夫,左賢王
蔡琳,子韓,紫函,龢甫
蔡瑋,寶臣,璞如
蔡瑗,希蘧
蔡瑛,子華
蔡瑜,叔瑾
蔡瑞山,芝圃
蔡璇,夢芙,燮堂
蔡璉,鶴亭
蔡璋,特甫
蔡璧,君宏,武湖
蔡瓊,崑圃,漁庄,漁莊
蔡瓊枝,既森
蔡瓊珠,閬培
蔡瓏,文舟
蔡用乂,行甫
蔡用之,宗野
蔡畋,升之
蔡畹,子蕙,滋園
蔡登,必先
蔡發,牧堂老人,神與
蔡發軔,松翠
蔡相,元鼎
蔡碧吟,翠暎
蔡確,忠懷,持正
蔡祖庚,小白,鷲岩
蔡祚熹,君晦,在朱
蔡福嗣,皇父
蔡秉公,雲石
蔡稟,淳之
蔡端,清華
蔡箎,仲吹,石頑,竹孫
蔡範,遵甫
蔡系周,伯子
蔡紫瓊,玉婷,繡卿
蔡紹江,伯澄,小沙,曉沙,淸夫
蔡紹洛,季瞻,思無邪齋,蓮橋
蔡紹淵,靜夫
蔡結,國凝
蔡絛,百衲居士,約之
蔡經,半洲,子緯,廷彛,廷彜,廷彝,張經,襄愍,襄敏
蔡維寅,賡庵
蔡維新,柳堂
蔡維鈺,其相
蔡繼場,浣霞
蔡繼琬,韻真
蔡群,倩鶴
蔡義醇,飲如,飲紀
蔡羽,九逵,左虛子,林屋山人
蔡翥,雛文
蔡而㷷,潤生
蔡而烜,升薇
蔡聖龜,用九,知非齋
蔡聘珍,笛椽
蔡聯芳,雙峰
蔡肅,克恭
蔡肇,天啓,天啟
蔡肇慶,以祥
蔡興,亨隆
蔡興楷,則山,屺思
蔡良慶,黃良慶
蔡良輔,汝弼
蔡芳春,怡園
蔡芸,仲芬
蔡茂春,元卿
蔡茂芝,瑞亭
蔡茲,光烈
蔡萊,望彭
蔡萬,一之
蔡萬里,巨卿
蔡蒙,時中
蔡蒙叟,貞白子
蔡蔚,文貞
蔡蕃,晉如
蔡蕙清,元善
蔡薦,子賢
蔡薿,文饒
蔡蘭芳,薰堂,邊堂
蔡處冲,蔡處中
蔡行基,德業
蔡衍,孟軎
蔡衍鎤,宮聞,操齋
蔡衡,子正
蔡衢,子亨
蔡裕後,伯昌,文惠,湖洲
蔡褒,子章
蔡襄,君謨,忠惠
蔡覲華,弼齋
蔡覺春,完冲,繡石
蔡訓,君立
蔡詠,永言
蔡誌,克存
蔡誦芬,省庵,肖庵,肖菴
蔡說,子難,蔡詵
蔡説,子難
蔡諒,守信,首陽居士
蔡謙吉,吉元
蔡豐登,蔗田
蔡象衝,松墅
蔡貞媛,師桓
蔡貴易,爾通,肖兼,邇通
蔡貴河,多義堂,貞義
蔡賓興,邃園
蔡賡良,潤權
蔡賡颺,金和,雲士
蔡贊,成位
蔡軒,伯昂,伯昴
蔡載,天任
蔡輔,咨政
蔡迨,肩吾
蔡述謮,定齋
蔡逢年,硯農
蔡逢恩,荷溪
蔡逢時,應期
蔡逢甲,國賢,棄夫
蔡道恭,懷儉
蔡道憲,元白,復一,忠烈,江門
蔡道隆,希阜
蔡遠,梅圃
蔡遷,安遠侯,武襄
蔡邦潘,于藩,寒井
蔡郁,文卿
蔡金臺,子臤,燕孫,燕生
蔡鈞,及心,易園
蔡鉞,實田,寶田,滋塘
蔡銓,選之
蔡銘,公紀
蔡錕,玉才
蔡錦泉,文淵,春帆,聽松山館
蔡錫,太白樵隱,廷予
蔡錫申,嶽屏
蔡鍊,懋成
蔡鍔,松坡
蔡鍾,伯蕖,峻民,澥峰
蔡鎬,正之
蔡鎮,定南,撫丞
蔡鏡泉,菱洲
蔡鐸,振之
蔡鑰,伯啟
蔡鑾登,蔗田,金殿
蔡锷,蔡松坡,松坡,艮寅,奋翮生,击椎生
蔡長沄,剋齋,巨源
蔡長澐,克齋,巨源
蔡開,子明
蔡閎,彥高
蔡閏,小秋
蔡闢,子正
蔡雄,州別駕
蔡雲,青岩
蔡雲從,亦飛
蔡雲漢,九節
蔡雲程,亨之,鶴田
蔡雲翰,九節,蔡蒲
蔡需,時用
蔡霆發,子飛
蔡震,康僖
蔡震亨,忍菴
蔡震蘭,湘岩
蔡霖,洪濟
蔡霖奏,王霖奏
蔡靉,天章,希顏,洨濱先生
蔡靖,文簡
蔡鞏,信道
蔡韞,蔡緼
蔡韶清,以寧,愛廬,穆如
蔡順孫,蔡順
蔡養晦,益善
蔡餘慶,從善
蔡馨仙,字芸
蔡馨明,克明,嶇陽
蔡騶,靜憲
蔡驥德,鶴舫
蔡驥良,劉驥良
蔡高,君山
蔡鴻儒,蒹秋
蔡鴻升,漸亭
蔡鴻業,廣勤,西齋
蔡鴻藻,佩玉
蔡鴻鑒,季白,菉卿
蔡鵬,鴻賓
蔡鵬南,孫程,秋溟
蔡鵬飛,梅茵
蔡鹿芝,壽仙
蔡麟,文瑞
蔡黃裳,叔文
蔡黻,思敬
蔡齊,子思,忠肅,文忠
蔡齊基,夢傳,夢得
蔣一元,丹臺
蔣一璁,豈石
蔣一鳴,鶴畢,鶴皋
蔣三益,子謙
蔣三近,爾德
蔣世傑,俊民
蔣世勲,菊仙
蔣世珍,君聘
蔣中和,位公,本達,蘊幾
蔣之奇,文穆,穎叔
蔣之秀,鍾岳
蔣之翹,楚墀,石林
蔣之菘,秋田
蔣之逵,佚圃,雲九
蔣之驎,龍友
蔣乾,天行
蔣予潘,春屏
蔣予蒲,元庭,南樵,沅庭
蔣亨,原貞,為齋
蔣仁,釧師
蔣仁榮,彬亭
蔣仁瑞,一樵
蔣以忠,伯孝,子孝,存方,貞菴
蔣仲武,放魔子
蔣伊,莘田,謂公
蔣伫昌,占五,與堂
蔣佐光,賓日,邠石
蔣作梅,念亭,汝和
蔣作楫,巖升
蔣作賓,雨岩
蔣作錦,書農,裁庵,雲卿
蔣俞亮,寅生
蔣信,卿實,正學先生,道林
蔣修,潔操
蔣偕,齊賢
蔣健岐,曉山
蔣偰,敷五
蔣傅,蔣傳,象夫,象山
蔣傳燮,和卿,理堂
蔣儀,象之
蔣儀用,序堂
蔣億,仲永
蔣允升,季高
蔣允濟,德施
蔣允焄,為光,金竹,霞峯
蔣元,亨之
蔣元中,元中
蔣元傑,仁甫,冠雋,鶴賓
蔣元封,肇康,韶岡
蔣元樞,仲斗,香巖
蔣元溥,譽侯
蔣元燨,聚菴
蔣元益,希元,志雅齋,時庵,時菴,淸雅堂,漢卿
蔣元龍,乾九,春雨,雲卿
蔣兆奎,疇南,聚五
蔣兆蘭,香谷
蔣兆鯤,南溟,漢槎,瀚槎
蔣兆龍,御六
蔣光彥,九覲
蔣光焴,吟舫,寅昉,敬齋
蔣光煦,別下齋,商觚周鼎秦鏡漢甓之齋,宜年堂,寶米室,愛筍,愛荀,慎習堂,拜經樓,放庵,放庵居士,日甫,東湖草堂,生沐,生沭,花事草堂,雅山
蔣光祖,敬齋
蔣克勤,德敏
蔣公順,一齋,成父
蔣其暉,孟坡
蔣其章,公質,子相,質庵
蔣具瞻,德微,德敬
蔣冕,啟端
蔣凌漢,節甫
蔣凝,仲山
蔣凝學,之純,先民,純之
蔣勛,世功
蔣勳,子忠
蔣勵宣,德昭
蔣勵容,德載
蔣勸能,汝才,雲龍
蔣南棠,樹森,樹聲
蔣占鼇,九雲,立雲
蔣卯發,伯瑛,伯英,元叔,第二十六
蔣原培,叔同
蔣叔虎,周卿
蔣叔輿,存齋,少韓,德詹
蔣合,玄符
蔣吉,蔣佶
蔣吉相,廸卿,溪逸,蔣吉
蔣同仁,公甫
蔣名甲,五峰,東元
蔣名登,高卿
蔣名芳,華亭
蔣和,笙伊,聲依
蔣和寧,畊叔
蔣啖,玉映
蔣啟勛,鶴莊
蔣啟奐,少麓
蔣啟敭,問梅軒,怡圃,明叔,玉峯,玉峰,研三
蔣啟鍔,心蓮,蓮浦
蔣啟鍹,燮泉
蔣啟鎮,燮泉
蔣喜,玄符
蔣四洲,南河
蔣因培,伯生
蔣國亮,信儕,觀雲
蔣國光,仲賓,太嘉
蔣國平,平叔
蔣國榜,蘇盦
蔣國琳,玉庵,玉菴
蔣國英,藹堂
蔣國華,益齋,遜儒
蔣園,粹仲
蔣圓,粹仲
蔣圓明,寂照
蔣圻,甸若
蔣坎,十一,澄江,養孚
蔣坦,平伯,藹卿
蔣垣,次斗
蔣埴,肅齋
蔣培,碧山
蔣培澤,介青,耕孫
蔣基,亦堂,肯庵
蔣堂,子中
蔣堅,適園,非磷
蔣塞翁,蔣曠生
蔣壁方,輯廷
蔣士,超亭
蔣士元,君弼,念山
蔣士松,遇春
蔣士桐,詠春
蔣士棟,留春
蔣士榮,仲懷
蔣士權,伯衡
蔣士璋,特軒
蔣士銓,喻義齋,孤鳳皇,定甫,心餘,忠雅堂,新畬,淸容,紅雪樓,絳雪樓,苕生,藏園,離垢居士
蔣士驥,北野,石楓
蔣夢仙,長白女史
蔣夢震,震卿
蔣夢龍,十一,子徵
蔣大中,栢原
蔣大忠,心湖
蔣大成,展亭
蔣大謨,吉先
蔣大錫,範齋
蔣大鏞,九山,和叔
蔣天則,元用
蔣奇芬,美生
蔣奎樓,蔣邨,西屏
蔣如燕,桂軒,荏軒
蔣姜崇禮,受之,壽之,文恪
蔣婇屏,文仙,耐經
蔣婉貞,清嫫
蔣子正,全愚,平仲
蔣子濬,晚莊
蔣孔暘,君和,悟菴
蔣存誠,秉信
蔣孝,惟忠
蔣孟育,恬菴,道力
蔣季錫,蘋南
蔣學堅,子貞,懷亭,石南老人
蔣學溥,澤山,莪廬,長孺
蔣學鏞,千之草堂,樗庵,樗菴,潛園,聲始
蔣學鏡,娥野,用照
蔣守約,德簡
蔣安,仁伯
蔣宏德,宇善,沙溪
蔣宏憲,笠庵,萬為
蔣宗元,善卿
蔣宗文,東莊
蔣宗海,天津,星岩,春農,歸求老人
蔣宗漢,壯勤
蔣宗瑛,大玉,玉海
蔣宗簡,敬之
蔣宗魯,道父
蔣宛儀,琴川女史,芝生
蔣宜,悟真
蔣宣奇,永公
蔣宥,朝恩
蔣宮,伯雝
蔣容,德夫
蔣寅,亮天
蔣寶,研齋
蔣寶琛,琬堂,贐夫
蔣寶素,問齋,帝書
蔣寶齡,子延,有筠,霞竹
蔣尚功,敏有
蔣尚恆,達夫
蔣居仁,安道
蔣山,得之
蔣山卿,南冷,子雲
蔣岷,孟谷
蔣峴,伯見,四勿先生
蔣崇,伯尚
蔣嵩,三松
蔣嶟,子岩,雲壑
蔣左賢,梅邊女史,翰香
蔣希孔,以中
蔣希宗,恪庭
蔣師堅,仲乂,仲義
蔣師爚,慕劉,慕川,晦之,東橋
蔣師軾,幼瞻
蔣師轍,紹由
蔣師顏,希賢
蔣平階,大鴻,雯階,馭閎
蔣幹,子健
蔣庚,西叟
蔣康國,彥禮,鼎山,鼎山先生
蔣廣明,朗亭
蔣廷恩,傳元,華輝,香社
蔣廷慧,樂溪
蔣廷憲,樂溪
蔣廷玉,太璞,連玉
蔣廷秀,竹逸
蔣廷英,致堯
蔣廷貴,元用,原用
蔣廷錫,南沙,南河,揚孫,揚生,文肅,西君,西谷,酉君,青桐居士,青桐軒,青桐閣
蔣廷黻,盥廬,直博,稚鶴
蔣式瑆,性甫
蔣式瑜,霽懷
蔣式芬,亦璞,挹浮,桂山,毅圃,淸箎,蓮溪,藝圃
蔣弘德,宗善,少溪,蔣宏德
蔣弘憲,成甫,笠澤
蔣弘緒,懶菴
蔣弘道,扶三,扶之,蔣宏道,裕庵
蔣彝,子有
蔣彤,丹棱
蔣彬,原中
蔣彬若,山樵,次園
蔣彬蔚,子良,芷果,頌芬
蔣徑,蓂青
蔣復,象新
蔣復安,蔣幅安
蔣復焻,勖齋
蔣徵蒲,劍池
蔣德,敬持,秋經
蔣德宣,子浚
蔣德昌,海門,聿修
蔣德璟,八公,申葆,若柳
蔣德鈞,少穆
蔣德馨,候恬,厚田,心薌
蔣徽,琴香,石溪漁婦
蔣必勝,質甫
蔣志凝,子於,淡懷,老痴
蔣志垣,懋齋
蔣志章,僕山,恪卿,文恪,樸山,璞山,蔣志惇,蔣志淳,蔣志湻
蔣忠,尚勤
蔣思孝,移之
蔣思超,卓軒
蔣性中,用和
蔣恩來,湛群,銘齋
蔣恩濊,酉泉
蔣恭,一菴,肅之
蔣恭亮,賓梅
蔣恭棐,維禦,迪甫
蔣悌生,叔仁
蔣惠,貴和
蔣慶均,春祺,琴史
蔣慶第,季萼,杏坡,著生
蔣慶錫,筍巖
蔣應期,汝昌
蔣應焻,元揆,季昌
蔣應震,蟄甫
蔣應麟,瑞之
蔣懷德,十四,維寧
蔣懷芝,芝室
蔣成,公輔
蔣成生,再山
蔣扶,玉大
蔣拭之,季眉,蓼厓
蔣拱宸,蔣拱辰
蔣拱寅,仲奎,第十四,道夫
蔣振鷺,子羽
蔣捷,蔣挺
蔣操,修端
蔣攸銛,礪堂,穎芳,繩枻齋
蔣敘倫,蕉軒,錫九
蔣敦復,劍人,江東老劍,純甫
蔣敬源,迪村,遙材
蔣敬章,敬章
蔣敬紳,建侯,荔孫
蔣敵,宗仁
蔣敷,宗德
蔣文,素公
蔣文慶,忠愨,糺雲,蔚亭,賁園
蔣文旭,公旦
蔣文會,仲友
蔣文源,坦庵,騫友
蔣文煥,彥章
蔣文瑪,琰期
蔣文益,明輔,釣耕堂
蔣文質,彬夫,蒼巖
蔣斌,文叔
蔣方增,祿初
蔣方正,元峰
蔣方震,澹寧,百里
蔣旦,澹然
蔣昂,用璋
蔣昇,梅軒,蔣昪,誠之,賓暘
蔣昌道,亢宗,友松,叔安
蔣明,奎章
蔣明之(字),明之
蔣明允,鏡秋
蔣明遠,月川
蔣易,前民
蔣春芳,實伯
蔣春霖,水雲樓,鹿潭
蔣昪,誠之
蔣昺,克明
蔣時馨,德夫,蘭居
蔣景,養齋
蔣景祁,京少,荊少
蔣智由,性遂,觀雲
蔣暉,廷暉
蔣暘,文輝
蔣曉,堯臣
蔣曙,景明
蔣曰綸,寄園,寄圜,梅芳老人,金門,霽園,霽圜
蔣曰豫,侑石,後白石生
蔣書升,清溪
蔣曾煌,星環,珊漁
蔣曾爚,德昭,竹浦
蔣有光,裕侯
蔣有秋,力父
蔣朋龍,飛卿
蔣杰,美若
蔣東才,軼衆
蔣杲,子遵,篁亭
蔣松魁,仲方
蔣林,元楚
蔣某,某新
蔣桐,子培
蔣棻,南陔,畹仙
蔣楛,天涯布衣,荊名,荊民
蔣業晉,立厓,紹初
蔣業謙,湛華
蔣業鼎,升枚,升梅
蔣楷,子芳
蔣榮昌,霄峰,霞峯,霽雲
蔣榮親,茂仁
蔣槩,康叔,蔣概
蔣槮,季長,順師
蔣樹本,卓如
蔣機,若衡
蔣檙,伯欽,作梅
蔣欽,公奕
蔣欽宸,肅公
蔣毓英,集公
蔣氏,慈孝貞順仁敬誠一安天誕聖獻皇后
蔣氏(徐迪妻),柏夫人
蔣氏(朱祐杬妻),慈孝貞順仁敬誠一安天誕聖獻皇后,興國太后
蔣永修,慎齋,紀友
蔣永慶,營爵,營齋,瑩齋
蔣永敬,子直
蔣永瑞,含章
蔣永齡,漁生,玉亭
蔣汝僩,毅甫,藝圃
蔣汝瑚,廷器
蔣汝通,亨伯
蔣沁芳,湘仙
蔣沐,澤甫
蔣治安,景誼,景通
蔣泂,愷思,蔣洞
蔣泮,良化
蔣泰,十四,道亨
蔣泰堦,得琴趣齋,泰階,玉調,雲甚
蔣泰增,玉調
蔣洞,愷思
蔣洲,履軒,敬一堂
蔣洽,惟和
蔣洽秀,道周
蔣浚明,彥昭
蔣浤,維深
蔣淑芳,蘭玉,雙雙
蔣淦,汝潔,雙橋
蔣深,樹存,繡谷,蘇齋
蔣清,淡霞
蔣清標,南香,楚材
蔣清瑞,子英,愚溪,純熙
蔣渙,鄭川
蔣湋,彥回
蔣湘南,子瀟
蔣溥,哲甫,恆軒,文恪,質甫
蔣漣,檀人
蔣潤霖,杏漁,養初
蔣澐,秋舫
蔣澤斌,璠章
蔣濙,子川
蔣濟,時望
蔣濟選,覺周
蔣瀜,蔣融
蔣炳,曉滄
蔣炳章,季和,留庵
蔣焉,蔣爲
蔣焞,子厚
蔣煥,支齋,文壽,文齋
蔣照,文若
蔣熊,仲熊
蔣熙,明遠
蔣燦,韜仲
蔣爙,晴嵐
蔣爾琇,秀玉
蔣猷,仲遠,冠權,莊定
蔣玄,子晦,若晦,貞節先生
蔣玉棱,公頗,冰紅詞人,苦壺
蔣玉樹,森庭
蔣玉泉,伯厚,味經
蔣玉珍,西甫
蔣珊,十四,叔珍
蔣珏,伯玉
蔣珙,國信
蔣珣,少泉
蔣珩,東村,荊石
蔣現龍,在田
蔣理祥,吉雲,汝臣
蔣琦淳,月石,琦湻,申甫,蔣琦齡
蔣琦齡,月石,申甫,石壽
蔣琬,敏毅,涼國公,重器
蔣琰,叔圭
蔣瑄,文璽
蔣瑎,夢錫
蔣瑜,純卿
蔣瑞卿,景雲
蔣瑞藻,孟潔,花朝生
蔣瑤,恭靖,石菴,粹卿
蔣瑱,子玉
蔣璧方,輯廷,雲門
蔣璧芳,蔣璧方
蔣璧萬,輔廷
蔣璨,宣卿,景坡
蔣璯,季莊
蔣璿,聖燦
蔣瓊,尚德
蔣用文,武生
蔣疇,嗣昭
蔣益,守謙,裕泉
蔣益澧,果敏,薌泉
蔣真,持志
蔣瞻岵,蓼庭
蔣知廉,修隅,用恥,香雪
蔣知白,君質,蓮友
蔣知節,冬生,秋竹
蔣知讓,師退,藕船太史
蔣砳,泰孫,第一,長卿
蔣碩,仲美
蔣確,於石,石鶴
蔣示吉,仲芳,自了漢
蔣祝,省齋,賡三
蔣祥保,中坡,巾波,甫坡,甫波,申波
蔣祥墀,丹林,散樗老人,盈階,端鄰居士
蔣福陵,伯固
蔣禮,敬之
蔣禹玉,叔寶
蔣秉采,衷白
蔣科,士登
蔣稟,忱甫
蔣穎,蔣顯
蔣立昂,雲樵
蔣立言,蘭泉,蘭皋
蔣立誠,允一,西園
蔣立鏞,序東,笙陔,芝山
蔣端夫(字),端夫
蔣策,四山,簡圃
蔣箴,良規
蔣節,幼節
蔣簡,恆廉
蔣紉蘭,秋佩
蔣素貞,蘭如
蔣紱,洪章,無礙
蔣綬,若齋,茗齊
蔣維培,季卿,寄嶔
蔣維東,孟陽,山長
蔣維楨,之翰
蔣綱,容江
蔣綸,德言
蔣繡徵,蕙芳
蔣繼伯,小寅,曉瀛
蔣繼勛,培元,繩武
蔣繼勳,培元,繩武
蔣繼周,世修
蔣繼煥,仲文
蔣繼珠,椒林
蔣繼芳,五枝,翰池
蔣繼軾,瞻蜀
蔣羽,汝翔
蔣翊謙,地山,池山
蔣翰文,華復,華觀
蔣肇,明五
蔣肇熊,夢祥,芾君
蔣肇齡,伯遐,光廷
蔣胤修,慎齋
蔣臣,一介,子卿,誰庵
蔣至,造之
蔣致大,汝為
蔣致遠,汝靜
蔣興衡,玉亭
蔣舜民,虞中
蔣艮,仲仁
蔣良騏,千之,瀛川,贏川
蔣良鼎,定卿
蔣芝,世和
蔣芸,芹澗先生
蔣芾,肆柯,覺山
蔣若來,龍江
蔣若采,亮揆,少園
蔣英,瞻屺
蔣英元,厚夫,茗生,香泉
蔣茂璧,佩蒼,達宣
蔣華子,公寔,四淸
蔣菼,涵元
蔣萬驥,永年
蔣萼,跗堂,醉園,醉園居士
蔣葵,冰心
蔣蔚,永年,留圃
蔣蕃,邦憲
蔣蕊蘭,玉嫣
蔣蕙,玉潔
蔣薦,君受
蔣薰,丹崖,南弦,毅庵
蔣藩,夢庵居士,恢吾
蔣藹,志和
蔣蘅,拙齋,雲寥主人
蔣蘋,采蘩
蔣蘭蕊,玉嫣,蕊蘭
蔣行簡,仲可
蔣行義,思弼,恪箴
蔣衍升,洗凡,錫蕃
蔣衡,再生人,凵了潭老布衣,函潭老布衣,拙存,拙老人,新凵了,江南拙老,江南拙老人,湘帆,湘颿,蔣振生
蔣詔,伯宣
蔣詩,榆西仙館,泉伯,秋吟,致艮堂
蔣誠,性存
蔣誼,宗誼,宣誼,憨翁,未齋,石屋居士
蔣調,竹塘
蔣謝庭,雲隈
蔣謨,西溪居士
蔣貫,起中
蔣貴,青山
蔣貴斌,香湖
蔣賁,嘉賁,子素
蔣賓坊,俟齋,潁揆
蔣賜榮,戟門
蔣賡紳,蓉懋,蓉樵
蔣賢,仲賢
蔣賢選,金門
蔣赫德,九貞,文端,文肅,蔣元恆
蔣起榮,素行
蔣起溟,龍翔
蔣起蛟,宿伯
蔣超,綏菴,虎臣
蔣超伯,叔起,圃珖巖館,垂金蔭綠軒,榕堂,通齋
蔣趙濟,宜軒
蔣載康,蔣釗
蔣載熹,紫山,霞亭
蔣輪,榮僖,玉田伯
蔣迅雷,聲甫
蔣逢午,君遇
蔣進,巽亭,紉園
蔣達,立人,霞舫
蔣遠發,貽孫
蔣遵箴,十二,淑四
蔣重光,子宣
蔣重珍,一梅先生,忠文,良貴
蔣重申,鶴友
蔣重良,思源
蔣金式,弱六,玉度
蔣金符,合亭,小岑
蔣鈞,公秉
蔣銘,公維
蔣銘勛,亦謝
蔣錫震,契潛,淸溪,豈潛
蔣鍾錤,松土,松士
蔣鎬,實齋,玉節,莘在
蔣鎮嵩,壽山
蔣鎮藩,峨金,適航
蔣鏞,可大
蔣鑑,石溪
蔣鑨,玉淵,馭鹿
蔣長源,永仲
蔣防,子微,子徴
蔣陳錫,來青閣,文孫,雨亭,雨亮
蔣雍,元肅
蔣雍植,秦樹
蔣雝,元肅
蔣雲容,敬亭,瑞章
蔣雲寬,擷五,牧叔,瑞萼堂,臺鼎,蔣雲官,蔣雲寛,退吾,錦橋
蔣雲漢,天章,渝渚老人
蔣雲費,錦橋
蔣震,起卿
蔣震文,巽鄰,霽山
蔣霨遠,勤愨,濂生,雲卿
蔣靆,嫋雲
蔣靖,介青,劍龕
蔣靜,叔明
蔣顒,思誠
蔣騏昌,瑩溪,雲翔
蔣驥,良夫
蔣魯傳,東衍
蔣魯峯,泰瞻
蔣鰲,立之
蔣鱗山,向明
蔣鳳,綠卿
蔣鳳騫,丹峯,翔于
蔣鳴奎,西章
蔣鳴玉,楚珍
蔣鴻林,一枝,抑卮
蔣鴻猷,鏡巖,鏡石
蔣鴻翮,紹孟
蔣鵬南,丹林,雲衢
蔣鶚,考叔
蔣麟昌,靜存
蔣黼,伯斧
蔣龍光,芳萼
蕭,勤齋,勤齋\,惟斗,維斗,貞敏
蕭㵯,漢西
蕭䎖,書亭
蕭一中,執夫
蕭一枝,幹堂
蕭一鶚,爾薦
蕭一龍,雲升
蕭丁泰,吉甫
蕭世京,昌孺
蕭世延,可靜
蕭世昌,榮甫
蕭世木,履之
蕭世本,廉甫
蕭世發,延春
蕭世範,器之,治藩
蕭世貴,錦堂
蕭世賢,梅林,若愚
蕭丙章,無畏,畏之
蕭乃陵,仞屬,仞岡
蕭之敏,敏中,果卿
蕭九峯,壽夫
蕭九成,季成
蕭乾元,必克
蕭仁傑,仲實
蕭仁壽,菊生
蕭仁福,壁光,璧光
蕭介夫,純臣
蕭仕塏,岱亭
蕭令懲,令懲
蕭令臣,禎之
蕭以裕,守弘
蕭企昭,文超
蕭佐,定夫
蕭佑之,蕭祐之
蕭倣,思道
蕭倬,子章
蕭儀,德容
蕭儼,畏之
蕭允文,小虞
蕭元之,體仁,鶴臯
蕭元吉,謙谷,象占
蕭元益,楚材
蕭元禮,蕭思禮
蕭元裕,春旭,朗仙,朗山,梅仙
蕭光勝,雲山
蕭光惠,灃齋
蕭光瑀,子卿
蕭光詠,芳崖
蕭光遠,吉堂
蕭克良,以達
蕭全友,忠義
蕭公餉,濟父
蕭冕,廷冕
蕭凌雲,炳卿
蕭凱,虞佐
蕭勝,玄寂
蕭化基,子固
蕭化桂,秋匡
蕭北野,兀者,北野
蕭南式,孝孺,移忠,第四十二,邦憲
蕭原吉,文振
蕭叔獻,師元
蕭可教,子修
蕭命官,拙修
蕭和韻,吟福,吟舫
蕭哈剌帖木兒,康惠
蕭啓,斯暘
蕭啜不,蕭鉏不,蕭鉏不里
蕭啟,斯暘
蕭啟江,壯果,濬川
蕭啟聖,江西樂安
蕭嗚韶,茘汀
蕭嗣奇,子雲
蕭器用,廷瑞
蕭固,幹臣
蕭國均,秉之
蕭國寶,君玉,輝山
蕭國梁,挺之
蕭國馨,隱之
蕭圖玉,蕭兀衍,蕭烏咽里
蕭坦,履亭
蕭垕,德翁
蕭執,子所,蕭雅言
蕭培元,質齋
蕭培厚,植園
蕭培基,金門
蕭培森,石舟
蕭堅操,耐庵
蕭塔不煙(耶律大石妻),感天皇后,昭德皇后
蕭增光(字),增光
蕭士瑋,伯玉
蕭士資,深可
蕭士贇,粹可,粹齋
蕭壽,君美
蕭夢得,元齋,宗元
蕭夢蘭,湘浦
蕭大亨,夏卿,岳峰
蕭大器,仁宗
蕭大德,壽甫
蕭大才,允成
蕭天瑞,復齋,德祥
蕭奇,廸哲
蕭奇勳,懋建
蕭奇烋,師庭,懋揚
蕭奎,漢文
蕭奎文,衛垣,衡垣
蕭奕輔,翌猷
蕭女＋惠媄,善文
蕭如愚,熙明
蕭如薰,季馨
蕭威,德真
蕭子明,雲光
蕭子隆,雲興
蕭子鵬,宜冲
蕭存,成性
蕭孚泗,壯肅
蕭孝先,蕭延寧,蕭海里
蕭孝忠,蕭圖古斯,蕭撒八,蕭撒板
蕭孟景,時泰
蕭季江,季江
蕭學眘,緘三
蕭守身,尚本
蕭安中,介軒,仲和
蕭宋珍,君瞍
蕭宏,宣達
蕭宏忠,先亭
蕭宗大,南翔,如翰,方山
蕭宗瑀,湄川,玉如
蕭定,彥得,止玄
蕭定基,守一
蕭室魯,蕭實魯
蕭家芝,丹陵,子眉,孝缽,孝鉢,紫眉
蕭宸翰,楊齋
蕭寅,克欽
蕭寬,雅容
蕭寶卷,智藏,東昏侯,東昏煬侯
蕭寶夤,智亮
蕭寶源,智淵
蕭寶義,智勇
蕭寶融,和帝,和皇帝,智昭
蕭尚,子上,贅菴
蕭尹,季野
蕭履中,坦夫
蕭岐,尚人,尚仁,正固先生,正固齋
蕭崇勳,光謙,兩峯
蕭崇業,允修,養乾
蕭崱,則山,大山
蕭嶷,宣儼
蕭巋,世宗,仁遠,明皇帝
蕭巖孫,希說,泰湖
蕭巨源,用溥
蕭常,孟常
蕭幹,蕭回離保
蕭廣昭,文遠,沌口老漁
蕭廣運,省齋,肖齋
蕭廩,兌嵎,可發
蕭延福,子錫,疇九,鶴洲
蕭廷之,了真子,天來,蕭挺之
蕭廷傑,元功
蕭廷對,觀我
蕭建功,懋德
蕭引鳳,光儀
蕭弘愈,中孚
蕭彝,元衷
蕭彥,定肅,宣獻,念渠,思學
蕭彥毓,梅坡,虞卿
蕭彥申,伯生
蕭彥莊,彥莊
蕭彧,文彧
蕭彩,雲塢
蕭從,從義
蕭御龍,乘六,吟臺
蕭復清,獨清
蕭復遠,定侯,耐叟
蕭復陽,道長
蕭徵,公辟
蕭德孫,俊民
蕭德宣,春田,秉哲,雪蕓
蕭德樹,滋齋,豆村
蕭德藻,千巖老人,東夫
蕭德言,文行
蕭必簡,季然
蕭必豫,伯謙
蕭志仁,無惡
蕭念武,月如
蕭忽烈,蕭忽列
蕭思亮,孔明
蕭思溫,蕭守興,蕭寅古
蕭思濬,濟川,齊川
蕭恆,月安
蕭恆德,蕭遜寧
蕭恆貞,月樓
蕭恒,蕭瑄
蕭恒貞,月樓
蕭恭,敬之
蕭惟昌,有慶
蕭惟豫,介石
蕭惠,順成
蕭愁,元將
蕭意文,章甫
蕭慶祺,勳臣
蕭慶高,武毅
蕭憲孫,克有
蕭憲章,乃斌,蘭笙,迺濱
蕭憺,僧達
蕭應坤,寧宇
蕭應宮,伯和
蕭應新,子因,明允,蕭堅
蕭應椿,紹庭,頵公
蕭應蕉,蕭雪蕉
蕭應輝,朗亭
蕭懋嗣,履昌
蕭承之,宣皇帝
蕭拜住,忠愍
蕭振,德起
蕭振峰,孟乾
蕭振漢,子倬,靜齋
蕭掄,冠英,子山,樊村
蕭授,靖襄
蕭排押,蕭排亞,蕭韓寧,蕭韓隱
蕭撒葛只(耶律阮妻),孝烈皇后,懷節皇后
蕭撻里(耶律宗真妻),仁懿皇后,慈懿仁和文惠孝敬廣愛宗天皇太后,貞懿宣慈崇聖皇后,貞懿慈和文惠孝敬廣愛崇聖皇后
蕭敏,淳仁
蕭敏道,曰遜
蕭敬,克恭,梅東
蕭敵魯,蕭敵輦
蕭敷訓,仲畬
蕭文壽,孝懿,蕭皇后
蕭文孫,從周,煥有
蕭文斌,品三
蕭文明,時化
蕭文澤,潤生
蕭文炬,敬亭
蕭文華,蓮溪
蕭文言,開翼
蕭文鉦,梅菴,海菴
蕭斌,得宜,德宜
蕭方智,敬皇帝,穆宗
蕭日章,尚之
蕭昇孫,孚有
蕭明哲,漢船
蕭明善,復初,蕭齋
蕭易,子文
蕭昕,中明
蕭昞,文叔
蕭映,宣光
蕭昭文,海陵恭王,海陵王
蕭昭業,鬱林王
蕭昱,用光
蕭時中,可復,蕭可
蕭時馥,仲香,仲馨,梅生,種香
蕭晅,仰善
蕭晉卿,敔庭,蕭晉蕃
蕭晉昌,耘邨
蕭晉榮,子聖
蕭晚,啓旦,啟旦,東潭
蕭景,思賢
蕭景修,子長
蕭景昭(字),景昭
蕭景能,祥嘉
蕭景訓,希之
蕭書,雲史
蕭書白,肖甫
蕭有勝,敬菴
蕭服,昭甫
蕭本容,德弘
蕭本源,立齋
蕭杞,南甫
蕭杲,十五,彥明
蕭某,敬之
蕭柯,升榮,默菴
蕭棨,符長
蕭椿,曙房
蕭楚,三顧隱客,子荊
蕭榕,講梅,譜梅
蕭榛,南叟,南谷
蕭榮爵,歗篔
蕭樂子,閨子
蕭櫸,南叟,第萬四
蕭歡,安皇帝
蕭正奇,端偉
蕭正模,端木
蕭氏,法願
蕭氏(李伯良妻),蕭妃
蕭氏(耶律倍妻柔貞后),柔貞皇后
蕭氏(耶律倍妻端順后),端順皇后
蕭氏(耶律勻德實妻),月里朶,簡獻皇后
蕭氏(耶律延禧妾),文妃,瑟瑟
蕭氏(耶律撒剌的妻),宣簡皇后
蕭氏(耶律濬妻),貞順皇后
蕭氏(蕭瑀女),法燈,蕭氏
蕭氏(蕭釴女),惠源,蕭氏
蕭氏（唐穆宗貞獻皇后）,三宮太后,積慶太后,貞獻
蕭氏（高宗良娣）,梟氏,淑妃,蕭良娣
蕭永清,廉泉,廣銓
蕭永華,瓊珊
蕭永藻,采之
蕭汝為,叔展
蕭汝芳,斯妍
蕭汝諧,君俞
蕭汝默,時言
蕭汾,守德
蕭沈,德泉
蕭泗水,香泉
蕭注,巖夫
蕭泰來,則陽,小山,陽山
蕭泰夫,宗道
蕭泰登,則平,方厓
蕭洛賓,閱書
蕭洵,公美
蕭浚蘭,薌泉
蕭浮丘,子真
蕭海瓈,蕭寅的哂,蕭雲實
蕭涓,仲將
蕭淇,子美
蕭淦,希孟,溪蒙,養吾
蕭淮,東之
蕭淳,念野
蕭淵,文靜
蕭淵明,肅宗,閔皇帝
蕭溫(耶律德光妻),彰德皇后,靖安皇后
蕭漢,象石,雲濤
蕭漢一,鄂章
蕭漢中,景元
蕭漢傑,吟所
蕭漢儒,定侯
蕭漢申,天錦,紹高,銀槎
蕭潤,仁恩
蕭潭,孟南
蕭澈,蕭三,蕭微,蕭徹
蕭澥,汎之,金精山民
蕭灌,玄茂
蕭炎亨,可則,帶溪
蕭炳揚,勲壇,薰壇
蕭炳椿,梅春,素惇,素村
蕭炳甲,東侯
蕭炳馨,巨菴
蕭為光,珩寅,珩溪
蕭烈,高峰
蕭煒,一齋
蕭煥梁,少瞻,橫陽居士
蕭燧,亨兒,正肅,汝嘉,照鄰,第十八
蕭玄撤,蕭玄徹,虔明
蕭玉銓,夢祥,庚生
蕭珍,延聘,桂齋
蕭珝,公璲
蕭珽,濟川
蕭琚,蕭踞
蕭琛,彦瑜
蕭琦,韓若
蕭琮,孝靖皇帝,溫文
蕭瑀,時文,貞褊
蕭瑞,吉甫,赤山
蕭瑞麟,石齋,錫之
蕭瑤,達文
蕭瑾,梧軒,芝三
蕭璘,文玉
蕭璚,德章
蕭璵,煥如
蕭璿,文憲王
蕭瓊章,伯瑤,鐵帚道人
蕭生,彝翁
蕭用道,坦行
蕭甲叟,存遠
蕭申祿,笠山,自翁
蕭痕篤,蕭兀里軫
蕭癸發,明叔
蕭登生,步瀛
蕭碩,景蘇
蕭確,俊卿
蕭磐,安國,蕭磬
蕭祖琛,石泉
蕭祖程,方泉
蕭祖蔭,小琴
蕭祜,祐之,蕭祐
蕭神奴,蕭照姑
蕭祥曜,文奎
蕭禎,彥祥
蕭福祿,襄恪,雲霞
蕭禹臣,子益
蕭秀棠,廷翰,醒園
蕭秉楷,士端
蕭穆,敬孚,敬甫
蕭穎士,文元先生,茂挺,蕭功曹,蕭十,蕭夫子
蕭立之,冰崖,斯立,泳崖,立等,蕭立等
蕭立夫,興吾
蕭立炎,景霞,鼎年
蕭立等,斯立
蕭竑,立之
蕭端升,曰階,自麓
蕭端蒙,曰啟
蕭端賁,曰質
蕭符,瑞文
蕭紹典,楷堂,芳林
蕭紹棻,芸浦
蕭紹遠,茂弘
蕭統,德施,昭明,昭明皇帝,維摩,高宗
蕭綦隆,崧如
蕭綬,子若
蕭維樞,拱辰
蕭維禎,文昭,維禎
蕭維箕,穉雲
蕭維翰,良甫
蕭維藩,衛垣
蕭綱,世讚,太宗,簡文帝,簡文皇帝
蕭綽(耶律賢妻),承天皇太后,睿德神略應運啟化承天皇太后,睿智皇后,神聖宣簡皇后,蕭燕燕
蕭繕,懿宗
蕭繹,世祖,世誠,元帝,元皇帝
蕭繼先,蕭楊隱,蕭留只哥,蕭繼遠
蕭續,世訢
蕭罕,蕭流寧
蕭義,宜之
蕭翀,春颿
蕭翰,藻香
蕭翰慶,黼臣
蕭翱材,古溪
蕭翼,蕭公芋,體全
蕭耀南,行珊,衡山
蕭耨斤(耶律隆緒妻),仁慈聖善欽孝廣德安靖貞純寬厚崇覺儀天皇太后,仁慈聖善欽孝廣德安靜貞純懿和寬厚崇覺儀天皇太后,欽哀皇后,法天應運仁德章聖皇太后
蕭聖觀,志立,蘭谷
蕭聚崑,玉田,王田
蕭聰,孟奎
蕭肅,善感,德昭,第一,處恭
蕭胡覩,蕭乙辛
蕭膺,次元
蕭與成,宗樂,鐵峰
蕭舜咨,禹平
蕭艮宣,二十三,敷化
蕭良,純如
蕭良城,漢溪
蕭良幹,以寧,拙齋
蕭良有,以占,漢冲,漢衝
蕭良玉,溫泉
蕭良譽,以孚,漢穎,漢頴
蕭良金,季南
蕭芝,崑田
蕭英,文俊
蕭菩薩哥(耶律隆緒妻),仁德皇后,齊天皇后
蕭華翰,守一
蕭菱英,九華女史
蕭蒼,承表
蕭蓮芳,三草
蕭蔭恩,溥原
蕭蔭息,溥原
蕭藻,靖藝
蕭處仁,正已
蕭行可,蕭可行,見仕
蕭行羣,中逸
蕭衍,叔達,武帝,武皇帝,高祖
蕭觀,尚賔
蕭觀音(耶律洪基妻),宣懿皇后,懿德皇后
蕭訛篤斡,蕭興言
蕭許,嶽英
蕭詧（梁宣皇帝）,中宗,宣皇帝
蕭詧（西梁宣帝）,中宗,宣帝,理孫
蕭詩,中素,芷崖
蕭誠意,正甫
蕭説,巖起
蕭諶,彥孚
蕭謙,子豫
蕭護思,蕭延寧
蕭讓,仲謙,忠肅
蕭象烈,無競
蕭貞明,用晦
蕭貫,貫之
蕭貴孫,以吾
蕭貽孫,翼父
蕭賀,慶之
蕭資,深之
蕭賾,世祖,宣遠,武帝,武皇帝
蕭超羣,起林
蕭軫,方叔
蕭軾,仲敬
蕭載揚,雲汀,雲江
蕭轙,師先,蕭曦
蕭近高,抑之
蕭述烈,象先
蕭逢辰,平林,應甫
蕭逵,景伯,靜菴
蕭遍,南紀,文明
蕭道墉,仲蘇
蕭道成,太祖,紹伯,高帝,高皇帝
蕭道生,景皇帝
蕭道管,君佩,道安
蕭道輔,公弼
蕭遘,得聖
蕭遙光,元暉
蕭鄴,啟之
蕭醜奴,忠毅
蕭采,熙績
蕭重光,碧波,邦淸
蕭重望,仰卿,劍斗
蕭鈺,式齋
蕭鉞揚,穎圃
蕭銘卣,松坡,秬香
蕭銘壽,子厚
蕭銘邦,子和
蕭錡,惕齋,景周
蕭錦,子僑,子喬
蕭錦忠,史樓
蕭錫光,宜勉,溪源
蕭鍊,惟柔
蕭鎡,孟勤,尚約,尚約先生
蕭鎮,石舟
蕭鎰,南金
蕭鏘,宣韶
蕭長,元善
蕭長倫,雅林
蕭長懋,雲喬
蕭開,忠叔,忠和
蕭陟,希陞
蕭際韶,鳴球
蕭雅,惟正,雙溪
蕭集,懋成
蕭雋,子武
蕭雍,思賢,慕渠
蕭雙古,蕭恭
蕭雲升,佩尼
蕭雲從,尺木,默思
蕭雲擧,允升,文端,玄圃
蕭雲澤,澹堂
蕭雲舉,允升,公神
蕭雲起,萼齋
蕭雷龍,作霖,芳洲
蕭霖,曙堂,雨垓
蕭青,廷翠
蕭青山,武定
蕭韶,鳳儀
蕭韶鳴,儀九,虞卿
蕭順之,太祖,文皇帝
蕭顏,景淵
蕭顗,子莊
蕭顯,履菴,文明,海釣
蕭駉,頌僖
蕭騰鳳,明仲
蕭體元,善復
蕭鳳文,苞九
蕭鳳翱,翼白
蕭鳴甲,象林
蕭鳴鳳,北斗,子雝,靜菴,靜菴先生
蕭鵬摶,圖南
蕭鵬程,騰九
蕭鶴娘,瓊宜
蕭鸞,明帝,明皇帝,景栖,高宗
蕭鼎,伯鉉
蕭鼎琛,子彝
蕭鼎祜,子聚
蕭龍,宜中
薄少君,西真
薄彥徽,舜美
薄有德,聿修
薄海,圖南,隅谷
薄珏,子珏
薄紹緒,丙南,棣村,餘軒
薄觀成,韶九
薄錫圭,弁如
薛?,東埜
薛一鶚,應薦
薛三才,中孺,仲儒,恭敏,靑雷,青雷
薛三省,文介,魯叔
薛丕謨,嘉猷
薛世堅,仲節
薛世晅,惟焯
薛丹,貞疾
薛之佐,晉卿,鶴齋
薛亨,通衢,道行
薛京,宗汴
薛人鳳,仲輝
薛仁,半仙,子良
薛令之,珍君
薛仲孺,公期
薛价,藩卿
薛侃,中離,尚謙,醫閭先生
薛俅,肅之
薛俊,尚節,靖軒
薛倞,孝廣
薛偉,豐之
薛傳均,子韻
薛傳源,河明,芝堂,資塘
薛價,令菴
薛儀,式之
薛儆,名縝
薛允勛,子勣
薛允升,克猷,剋猷,雲陔,雲階
薛元啟,錦雲
薛元嘏,德操
薛元鼎,叔雲
薛公達,大順
薛兼訓,兼訓
薛凝度,履中,岵亭
薛利和,天益
薛勉,文淸,方叔
薛勳,懋侯
薛參,薛桑
薛叔似,恭翼,文節,象先
薛召,夢亨
薛向,師正,恭敏
薛向寧,明軒
薛向辰,明軒
薛君用,良佐
薛啟榮,伯懌,小倉
薛嗣徽,英玉
薛嗣昌,亢宗
薛國觀,家相,賓廷
薛埴,景口,第一
薛基,德載
薛塾,宗道
薛士彥,道譽
薛士淵,養浩
薛士穎,子淳
薛壽,介伯,砎伯
薛夢桂,叔載,梯颷
薛夢溥,薛夢傅
薛夢熊,子之
薛夢雷,汝奮,鳴宇
薛大中,允執,龍阜
薛大烈,襄恪
薛大猷,嘉甫
薛大經,煥初
薛大觀,爾望
薛大鼎,重臣
薛天祐,安道
薛天華,君恪,思素
薛天鱗,培南
薛奇集,薛奇童,靈孺
薛奎,伯藝,宿藝,簡肅
薛奕,世顯
薛奮生,龍門
薛如淮,東卿
薛始亨,剛生,劍公
薛存敬,聖謨
薛存誠,資明
薛孟,惟亞
薛季卿,公遜
薛季宣,士隆,士龍,文憲,艮齋
薛季良,傳叟
薛守經,子權
薛宗周,少軒
薛宗鎧,子修,子脩,東泓
薛寀,歲星,諧孟
薛寘,持志,雲齋
薛寧廷,洛間山人,補山,退思
薛寶田,心農
薛寶辰,壽萱
薛將,景方
薛尚功,用敏
薛尚忠,菊人公
薛尚義,仲行
薛居寶,云華,去華
薛居正,子平,文惠
薛岡,伯起,千仞,天爵翁
薛岳,仲容
薛崇疎,薛崇簡
薛崇禧,良潔,芝亭
薛崇簡,李崇簡
薛嵎,仲止,仲正,第萬三,賓日
薛嶸,樹珊
薛巽,中孚
薛希璉,庭器,廷器
薛師石,景石,瓜廬
薛師邵,希賢
薛師魯,敬叔
薛常霖,薛長霖,裴常霖
薛幹,景廉
薛序鏞,笙伯
薛廉,古如,右如
薛廉生,守初
薛廣,仲容
薛延年,壽之
薛廷寵,汝承,萃軒
薛廷文,春樹,魯哉,鹵哉
薛廷鳳,朝陽
薛式,道源
薛弘實,亞卿
薛強立,成翁
薛弼,忠簡,直老
薛彌充,文羡
薛復,復善
薛德統,守正
薛徹只篤,平叔
薛徽言,德老
薛必慶,天福,雅山處士
薛志,子尚
薛志亮,耘廬
薛志義,民服
薛忠,處惇
薛恆,履常
薛恭,士容
薛惟吉,世康
薛應旂,仲常,方山
薛應玢,節愍
薛懷義,僧懷義,馮小寶
薛戎,元夫
薛成玉,天山
薛所蘊,子展,桴庵,澹友軒,行塢,行屋
薛承學,志參
薛振翼,紹文
薛振鈺,誦棠,頌唐
薛挺,芸雪
薛揚祖,元振,元祖
薛據,薛三
薛收,伯褒,薛莊周
薛敬,原禮
薛敬之,思菴,顯思
薛敷政,以心,純臺
薛敷教,以身,玄臺
薛文儒,韓軒
薛文斑,管春
薛文昭,嘉甫
薛文珪,廷玉
薛文耀,奎先,鶴翔
薛文龍,第五,邦基,雲父
薛斌,永順伯,脫歡,薛脫歡
薛斯來,綏之,鴻賓
薛斯墚,振亭
薛於瑛,仁齋,貴之
薛早㨁,東園
薛早植,東園
薛昂,友松,安松
薛昌圖,純之,虞鄉
薛昌朝,景庸
薛昌胤,薛昌允
薛明允,小溪
薛映,文恭,景陽
薛春黎,淮生
薛昭,用晦
薛昭緯,紀化
薛昭蘊,薛昭緯
薛時孔,薛時若
薛時雨,慰農,桑根,澍生
薛景賢,景賢
薛曜,昇華,薛耀
薛書堂,世香,少柳,肖梅
薛曾,沂叔
薛朋龜,彥益
薛服耕,安節,貴深
薛服耘,有益
薛朗,玄明
薛朝晤,子顒
薛朝標,信龍,韋軒
薛本,立鄉,立齋
薛東,希震
薛東海,汝觀
薛柱斗,梁公
薛格,平甫
薛桂,少郗,月農
薛桂一,少郄,月農
薛植,子立
薛極,會之
薛榮,君英
薛槐,時歷
薛樟,子喬
薛正平,更生
薛武,子威,雲壑
薛毅夫,茂弘,鶴齋
薛汝明,愚山
薛泳,叔似,沂叔
薛洪,持忠
薛洽,子固
薛淇,應霖
薛湘,曉帆,衡瞻
薛溉,書倉
薛溫,昭成
薛溶,平川,桂軒
薛漁思,薛渙思
薛漢,宗海
薛澍,時卿
薛澐,子大
薛濤,女校書,洪度
薛瀾,古狂,曉湘
薛為學,志淵
薛煕,孝穆
薛煥,覲唐,覲堂,鶴儕
薛熙載,景能
薛爃,樹珊,蔚南
薛玄,庸齋,微之,文靖
薛玄曦,上淸外史,玄卿
薛玉堂,又洲,畫水
薛珩,景行
薛珪,廷器
薛琰,令儀
薛瑄,德溫,敬軒,文淸
薛瑤,小玉
薛璆,景徐
薛璘,美玉
薛璡,漫翁
薛璨,卓然,天驥,景輝,端駒,第十三
薛瓊,素儀,薛璚
薛瓊瓊,薛瓊
薛用弱,中勝
薛甫,宣卿
薛田,希稷
薛田玉,樸庵,鳳翼
薛甲,應登,畏齋
薛疑之,季常,玉成,薛凝之
薛益,子謙
薛盛,薛晟
薛直孺,質夫
薛真,大正
薛睦,睦之
薛矩,尚信
薛祖順,激菴
薛祥,彥祥
薛祿,良能
薛祿天,二宜,省齋
薛福保,季懷
薛福媛,瑤台
薛福成,叔耘,庸庵
薛福辰,振美,撫屏,時齋
薛禥,元吉
薛秉壬,仲林,筱農
薛稷,嗣通,薛少保
薛稻孫,渼澳,顛樓
薛穆,公遠,北澗生,澹園
薛章憲,堯卿,浮休居士
薛端,士莊
薛素素,素卿
薛紱,仲章,符谿先生
薛紹,承之
薛紹彭,翠微居士,道祖
薛紹徽,男姒,秀玉
薛紹清,薛翊清
薛綬,壽童,武毅,薛壽童
薛維翰,蔣維翰
薛綱,之綱
薛綸,幼泉,汝為
薛績,古巖,汝嘉
薛繼祖,安襄
薛繼茂,德茂
薛纖阿,雲姽
薛美,獨菴
薛聞禮,烈愍
薛肇齡,明軒
薛能,大拙
薛舉,西秦霸王
薛舜俞,欽父
薛良孺,得之
薛良朋,季益,貴益
薛良貴,次公,薛天球,貴全
薛良輔,南山
薛良顯,貴勤
薛芳,德茂,心亭
薛英,朝英
薛茂聖,尚顏,茂聖
薛莫,武強
薛蒙,中明
薛蕙,君采,大寧居士,大寧齋,大寧齋居士,西原,西原先生,西原居士
薛衡,平仲
薛裔昌,宏緒,用拙
薛觀,處敬
薛觀光,上賓
薛調,生菩薩
薛謙光,薛光謙,薛登
薛貴,安順侯,忠勇,忠壯,脫火赤,薛脫火赤
薛賾,遠卿
薛贊,佐堯
薛起鳳,家三,皆山
薛超文,鳳墀
薛近兗,信余
薛逢,陶臣
薛逢辰,伯遇
薛道生,士立
薛遠,繼遠
薛金,子純
薛銘,子新,鳳岡
薛銳,季敏
薛錦,網章
薛錫極,則柯
薛鎔,蒼鱗
薛鑑,燧月
薛鑰,希準
薛長孺,元卿
薛長慶,吉人
薛閎,治臣
薛閏,子餘,於於
薛陞,勤勇
薛雪,一瓢,一瓢老人,埽葉山人,埽葉道人,掃葉山人,槐雲道人,河東,生白,磨劍道人
薛震,元超,薛八
薛非朝,暮雲
薛顏,彥回
薛顯,顯卿
薛馧,蔣蘊,薛蘊
薛騰蛟,南岡山人,時化,鄒嶧山人
薛高,寧仲
薛魁祥,壯行
薛鳳昌,公俠,硯耕,蟄龍
薛鳳詒,桐威
薛鳴皋,桂洲,鶴亭
薛鴻年,叔平,檥亭
薛鸞,君立
薛黼,子文
薛鼎臣,式九,海峰
薛𨭉,全卿,漳涯
薩保,午橋,濟廷
薩克察常恆,常恆
薩克達安福,剛恪
薩克達察哈泰,查哈泰
薩克達弁塔哈,卞塔海,弁塔海
薩克達恆安,恆安
薩克達慶恕,雲閣
薩克達成昌,南禪,子和,子蕃,湟生,醉六軒
薩克達熙拉布,希拉布,西拉布
薩克達百保,友蘭,長白女史
薩克達積忠,藎臣
薩克達舒弼,亮廷
薩克達阿思哈,莊恪
薩克達額勒渾,容龕,額勒琿
薩哈爾察哈哈木,薩哈爾察喀喀木,薩哈爾察喀喀穆,薩哈集里喀喀木
薩哈爾察英善,哈爾察英善
薩哈諒,薩哈亮
薩嘉樂,多善,稼盦
薩廉,儉齋
薩彬圖,天石
薩德彌實,謙齋
薩承鈺,又恆
薩炳阿,暉吉,蘭谷
薩爾哈岱,溫穆,薩勒哈岱
薩爾圖克惠齡,勤襄,椿亭,瑤圃
薩爾圖克桂輪,恪慎
薩爾圖克長齡,修圃,懋亭,文襄
薩爾圖拉全順,忠壯
薩爾圖琿津,壯勤,琿錦
薩爾圖英翰,果敏,西林
薩爾圖褚庫,薩爾圖者庫,襄壯
薩爾納,薩爾那
薩爾都克納延泰,納顏泰
薩琦,廷圭,廷珪
薩畢圖,石生
薩綸錫,鳳詔
薩蔭圖,霽謙
薩賴爾,薩拉爾
薩達拉恆春,宜亭,恆春
薩都剌,天錫,直齋
薩鎮冰,鼎銘
薩音博爾格圖,賽音伯爾格圖,賽音博爾格圖
薩音圖,賽音圖
薩龍光,肇藻
藍仁,靜之
藍伯采,本素
藍元枚,卜臣,簡侯,簡候,襄毅
藍元用,榮恪
藍光,仲晦
藍光簴,梓權
藍千秋,石塢,長淸
藍嘉昌,小詹
藍嘉瓉,凡石
藍嘉言,文詹
藍國庭,藍國廷
藍天蔚,秀豪
藍奎,秉文
藍孟,亦輿,次公
藍安石,良格
藍宗仁,子安
藍廷珍,大襄毅公,老藍,荊璞,襄毅
藍應,景祥
藍應桂,正林,芷林
藍拔奇,縵卿,萃華
藍時秀,龍川
藍智,明之
藍欽奎,景先,牧洲
藍沅,鑑泉
藍洪,宗浩
藍渠,志張
藍潤,海重,藍滋,農叟
藍濟卿,用楫
藍煦,子義
藍玉,永昌侯,涼國公
藍理,義山,義府,義甫
藍琦,崑山
藍瑛,又航,書屏
藍瑞,伯麟
藍瑾章,葆山,鍾良
藍璧,完卿,松坡
藍田,北泉,玉甫
藍福盛,世榮
藍章,文繡
藍紹芬,西園
藍繼宗,僖靖,承祖
藍繼棻,公馥
藍辰,北欽
藍郁,國馨
藍靜琴,湘陰
藍鼎元,任庵,玉霖,鹿洲
藥僧,子元
藥羅葛磨延啜（葛勒可汗）,英武威遠毗伽可汗
藥羅葛移地健（牟羽可汗）,頡咄登裏骨啜蜜施合俱錄英義建功毘伽可汗
藩庭翼,楊卿
藺剛中,坦生
藺子充,仲實
藺尼,二娘
藺廷寀,東垣
藺從善,從善
藺惟謙,芝高
藺挺達,東岸
藺敏修,中山先生
藺澄,文濂
藺琦,周琦,廷壐,廷璽
藺益,汝謙
藺芳,仲文,朱藺,蘭芬,蘭芳
藺萬春,積三
蘄登瀛,盛塘
蘇不欺,子正
蘇丕,冲退居士
蘇世傳,紹孔
蘇世璋,文圭
蘇世讓,彦謙,文靖,退休堂,退齋,陽谷
蘇乾,小東坡,體健
蘇京,世美
蘇人穀,孔渠,性泉
蘇代楠,小芸
蘇仲,亞夫
蘇仲山,重亭
蘇伯厚,履素
蘇伯材,延構
蘇伯衡,平仲
蘇佩訓,守澤,蘇生
蘇佳舒亮,蘇加舒亮
蘇俊,用賓
蘇保國,亦棠,惠南
蘇信,宗王
蘇偉,宏茂
蘇元善,長卿
蘇元春,子熙
蘇元會,義臣
蘇元桱,次杉,蔚東
蘇元泰,玉階
蘇元璞,禺氏
蘇元章,鶴亭
蘇元老,九峰,在廷
蘇兆奎,昊瞻,鳳岡
蘇兆熊,渭占,渭呂,磻溪
蘇兆登,宴林,晏林,樸園
蘇兆蘭,夢馥
蘇先,墨莊,子後
蘇光弼,省圖
蘇克濟,蘇克齊
蘇六朋,枕琴,羅浮道人
蘇冕,冕儀,藻旒
蘇利,蘓利
蘇利涉,公濟,勤僖,勤懿
蘇勒布,潁川,穎川
蘇十能,千之
蘇升,九師,時中,時仲,第二十五,舜卿
蘇協,表微
蘇卿,仕隆
蘇去疾,園公,獻之,顯之
蘇友龍,伯夔,栗齋
蘇叔和,達父
蘇叟,蟠叟
蘇名世,際五
蘇味道,文章四友,模棱手
蘇和鷟,丹生
蘇咸,虛舟
蘇咸熙,太和
蘇品仁,恆三,靜庵
蘇嗣君,慶仲
蘇嘉,景謨
蘇嘉瑛,敬箴
蘇國棟,星堂
蘇國瓓,瑜公
蘇在鎔,和父
蘇垣,恩錫
蘇埣,伯厚
蘇培智,福堂
蘇堅,伯固
蘇塏,伯淸
蘇士樞,允綸,花農
蘇士洪,伯大
蘇士潤,惟德,蘇士閏,誠齋
蘇士穆,敬夫
蘇壽元,仁仲,北溪
蘇壽鼎,蘇士達
蘇夢篆,硯石
蘇夢籙,硯嵩
蘇夢蘭,佩卿,國香,少垣
蘇大,景元
蘇大山,蓀浦
蘇大年,昌齡,林屋洞主,西坡
蘇大成,汝願
蘇大捷,冠三
蘇大治,樹滋,立堂
蘇大璋,雙溪,顒之
蘇天民,堯叟
蘇天爵,伯修
蘇太初,大來
蘇太古,基先
蘇奎,炳文
蘇婉儀,文端
蘇存,性甫
蘇季蘭,紉香
蘇學讓,蘓學讓
蘇守一,悟台
蘇守慶,景夫,矞若,靜甫
蘇安世,夢得
蘇完呢瓜爾佳恆壽,介眉,恆壽
蘇完呢瓜爾佳盛筠,蘇完瓜爾佳盛筠
蘇完呢瓜爾佳穆翰,虎臣
蘇完呢瓜爾佳符珍,蘇完呢瓜爾佳瑞煜
蘇完呢瓜爾佳興泰,蘇呢瓜爾佳興泰
蘇完爾佳福昌,富昌
蘇完瓜爾佳勝保,克齋,剋齋
蘇完瓜爾佳文悌,仰白,仲恭,綠杉,綠杉居士,綠杉野屋
蘇完瓜爾佳柏梁,研香
蘇完瓜爾佳福珠洪阿,壯敏,澤軒
蘇完瓜爾佳福誠,壯武,蘇完瓜爾佳福珠誠阿
蘇完瓜爾佳豫山,東屏
蘇宏遇,掄青,雪渠
蘇宗文,敬河,敬軒
蘇宗經,文庵,是程
蘇宜久(字),宜久
蘇宣,廷詔
蘇宣化,亮工
蘇寀,公佐
蘇寶,一之
蘇尚鎭,實甫,西庵
蘇尹文,鯉洲
蘇履吉,九齋
蘇峴,叔子
蘇峻鵠,峩峯
蘇崇徽,元珪,本馮氏
蘇嵋,峨月
蘇嶠,季真
蘇巴里,蘇巴理,蘇巴禮
蘇希則,吉甫
蘇希栻,于欽
蘇師德,仁仲
蘇平,秉衡
蘇幼學,行之
蘇幼安,心德
蘇序,彥育,碧巖居士
蘇庠,後湖居士,眚翁,養直
蘇廣興,載夫
蘇廷煜,墟谷,虛穀,虛谷
蘇廷玉,亦佳室,退叟,韞山,鰲石,鼇石
蘇廷魁,守柔齋,德輔,賡堂
蘇弘祖,光啟,忝庵,恪甫,耀我,蘇宏祖
蘇彤紹,仲衣
蘇復,性初
蘇德載,厚叔,直方,第七十
蘇志,明甫
蘇志仁,道先
蘇志臯,寒村,德明
蘇志道,子寧
蘇忠恕,義元
蘇念淑,蘭仙
蘇思勗,有競
蘇思恭,欽甫,省齋
蘇思誠,志孚
蘇恆,德常
蘇恩,一齋,從仁
蘇惇元,厚子,復庵,欽齋,澄園
蘇惟霖,雲浦
蘇惠民,慕堂
蘇愚,君明
蘇慶隆,樹棠
蘇憻,蘇檀
蘇應坷,韻莊
蘇應旻,幼淸,見江
蘇應珂,杏莊,步瀛
蘇應鳳,孝俠先生,鳳鳴
蘇承勛,眉山,蘇公
蘇振文,伯起
蘇攜,季升
蘇敬衡,樵林
蘇文,瞻如
蘇文思,子深
蘇文淵,靜夫
蘇文輔,北垣
蘇文龍,叔從,歐行
蘇斗山,月洲,望如
蘇於洛,澗東,竹嶼
蘇昂,東山
蘇昇,洪壯
蘇昌嗣,慶之
蘇明,視遠
蘇易簡,太簡,文憲
蘇昞,季明,武功先生
蘇昭廣,邦振
蘇昶,暘谷,陽谷
蘇時學,爻山,琴舫
蘇時秀,汝實
蘇晉,進之
蘇景和,叔宣,龍岩
蘇景瑺,國珍,第大十三,芝山逸人
蘇景詒,淳齋
蘇曉,表東
蘇曼殊,子谷
蘇替,蘇晉
蘇有光,晴皋
蘇有林,蓮峯
蘇朝元,橋陳
蘇朝宗,汝賓
蘇木克常青,莊毅,長青
蘇木魯常亮,舒穆魯常亮
蘇本眉,劍浦,息齋,竹嘯居,道生
蘇東道,子由,眠窩
蘇松,貞卿
蘇林,伯茂
蘇某,愚翁
蘇桓,武子
蘇梓,存規
蘇棫,公美
蘇棻,梅友
蘇楞泰,蘓楞泰
蘇榮,德昌
蘇榮坪,活川
蘇榮祖,威如,顯之
蘇樸,太古
蘇權,元中
蘇欽,伯成,伯臣
蘇正,秉貞,雲壑
蘇正學,兆卿,碧涯
蘇正蒙,養齋
蘇殷,高三,鳳卿
蘇氏(蘇頌妹),延安夫人
蘇氏(龔錫瑞妻),竹聰
蘇民,乙峰,天秀
蘇民俊,遴廷
蘇民望,子惠
蘇民牧,乃後,乃徯,孔鄰
蘇永,正長
蘇永福,四隱,重綏
蘇汝恆,少峰,才鎮
蘇汝謙,煦谷,虛谷
蘇汝霖,鶴洲
蘇泂,召叟
蘇泰,文亨
蘇洪,南邨,楠邨
蘇洵,明允
蘇洸,澄老
蘇浚明,蘇峻明
蘇涣,公群
蘇淑,仲和,伯和
蘇淳,景程,謹人
蘇淵,或齋,濤閣,眉聲
蘇渙,白跖,蘇大
蘇湖,望涯
蘇湘田,竹舫
蘇源泉,本如,鑒淸
蘇源生,泉沂,菊村
蘇漢,雲章
蘇漣,鳳湖
蘇澄,道淵
蘇澄隱,棲真
蘇澤,濟民
蘇澥,支離居士,浩然
蘇濟,汝舟
蘇濬,君禹
蘇炤,元晦,東山樵隱
蘇照,明遠
蘇燁,天寵,蘇桓,蘇煜
蘇爾德,蘓爾德
蘇玉霖,器之,琢堂
蘇玭,訓直
蘇珥,南海明珠,古儕,安舟,惠門四子,瑞一,睡逸居士,端一,筆山堂
蘇琇,若螢,蘇晴筠
蘇琰,廷珎
蘇瑗,嶼筠,若涵
蘇瑞容,淑芳
蘇璟,士英
蘇瓌,文貞,昌容,蘇瓖
蘇甑仁,休烈
蘇畋,悅之,閱之
蘇畹蘭,紉九,香岩
蘇盛,文盛
蘇盛春,甘泉
蘇直方,實甫,彥宏,彥弘,第一
蘇磻,德升
蘇祐,允吉,榖原,舜澤
蘇祖蔭,瑞芝堂,芑詒,蕉川,蘓祖蔭
蘇祥,小泉
蘇福田,霖生
蘇秉國,均甫,蒿坪
蘇秉晁,藍田
蘇穆,佩蘘,蘇姞
蘇穆察廣林,喬庵,藝圃,鋤經
蘇章,孺文
蘇章安,蘇彰安,蘇章阿
蘇章阿,蘇彰阿
蘇竦,廷儀
蘇端準,則年
蘇符,仲虎
蘇策,伯演,伯行
蘇筠,竹窗
蘇範,伯御
蘇築,伯進
蘇簡,伯業
蘇籀,仲滋
蘇籍,季文
蘇約雲,淡如
蘇紳,儀甫
蘇統武,少卿,研農
蘇綖,其度
蘇維翰,西園
蘇緘,宣甫,忠勇,章甫
蘇總龜,待問
蘇織雲,錦孃
蘇繡,若瑩
蘇繹,會人,止齋,魯山
蘇繼,子志
蘇繼歐,抑堂
蘇繼蕙,披雲女史
蘇耀泉,奎垣,朗亭
蘇耆,國老
蘇興甫,起宗
蘇舜元,才翁
蘇舜欽,子美,滄浪翁
蘇舜臣,哲甫,心竹
蘇舜舉,世美,世茂
蘇良,堯臣,景亮,第二
蘇芬,蘇棻
蘇芳阿,春圃,樹蕃
蘇若蕙,香穀
蘇茂杓,宏濟,茂均
蘇茂相,弘家,石本,石水
蘇萃,鳳苞
蘇萬傑,伯邁
蘇葵,伯誠
蘇藏玉,比德
蘇蘭成,友菊
蘇蘭畹,蘇畹蘭,香嚴
蘇衡璣,改占,政古
蘇裕孚,景韓
蘇襄雲,龍起
蘇觀生,宇霖,建明伯
蘇誠,誠夫
蘇誦,伯言
蘇諤,匪躬
蘇赫訥,蘇和納,蘇和訥,蘇赫納,蘓赫訥
蘇軾,子瞻,文忠,東坡居士
蘇輿,厚庵,嘉瑞
蘇轍,同叔,子由,文定,潁濱遺老
蘇迨,仲豫
蘇适,仲南
蘇逈,彥遠
蘇通,文達
蘇逢吉,慶之
蘇過,叔黨,斜川居士
蘇遯,澤民,遺民
蘇遲,伯充,伯克
蘇邁,伯達
蘇鄼,漢傑
蘇里舒通額,威毅
蘇金,用之
蘇金有,麗泉
蘇銑,蘓銑
蘇銓,次公
蘇錫,介福,槐軒
蘇鍇,鈇夫,鉄六,鉄去,鉄夫
蘇鎬,泉谷處士
蘇鏊,奎南,鉅山
蘇鏸,仲戡
蘇長春,仁山,教圃
蘇開鎔,子陶,麗泉
蘇陳潔,太素
蘇隨,紫雲先生
蘇雨,以時
蘇雲昇,雲軒,霽軒
蘇震飛,雲飛
蘇霔,克滋
蘇霖,子啟,虛靜道人
蘇霖渤,海若,海門,觀厓,雲生
蘇靈,蘓靈
蘇青鱉,雲川
蘇頌,子容
蘇預,弱夫,蘇源明
蘇頲,廷碩,文憲,蘇五
蘇顗,潛道
蘇騰鳳,爰北
蘇體經,品臣
蘇鳳文,虞階
蘇鳴岡,鳳梧
蘇鶚,德祥
蘇鼎甲,冠山
蘭之堂,蘭芝堂
蘭以權,世衡
蘭佩芝,紫九,香亭
蘭夢登,世南
蘭師,光韶
蘭廷瑞,惠卿
蘭玉,石岑
蘭第錫,寵章,素亭
蘭維烜,丙卿
蘭萼,鏡川
蘭達,義通
蘭長茂,月三,梅坪
蘸木曷,武毅
虎坤元,子厚,小虎,忠壯
虎嵩林,直繩
虎理翰,仲桓
虎都鐵木祿,漢卿
虔禮寶,古愚,席珍,律齋,椿蔭堂
虞㠭,成夫
虞世南,伯施,文懿,虞七
虞丙鑒,松泉
虞二球,天玉
虞仲瑩,繡卿
虞似良,仲房,橫溪真逸
虞儔,壽老
虞允文,彬父,忠肅
虞兆淑,蓉城
虞光祖,善繼
虞兟,義夫,虞茲,退夫
虞剛簡,仲易,子韶
虞協,旦復,東筠
虞原璩,叔囿
虞友蘭,靄仙
虞叶蘩,佩祁,佩神
虞唐佐,堯卿
虞國鎮,伯岳
虞坤,公載
虞執中,伯權
虞堪,克用,勝伯
虞士俊,果亭
虞士燁,亦大
虞夔,汝諧
虞太熙,元叟
虞夷簡,幼仁
虞奕,純臣
虞奕綏,春埜,春夢
虞好善,運初
虞如塤,伯和
虞嫄,潔庵
虞守愚,惟明,東厓,維明
虞安垕,仲元
虞宗厚,載之
虞宗齊,宗濟,思訓
虞山,次峯
虞廷寀,小林,靖旃
虞廷皋,賡颺
虞廷碩,君輔
虞弦,舜臣
虞復,從道,遠齋
虞德燁,光卿,四十一,紹東
虞志道,彥高
虞惪芬,玉如
虞懷忠,汝良
虞成渭,澄齋
虞所,敬叔
虞掌綸,墀仙
虞搏,天民
虞方簡,叔平
虞斻孫,虞杭孫
虞易簡,知能
虞景星,東皋
虞景璜,澹初,澹園
虞景莘,次耕
虞朗峯,錦亭
虞本,白鶴山人
虞本初,敦甫
虞梵兒,捨那
虞槃,仲常,叔當,德常
虞樂善,行先
虞汲,井齋
虞淳熙,德園,澹然,長孺
虞淳真,僧孺
虞清華,希曾,補齋
虞澐,季澤
虞炫,明之
虞煌,奕堂
虞煟,環菴
虞瑛,廷瓛
虞瑤,邦瓊
虞申,行父
虞登,與齊
虞知方,復之
虞祥,仲禎,仲貞
虞祺,齊年
虞稹,叔微
虞策,經臣
虞肅,元卿
虞育,任之,慧哥,慧老,第萬三
虞臣,元凱,竹西
虞舜臣,舜民
虞萬,宗道
虞葉蘩,佩祁
虞薦發,君瑞,徽山老人,薇山老人
虞衡,平之
虞襄,虞天驥,駿元
虞諒,以貞
虞謙,伯益
虞豐,與京
虞賓,舜臣
虞贊堯,貞石
虞輝祖,含章
虞道永,無盡
虞遠興,振齋
虞邦達,渭賓
虞采,孟修,孟受,德修
虞銘新,和欽,士勛,蒔新
虞鐘,廷宣
虞集,惠求
虞震,啟東,常春散人
虞震發,東叔
虞韶,以成
虞願學,宗儒,淙儒
虞顯學,宗儒,宗蘭
虞鳳,梧圃
虞鳴球,拊石,錦亭
虞黃昊,景明,景銘
虞龍祥,子定,潛溪,紫亭
蠻子,明善
衆佛保,鍾佛保
行徹,繼總
行有偁,君平
行有傑,偉堂
行有條,植東,樂山
行致,靈月
衍慶,雲衢
衍秀,東之
衍豫,德崇,怡亭
衛一鳳,伯瑞
衛中行,大受
衛之玄,造微
衛九鼎,明鉉
衛仁復,叔靜
衛仁近,叔剛,子剛
衛仲器,君用
衛仲達,達可
衛价,藩叟,衛玠
衛佐邦,楫臣,翼廷
衛儀,彥威
衛元相,利謙,雨莊
衛元確,如易,少乾
衛其襄,協齋
衛博,師文
衛台揆,南村,枚吉
衛君珆,王台
衛周祚,子錫,文淸,文錫,聞石
衛周胤,周允,寄園,斯咸,衛周允,邰孫
衛哲治,我愚,鑑泉,鑒泉
衛啟傅,朗齋
衛國平,治菴
衛國華,國禎
衛培,寧深,月山
衛塾,文叔
衛天民,予先,伯耕
衛如淇,斐亭,義亭,裴亭
衛如玉,樸菴
衛季敏,子文
衛學詩,聞一
衛宗武,九山,淇父
衛富益,正節先生,耕讀居士
衛希道,希道
衛康臣,衛康承
衛廷璞,岳占,岳瞻
衛廷諤,德言
衛弼,良佐
衛德嘉,尚絅翁,立禮
衛德辰,立中
衛心,之正
衛憑,佳祖
衛承芳,君大,淇園居士,淇竹,淸敏
衛既齊,伯嚴,爾錫
衛昌績,子久,緘之,鐵峯
衛時敏,子脩
衛晞駿,少卓
衛景山,仲安
衛景弘,漢臣
衛景瑗,仲玉,帶黃,忠毅
衛東吳,叔京,少川
衛某（衛八）,衛八處士
衛榮光,星源,靜濂,靜瀾
衛樵,山甫
衛樸,桂之
衛毅夫,子剛
衛沂,與叔
衛法祖,紹聞
衛洙,魯叔
衛洽,晉叔
衛涇,後樂,文穆,文節,淸叔,清叔,西園居士
衛淳,宗元
衛湜,櫟齋先生,正叔
衛準,衛單
衛炳,晦仲
衛熊章,攬國
衛爾貞,起元
衛瓊,唐卿
衛福孫,君錫
衛秦龍,紫崡
衛穎,壯勇,源正,衛潁,衛頴
衛立鼎,慎之,蘇山
衛紋,繡良
衛紹芳,筠箴
衛翼,翼之
衛肅,伯恭,允恭
衛膚敏,商彥
衛良佐,子弼,鶴洲
衛若梓,琴齋
衛萇,慕蓴,澹園
衛藻,德章
衛融,明遠
衛融香,紺雪
衛規,德規
衛詣,玉亭
衛謙,山齋,有山
衛貞元,澹足,衛貞
衛賡颺,松屏
衛運揚,武源
衛邦,翰之
衛閑道,友于,友宇
衛闐,致虛
衛靑,明德
衛青,明德,書國
衛靖,以嘉
衛頴,壯勇,宣城伯,源正
衛鴻文,少鵬
衛龍筠,玉山,竹軒,菉塘
衞承芳,君大,淸敏,衛承芳
衞既齊,伯嚴,爾錫,衛既齊
衞景瑗,仲玉,帶黃,忠毅,忠節,衛景瑗
衞汝成,衛汝成
衞汝貴,衛汝貴,達三
衞璋,景昻,逸菴
衞立鼎,慎之
衡佐,君用
衡岳,世瞻
衡某,思言,衡氏
衡權,從道
衡瑞,又新,壽芝,輯五
衡義整,義整
衣雲,端亭
表沿沫,小游,藍溪
衷以壎,聲元,雅堂
衷冀保,衷翼保
衷渙,原發
衷謙,奉林,春林
衷貞吉,孔安,江右三清,洪溪,簡肅
衷邦渭,渔堭
袁䋲武,鎮堂,鏡堂,鏡塘
袁一相,輔宸,輔扆
袁一虬,汝化
袁一驥,道遠
袁一鰲,占梅
袁一鳳,鳴岐
袁三接,邦表
袁不約,還樸
袁世俊,憶江
袁世傅,幼齋
袁世凯,袁慰亭,慰亭,慰廷,容庵,袁项城,项城,袁宫保,洹上钓叟
袁世凱,容庵,尉亭,嵩雲,慰亭,慰庭,慰廷,暇矚樓,洹上漁人,洹上釣徒,牧野新農,純一齋,養壽園,養壽堂
袁世威,固之
袁世敭,勵之
袁世榮,子仁,峩溪
袁中道,上生居士,小修,少修,泛鳧,爽籟亭,珂雪齋,瓶隱齋,西蓮堂,金粟園,鳧隱居士
袁乃湔,鏡池
袁之蘭,畹香
袁之鼐,芥仙
袁九功,君敘
袁九淑,君嬺
袁九皋,君鳴
袁亮,公素
袁仁,參坡,良貴,葠波
袁仁爽,良輔
袁介,可潛
袁仕,良輔
袁仕瑜,七澤漁人
袁以壎,雅堂
袁任,信翁
袁似道,子源,靜奇
袁佐,國佐
袁佑,杜少,隨園,霽軒
袁作瀚,春範,春篦,春簏,春麗
袁作聖,春泉
袁作雨,既平
袁佳袁慶祺,袁慶祺,雲峰
袁俊,孟敏
袁俊明,稼學
袁俊翁,敏齋
袁保恆,小午,文誠,筱塢,筱隖
袁保慶,篤臣
袁保齡,子久,陸龕
袁信芳,以燕,葦孫
袁修權,翼行
袁修謙,希肅,撝齋,敬仲
袁傅箕,蘅皋
袁傑,淑英
袁兆熊,佐周
袁光宇,竹坪
袁光樹,漢門
袁光翰,憲甫
袁克志,維一
袁克文,寒雲,抱存,豹岑
袁公壽,仁仲
袁公瑜,公瑜
袁其智,孌亭,樂亭
袁凱,景文,海叟,袁白燕,袁白雁
袁勵準,中舟,恐高寒齋,珏生
袁化中,忠愍,民諧,熙宇
袁匡蕭,正父
袁占鼇,春江
袁去華,宣卿
袁友禮,檢齋,維恭
袁友麟,鶴州,鶴洲
袁可立,禮卿,節寰
袁吉,藹如,譪如
袁同賢,鮑同賢
袁名揚,朋傑
袁名曜,道南
袁名洋,鶴皋
袁名炳,榮堂
袁向,肸如
袁和,節吾
袁商,淸夷,清夷
袁問,審言
袁啟元,芝典,芝興
袁啟光,己峯,己峰
袁啟旭,中江,士旦
袁啟觀,君白
袁啟麟,紋卿,紱卿
袁善,復虛
袁善寶,五溪
袁喬,崇謙
袁嘉,柔吉
袁嘉保,南莊
袁嘉穀,南耕,屏山,樹五
袁噩,啟洪
袁國寧,子清
袁國梓,丹叔,若遺
袁國瑞,印溪
袁國臣,惟鄰,欽吾
袁國鈞,南生
袁坡,邦彛
袁坦,牧庵
袁坰,季野
袁城,邦衛
袁堅,秋岩
袁堪,元遜
袁堳,祈三,祝三
袁士俊,令惟
袁士偉,彥夫
袁士傑,拙齋,襄臣
袁士元,寧老,彥章,菊邨學者,袁寧老
袁士繡,繡亭
袁士鳳,彥祥
袁壽山,威勤,眉峰
袁夢冊,士榮,定夫,道昌
袁夢册,士榮,定夫,道昌
袁夢朋,定父
袁大任,覺堂
袁大化,杏南,行南
袁大受,亦文
袁大誠,宗正
袁天任,有大
袁天祿,德文,東山
袁天綱,袁天罡
袁太華,蓬峯,蓮峯,連峯,連峰
袁奎,文卿
袁奐,嵾嵐
袁妽,袁坤
袁子初,叔言,雪齋
袁子游,子游
袁孔彰,叔言,孔昭
袁孚,仲誠
袁孟悌,本仁
袁孟義,長宜
袁學昌,幼安
袁學瀾,文綺,春巢,適園
袁學謨,梅谷,迪來
袁守侗,執冲,愚谷,淸愨,雙桐軒
袁守定,叔論,易齋,漁山
袁守誠,孝本,曙海
袁宏,德宏
袁宏道,中郎,六休,石公
袁宗仁,壽卿
袁宗儒,醇夫,靜庵,靜菴
袁宗臯,仲德,榮襄
袁宗道,伯修,玉蟠,白蘇,石浦
袁宗魯,道卿
袁定,與立
袁定遠,靜公
袁客仁,令姿
袁宬,仲容,山史
袁宮桂,月庭,譽封,阮山
袁家鼐,和九
袁容,忠穆
袁寅襄,敬臣
袁富文,嗣經,榮祖,社弟,第四
袁富明阿,威勤,治安,袁世福,袁富將軍
袁寒篁,青湘
袁實遂,宗茂
袁寶,士珍,襄敏
袁寶彝,珍如,錦川,鏡珊
袁寶璜,寄蛣廬,渭漁,瓌禹
袁尊尼,魯望
袁小韞,展如
袁崇煥,元素,山石
袁巘,陟在
袁州佐,左之,秋水,蓼庵
袁州海牙,伯源
袁希濤,觀瀾,霓孫
袁希燮,子理
袁希璋,玉南,琢堂
袁希祖,寄生,竹尹陔,筍陔
袁希範,令規
袁希謝,寄塵
袁年,子壽
袁度,士常
袁廓宇,子遠,綏南
袁廣,仲弘
袁廷俊,袁季子
袁廷極,岸夫
袁廷楷,近聖
袁廷槱,啟蕃,漁州
袁廷檮,三研齋,三硯齋,上舍,五硯樓,又凱,又愷,吟暉亭,壽階,小停雲館,小山叢桂館,楓江草堂,水木淸華榭,漁陽小圃,竹柏樓,紅蕙山房,綬階,草夢軒,貞節堂,銀藤簃,魚隱小圃
袁廷燮,理卿
袁廷璜,鶴潭
袁廷鳳,儀堂
袁廷鼇,六堂
袁建業,肇堂
袁弘德,執甫
袁弘道,修德
袁弼,世臣
袁彤芳,履貞,廣寒仙客
袁彥齡,筱泉,邦傑
袁彬,文質
袁彭年,特丘,述之
袁得亮,俊亭
袁得勝,應之
袁復,仲仁
袁復一,太初
袁德亮,俊亭
袁德昌,子潤
袁德璜,佩之
袁德達,近齋
袁德麟,彥祥
袁必正,叔端
袁忠徹,靜思
袁思亮,伯夔,蘉庵
袁思幹,汝立,濟臣
袁怡荊,紫林
袁恕己,貞烈
袁恮,從謹,謹齋
袁惟正,行之
袁愷,景文,海叟,舜擧,舜舉,袁凱
袁慧婨,慧貞,淑春
袁慧掄,淑春,蕙貞
袁慶垚,秋巖
袁慶祥,德徵
袁慶麟,德彰
袁應旂,邦士
袁應泰,大來,忠節
袁應祐,伯賢
袁應祺,文榖,文穀,肖海
袁應老,國卿
袁應陽,道饒
袁懋修,岸夫
袁懋功,九敘
袁懋德,修菴
袁懋績,厚安
袁懋謙,吉鄉
袁成烈,如星,星如
袁承功,懋嘉
袁承嘉,承嘉
袁承寵,丹圃,丹圖,天申
袁承業,曉艇,紹庭
袁承福,嘯竹,成之
袁承紱,松山
袁抒,綺文,靜宜
袁抗,立之
袁振瀛,仙洲,星嶠
袁擯,接之
袁政,文理
袁敏,索笑山房,蒼水
袁文,質甫,逸叟
袁文伯,絅齋
袁文典,儀雅,陶村
袁文揆,時亮,蘇亭
袁文暻,隅軒
袁文渙,雨辰
袁文炤,朗齋,鏡人
袁文祥,子瑞,鳳階
袁文觀,海門
袁斌,處德
袁斗楠,則成
袁斯麟,厚堂,筠亭
袁方,誠之
袁方城,南濱,郢村
袁於令,韞玉,鳧公
袁旭,廷輔
袁昌業,硯圃
袁昌祚,茂文
袁昌齡,安吟,誦伯
袁明善,樓山,誠夫
袁易,通甫,靜春
袁昕,袁晣
袁映斗,星圃
袁昶,爽秋
袁昺,晦叔
袁時中,來菴
袁晉材,器之
袁晗,成齋
袁晟,仲昭
袁景慎,克兢
袁景輅,樸村,質中
袁暠,子明
袁有鳳,時儀
袁朝選,逢源
袁本喬,澹川,警魯
袁杲,景昇
袁杼,靜宜
袁枚,倉山叟,倉山居士,倉山雲舍,南園,子才,存齋,小倉山房,小棲霞,小眠齋,所好軒,玉夢樓,瑞官,碧腴齋,簡齋,紅豆村人,綠曉閣,綠靜軒,隨園,隨園先生,隨園老人
袁桂蓁,子美
袁桷,伯長,文淸
袁梅瑞,用和
袁梓澤,艮中,艮生
袁梓貴,仲方,琴知
袁梓賢,琴紡,琴舫
袁棟,國柱,漫恬,玉田
袁棠,湘湄,甘林
袁森,仁叔,第三
袁植,材老
袁楚藩,价人,寶生
袁楫,時帆,晴帆
袁業泗,景源
袁楷,容屏,蓉屏
袁榘,如方,樂方,絮方
袁榮潤,厚軒
袁榮祖,耀宗
袁榴,景五,枝安
袁槱,木叔
袁樞,機仲
袁樹,紅豆村人,芬香,豆村,香亭
袁樹勛,抑戒老人,樹勳,海觀
袁樹楨,周屏
袁機,素文
袁櫆,斗槐
袁正規,道輔
袁步先,天墀,東嶠
袁毓卿,子芳
袁毓麐,文藪
袁氏,袁長官女
袁永基,錦祚
袁永山,壯愍
袁汝是,公儒,公孺,澤門
袁汝相,傳嚴,傳巖
袁江,自岷
袁泰,仲長,寓齋
袁泰來,復軒
袁泳錫,純之,雪舟
袁洪,季源
袁洪愈,安節,抑之,裕春
袁洽,誠之
袁淑,疏筠
袁淑先,來范,模圃
袁淑娟,翠英
袁淑芳,麗卿
袁淑麟,正子
袁淦,麗生
袁淮,伯昭
袁淳,育真
袁清綬,西亭,西臺
袁渭鍾,介庵,斗南
袁湘,潤夫
袁湘佩,蘭貞
袁溉,道潔
袁溥,士泓
袁滋,德深
袁漕,溯菴
袁潔,士瑩
袁潤,習德
袁潤祖,澤民,野航
袁澤,世霑
袁濤,秋江
袁濱,興之
袁灝,毓暉,瀾谷
袁灝頤,從道
袁灼,子烈
袁炎,伯新,寧保,德煇,德輝,第七五
袁烜,廷輝,鯉泉
袁焜,霄眉,霽峯,霽樓
袁煇山,小峰,靜庵
袁煒,暉吉
袁煜蔣,碧潤
袁照,萬皆
袁熙載,印壯,潮生,芝園
袁燀業,文峯
袁燫,景輝,毖齋
袁燮,和叔,正獻,絜齋,絜齋先生
袁玉屏,袁正平
袁玉錫,季九
袁玉麟,香石
袁玘,廷玉
袁珙,廷玉,柳莊
袁珪,廷圭,淸白生
袁瑞英,素如
袁瑲,成齊,成齋,誠齋
袁璉,惕三
袁璘,廷器
袁璜,喆人
袁璣,齊衡
袁瓘,袁三
袁用賓,冠丞,紹燦,觀臣
袁甫,廣微,正肅,蒙齋
袁甲三,午樵,午橋,新齋,端敏
袁甲龍,子高,甲郎,第一,雲翔
袁申儒,尊固
袁疇,耕道
袁登,麟甫
袁登道,強名,道生
袁百之,必強
袁皓,碧池處士,退山
袁目業,硯圃
袁直友,聲史
袁相,厲俗
袁知,紓亭,雪廬
袁矩,子方
袁祈年,未央,田祖
袁祖光,曉邨,驥孫
袁祖庚,繩之
袁祖德,又村
袁祖志,倉山舊主,又齋,翔甫
袁祖惠,少蘭
袁祖榮,德甫
袁祥,洪甫
袁禎,貞吉
袁福徵,履善
袁禮城,儀九,厚吾,讓木
袁秀發,彥實
袁秋華,鞠英
袁立,主一
袁立儒,溪翁
袁立相,勤毅
袁章,叔平
袁端,自中
袁管,淑筠
袁簡之,行可
袁粲,景倩
袁紀,汝理
袁純,子厚
袁純德,松皋
袁素亮,公寥
袁紫璧,韞山
袁紳,小芬
袁紹,本初
袁紹安,稚山
袁經,載道
袁綬,瑤華主人,紫卿
袁緒欽,叔輿,守愚,敬祜
袁緯,受祉
袁績懋,厚菴
袁績震,潮生
袁繡景,錦川
袁繹,季時
袁繼咸,季通,忠毅,湛思,臨侯,袁山
袁繼梓,勝之
袁義,四為,張四為,張義,袁四為,袁張四
袁翊元,羽公
袁翟,淞逸
袁翱,鳳儀
袁翼,飛卿
袁聘儒,席之
袁聞柝,抱關,警齋
袁聯魁,斗垣
袁聲,長卿
袁肅,恭安,晉齋
袁臨直,伯端
袁良佐,德輔,輔德
袁芳,時烈
袁芳瑛,漱六,臥雪廬,臥雪樓
袁茂英,二十九,君學,文海
袁茂荊,範韓
袁華,縵華
袁萬里,慶遠
袁葉茂,仲育,夢池
袁藏用,顯仁
袁藩,宣四,松籬
袁藻,黼卿
袁藻樓,寓形
袁蘭貞,湘佩
袁行漳,文瀾
袁術,公路
袁表,景從
袁袞,補之
袁袠,永之,胥臺
袁裒,德平
袁裕,仲寬
袁裘,紹之
袁褎,與之
袁褧,兩庚草堂,嘉趣堂,尚之,朝槿軒,玉韻齋,百歲寓翁,石磬齋,謝吳田舍,謝湖,謝湖居士,采碧亭
袁襲裳,子宜
袁觀,主郎,子游,子遊,復孫,第四
袁許,嘉言
袁詩燕,雪汀
袁誠格,至堂,藎甫
袁說,袁悅
袁說友,東塘居士,起巖
袁説友,起巖
袁謙,梧林,椿林
袁貢,袁貴
袁賦誠,與參
袁軾,東泉先生,欽禮
袁轂,公濟,容直
袁通,蘭村,蘭邨,達夫
袁逢午,中甫
袁逢吉,延之
袁進賢,用之
袁道,德純
袁達,德孚
袁遠慶,择善,松菴
袁遵道,叔正,文靖
袁邦寧,順卿
袁郊,之乾,之儀
袁釆,君載
袁采,君載
袁金鎧,傭廬,兆傭,潔珊
袁鈞,秉國,西廬,陶軒
袁銑,楚珍,金溪
袁銓,衡堂
袁銘泰,六皆,補之
袁銜,澹生
袁鋐,雷村
袁錦峯,梅亭
袁錫命,伯生,剋卿,壽予
袁錫夔,石堂
袁錫衡,石溪
袁鎮南,保臣,莘坡
袁鎮嵩,晉堂,霓孫
袁鎮郟,井甫
袁鏞,天與
袁鏡蓉,月蕖
袁鐸,褚山,褚川
袁鑒,春圃,澍甘
袁開第,杏城,杏村
袁阜,樹珊
袁陟,世弼,遯翁
袁陶甡,彥郡
袁陽,健甫
袁随,民悅
袁隨,民悅
袁雲從,南倉
袁雲章,銅巖
袁震寰,覺世
袁青,雪圃,雪持
袁靖,邊疆
袁韶,佛子,彥淳
袁韻春,履臣,荔仙
袁顗,景章
袁顥,菊泉
袁養,大冲
袁駿,西庚,酉庚
袁騰濤,躍龍,雨寰
袁高,公頤,袁三
袁魁,子鶚
袁魯訓,六柳居士,宗道
袁鰲,可久
袁鳳,朝陽
袁鳳三,桐友
袁鳳修,五樓,五樱
袁鳳鳴,紫庭
袁鳴泰,六階,鳳南
袁鴻,笛生,達堂
袁鴻儒,觀海
袁鴻謨,蘿叟
袁鵬圖,德恩,海帆,秋南
袁麟徵,杳書
袁黃,了凡,坤儀,子丹
袁默,思正
袁黝,公珩
袁點,師與,思與
袁鼎先,禹九
袁鼒,臣器
裒士繡,絅亭
裔步鸞,儀廷,子錫
裕厚,寬侯,小彭,筱鵬
裕寬,澤生
裕庚,朗西
裕德,壽田
裕泰,裕謙
裕瑚魯準良,仲萊
裕瑚魯舒倫保,果慎
裕祥,吉臣
裕紱,東霖,麟甫
裕鋼,裕綱
裕鐸,子厚
裕長,壽泉
裕麟,石卿
裘世璘,守齊,守齋
裘仕濂,三十八,子憲
裘元俊,叔初,漁橋
裘元善,春州,春洲
裘元淦,繹圃,觀瀾
裘充美,大文,故亭,敬亭
裘凌仙,明秋館主人,筱雲
裘卷珠,荷香,邱卷珠
裘可桴,葆良
裘君弼,扆臣
裘嘉模,銅柯
裘坤,厔甫,垕甫
裘壤,本厚
裘奏,以敷
裘安邦,古愚,梅林
裘容貞,貞吉
裘寶善,菊泉,華南
裘彪,尉齋,蔚齋
裘彬,竹孫
裘思芹,魯青
裘思錄,穎孫
裘文光,少韓
裘曰修,叔度,好春軒,文達,漫士,灌亭,諾皋
裘森,起人
裘概,叔平
裘榮甲,薌珊,香珊
裘毓芳,梅侶
裘永明,德純
裘淩仙,筱雲
裘煥,文軒
裘熙,五方,玉方
裘璉,殷玉,蔗村
裘紉蘭,佩秋
裘紹濂,景周,景州
裘維勳,鉛書
裘翱,鳳翔
裘致中,西川
裘興仁,克榮,西峯
裘萬頃,元量,竹齋
裘蒂珍,佩秋
裘行簡,可亭,恭勤,敬之,靜宜室
裘衍,汝中
裘鴻勛,二嶂,爾昌,魯常
裘鵬,南軒
裘麟,超然
裴?度,一元道人,中矩,晉式,晉武,繂度,行庵,香山
裴三益,汝友,臨淵齋
裴之仙,又航
裴之平,僖公
裴休,公美,裴二十
裴休義,須拔
裴伷先,係宗
裴作則,哲卿,惺庵
裴倩,容卿
裴光庭,忠憲,忠獻,連城
裴克廉,晝錦堂,筆菴,貞節,量可
裴克恆,虹橋餘人
裴公術,裴公衍
裴兼,從初
裴化,子韞
裴叔度,复晉
裴叔泳,德游,靜菴居士
裴可,盛德
裴可久,貞遠
裴同,思泰
裴命純,忠肅,遂初
裴咸,邇思
裴嗣宗,希文
裴嘉祥,宋祺
裴均,君齊
裴坦,光胤
裴墐,封叔
裴夢得,及卿
裴夢霆,應祥
裴大中,浩亭
裴大維,子張,慕亭
裴天祐,順之
裴夷直,禮卿
裴奭,師召
裴季芳,石麓
裴宇,內山,子大
裴守真,方忠
裴安時,適之
裴宏,文偉
裴宗錫,二知,二知先生,午橋
裴定,山立
裴宜,子通
裴寬,忠武
裴對廷,謹堂
裴尚瑜,公瑾,晩學堂
裴尚龍,子章,藤庵
裴居敬,太簡,憲懿
裴峻德,裴天德
裴巖,孟得
裴希度,斐希度
裴度,中立,裴令公,裴晉公
裴庭裕,膺餘
裴廷芝,琴軒,瑞漢,裵公允
裴廷裕,下水船,膺餘
裴復,茂紹
裴德裕,裴德昌,裴德谷
裴德輿,載之
裴志,景略
裴思謙,自牧
裴恕昌,心如
裴悅,張說
裴愈,益之
裴慧,悟理
裴憲度,二華
裴應章,元闇,澹泉,稱職
裴撝,思敬
裴日英,文璧
裴昌,仲達
裴春魁,鼎梅
裴昭,待賓
裴晧,圓照
裴景福,伯謙,睫闇
裴更惠,熊山,燕山
裴楔,仲閑
裴次元,裴元
裴正徽,美叔
裴氏(裴札女),道生
裴氏(裴觀女),仁淑,南陽郡夫人,崇訓,逸客
裴沙,鉢羅
裴泰,道亨
裴涗,德源
裴淑,柔之
裴深,巨源
裴湘,楚老
裴漵,長津
裴漼,裴三
裴澈,深源,裴徹
裴澍,孟生
裴濟,方舟
裴灼文,松軒
裴煜,如晦
裴煥文,樸菴
裴珙,比德
裴瑤,劉瑤
裴瑾,敬佩,聖川
裴璉,汝器
裴璣,道衡
裴皞,司東
裴矩,安邑縣公
裴福德,星甫
裴稹,道安
裴筠,東美
裴箱,蘊玉
裴紳,景餘,洛川
裴紹中,二航
裴紹宗,皇嗣
裴紹業,紹業
裴絢,柔芳
裴維侒,君復,韞山,韻珊
裴維儼,偉堂
裴維翰,屏周
裴綸,文僖,景宜,景宣
裴繼芳,世賢
裴翛然,翛然
裴翻,雲章
裴耀卿,文獻,渙之,渙之(子渙)
裴耀明,鉄珊,鐵珊
裴聯箕,即公
裴胄,胤叔,裴冑
裴自強,自強
裴興立,伯起,孝肅
裴莊,端己,端已
裴蔭森,樾岑
裴虬,深源,裴二
裴行儉,守約
裴衷,秉彝
裴袠,九章,蘆院
裴裘,蘆院,裴爔
裴覺,寶真空
裴詮,成之
裴誥,子深
裴諝,上明,士明
裴謙,子光
裴謠,承化
裴識,通理
裴讓,周叟
裴賜,公受
裴贄,敬臣,裴三十五
裴軫,裴珍
裴迪,裴十
裴通,又玄,文玄
裴遂,光嗣,裴從
裴達,裴逵
裴適,通玄
裴遵裕,仲良
裴銑,成子
裴銘,玉山
裴鎬,千石
裴鑲,篤臣
裴阿八,阿八
裴隨,蓮溪
裴露,潤芝
裴顯忠,澹如
裴顯相,宿堂,宿塘
裴騫,子孝
裴驄,鉄軒,鐵軒
裴鼎,子重
裵尙志,栢竹堂
裵幼樟,榆菴,章隱
裵弘重,子厚,慕菴
裵後度,晦亭
裹謙,椿林
褚一正,粹翁
褚三清,褚三淸
褚上林,春農
褚不華,君實,忠肅
褚九臯,聞遠
褚于杜,蘭仲,香畹
褚于林,春嵐
褚亮,希明
褚人獲,學稼,石農,稼軒
褚伯秀,師秀,環中子,雪巘
褚其章,潤菴
褚向,景政
褚國祥,徵興
褚圻,弘望
褚士寶,復生
褚天祐,友竹,善甫
褚奐,士文
褚如松,褚松
褚寅亮,宗鄭,宗鄭山房,搢升,搢叔,鶴侶
褚寶,光楚
褚峰,君石
褚庭堅,季長
褚廷璋,左山鄄我,左峩,左莪,筠心,筠心書屋
褚彥昭,安田,芝田
褚德彝,守隅,松窗,禮堂
褚志通,伯達,佑德真人
褚成亮,叔寅
褚成允,季蓀,連士
褚成博,伯約,百約
褚成婉,湘筠
褚成烈,薳生
褚成鈺,翰仙
褚承亮,玄貞先生,茂先
褚承恩,趨庭
褚承煒,敦伯
褚文亮,小寅
褚有聲,貞麓
褚梅,雲肥
褚棟,伯隆
褚榮槐,二梅
褚淡之,仲原
褚潭,濬之
褚澐,士洋
褚煇祖,菁土
褚登瀛,悔庵,穆軒,芷香
褚祚,昌印,昌胤
褚篆,蒼書
褚籍,彥文
褚維垕,子方,訒齋
褚維塏,大滌山樵,子卿,爽齋
褚華,文洲,秋萼
褚蒜子(司馬岳妻),崇德,康獻
褚藏言,江西逸民
褚谷,式似
褚貞,紉蘭
褚賢,君錫
褚載,厚之
褚逢椿,仙根,錫唐
褚遂良,登善
褚邦禮,立夫
褚鈇,愛所,民威
褚錫珪,君玉
褚鏞,宣玉,文川居士
褚靜貞,繡餘
褚順,太樸,子安
襲元祥,子禎
襲啟,克齋
襲大器,少東,春所,用卿
襲蓋卿,夢錫
西他拉富興阿,繹齋
西伯韓布彥圖,東山
西嚕特明安達禮,敏果,明阿達禮,西嚕特明安達哩,西魯特明安達哩,西魯特明安達禮
西庫,在言
西成,有年,西城
西林覺羅兆珏,趙玨
西林覺羅孚琦,恪愍,樸孫
西林覺羅察杭阿,敦確
西林覺羅潤祥,補臣
西林覺羅舒聘,舒瞍
西林覺羅鄂容安,休和,休如,剛烈,虛亭
西林覺羅鄂實,果壯
西林覺羅鄂寧,鄂甯,錫林覺羅鄂寧
西林覺羅鄂弼,勤肅
西林覺羅鄂忻,怡雲,淸虛齋
西林覺羅鄂樂舜,西林覺羅鄂敏
西林覺羅鄂爾奇,季正,復庵,淸虛齋,臛客,錫林覺羅鄂爾奇
西林覺羅鄂爾泰,文端,毅庵,毅菴,西林
西林覺羅開音布,凱音布,肅敏
西琳,覺羅西琳
西達,善卿
西金額,渭川
西門楫,道濟
西魯特夢麟,午堂,午塘,喜堂,夢喜堂,夢齡,大谷山堂,文子,瑞占,耦堂,謝山
要俊卿,天相
覃仙根,月林
覃光瑤,武陵女士,玉芳
覃壽堃,孝方,季漣
覃夢榕,思敏,榕士
覃宏澤,蒼霖
覃廷楨,士英,蔭堂
覃志京,咫宸
覃應元,德芳
覃昌,景隆,百拙子,葵菴
覃春華,杏苑
覃樹英,素瓊
覃渭,印川,邱川,邱州
覃瀚元,石仙
覃紹鼎,新甫
覃繼榮,覲五
覃肇邦,亮臣,耕溪
覃遠琎,玉次,石生
覺和托,覺和託,覺河圖
覺昌安,景祖,翼皇帝
覺澄,古溪
覺爾察孫塔,忠襄,遜塔
覺爾察安費揚古,安費揚武,敏壯
覺爾察寶善,國香堂,春皋,法善
覺爾察興能,敏襄,星內,星納,星訥
覺爾察都爾德,忠襄,杜爾德
覺爾察鐘音,文恪,鍾音
覺爾察額勒和布,文恭,筱山
覺爾察馬錫泰,瑪錫太
覺羅伊里布,伊禮布
覺羅佛凝峨,佛寍額,佛寧額,覺羅佛凝峩,覺羅佛寧峩
覺羅保寧,保甯,覺羅保甯
覺羅勒爾森,勒彌森
覺羅吉哈里,吉哈禮,紀哈禮,紀哈里
覺羅圖思德,恭士冗殳心
覺羅奉寬,彰民,文勤,栗亭,豐寬
覺羅學誠,丹奉,覺羅八姑
覺羅寶興,文莊,獻山,見山
覺羅巴哈納,交羅巴哈納,敏壯
覺羅巴彥學,緝之
覺羅廷雍,紹民,邵民
覺羅德厚,宗維,覺羅德寧,遠村
覺羅德寧,德厚
覺羅德成格,松亭
覺羅忠林,竹師
覺羅恩壽,恩受
覺羅慶至,勤親王
覺羅成孚,嘉甫,子中,子鶴
覺羅拜山,拜三
覺羅拴柱,拴住
覺羅栢修,覺羅栢脩
覺羅桂芳,子佩,敬儀堂,文敏,根仙,香東
覺羅武默訥,武默納
覺羅永泰,恪靖
覺羅海瑛,崑圃,海英
覺羅滿保,鳧山
覺羅琅玕,恪勤
覺羅瑞福,芝田
覺羅紹昌,任庭,受福堂
覺羅耆齡,九峰,壽民,恪慎,蠖齋
覺羅興奎,紫垣
覺羅良弼,賚臣
覺羅莫洛渾,剛勇,莫洛宏,莫洛琿,謨洛渾
覺羅華顯,元燦,覺羅華顕
覺羅萬福,莊靖
覺羅逢泰,賡揚
覺羅達椿,乂堂,健峯[健峰],達春
覺羅郎丘,交羅郎丘,覺羅郎球
覺羅錫光,載之
覺羅長麟,文敏,牧庵
覺羅隆慶,南村,洽如
覺羅雅爾哈善,蔚文
覺羅額爾登,恭簡,額勒登
覺羅顧納岱,固納岱
覺羅齡祺,麟祺
觀保,伯容,蘊玉,補亭,韞玉
觀奴,尚賓
觀文,仁山
觀童,用賓
觀閭,元賓
觀音奴,志能
觀音寶,貞愍
解一貫,曾唯
解九疇,剋齋
解元,善長
解元才,孫碩
解元瀧,雲亭,雲寧
解元鼎,金聲
解兆青,治軒,泊軒
解夢斗,孔賜,孔陽,星瑞,昭子,莊山先生
解子元,真我
解學禮,仲立
解學進,資深
解學龍,石帆
解宋,應儒
解帖哥,武宣
解幾貞,蘭石
解延年,世紀
解延慶,雲輝
解應辰,辰翁
解摩,弘妃
解敏,克聰
解明貴,山西
解晏,彥明
解景韓,仲愈
解榮祖,聿修
解氏(解十一女),正念
解汝楫,忠毅
解泰,子玉,季通,成我
解涣,述之
解深,宣達
解潛,亨叔
解為乾,鐵公,鐵如
解煜,星垣
解煜華,星烜
解琛,元琛
解秉智,月川
解節亨,安卿,東菴
解經邦,嵩盤
解綸,大經,長子
解縉,大紳,文毅,春雨,縉紳
解繪,朝夫
解芑,念豐,文浦
解蒙,仲正,求我
解蔭堂,召屏
解蔭桐,晉屏,普屏,普昇
解處中,解虔中
解觀,伯中,子尚,觀我
解誠,武定
解谷,生春
解貫,宗道
解賓,尚敬
解鍹,研農,華圃
解開,筠澗先生,開元
解開祥,春農
解韜,幼圖
解龍翔,寶章
觧明瑞,希文
言南金,卓林,可亭,魯琛
言同霨,百藥
言啟方,俁卿,芝泉
言如泗,素園
言家駒,應千,琴吾
言尚焜,晉望
言尚煒,管香
言德堅,似白,繫園
言忠貞,靜芳
言思鴻,湘陵
言敦源,仲遠,喁于館
言有章,潛百,謇博
言有能,筱甲
言朝楫,耐偲
言朝標,起霞
言良玉,寶侯
言芳,宗本
計光炘,二田,曦伯
計六奇,九峰居士,天節子,用賓
計初,遂初
計士元,允卿
計士增,漁溪,耕畦
計小鸞,青睞
計恬,祉庭
計成,無否
計昌,汝賢
計有功,敏夫,灌園居士
計東,改亭,甫草
計楠,壽橋,隅誌
計楷,東園,端書
計法真,秦國太夫人
計清元,冠英
計澄,本清
計燮鈞,蟄庵
計珠儀,蕊仙
計珠容,芸仙
計瑞英,芝仙
計用章,壽卿
計禮,汝和
計良冶,惺齋,本初
計蕙仙,素英
計衡,致平
計謙亨,光甫
計雪香,梅簷
計鵬翀,鯤波
計黌,仲均
託恩多,托恩多
託本,公翼
訥欽,子襄
許(王亢),德占
許㮚,養浩
許一元,竹岩
許一德,吉菴,子恆,子恒
許一敬,思禮
許一星,拱辰
許一純,貞白
許一經,仲常
許一鳴,望之,汝霖
許七雲,畫林,耕華,芋畹
許三禮,典三,恕谷先生,許言禮,酉山
許世亨,昭毅
許世卿,伯勳,靜餘
許世奇,卓州
許世將,彦瞻
許世昌,仲軒
許中,伯時
許中應,成甫
許乃亮,炎丞
許乃來,菊舫,菊船,菊雅,菊齋
許乃安,吉齋,退廬
許乃普,堪喜齋,季鴻,文恪,滇生,經崖,觀奕道人,閒健齋,養園
許乃濟,作舟,叔舟,青士
許乃穀,玉子,玉年
許乃賡,藕舲
許乃釗,信臣,恂甫,敏果齋,春漪,訊岑,訊臣,讀書養性齋,貞恆,邃翁
許之仙,仙娜
許之引,抱珠
許之漸,儀吉,青嶼
許之瑩,芝薌
許之翰,凈齋,春卿
許之衡,守白,飲流齋主人
許之豫,嵩瞻,謙次
許之軫,子舒
許之雯,修梅
許乾,伯貞
許亞璟,國材
許亢宗,幹譽
許亦崧,萼庭,高甫,鶴亭
許亨,始皇帝,存禮
許人俊,劍青
許人瑞,二許先生
許仁,子居
許仁沐,壬伯,子涵
許仕淵,存畊居士,希顏
許仕芬,湘慶,湘畹
許仕達,廷佐
許令瑜,元忠,芝田
許以仁,訒園
許以崧,鶴亭
許以晟,良器
許以景,星瑞
許以誠,允孚
許以讓,廉卿
許仲,彥時
許仲元,小歐
許仲堪,眉岑,美尊
許仲宣,希粲
許仲容,必達
許仲蔚,子均
許份,之大,子大
許伯政,惠棠
許伯琦,三松,正憲,汝珍,浩齋
許伯繼,為可
許伸,懿叔
許佐車,元輔
許作屏,子錦,畫山
許作梅,休木,傅岩,傅巖,景說
許佩璜,渭符
許佶,浦松,補松
許俊,宣甫
許俊弟,用之
許保清,勳臣
許保琨,葆園
許保琳,碧珊
許俞,堯言
許信瑞,聖泉
許倜,肅簡
許倫,宗彛
許倬,雲章
許傳媯,虞姝
許僴,後崖,文夫
許儀,子韶,鶴槎
許儉,幼度
許儒龍,士林,水南,鶴艇
許儔,匏生
許元,存仁,許存仁
許元仲,小歐
許元奎,文華
許元愷,賓門
許元沐,東泉
許元淳,韞輝
許元溥,千卷生,孟宏
許元潔,雪芳
許元燮,春蘋,雅三
許元發,雲東老吟
許元祥,國鍾
許元震,東藩
許兆奎,念茲,西亭
許兆桂,香崖
許兆棠,召村,石泉
許兆椿,秋岩,秋崖,秋巖,秋水閣,茂堂,許兆春
許兆祿,老鶴,荷生,鶴笙
許兆雷,雨田
許光國,利賓
許光大,子乾
許光治,穗嫣,羹梅,龍華
許光泗,東會,磬濱
許光鑑,書臺
許光震,建侯
許光黼,子良,耐庵
許克修,仲德
許克昌,上達,紹祖
許克猷,杜奇
許全治,希舜,歷耕
許公大,德謙
許公正,仲明
許公玉,潤甫
許公高,德升
許其光,涑文
許其郁,文卿,蕉雪
許冠瀛,介昉,鶴舲
許冰清,安國,慶老,第十五,重行
許冰玉,潔人
許利賓,伯寅,觀泉
許則祖,天則,忠顯
許前軫,星來,琴舫
許剛,秉中
許勉仁,希顏
許勝,慧仙
許升,升之,存齋,順之
許南傑,俊才
許南昌,香禾
許南英,子蘊,窺園主人,蘊白
許占魁,恪敏,文元
許印芳,五塘,印山,麟篆
許厚,觀雪,逸休,遯溪,重卿
許原,原古
許及之,深甫
許友,有介
許叔度,端大
許叔微,知可,許學士
許叔牙,延基
許叔達,商叟
許受衡,璣樓
許吉樟,下章,千章
許吉燝,翁吉燝
許名奎,梓碧山人
許名璋,菶莪
許君輔,君舉,徐君輔,第千四,舜臣
許啓敏,元健
許善輔,良佐,西疇
許善長,季仁,玉泉樵子
許喬林,石華,貞仲
許嗣,得靜山人,繼可
許嗣宗,紹德
許嗣徽,清貞,蓮芳
許嗣抗,本堂
許嗣臨,纂萓
許嗣興,許嗣印
許嗣茅,淡生,緒南
許嗣隆,山濤
許嘉,士奇
許嘉仁,體章
許嘉儀,仙圃
許嘉猷,慕魯,順庵
許嘉祐,吉卿
許嘉谷,稻蓀
許嚴保,景瞻
許國,進國
許國佐,欽翼,班王,舊庵
許國傑,吳國傑
許國瓚,仲葵,鼎卿
許國禎,忠憲,進之
許國誠,鼎臣
許國鳳,仁庵,彞定
許在文,允茲
許在璞,冰壺老人,玉仙
許在衡,心輿,笈雲
許均,雪村
許坦之,履吉
許執中,崧陽,松陽
許培秀,洗瓢,玉良
許堅,惟貞
許堪,長輿
許堯咨,師錫,鶴汀
許堯堂,樂亭
許增,抑老,益齋,邁孫
許士柔,仲嘉,石門,石門先生
許士模,李門
許士知,格夫
許士端,公直
許士貞,介菴
許壽裳,上遂,季黻
許夢熊,應男
許夢蘭,芝田,芳庭,雲浦
許夢貞,蝶仙
許夢開,子先
許夢麒,仁長,雙溪
許大,于大
許大亨,貞甫
許大寧,友仁先生,寧之
許大忠,元甫
許大成,見海,齋文
許大方,同塵子,體之
許大智,樂橋,鎮湖
許天倫,書崖,汝明
許天球,崙奏
許天琦,大正,賜山
許天益,謙叟
許天箎,時翁
許天賜,啟衷,洞江
許天贈,德夫
許天錦,爾章,芳洲
許天錫,啟衷,洞江,臺省三天
許奇寯,竺湖
許奇祥,文端
許奉恩,叔平
許奕,成子
許好義,士達
許如桐,嶧山
許子伯,子伯
許子偉,甸南,雲程
許子儒,文舉
許子安(字),子安
許子春,穆齋
許子紹,季紹,季韶
許子良,直夫
許孔明,元熙,第六
許孚,恆二
許孚遠,孟中,恭簡,敬菴
許孟嫻,靚宜
許孟容,公範
許孟昭,景班
許季蘭,湘蘋
許孫荃,生洲
許學,汝習
許學向,小范,希六,芋園
許學穎,小蘇,小蘭
許學蘊,玉樓,珏樓
許學衛,蘭猗
許宇勁,書顏
許守恩,君賜
許守謙,子受,益齋
許安世,少張
許安仁,仲山
許安國,伯恭,第二十四
許安治,天牧
許完,子固,忠莊
許宏,宗道
許宏勲,元公,元功,無功
許宏恩,敬五
許宏祚,玉沙,貽豐
許宗堯,子仁
許宗彥,周生,固卿,積卿,許慶宗,鑑止水齋,陔華堂
許宗衡,我園,枕星,海秋
許宗鎰,應衡,許宗鑑
許宗魯,伯誠,少華,東侯
許定升,升年
許定需,碩園
許宣,簡臣
許家瑞,肖岩
許宷,穆臣
許宸,素辰,菊溪
許宸章,彥徵
許容,季偉,季葦
許寅,可賓
許寧,宗道,志道
許寶善,敩虞,穆堂
許寶文,寶文
許寶蘅,季湘,繼緗
許將,冲元,文定,文恪,沖元
許尚,和光老人
許尚質,又文,小訥,幼文
許尹,覺民
許山,山如
許岩光,源仲
許岳申,君渠
許崇基,如塘
許崇熙,季純,滄江
許崇祖,克孝
許崇綸,勤恪,沛如
許嶽,子峻
許巖伯,孟堅
許巖保,景瞻
許巨川,東甫
許巨楫,少期,省漚,耐安子
許巽,少陽,耐貧先生
許巽行,子順
許希,希善,許希善
許希孔,克齋,念齋,瞻魯
許希孟,師孔
許希瓊,佩蘭
許希賢,植軒
許師可,可臣,文簡
許師敬,敬臣
許平,秉之
許幾,先之
許庚,伯先,萬松
許庚身,星叔
許庭堅,次谷,麟石
許庭珠,林風
許康佐,許五
許庾,伯先,萬松
許廓,文超
許廣大,具瞻
許延寀,許延采
許延扔,雲林
許延敬,君修
許延礽,因姜,雲林
許延祐,受之
許延邵,印渚
許延錦,雲姜
許廷佐,廉伊,樂泉
許廷桂,嘉謨,柱臣
許廷用,惟範
許廷穀,子雙
許廷誥,伯緘,八兼
許廷選,次雍
許廷錄,升聞,東野,適齋
許廷鑅,子遜,竹素
許式,叔矜
許弘勛,元功
許弘祚,許宏勳,許宏祚
許弘綱,少微,張之,許宏綱
許弼,佑之
許彤封,桐叔
許彥,處中
許彥先,覺之
許彥國,表民
許彥忠,汝敬
許彥知,德謙
許彥能,亨仲,宰中
許彬,東魯,襄敏,道中
許彭壽,仁山
許律,用韶
許得興,登瀛
許從宗,希魯
許從宜,希政
許從宣,希文
許從宸,希元
許從憲,希先
許從龍,伯雲,雲峰
許復,難先
許復禮,仁甫
許復道,從道
許循,覆中
許德之,振叔
許德溥,元博
許德菽,香濱
許德著,茂明
許德蘊,懷玉,燕珍
許德蘋,採白仟子,采白仙子,采石白仙子,香濱,香賓
許德裕,益甫,荇塘,韻堂
許德馨,仙霞
許德高,效庳
許徽,徽之,翼靖,退菴
許心榛,山友
許心檀,阿蘇
許心澧,阿芬
許心碧,阿蓴
許必克,汝能
許必勝,希文
許必進,宗尹,西坡
許志美,懿文
許志進,念中
許忠吉,國善
許忻,子禮
許思湄,秋水軒,葭村
許思溫,叔雅,叔雍,叔雝,斯溫
許性善,許惟善
許恆,北山,司貞
許恕,忍堂
許恩杓,問書,閬書
許恭,克肅
許恭壽,品三
許惇書,芍文
許惟枚,南臺,鐵山
許惟禮,孝莊
許惠,慧軒
許惪,仁夫
許愈,公能
許愛堂,蓉裳
許愻,得美
許慎,叔重,許洨長,許祭酒
許慎堂,紹宗
許慶,應禎
許應亨,子嘉
許應元,吟舫
許應參,幼甫
許應寅,春伯
許應寬,容庵,湘右
許應庚,春伯,果齋
許應祁,松軒,芳所
許應藻,魚南
許應辰,拱之
許應逵,伯漸,鴻川
許應鏘,少衢
許應鑅,昌言,星臺
許應階,象香
許應騋,晉笙
許應騤,昌德,筠庵,筠菴
許應龍,恭甫
許懋,國器
許懷宗,德祖
許懷德,師古,榮毅
許懿,成美
許成名,思仁
許成嘉,宏聲
許成器,道甫
許成麟,慶堂,瑞符
許戒惑,許誡惑
許扆,僖簡,君黼
許承周,公旦,公瑜
許承堯,疑庵,芚公,際唐
許承宣,力臣,筠庵
許承家,來庵,師六
許承志,樸齋,繼士
許承恩,雄文
許承欽,欽哉,漱石,漱雪
許承芳,世美
許承蒼,筠峙,莪溪
許抗,損之,許沆
許拯,康伯
許指嚴,子年,甦庵,誌毅
許振,玉亮
許振礽,佑人,雲生
許振祥,元烺,啟山
許振禕,仙屏,大澤村人,文敏,玉芝園
許振聲,麗生
許振褘,仙屏,文敏
許振身,鵬山
許捷,雲賓
許摶,公執
許效賢,子官
許敦仁,勉融,厚栽,厚載
許敬之(字),敬之
許敬宗,延族
許敬軒,南湖
許文勳,篆卿,緣卿
許文壯,拙庵,斐亭
許文岐,忠烈,我西
許文岳,英叔
許文昌,空雲處士
許文林,毓秀
許文森,懋齋,竹卿
許文歧,我西
許文泰,泰之,耕樂處士
許文淦,麗泉
許文琬,令儀
許文福,伯嘏
許文端,二許先生
許文蔚,環山,衡甫
許文薦,季文
許文謨,壯勇
許文鍇,蓮江
許文龍,雲樓
許斌,晴川
許方亮,俊丞,炎丞
許既德,來集,過庵
許日卿,居仲,雲屋
許日輝,韜所
許旭,九日,秋水
許昂,世顒
許昇,汝明
許昌國,一淸,仔賡,愧庵
許昌齡,眉右
許明文,月樓
許明璣,蔗田老人
許明章,憲武
許明耀,紫臣
許明賢,仲容
許易,惕關,朔方
許映鴻,紱田
許春田,寅村
許春芳,清泉
許昭,東陽
許時化,雨如
許晉,景昭,西橋
許晉孫,伯昭
許晉祁,介侯
許晟,彥有
許晟大,德夫
許普濟,作舟
許景亮,少明
許景樊,蘭雪主人
許景澄,拱辰,文肅,竹筠,竹篔,竹耘,許癸身
許景福,茆卿
許景胤,士述
許景衡,少伊,忠簡,橫塘先生
許景迂,許閎
許暘,東叔
許暠,宗寅
許暢,琴公
許暹,明遠
許暺,景暉
許曄,太輝,草堂
許曰琮,亦蒼
許書,仲尋,元文,浣月
許月卿,太空,宋士,山屋先生,泉田子
許月芝,玉清
許月英,梅村
許月華,伯英
許有壬,可用,文忠
許有孚,可行
許有恆,可久
許有望,渭南
許有麟,石卿
許朝,光庭,紅橋
許朝仰,小山
許朝遴,茹芝
許木炎,景雄
許本墉,次堂,茨堂
許本銓,次青
許東望,應魯
許松,世茂
許松佶,吉衷,拙夫,青巖
許松年,樂山,蓉嶲,蓉雋
許某,叔靜
許栗,養浩
許格,春長,滄海
許桂,叔詵
許桂林,北堂,同叔,味無味齋,壹籟,月南,月嵐,月巖,栖雲野客,琴想山房
許桂身,子齋
許梅英,韻仙
許棐,忱夫,梅屋
許棠,文化
許棫,伯蔭,少宣
許棹,警菴
許椋,有常
許楚,方城,旅亭,芳城,青岩
許楚畹,蘭滋
許楣,辛木,金門,長安散人
許楨,元榦
許楫,公濟
許業笏,子和,子晉
許業香,瓣園,馥堂
許榖,仲貽
許榮,子仁
許榮綬,桂冬
許榮錫,桂冬
許槤,叔夏,珊林
許樂善,修之
許標,赤城,赤黃
許樞,思言
許樸,蕙塍
許樹棠,思刀
許機,許繩先,許繩祖
許檉蕃,許檉藩
許檖,國華,西坡
許權,宜媖
許次紓,南華,然明
許正,茂中
許正基,令輿
許正綬,少白,若庭,齏生
許此翁,書隱,茲父
許殿彪,卜臣
許毓僎,以文
許氏(許古次女),肅姜
許氏(許古長女),定姜
許永,南交,在野
許永文,松坡,芳谷
許永棨,雲門
許永禧,烈愍
許汝垂,次寅
許汝夔,虞一
許汝明,非雲
許汝棻,鐵香,魯山
許汝益,舜使
許汝稷,邰即
許汝翊,豹山
許汝霖,時用
許汝驥,德卿
許汝魁,仰亭,真甫
許汝龍,許汝霖
許汻,元思
許沅,仲青,康泉,贅翁
許沆,淸仲
許沐鑅,弼丞,燮卿
許泰,仲亨
許洛,希程
許洞,洞天,淵天
許洪,南耕,彥章
許洽,八慰老人,眉叟
許浚,淸源,龜巖
許浩,晁採,藻園
許涇,清叔
許涵度,紫莼,紫蒓
許淑慧,定生
許淑貞,蘭仙
許淮,巨源,漁隠
許淳,文厚
許淵,碧漪
許渤,仲容
許渾,丁卯,仲誨,用誨
許湄,拙村,臨洲
許溎祥,子仲,誦禾
許源清,子春,鶴泉
許溯中,虞傅
許溶,紫瀾
許潛,寒泉,景亮,貞敏
許潤,子瑩
許澄之,心源,訒庵
許澤新,穎初
許濤,巨源,蕅莊
許濬,深道
許瀚,彥卿
許瀛,鉄夫
許灌,學圃
許炳,太初,雍之
許炳勳,硯耘,靜夫
許炳材,良臣
許烜,就之
許煒,滄浪
許煥,退甫
許煥然,慕漁,荷昭
許照,秋田,葵陽
許熊,吉甫
許熙,烜之,繼顯
許熙宇,我位
許熹,華甫
許燃藜,乙光,靑閣
許燕珍,儷瓊,儼瓊,靜含
許燦,恆之,晦堂,衡紫
許燾,元功
許爚,文升
許爛石,箕屋,許濰
許獬,子遜,許同安,鍾斗先生
許獻琛,潤玉,賮庵
許玉展,雲清
許玉晨,雲淸
許玉瑑,緝庭,許庚颺,起上,鶴巢
許玉筠,玉峰女史,畹珍
許王猷,王猷,竹君,賓穆
許玠,介之
許玧,允玉,桂洲,良景
許珂,伯鳴
許珏,復庵,復庵先生,靜山
許珙,文敬,韞匱
許珣,問樵,士詢
許珩,楚生
許珪,許圭
許球,玉叔,養雲山房
許琛,文貞,獻之,頤軒
許琪,嘉生,汝玉
許琬,宛玉,本黃
許琮,宗之,宗卿,尙友堂,忠貞
許琯,伯和
許琰,潛忠先生,玉仲,玉重,許王
許琳,一公
許瑄,伯溫
許瑋,張瑋
許瑗,惠節,栗夫,高陽郡侯
許瑤,澄齋
許瑤光,復叟,復齋,雪門
許瑾,子瑜,高山
許璋,半圭
許璘,文玉
許璞,叔瑛
許璹,壽玉,夀夀,夀嵩,第六十二
許璿耀,在衡,秋菘
許瓊,世英
許瓊思,宛懷,西湖
許用中,子執,平湫
許田,畕農,莘野
許申,維之
許申瑔,淇園,竹濤
許當,當世,當時
許畹芬,卿蘭
許登,升卿,第六,紹祖,達卿
許登明,微之
許登瀛,預甫
許發和,伯壎
許百齡,鶴圃
許益,損之
許益謙,子牧,義書
許盛,昌世
許直,忠愍,忠節,若魯
許直可,仲堅
許相卿,九杞,伯台,伯臺,台仲,雲村老人,雲邨
許眉,綠顰
許知極,玉田
許知機,玉田
許碧霞,綺雲
許磁,南仲,東崖
許磐,文炳
許磨,令芬
許祐身,子原,芷沅
許祖京,依之,春岩,春巖
許祖壽,篤齋
許祖懷,芬圃
許祖汸,澄甫
許祥光,冰渠,袖海樓,賓衢,集選樓
許祥齡,蔬庵
許福,堯錫
許福祉,夢槐老人
許禧身,仲蔆
許禮容,了夫
許禾,本中
許秀貞,芝仙
許秉琦,稚筠
許秉衡,滋泉
許稠,仲通,敬菴,文敬
許稷,履凝
許穀,仲貽,石城
許穆,和甫,文正,文甫,眉叟
許穆宗,剛中,履亭
許穉,景孺
許積,休翁,汝車,默齋
許立,伯基
許立德,伯上
許立瓊,文木,漱雲,鸞亭
許立禮,季履,蓮岫
許章,廷冕
許筠,惺所,白月居士,端甫,蛟山,鶴山
許筬,功彦,山前,岳麓
許箎,仲樂
許節,本儉
許篈,美叔,荷谷
許純,南屏,阿屏
許紳,大章,警菴
許紹宗,蓮舫,迪光
許紹沆,蓮峯
許紹祖,克學
許紹錦,兆熊,絅亭
許經,處常
許維新,周翰
許維瑗,少欽,禮初
許維禎,周卿
許綺詩,麗卿
許緒,玄嗣
許縉,尚文
許繩武,雲侯
許繹,士成
許繼,士修,觀樂生
許纊,毓聰
許纘曾,孝修
許美祖,邦善
許義誠,義誠
許羿,德判,德制
許翔,雲舫
許翔鳳,國禎
許翰,崧老
許翱,鵬舉
許翺,鵬舉
許翼,鵬飛
許翼權,祝翼權
許耀,淞漁
許聖朝,慎餘
許聘,席珍,竹亭
許聞造,長孺
許聰,聽德
許肇起,振庵
許自,元實,崇鼎,第四十六,資道
許自俊,子位,潛壺
許自新,試可
許自昌,元祐
許至震,山嘉善人,東生
許興祖,必達
許興裔,典裔
許舜求,夢弼
許良彬,壯毅,文齋,質卿
許良極,辰樞
許良玉,以韞
許芳曉,碧榭
許芳欣,紅榭
許芳盈,鸞榭
許芳素,竹榭
許苕玉,琬華
許若英,瘦梅,穆波
許若蘭,蕙薌
許英,文傑
許莊,德徵
許華,德茂
許華存,小魏
許菼,敦兮,酉峰
許葆翰,道園,韜庵
許葉珍,席卿,習琴
許葉芬,少翯,紹翯,麘簃
許蒼舒,子齊
許蔚,允文
許蔭亭,夢青,經石,荊石
許蔭本,慕堂
許蔭杰,俊友
許蔭棣,梅侶
許蔭采,鶴州
許蕃,邦憲
許藻,湘南
許蘅,若洲
許蘊萼,次蘊
許蘭,畹香
許虎拜,小山,覲廷
許虎變,寅麓,炳文,繡山
許虞卿,舜元
許虬,竹隱
許融,博仙
許衡,若洲
許衮,公儀
許袓道,伯廣
許袞,公儀
許觀,玄觀
許觀曾,半龍,盥孚,觀曾
許評,公甫
許詞,廷章,柳溪
許詠仁,頌慈
許詡,貞簡
許試,廷揚
許詵,玉父
許誠,孟明,恭簡
許誥,函谷,函谷山人,廷綸,次子,莊敏
許誦恆,少珊
許誦珠,寶娟
許誾,和仲
許論,嘿齋,廷議,恭襄,默齋
許諶,元孚,婁愚
許謙,文懿,白雲,益之
許謹身,瑞徵,金橋
許譽卿,公實
許讚,三子,廷美,文簡,松臯
許谷,嵩厓,詒孫
許豐,欽是,綠野
許象先,汝賢
許象明,叔臣
許豸,平遠,玉史
許貞,藎臣
許貫之,小泉,道卿
許貴,公和
許賀來,秀山
許賡皞,剋孳,秋史,蘿月
許賡謨,菊士
許贄,執中
許起,立之
許起昆,玉載
許起鵬,扶萬
許起龍,雨辰
許輔,佐之
許輯,伯和,靖簡
許迎年,穀士,荔生,谷士
許近,知達
許迥,光遠
許述祖,克紹
許逖,景山
許進,季升,東厓,東崖,襄毅
許進益,德園,裕峰
許逵,亹軒,忠節,汝登
許遂,揚雲,楊雲,真吾,真吾閣
許遂忠,貞頎
許遇,不棄,月溪,真誌,花農
許遇貞,瑞仙
許運,榮達,能翁
許道基,勛宗,勳宗,明致軒,竹人,霍齋
許道杞,祖禹
許道章,闇如
許遠,令威
許遵,仲塗
許還珠,月津
許邕,迂軒
許邦,邦直
許邦光,謙仲
許邦弼,右之
許郊,子社
許郴,許彬,許琳
許鄧起樞,仲期
許重熙,子洽
許金照,朗軒,韻史
許鈇,德威
許銓,竹溪
許銘,德新,警菴
許銳,季節
許鋌,定之
許錞身,彥直,鵬山
許錦,在中,埜堂,文定
許錫,晉之,月湖
許錫祺,松濱學人,莘甫
許錫齡,鶴坪
許鍾岳,韞生
許鍾秀,香農
許鎡,國器
許鎬,孚庵,西麓
許鎮,天倚
許鎰,伯鈞
許鑰,準卿
許長春,人隱,蒔圃
許長浩,西齋,酉齊,酉齋
許長濤,砥菴
許開,幾先
許閎,進之
許隆遠,邇可
許際華,雲裳
許集,時翔
許雲濤,元靜
許雲衢,叔升
許雲鵬,時亨
許震,竹村
許震重,東湘
許霖,許怦
許静曜,茂勲
許靜柳,許靜卿
許靜芬,欖愚道人,煙蓴
許韻蘭,香卿,鳳梧
許頊,公愼,貞穆,負暄
許頌鼎,子曼
許顒,孟敬
許顗,彥周
許風,季翔
許飛,仲鵬
許飛雲,天衣
許馥荃,鸞案
許驤,允升
許骧,允升
許體健,用九
許鳳,天祥
許鳴盛,儀廷,存愚,小齋
許鳴雝,棲梧,藹堂
許鴻儒,象垣
許鴻磐,漸逵,雲嶠
許鵬,圖南
許鵲,許碏
許黼,扆廷
許鼎,子秀,玉峰
許鼎霖,久香
許𤥠,澄窩,硡之
許𥛚,子賀,水色
訾綬,文甫
訾諶,信道
詹世用,汝賓
詹之枚,森園
詹之瑛,英玉
詹事講,明甫,養貞
詹亢宗,叔子,第十八,蕃哥,道子
詹交,伯常
詹介,敬父,玉澗
詹仰,冠景
詹仰庇,咫亭,汝欽
詹仲和,鐵冠道人
詹何,功甫,宗楚
詹俊,用章
詹保泰,小亭
詹儀之,體仁
詹儀桂,月艘,月艛
詹元吉,子正
詹元相,畏齋,翊元
詹元鼎,實夫
詹兆恆,月如
詹兆蛟,振宇
詹兆選,萬峯
詹兆駒,白齋
詹先野,景舒
詹光祖,月厓,良嗣
詹全覺,克先
詹公薦,文舉
詹初,以元,子元,流塘
詹勉,力行
詹參,曾賢
詹友端,伯尹
詹叔善,第五十九,繼道,鄭公,鄭行
詹叔羲,仲和
詹同,同文,文憲,文敏,詹書
詹吳,筠亭
詹啟東,知震
詹嗣祿,允繩
詹嗣賢,希伯
詹在泮,獻功
詹圻,丹臣
詹城,碧存
詹執璞,韞輝
詹培材,掄元
詹士懿,屺望,文夏
詹士龍,見五
詹夢璧,子蒼,寄翁,第二五,謾養
詹夢符,篆文
詹大方,唐公
詹大衝,圖先
詹大衢,麗門
詹天佑,眷誠
詹天顏,僯伍
詹天鳳,阮榆山人
詹天麟,景仁
詹太和,甄老
詹太林,晉柏,維陽
詹宇,谷軒
詹寬,仁量
詹寶,天球
詹尹吉,楚師
詹崇,東魯
詹崇樸,叔厚
詹希原,孟擧,希元
詹師文,叔簡
詹庠,周文
詹度,安世
詹廷堅,朝弼
詹彬,汝宜
詹復,仁仲
詹徽,資善
詹志遠,靜夫
詹思虞,惟業
詹思謙,四十四,惟柄
詹惟修,六宏
詹惟聖,乃庸,尼菴
詹惠明,念一
詹慥,應之
詹應甲,湘亭,鱗飛
詹應陳,俊卿
詹承克,詹承怘
詹抃,成老
詹振甲,聲山
詹敦仁,君澤,淸隱
詹文光,用賓
詹文啟,石潭
詹文杓,衡父
詹文英,鼎元
詹文質,子儀
詹明章,兼山,莪士
詹春光,木堂,華東
詹時升,志行
詹時雨,霖臣
詹景鳳,東圖,白岳山人
詹本,道生
詹林寧,必泰
詹枚,文木
詹栗,德寬
詹桂,一峯
詹榮,仁甫,角山
詹樞,景辰
詹沂,浴之,魯泉
詹泮,六十四,少華,文化
詹洪基,子震
詹淵,灌泉,躍泉
詹源,企齋,士潔
詹漢源,魯齋
詹瀚,八十二,汝約,燕峯
詹炎,湘浦
詹爾庚,元西
詹爾康,利寇,利遠
詹爾達,起鵬
詹爾選,思吉
詹獻,廷用
詹玉,可大,天遊
詹珊,二十六,廷佩
詹珪,朝章
詹理,爕卿
詹琲,鳳山山人
詹瑞芝,蘭芬
詹璧,藕香
詹璽,廷信
詹登高,牧亭
詹祖道,仲生
詹範,器之
詹紹慶,本修
詹組玟,石亭
詹維翰,亦廉,屏山
詹義,持國
詹義民,乂民,敬叔
詹羽,翔父
詹肇堂,南有,石琴
詹至,及甫
詹良臣,唐公
詹英,止菴,秀實
詹萊,七十三,殷行
詹觀,尚賓
詹誠,振三
詹谷,應之,霞山子
詹象先,太沖
詹貞吉,惟一
詹貴應,詹桂應
詹賢,左臣,耐莊
詹起鳳,心印
詹軫光,君衡
詹軾,十七,寒泉,忠潔,敬之
詹載道,厚齋
詹載采,可垕
詹輗,和叔,第八二,行可
詹道愈,齊之
詹道淳,芝圃
詹銓吉,卜臣
詹錙,勝甫
詹錫齢,惠階
詹長民,子齊
詹阜民,子南,默信
詹陵,良卿
詹雄,伯鎮
詹雨,天澤
詹靈書,漢廷
詹靖之,康仲
詹養恬,以智
詹養沉,心淵,無幾
詹騤,晉卿
詹體仁,元善
詹鳳翔,道存
詹鴻謨,黻廷
詹鼎,國器
誠勳,果泉
誠璋,玉如
談九乾,震方
談九敘,功惟,是山
談俊,時英
談修,信余,思永
談倫,敬仲
談允謙,長益
談兆新,梅槎
談則,守中
談印梅,緗卿
談印蓮,步生
談善吾,老談
談嘉勳,式南
談國政,撫辰,正己
談學舜,開臣
談寶森,木齋,玉書
談庭梧,少琴
談必泰,子開
談恩誥,蓉舫
談愷,十山,守敎
談承標,松溪,震溪
談文烜,鳳威
談昕,先儒
談松林,半齋,小峰,雪葊
談溶,孔嘉
談烺,曉溪
談璐,葆亭
談祖綬,子垂,紫垂
談素敦,復庵,禮崇
談經,天章
談經正,复齋
談綱,憲章
談綽,公綽
談縉,朝章
談覲光,斌如
談詔,朝宣,遺槐
談遷,仲木,儒木,孺木,海若
談采,文卿
談韻梅,月香
談韻蓮,花君
論博言,知遠
論弓仁,論躬仁
論惟賢,惟賢
諶佑(祐),服耕子,桂舟,自求
諶厚光,葆初
諶吉臣,仲貞,烈愍
諶名臣,令輿,實菴
諶命祿,受之
諶增模,益洲,釋甫
諶廷詔,汝宣
諶東皋,花南
諶楚斌,子璘
諶瑞雲,小門
諶祐,桂舟,自求
諸世器,敬甫,景筠,竹莊
諸以謙,撝堂,訒庵
諸來晟,孟嘉
諸來聘,九徵,昌古齋,精思樓,諸學聖
諸保宥,六在
諸偁,揚伯,苧村
諸允遴,敬槐,賓所
諸允錫,敬叔
諸匡鼎,桔叟,虎男
諸可寶,璞齋,遲菊
諸可權,肖鞠
諸可炘,又塍,起齋
諸嗣郢,乾一
諸嘉樂,秋士
諸壽賢,延之,敬陽
諸夢環,仲希
諸大倫,仁夫,十八,白川
諸大圭,信夫
諸大綬,南明,四十八,文懿,端甫
諸學聖,九徵,諸來聘
諸宗元,大至居士,貞壯,貞長
諸定遠,西侯
諸家桂,攀雲
諸察,十八,子潛
諸寶鏞,光廷,弘肅
諸弘祿,景行,高峰
諸徐孫,舒菴
諸惺,靜齋
諸成琮,二知居士,彥卿
諸敬之,守禮
諸文淵,翰香,鍾秀
諸暲,二十九,子誠
諸曜,昭遠
諸朗,良月
諸正,養蒙
諸江,煇庭,輝庭
諸沂,魯泉
諸沫,忠壮
諸洛,杏程
諸清臣,清之
諸源澐,觀潮,觀瀾
諸演,宗易
諸灴,煇庭,輝庭
諸熙,端揆
諸燮,子相
諸玉衡,星五,稼軒
諸琬貞,楚玉,蘭卿
諸福坤,元簡,安貞,杏廬
諸福履,旋慶,綏之,靜齋
諸素貞,禮嫻
諸絢,十五,用海
諸舜發,堯叟
諸葛仲文,彥明
諸葛典,仁叟
諸葛千能,誠之,誠子
諸葛埴,子直
諸葛峴,一百三十八,叔靜
諸葛廷瑞,麟之
諸葛懏,夢岩,學敏
諸葛文庚,丘夫,建寅,才叟,才臾,立大,第二
諸葛晉,仲昭
諸葛某,法藏
諸葛氏（諸葛萬女),一發
諸葛泰,亨甫
諸葛浩,廣聲
諸葛淵,振聲
諸葛琰,如晦,桂隱
諸葛直清,子嚴
諸葛省己,希曾
諸葛端,倩山
諸葛興,仁叟
諸葛若,欽之
諸葛覺,淡然,澹師,諸葛珏
諸葛說,夢叟
諸葛説,夢叟
諸葛諤,筠廊,筠廕
諸葛賁,文之
諸葛賡,君俞,熙真子
諸葛鎡,大本
諸葛鑑,大智
諸葛霞,麗娟
諸葛鯨,君騰
諸觀,民瞻
諸讓,十一,養和
諸豫,震坤
諸豫宗,立凡,笠帆
諸起新,卓山
諸邦憲,貞伯
諸重光,升之,桐嶼,申之
諸錦,孚文,絳跗閣,草廬,襄七,道古堂
諸鎮,懷遠,菊人,菊塍
諸鑣,蘭谷,闌谷
諸鳳丹,鳴山
諾懷,德卿
諾敏,學時
諾敏耀年,雲舫
諾洛明緒,忠節
諾爾渾,諾樂洪
謙惠,雨農
謙福,光庭,六吉
謝?,恕園,爾翼
謝㡕,惜齋,慎齋
謝一夔,大韶,文莊,王一夔,約齋
謝一瑩,潤中
謝一魯,至道
謝三賓,塞翁,象三
謝上箴,以善,十三,南湖
謝丕,汝湖
謝世則,子言
謝中,無疑,用和
謝中恪,嚴斯
謝丹書,洛源
謝乃實,峇廬山人,華函
謝乘運,子亨,第三十一
謝九儀,南阿,君賜
謝九齡,子壽
謝于宣,宣子,甸鶴
謝于道,存莪,敏公,敬義軒,毓公
謝仁,仁卿,蓴卿
謝仲,宗石
謝仲坃,孔六
謝仲溫,君玉
謝伋,景思,藥寮居士
謝伯初,景山
謝伯宜,晞聖
謝伯常,彝叟
謝伯恭,安卿
謝伯春,仁圃
謝佑,德夫
謝佩賢,味餘
謝佳玉,謝佳士
謝佳霖,蘇亭
謝俊升,猷閣
謝俊民,章甫,適齋
謝修,耕之
謝倜,子周
謝傑,循卿
謝僡,坆堂
謝元俊,英伯
謝元壽,庚仙
謝元慶,東皋,肇亨,蕙庭
謝元汴,辟庵
謝元淮,鈞緒,默卿
謝元瀛,定夫
謝元誠,去浮
謝元鎮,靜菴
謝元陽,憲南,用九
謝元順,德和
謝元麒,子石
謝兆昌,瞻在
謝兆申,保元,太弋山樵,耳伯
謝光第,鼇占
謝光綺,方山
謝克家,任伯
謝克念,任伯
謝克恭,欽仲
謝勉,公載
謝升俊,成彥
謝升孫,南窗,子順
謝升賢,恕齋,景芳
謝卿材,仲適
謝及時,西疇
謝台卿,登之
謝吉卿,修之
謝命爵,士俊
謝咸,樸齋,永聲
謝啟中,叔彥,簡孫
謝啟昆,良璧,蘇潭,蘊山
謝啟翰,屏南
謝啟華,春谷,質士
謝喬年,霞齡
謝嘉,惟則
謝國光,節齋,觀夫
謝國文,星樓,省廬,醒廬
謝國楨,希蘭
謝國樞,星環
謝國表,民瞻
謝國賓,思敬
謝垣,謝坦
謝堂,恕齋
謝堃,佩禾,轡和
謝堯仁,夢得,嶺菴先生
謝墉,崑城,昆城,東塾,東墅,西髯,豐圃,金圃
謝增,夢漁,普齋
謝士俊,嘯林,謝俊士
謝士元,仲仁,拙菴,玩易軒,約菴
謝士敬,德輿
謝士檟,彭士檟
謝士章,含之
謝士鶚,一臣,翕潭
謝夢生,夢頤,孟頤,性之
謝夢誠,仲明,仲章
謝大坤,亭載,厚村
謝天吉,鍾祥
謝天命,魯生
謝天徽,小妹
謝天民,彥先
謝天申,天申,用休,謝佃,謝用休
謝天相,蕉陽
謝天賜,純父
謝天達,兼善,容巖,容巖先生
謝夷吾,堯卿
謝奇舉,彥甫
謝奕,無奕
謝如圭,謝如珪
謝如珂,鳴玉
謝子強,強學,淸惠
謝子澄,雲航,雲舫
謝子通,必達,迂軒
謝子龍,雲從
謝存仁,太涵
謝存儒,懋玠,懋珍,象岑
謝孚,允中
謝孟金,子純
謝季康,和卿
謝季蘭,湘址
謝學崇,仲蘭
謝學聖,乃願
謝宇,伯寛,伯寬,容庵,容菴
謝守仁,安卿
謝守灝,懷英
謝安富,西潭,貴卿
謝安邦,安康
謝宋臣,君俞
謝宏,岐陽
謝宏基,含齋
謝宗倫,三十六,子敘
謝宗善,定甫,臺生
謝宗嶽,五高
謝宗明,子誠
謝宗素,履莊,貞谷
謝宜翁,惟義
謝家楨,玉堂
謝家璧,連城
謝家瓉,杞洲
謝家福,望炊,綏之
謝家禾,和甫,穀堂
謝家裕,神園,綽園
謝宸命,而息
謝寅,叔畏
謝富陽,仕春
謝寧,安世
謝寯杭,南川
謝寶勝,子蘭
謝寶書,岐園,石樓,青羅居士
謝封,夫錫
謝少南,應午,與槐
謝少連,惠伯
謝履,履道
謝履厚,坤侯
謝履忠,卣臣
謝山壽,倬峰
謝崇基,履莊,德初
謝崑,鍾璞
謝崧,俊生,駿生
謝希孟,母儀
謝希楨,筱湘
謝希銓,什珊,石衫,紹辛,麗泉
謝師厚,師厚
謝師啟,叔蒙
謝師嚴,汝心
謝師彥,叔美
謝師成,汝器
謝師程,敬學
謝師稷,務本
謝師聖,心道,霜崖
謝庭芝,和仲,雪村
謝庭薰,自南,韶莊
謝庭蘭,湘谷,貞誠
謝庸,孟常
謝庸熙,海峯
謝廉,允淸
謝廓然,榮敏,開之
謝廣,志浩
謝廷[⿱艹氵臣],右溪,子佩
謝廷傑,宗聖
謝廷寀,三十二,思敬
謝廷恩,拜賡
謝廷敬,宗文
謝廷柱,邦用,雙湖
謝廷洍,右溪,子佩,謝廷蒞
謝廷澤,少香,藕汀
謝廷獻,鑑堂
謝廷琛,蔚峰
謝廷琪,謝庭琪
謝廷瑞,邦應
謝廷瓚,曰可
謝廷章,梭如
謝廷諒,友可
謝廷讚,曰可
謝廷賓,爾嘉,稻孫,遯庵
謝廷鈞,謝廷推
謝廸,于吉,石厓
謝彥,子超,孫彥
謝彪,文伯
謝彬,仙臞,文侯
謝復,一陽,西山先生
謝微,謝徵
謝德垕,子垕
謝德權,士衡
謝德溥,培元,雲菴
謝徽,元逸,玄懿
謝必鏗,瑟堂,維金,薇卿
謝志伊,大公
謝志望,見甫
謝志遠,詹志遠
謝忱,惟壽
謝念功,堯山
謝思謙,秋谷
謝恆,行甫
謝恩,孟玉
謝恭,文安
謝悰,公定
謝惇,彥豐
謝惺,元敬,激齋
謝愷,舜卿
謝慎行,可亭,未園
謝慶德,積之
謝慶雲,剋暉,縵庭
謝應典,道揚
謝應嶽,顯之
謝應徵,徵夢
謝應珩,楚玉
謝應祥,鳳臯
謝應芝,子階,浣村,蒙泉子
謝應芳,子蘭,龜巢
謝應辰,濟明
謝應選,友亭
謝應龍,懷紀
謝懋,勉仲
謝懿德,謝懿
謝懿珍,文儀
謝成,仲美
謝成章,汝達,汝遠
謝扆,殿颺
謝承恩,休雲,倬雲
謝承文,簡亭,蘭亭
謝承煒,彤文,莪刪
謝承發,占草
謝承舉,子象,野全子,髯九翁
謝持,慧生
謝振宗,奕照
謝振定,一之,一齋,燒車御史,燒車謝御史,知恥齋,薌泉,香泉
謝振復,恢緒,肯堂
謝振猷,允山
謝掄元,榆孫,絸廬
謝敏行,中隱居士,長訥
謝教,敬敷
謝敦懿,徵謙
謝敬,信卿
謝敬莊,鄰竹
謝敷經,子暢
謝文,同書
謝文彬,子穀
謝文榮,桂洲
謝文洊,秋水,約齋,顧庵
謝文淇,衛泉
謝文淑,錦仙
謝文炳,復元
謝文瓘,聖藻
謝文祥,元吉,楓林
謝文翹,岫珊,楚材,秀山
謝文蔚,真卿
謝文釗,雲材,雲村
謝文雕,曉山
謝斗元,光國
謝斯熊,煥璋,玉亭
謝方叔,德方,瀆山
謝於宣,甸鶴
謝於道,敏公
謝日昇,九如
謝旻,仁夫
謝昇,貞勤
謝昌,子期,樂壽
謝昌元,叔敬,敬齋
謝昌年,壽田,引之
謝昌稼,祥農
謝昌言,跂禹
謝明之,惟學
謝明達,舜公
謝春生,夢池
謝昶,伯明
謝時泰,汝亨
謝時臣,思忠,樗仙
謝時舉,子野
謝晉,勉廬,受茲,曰三
謝晟孫,唐卿
謝晦,宣明
謝景初,今是翁,師厚
謝景回,師復
謝景平,師宰
謝景標,方中
謝景溫,師直
謝景章,樵隱
謝暉,彥實
謝服,允中
謝朝佐,劍雲,良輔
謝朝宣,汝為
謝朝錫,懷邦
謝本真,叔畊
謝朱勝,復廬
謝東山,陽升,高泉
謝東陽,子生
謝枋得,君和,君直,文節,疊山,疊山先生,第萬四十
謝林,璚樹,瓊樹
謝桂滋,襄廷
謝棐伯,元常
謝榛,四凕山人,四溟山人,脫屣山人,茂秦
謝榮光,子卿,子鄉
謝榮埭,履初,方齋
謝榮廣,霞仁,體仁
謝榮昌,慶臣
謝榮熙,佐槐,侶蘅
謝樞,子發
謝樹壁,仙莊
謝樹熿,勵雲,芋卿
謝次魯,穆夫,第二十二
謝正卿,允中
謝氏(趙眘皇后),成肅
謝永褀,紫宸
謝汝儀,國正,果菴
謝汝明,晦卿,東岩
謝汝暘,晉卿
謝汝鈴,星堂
謝江,仲川,岷山
謝池春,漁珊,獻修
謝沄,乙山,季恬,進帆
謝沐之,準夫
謝泌,宗源
謝泰,彚征
謝泰宗,天愚山人,時望
謝泰宸,仰儒
謝泰寅,份孺
謝泰愚,慎菴
謝泰春,池生
謝泰臻,時禋
謝泰階,時符
謝泰雋,慎菴
謝泳,仁湛,柳湖
謝洪,範卿
謝洲,文若
謝浣湘,芸史
謝浦泰,心傳,星躔
謝淑元,春洲
謝淮,如山
謝深甫,子肅,惠正
謝淳,景祥
謝清問,俞臣,恆齋
謝渭,淸瀾,道游,鑑止
謝湖,有容
謝湘,快雪
謝湜,持正
謝源,士潔
謝源明,用光
謝溥,公濟
謝溶生,容川,未堂
謝漋恩,安愚,筱榭
謝潛,致虛
謝潤,德澤
謝潮安,仲亭,仲淳,仲渟
謝澤,商霖
謝濟世,梅莊,石霖
謝濤,濟之
謝濬畬,謝得勝
謝瀚,汝大
謝炎,元禮
謝炎午,子俞,第一,餘僧
謝炳樸,虎文
謝煌,仲霖,雨生
謝煐,慎齋,星齋
謝煥,君章
謝熊,燕岐
謝燕昌,翼之
謝燫,世彰
謝燿,元輝,月湖
謝牧,謙牧
謝玄,幼度,獻武
謝玉,坤山
謝玉綵,鄉湖
謝王寵,賓于
謝王琰,蘿邨
謝王生,寧先,能可
謝珊,伯聲
謝珍,寶齋,瑞周
謝珩,林風
謝珪,允執
謝理,一卿
謝琚,仲玉
謝琛,伯玉
謝琪,君璋
謝瑀,叔和
謝瑄,正六
謝瑛,玉英
謝瑜,如卿,狷齋,良卿,謝愉
謝瑞,應麟
謝瑩,懷玉
謝璉,君寔,君實,韶石
謝璋,企石
謝璜,玉階
謝璡,公玉
謝環,佩之
謝璽,宗玉
謝瓌,良珍
謝甘棠,憩亭
謝甘盤,幼盟,澄淸
謝生翹,錯山
謝用,希中
謝用賓,白雲先生,雲山野客
謝疇,元錫
謝登之,太東,汝學
謝登元,敏菴
謝登雋,才叔,易堂,金門
謝皓,商老,德夫
謝直,古民,晦齋,謝希孟
謝相,大卿
謝省,世修,世脩,愚得,臺南逸老,貞肅先生
謝睿,邦達
謝石,潤夫
謝石升,謝魚池
謝石孫,晉夫
謝祐,小雲
謝祖安,象岡
謝祖悌,友恭
謝祖源,星海
謝祖芳,養田
謝祖荃,漁橋,魚喬
謝祖蔭,纘臣
謝祜,小雲
謝禮方,文器
謝秀君,季蘭
謝秀孫,季蘭,湘沚
謝秉中,惟時
謝秉彝,香谷
謝秉鈞,仲陶,鎔庵
謝秉鉉,石生
謝立本,培根,羲樂
謝章鋌,枚如,籐陰客,藤陰客,藥階退叟,賭棋山莊
謝端,敬德,文安,榿齋
謝箎賢,仲諧
謝簡捷,子茅
謝紘,十二,天章
謝素珍,夢圓,玉仙
謝紳,偉儀
謝絳,希深
謝綬,朝章,西樓
謝綬卿,侶琴
謝維傑,兼三
謝維藩,麐伯
謝綱,廷憲
謝綸梅,恆甫
謝緒璠,魯卿
謝緝,維熙
謝緯,文卿,秋田居士
謝繼超,定侯
謝續,通微
謝罃,廷獻
謝翠霞,凌波,麗仙
謝翱,皋羽
謝耘,一犂,耕道
謝聘,莘園,誌尹
謝聯,亭芝
謝肅,原功,密庵
謝肇洙,泗亭,調亭
謝肇淛,在杭,武林
謝膺禧,均卿,奕堂
謝臨春,蒞堂,起三
謝致平,康谷
謝與思,見齊
謝興宗,可亭,蘭軒,裕世
謝興嶢,堯山,心蘭,杲齋
謝舉廉,民師
謝舜舉,友勝
謝舜賓,穆叔
謝良佐,上蔡先生,文肅,顯道
謝良幹,澤民
謝良弼,夢之,築野
謝良琦,仲韓,獻菴,石臞
謝良紹,聞園
謝良翰,朝倚
謝芘,千里,幾先,第十六,茂先,驥兒
謝芳,景昌
謝芷,圓度,第十四,茂公
謝英,楚華
謝莆,南川,符德
謝莊,希逸
謝莘,畊來
謝菼,介融,惕夫,愓夫
謝萬壽,應祝
謝葆?,蓮湖,雨甘
謝葆真,毅堂
謝蓮鍔,西軒
謝蔭昌,演蒼
謝蕡,惟盛
謝薖,幼槃,竹友
謝藩,芝原
謝蘭,畹谿,與德
謝蘭因,雪卿
謝蘭生,厚庵
謝蘭英,南川
謝表,子陳
謝衷寅,期亮
謝袞,公補
謝裕楷,景周,端甫
謝裘,子美
謝裴伯,元常
謝襲,智崇
謝見斗,九萬,以明,天畢,第八三
謝覲虞,玉岑
謝觀,叔賓
謝觀國,賓之
謝訥,尚敏
謝詔,彥實
謝詔錫,燕岐
謝詗,成甫,正臣
謝詢,謝荀
謝詩才,寶廷
謝詹,弘景
謝誥,朝制
謝諤,昌國,艮齋,艮齋先生
謝諮,堯臣
謝謙,謝誌
謝謙之,君益
謝謙亨,吉六
謝譽,綽中
謝讓,仲和,憲穆
謝讜,獻忠
謝象琰,丹廷
謝貴,勇愍
謝賓舉,子隱
謝質卿,九日山人,稚蘭,蔚青
謝起龍,天愚
謝載,子坤
謝輔坫,愷賓,鞠堂
謝輔墀,子惺,珉惜,開京
謝輔濂,孟蓮,廉始
謝迢,升之
謝述,韞芳
謝通,伸佑
謝逢源,平原,石溪
謝逵,叔達
謝逸,溪堂,無逸
謝道承,又紹,古梅
謝道隆,頌臣
謝道韞,韜元
謝道齡,邢台
謝達,景安
謝遠涵,鏡虛
謝適,士介,怡古
謝遷,于喬,文正,木齋
謝遺規,仲宏
謝邦彥,朝美
謝郟,元鼎,謝郊
謝鄆,應之
謝配鵬,懷南,摶萬,暉吉
謝釆伯,元若
謝采,芙初
謝采伯,元若
謝重華,蘋溪
謝重輝,千仞,方山,杏村
謝金,汝礪
謝金章,勤襄
謝金蓮,素秋
謝金鑾,巨廷,退谷
謝鈞,君擧
謝鉞,士昆,惺齋
謝錦秋,織霞,芝生
謝錦章,綺園
謝錦童,納園
謝錫,景宜
謝錫儒,醒廕,醒齋
謝錫純,亦艇
謝錫芬,莘庵
謝錫蕃,晉三,玉山
謝鍾英,鍾英
謝鎰,萬卿
謝鏊,文三,雲峰
謝鐸,文肅,方石,鳴治
謝鑰,君啟,草堂
謝鑾坡,儀階,鳴玉
謝長艮,子起
謝開堂,魯屏
謝閎,熙績
謝陛,少連
謝陞,伊晉,廷揚,淸義,靑墩
謝陟明,彦升
謝陳常,久洽
謝階,立升
謝階樹,向亭,子玉,守約堂,曏亭,未信齋,欣植
謝雋伯,偕山,長父
謝雋杭,南川
謝雩,季澤
謝雪,月莊
謝雲之,文龍,祥夫,第四九
謝震,起東
謝震龍,雲生
謝霖,世澤
謝靈運,公義,靈運
謝青,秀山
謝頲,紫溪,紫谿
謝顯,二十八,宗文
謝顯佑,餘慶
謝養粹,玉田
謝餘銓,衡士
謝騫,鵬擧,鵬舉
謝體仁,星農,蓮塘,重庵
謝體升,順之
謝魁,文杓
謝魯,周南
謝鳳,子儀,彥陽
謝鳴盛,醒庵,霽中,齊雨山人
謝鳴謙,媿於,致恭
謝鴻,可大,第四十八,經逺
謝鴻奇,有懷
謝鴻舉,淸溪老漁,遐高,霞裳
謝鴻誥,小雲,紫綸
謝鴻逵,漱鬰,漸盤,漸磐
謝鵠顯,寶森
謝鵬舉,仲南
謝鵬飛,萬裡,萬里
謝鶴翎,雪香
謝鶴翖,雲香
謝鹹,朴齋,永聲
謝麒,應祥
謝麟,秀瑞
謝黨,廷公
謝黻,彥章
謬獨一,蘭陵子
謹只兒,忠懿
譙令憲,景原,景源
譙仲午,仲甫
譙堅,德操
譙孟龍,乾甫
譙定,天授,涪陵居士
譙思,叔通
譙椿,子長
譙筌,器之,寳子,瑞哥
譚一召,忠卿
譚丕,仲微
譚世勣,彥成,端潔
譚世昌,濬軒,長發
譚世璥,治光
譚世選,勤之
譚中世,鶴亭
譚之炎,松亭
譚之琥,東崖,禮西
譚之遂,茨門
譚人鳳,石屏
譚伍,德深
譚作友,麗泉
譚信祖,子鎮
譚元,琴溪
譚元亮,儗陶
譚元方,正則
譚元春,友夏,鵠灣
譚元禮,服膺,柘皋
譚元聲,遠韻
譚兆燕,鹿萍
譚先廷,菊坡
譚光祜,子受,櫟山,鐵簫
譚光祥,君農,啟農,退齋
譚光藜,星閣,翊宸
譚光黎,星閣
譚公望,周佐
譚其榛,楚堂
譚凌萬,一舟
譚助,思順
譚勝達,勇愨
譚可則,止堂
譚吉先,微仲
譚吉瑄,左羽
譚吉璁,小譚大夫,潔園,築岩,舟石
譚啟,繼之
譚啟垣,辛才
譚啟瑞,智雲,芝耘,芝雲
譚嗣同,壯飛,壯飛樓,寥天一閣,寸碧岑樓,復生,思緯壹凶皿臺,敬甫,東海褰冥氏,楚天涼雨樓,石菊影廬,秋雨年華之館,莽蒼蒼齋,華相衆生,通眉生,通眉苾芻,遠遺堂
譚嗣襄,泗生
譚國恩,伯麟,彤士,麟德
譚均讚,怡堂,柏堂
譚垣,桂嶠,桂橋,桂蟜
譚培元,警齋
譚培堃,子健,宅安
譚士元,友文
譚夔,翊舜
譚大初,宗元,次川,莊懿,譚太初
譚大勳,力臣
譚大經,祝敘
譚天成,石麟,韶九
譚奇可,辰伯
譚如絲,素臣
譚如綸,有秩
譚孚先,信仲
譚學,訥庵
譚學新,日池,紹泗
譚學琴,步襄,貴才
譚學衡,翼彰
譚守約,公壽,宜老,第小四,要道
譚安榮,榮甫
譚宗泗,文淵
譚宗浚,叔裕,希古堂,荔村草堂,譚懋安
譚尚忠,古愚,因夏,會文,紉芳齋,蒼亭,薈亭,誨亭
譚尚箴,丹麓
譚峭,景昇,正一先生,紫霄真人,譚紫霄,金門羽客
譚崇易,雙渠
譚希思,子誠,岳南,嶽南
譚師薰,梧径
譚廣,克寬
譚延闓,組庵
譚延齡,錫九
譚廷獻,仲修,仲儀,仲脩,化書堂,半厂,山桑宦,復堂,滌生,糜月樓主,譚獻,譚獻綸,非見齋
譚廷襄,端恪,竹厓,竹崖
譚弘,譚宏,譚洪
譚弘憲,慎伯
譚彧,訥夫
譚復,吾樗,見心
譚德,欽明
譚德生,晉明
譚必,子思,忠愍
譚忠,新寧伯
譚性教,生伯,笠石
譚恩闓,元愛,祖庚
譚惟寅,子欽,蛻齋
譚慶,宗善
譚應甲,後村,殿衢
譚應發,生甫
譚應辰,益之
譚所得,翠屏
譚承祖,硯孫
譚振宗,月江
譚掄,鑑溪
譚掞,文初
譚敬昭,子晉,康侯,聽雲樓,譜荔軒,選樓
譚文明,斗煌,熙亭
譚文詠,愨園,超昔
譚新嘉,胥山蟫叟
譚方平,平甫,方子,秋堂,第層三,聖則
譚日晃,臥雲,郁文
譚日曙,寅谷
譚日為,韋葊
譚日襄,問梅
譚昇,時晉
譚昌明,存永
譚昌言,聖俞
譚昌霖,莘夫
譚昪,公照
譚昭寶,珍卿
譚景先,明仲
譚暐,曉墀
譚曰為,韋庵
譚曰選,世舉
譚望,勉翁,隆山先生
譚木,采軸,采輈
譚本藩,芳林
譚桂,世芬,世芳
譚棨,十一,少嵋,朝器
譚楚,翹庵
譚楚翁,謙益
譚楷,穀山
譚汝楫,濟川
譚汝玉,並程,聘臣
譚淵,壯節
譚清,元潔
譚渾,敦夫,處晦
譚湘鏡,蓉湖
譚溥,德周
譚澄,彥淸
譚澍青,橫塘老漁,載夫
譚澤闓,瓶齋,祖同
譚澯,玉琴
譚濟,濟翁
譚炤,公明,季哥,恩孫,第三
譚為堃,厚之
譚焕,文焕
譚焜,晴浦
譚獻,仲修,復堂,譚廷獻
譚玉瑞,雅祥
譚琛,玉如
譚琨,珍涵
譚瑀,石南,石甫
譚瑄,左羽
譚瑋,德武
譚瑞,砢園,雪莊
譚瑞東,春生,芝田
譚瑩,兆仁,兆生,希古堂,玉山,玉生,玉笙
譚璉,作兼,榕川
譚用之,藏用
譚用式,仁叔,式用
譚用德,升齋,斗齋
譚申,曰古譚,煥之
譚登元,遠溪
譚發,彥祥
譚知古,邦鑑
譚知柔,勝中,勝仲
譚知禮,子立
譚知言,養正
譚碧理,青崖
譚祐,元祐,莊僖,雲谿
譚祖任,篆青
譚祖慶,東湖
譚祖昌,念蓀
譚立禮,敬齋
譚章,煥之
譚端伯,應元
譚篆,灌村,灌湘,玉章
譚籍,只收,鹿柴
譚粹,文叔
譚紫瓔,譚德馨,譚紫瓊,鳳芝
譚紹先,顯仲
譚紹裘,榕墅
譚維,元立
譚綸,什湖
譚繼升,子惺,曙岡,海嶠
譚繼洵,信甫,子實,敬甫
譚纘,元孝,十六
譚翀,子羽,平橋,曲江道人
譚翼,南宿
譚耀,章伯
譚聯魁,捷元
譚聲琴,韻卿
譚肅,本恭
譚肇松,伯茂,鶴枝
譚能高,仰之,海洲,鳳珊
譚臬,朝憲
譚蔚齡,喬年,白畦
譚蘭,畹滋
譚行義,恭愨
譚襄世,初平
譚言藹,晞仁,靜山
譚言藻,秋塘
譚詠昭,仲回,雲生
譚誾,朝言
譚讓,愼齋,汝卿
譚貞良,元孩,築岩
譚資榮,茂卿
譚適,立之
譚金孫,叔金,存理
譚金誥,業庭
譚鈞培,寅賓,序初,彥初,賓寅
譚銓,仲衡,師竹
譚銖,談銖
譚錫洪,梅臣
譚鍾麟,崇德,文勤,文卿,雲硯,雲覲
譚鑫培,小叫天,英秀
譚鑫振,麗生
譚駿士,師夔,恬畦
譚騏,海門
譚體迨,竺薌
譚鳳祥,韶武
譚鼎澍,聖泉
護都不花,茂實
诸葛亮,孔明,诸葛孔明,卧龙,卧龙先生,忠武侯,武乡侯
谭嗣同,谭壮飞,复生,壮飞,华相众生
谷中虛,子聲,岱宗,近滄
谷先許,允齋
谷善木,美田
谷如墉,子崇,阜堂
谷宇齡,道延
谷峰,飛巫
谷嶠,惟升
谷應泰,夢求,築益堂,蒼霖,賡虞
谷旦如,翼宸
谷杲,明之
谷琬,君玉
谷琰,邦器
谷登雲,步青
谷確,騭侯
谷芝瑞,仲符,靄堂
谷芳桂,秋崖
谷蘭芳,姍姍,笑兒
谷資生,效坤,雪塘
谷起鳳,半軒,雲章
谷鍾秀,毓卿
谷際岐,彩雲別墅,西阿,鳳來
谷雲陞,屏堂
谷韞璨,谷韞燦
谷養禾,美田
谷鸞,應和
豁穆歡,慎齋,霍穆歡
豆斌,壯節
豆盧峰,豆盧岑
豆盧建,立言
豆盧欽爽,豆盧欽奭
豆盧田,豆盧回
豆盧遜,貞順
豐和,幼農,懋甫
豐坊,人翁,南禺,南禺外史,南隅,存禮,豐道生,道生
豐存芳,公茂
豐安,硯田,靜川
豐寅初,復初
豐慶,文慶
豐有俊,宅之
豐有孚,寶臣
豐有章,漢臣
豐淵,仲深
豐漸,仲升
豐熙,一齋,五谿,厚學,原學
豐盛額,豐勝額
豐稷,淸敏,相之
豐自孫,霞隱
豐茝,豐蕓
豐誼,叔賈,宜之
豐載,持厚
豐道生,人翁,南禺外史
豫師,錫之
豫本,茶村
豫泰,建侯
豫益,子虞,蓮塘
貊高,忠義功臣
貝三省,吉雲
貝守一,月溪
貝恆,秉彝
貝晉恩,康侯
貝泰,宗魯
貝琳,宗器,竹溪
貝瓊,仲琚,廷琚,廷臣,貝闕
貝瓚,彥中
貝紹溥,慕庭,載南
貝青喬,子木,無咎
貢克明,惟敬,維某
貢士元,子賓,芷濱
貢奎,仲章,文靖,雲林
貢子仁,壽卿,遠山
貢安甫,克仁
貢宗舒,致仲
貢師剛,剛父
貢師泰,泰甫
貢師道,道甫
貢性之,友初
貢成紱,又山,文山
貢桑諾爾布,夔庵,樂亭
貢汝成,宗聖,湖涯,玉甫
貢深,雲蒼
貢清之,有源
貢璜,荊山
貢穎之,友達
貢震,文閣
貢青選,應銓,掄園,秋曉
貢靖國,玄忠
貫南山,仲瞻
貫只哥,忠惠
貫阿思蘭海涯,子素
貫雲石,文靖,蘆花道人,酸齋
貴中孚,信之
貴仁,子任
貴徵,一堂,仲符
貴恆,隖樵
貴慶,月三
貴由,定宗,簡平皇帝
貴賢,哲生,尊榖
買住,翰臣
買奴,德卿
買的里八剌,崇禮侯
買買,子昭
買述丁,永錫
買閭,兼善
費㮤,子壽,榮敏
費丙章,新橋,會宜,費和
費丹旭,偶翁,子苔,子苕,小樓,曉樓,環渚生,環溪
費之逵,沈之逵,風山
費之達,九鴻,風山
費伯恭,希呂
費伯雄,晉卿
費俊,慧先,鶻峰
費俯,謙己,費俛
費傑,世彥
費元之,元善
費元傑,渭英
費元晉,平莊
費元琇,雙節
費元祿,學卿,無學
費元鎔,伯瀛
費冠卿,子軍
費南英,希文,敬庵,道峰
費君祥,聖父
費啟緒,雪艖
費啟豐,鑒淸
費善慶,伯緣,福堂
費嘉樹,健菴
費國瑄,子復,松崖
費均,冶平,治平
費堯年,熙之
費士寅,戒父,莊簡
費士戣,達可
費大振,廷玉
費奎勳,春嵐
費孝昌,過亭
費學曾,幼亭
費學會,幼亭,繩庵
費宏,子元,子充,徤齋,文憲,鵝湖,鵞湖
費宷,二十六,子和,文通,鐘石
費寀,子和,文通
費寅,景韓
費密,中文先生,卷隱,此度,燕峯,燕峰,補劍閣,跛道士,鹿峯,鹿峰
費尚伊,似鶴,國聘
費履堅,東地,焱夫,素之
費履祥,旋齊
費崇基,小培
費師恆,士惟
費庚吉,耕庭
費庾吉,慕韓
費廣,孟博
費延慶,吉甫,善鈞
費延釐,知修老人,芸舫,莪庵,蕓舫,雲舫
費廷堯,崑厓,崑崖,嵐厓,嵐崖
費廷熙,夢庚,韻香
費廷琦,都榷
費廷琮,性齋,恂卿
費廷璋,都榷,靜樓
費復初,克明
費德保,芝雲
費必興,應祥,海門
費念慈,屺懷
費思居,瞿如
費愚,希明
費應泰,履齊,履齋
費懋中,民受
費懋文,民煥
費懋謙,民益
費承祖,繩甫
費拱辰,北山
費振勛,策雲,蒙士,鶴江
費振勳,策雲,蒙士,鶴汀,鶴江
費擕,費儶
費文,正明
費晉,屺亭
費晉墀,綸三,芝庵
費景烷,飡霞
費景華,素春
費曾謀,瞻山
費松,雲屏
費楨,天兆,竹亭居士
費榮春,芳園,華書
費標,孟立
費樹楩,費甫坪,雨坪
費樹蔚,仲深,韋齋,願梨
費毓楷,叔遷
費氏,優曇
費洪學,巽來,文江
費涵,巨川
費淑,上元侍史,翼齋
費淳,文恪,筠浦,芸浦
費淵,汝進
費湘,東帆,魯堂
費滂,子雨
費玨,琢園,豕園
費琦,孝琰
費瑄,仲玉,復菴
費登墀,履橋,嵩青
費硯,劍石,見石,龍丁
費經虞,仲若,鮮民
費繼武,繩甫
費聚,士英,子英,平涼侯
費肅,懿恭
費臻,時和
費莫保昌,敬僖
費莫勒保,宜軒,文襄
費莫古尼音布,子心
費莫善聯,星垣
費莫文俊,秋山
費莫文慶,孔修,文端,篤生
費莫文治,叔平
費莫文海,仲瀛
費莫文澂,秋瀛,雲卿
費莫文煜,文達,星巖
費莫文碩,俶南
費莫文蔚,豹人,露軒
費莫永保,恪敏
費莫清安泰,半日閒齋,平階
費莫溫福,履綏
費莫溫達,文簡,費摩溫達
費莫綽克托,恪勤
費莫衍秀,壽田,小堂,東之,費模衍秀
費莫訥爾經額,近堂
費莫郭瑮,勤恪,子燦
費著,克昭
費蔭樟,小琳
費蘊山,含耀,含輝
費蘭墀,心谷,蘧庵
費融,草亭
費詵,太初
費誾,廷言,補菴
費道純,竹心
費達,古心
費邦楙,西園
費金吾,曉亭
費錫琮,厚蕃,樹棲
費錫璜,滋衡
費錫章,來庵,來鶴堂,德庵,煥槎,繡公,西墉,賜碩齋
費鍾,九明,稼軒,鳴遠
費開綬,佩青,小甌,鶴江
費雄飛,於九,豐山
費雅達,忠勇
費震,廷玉
貽谷,藹人
賀一孝,子順
賀一桂,秋芳
賀三聘,湯輔
賀世壽,中冷,函伯,山甫
賀仁傑,寬甫,忠貞
賀仲城,美恆
賀仲域,美恆
賀仲瑊,美恆,葛山
賀仲軾,景瞻
賀儒修,天游,悟希,賀儒珍
賀允中,子忱
賀元忠,澤民
賀元瑛,赤浦
賀充,賀公
賀勝,伯顏,忠宣,惠愍,擧安,貞卿
賀南儒,懷珍
賀吟鳳,月臺
賀吳生,季子
賀啟曾,建亭,輔周
賀善來,僧護,薖庵
賀國昌,菶生,蓁生
賀均,公秉
賀塤,筱泉
賀士英,達庭
賀士貴,性翁
賀壽慈,楚天漁叟,薌垞,賀于逵,賀霖若,贅叟,雲甫,雲黼
賀如珩,小琮
賀字,乃文
賀學禮,庭訓
賀學詩,以言
賀宗,敬祖
賀寬,懋教
賀崇禮,行之
賀府,應壁
賀康載,青園
賀庸,野堂
賀廷欽,寅臣
賀彝鼎,香岑
賀從章,從章
賀思聰,時敏
賀恩,君錫,橫山
賀惟一,允中
賀愈,子抑
賀懋棠,召亭,芾亭
賀成大,季常
賀承光,子謙
賀振能,眉生,蓬仙
賀掄元,黎峯
賀據德,天爵
賀敱,賀凱
賀文蔚,豹君,青原
賀方,伯京
賀方來,彥威,集洲
賀昌揆,祁亭
賀昌發,祥亭
賀昭孫,子布
賀時泰,陽亨
賀晙上,昉汀,明汀,明江
賀景文,元忠
賀朝,賀九
賀朝元,藎臣
賀朝安,體仁
賀朝用,竹窗,道亨
賀東寅,春卿
賀松蔭,小亭
賀桂,秋安,竹隱居士
賀桂堂,蔗林
賀桂齡,丹麓,星槎
賀桂齢,丹林
賀椿齡,靜田
賀欣,澹湖,筱舫,軼人
賀欽,克恭,醫閭
賀正笏,雲桃,雲樵,雲權
賀沅,景衡,芷村
賀沚,汝定
賀泰,志同
賀洪,禹疇
賀涇,汝明
賀深,宗濬
賀潔,靚君
賀澍恩,兩峰,麟馨
賀濤,松坡,松波
賀熙隆,吉夫
賀熙齡,光甫,寒香館,寒香齋,菜根香居,蔗農,賀永淸
賀燦然,伯闇
賀爾昌,子言,春舫
賀琛,璞齋
賀瑞麟,復齋,淸麓,角生
賀瓌,光遠
賀登舉,霄亭
賀登選,賀登進
賀知章,四明狂客,季真,維摩,賀監
賀確,存誠
賀祖嗣,思恆
賀祥麟,麓橋
賀祥齡,蓮儒,麓僑,麓橋,麗橋
賀祿,宜君,鶴汀內史
賀稚圭,孚尹
賀章,賀達
賀紹孫,子家
賀綠,宜君,鶴行內史
賀維翰,儒楷
賀維錦,湖雲,顯雲
賀緯,炳文,麗堂
賀縉,朝卿
賀良樸,履之,簣公
賀芬,顯冊
賀芳,右友,石友
賀若弼,輔伯
賀萬祚,孝延,立庵
賀蘭務溫,茂弘
賀蘭朋吉,賀蘭三
賀蘭某,慧峰,賀蘭氏
賀蘭棲真,宗玄大師
賀蘭遂,德仁
賀行素,居易,希白
賀誠,九章
賀讚,含章,忠節
賀貽孫,子翼,孚尹
賀賁,懋文
賀賢智,濬明
賀逢吉,慶餘
賀逢聖,克繇,對揚,文忠
賀逢舜,一龍
賀遂陟,賀遂涉
賀邦泰,道卿
賀金聲,意誠,直言
賀鈞,信夫
賀錫珊,鐵君
賀錫璜,蘇生
賀錫福,楷山
賀鏤,邦器
賀鑄,慶湖遺老,方回
賀長齡,耐庵,耦庚,耦耕,西崖,西涯,齧缺叟
賀隆錫,魯人
賀階平,泰昇
賀際運,羲時,詩樵
賀雙卿,秋碧
賀雲舉,慎舟,棐堂,蓮坪
賀雲鴻,梅坪
賀霖,時望
賀青蓮,渠塘,芥掄
賀青連,渠塘
賀靖南,定夫,旦陽
賀頎,卓瞻,文甫,晤琴
賀顧,昭琴
賀鳴諧,嵂禾,鐸夫
賀鴻儒,席珍
賀齊,公苗
賁琮,黃理
賈一鶚,文薦
賈三勝,正念
賈三策,資言
賈三近,德修,德脩,石葵
賈丑妮子,顯毅
賈世祥,國興
賈世行,又嵋,薰谷
賈世陶,唐民,翰生
賈仁元,子善,西池
賈仕通,仁徹
賈仲山,崧生,次樊
賈仲生,次生
賈似道,師憲,秋壑
賈作人,伯珊,壽林,樸山
賈侍舜,虞臣,賡堂,靜齋
賈俊,廷傑
賈信,順夫
賈偉,之奇
賈允元,善長,方蕘
賈允升,東愚,猷庭,猷廷
賈元叡,元叡
賈元恭,元恭
賈充,公閭
賈兆鳳,圖雲
賈光榮,增華
賈克慎,亮才
賈公傑,千之,千里
賈公望,表之
賈凖,惟一
賈勛,跂雲
賈勝蛟,振之
賈勤,查親
賈南金,國寶
賈即韓,文圃
賈受璋,達人,達八
賈同,公疎,希得,希德,賈罔
賈名儒,聘甫
賈含章,時菴
賈和,仲禮
賈啓,啓之
賈固,伯堅
賈國楨,蒼嶠
賈國璵,非珉
賈國維,奠坤
賈國謨,雲浦
賈圭,信卿
賈執中,希賢
賈壤,巢夫
賈士元,仁甫,彭原
賈士彥,升之
賈壯,夕佳軒,止庵,止菴,泰華
賈大亨,貞甫
賈大夏,受詔,曉嵋
賈天爵,子修
賈天申,宜亭
賈奉乾,沛之
賈奭,希召
賈如式,孝徵
賈如規,元範
賈如訥,元辯
賈嬪,淑容
賈子坤,伯厚
賈孝彬,仲山
賈孝彰,叔言
賈孝槱,季華,鎔境先生
賈學海,慕陔
賈學閔,訚如,謙六
賈守義,守義
賈安宅,居仁
賈宗正,太宇
賈宗錫,原善
賈定,一菴,仲一
賈實烈門,德擧
賈專,主敬
賈少冲,若虛
賈尚志,士事
賈居貞,仲明,文正
賈岐陽,梅菴
賈峩,眉峯
賈島,浪仙,無本,碣石上人,苦吟客,閬仙
賈嵓,民瞻
賈嵩,伯嵩
賈巖,泰石,魯瞻
賈希夷,子淸
賈延泰,懌堂,開之
賈廷佐,子野
賈廷彥,吉士,美堂
賈廷泰,懌堂,開之
賈廷蘭,瑤林
賈建奇,右賓,石賓
賈彩,奎光
賈彬,采臣
賈待問,學叔,舂容
賈從仁,克夫
賈復元,次公
賈德,克仁
賈德成,誠甫
賈德玉,仲器
賈必選,徙南
賈志京,咫宸
賈思儈,宗懷
賈思曾,宗懷
賈恩紱,佩卿
賈恪,惟恭,林居子
賈惠,逸堂
賈慶,惟貞,鳧山
賈應元,仁甫
賈應春,東陽,樵村
賈應璧,文宿
賈懋坊,淵若
賈懷欽,敬臣
賈承暮,行可
賈承譽,行可
賈拱辰,星垣
賈收,耘老
賈政,自政
賈敏,克勤
賈文備,仲武,莊武,通敏
賈文元,洱皐,體仁
賈文召,櫻峯
賈文興,載道
賈文行,欽賢
賈文質,彥彬
賈昂,名立
賈昇,騰霄
賈昉之,成甫,成輔,賈昉
賈昌朝,子明,文元
賈昌衡,子平
賈昌齡,延年
賈易,明叔
賈昔剌,敬懿
賈春暄,如亭,蓉舫
賈景誼,仰山,聖翼
賈智,顯智
賈曾,湛渠
賈朝琮,公桓,嘯軒
賈林,仲山
賈某,德茂
賈柱,石堂
賈栖汭,福牛
賈棟,畫溪,雲上
賈楚,玄德
賈楨,文端,筠堂
賈榆,子青
賈槐,午亭
賈樞,慎卿,月川
賈樸,宜村,慎旃,素庵,素菴
賈樹諴,琴岩,雪持
賈欽,敬之
賈殿三,魁元
賈毓祥,元冲,四塞
賈氏(趙昀妃),端孝
賈永,雲艾
賈汝愚,柳溪,椿莊
賈汝謙,益軒,菊仙
賈汝霖,澍園
賈注,宗海
賈洪詔,金門
賈洮,德川
賈涉,忠肅,濟川
賈淇,希武
賈渤,孝孫,德淵,忠郎,第四十一
賈湘,匯川
賈湛,怡園
賈漢復,膠侯,靜庵,靜菴
賈潤,若水
賈澄,廉夫
賈澍,東瀾
賈炎,午橋,蕉園
賈為煥,漢奎
賈煥,華甫
賈熙載,世庸,亮所
賈獻珍,實圃,寶圃
賈玄贊,冲思
賈玭,仲寶
賈琅,青圃,韻函
賈琮,孟堅
賈琰,季華
賈瑚,小樵,殷六,筱樵
賈瑜,叔玉
賈瑞,仲章
賈璇,天器
賈璘,文璧
賈璜,冷香,小蕓,渭生
賈璞,抱真
賈瓉,多詒
賈瓊花,曇雲,風絮亭居士
賈瓘,伯玉
賈甡,昆陽
賈田祖,容匏軒,禮畊,禮耕,稻孫,醴耕
賈祥,存中,忠良
賈禧,吉甫
賈禿堅不花,忠隱
賈秉實,思誠
賈秉鍾,屏山,綏祿
賈立言,鶴齋
賈端老,鹿巖
賈竹,乖公,彥淸
賈策,治安
賈紹彭,鐵峰
賈紹琪,松泉
賈統,知人
賈維善,紹聞
賈維明,鏡堂
賈耽,元靖,敦詩,賈魏公
賈聯堂,槐三,萼亭
賈聲槐,直方,艮山,艮庭,閣聞
賈至,幼機,幼鄰,賈六
賈至剛,平子
賈臻,躬自厚齋,退厓,退昙,運生
賈舘,子業
賈萬瑾,蘆村
賈蒙,叔正,正叔
賈蕃,仲通
賈虎林赤,忠靖
賈虞龍,舜臣,雲城
賈衡,守準
賈詠,南塢,鳴和
賈諒,子信
賈謂,謂之
賈輔,元德,武毅
賈通,子照
賈逵,武恪
賈逸祖,元放
賈運,會期,靜齋
賈達,顯道
賈遵祖,季承
賈選,舜舉
賈邠,文美
賈鈞,元播
賈銓,恭靖,秉鈞
賈銘,文鼎,華山老人
賈銘慎,稚川
賈錟,敦甫,致軒,鈍夫
賈錠,東林,良金
賈鐸,宣亭,振之
賈鑄,君成
賈鑑,遠城
賈開宗,野鹿居士,靜之
賈阿,父師
賈隱,思敬
賈隱林,賈林
賈雙玉,鈺成
賈雲龍,震東
賈青,春卿
賈餗,子美
賈餘慶,善夫
賈馳,賈先輩
賈馴,致道
賈鳴璽,荊生
賈鴻增,子猷
賈鴻賓,來臣
賈鶴年,惟仁
賈麟,彥仁
賈黃中,媧民
賈黯,直孺
賓玉瓚,凱南
賙濟,介存,保緒,止安
賞恆,秋汀,秋江
賞澄,時川,晴川
賞綬,壽芝
賴世隆,德受
賴人慶,仙槎
賴以成,繹甫
賴以立,禮庭,陶元
賴先,伯啟
賴光大,乃容
賴克紹,伯堯
賴卿文,鬱齋
賴嘉猷,梅莊
賴嘉謨,承卿
賴國標,蓮亭
賴國賓,駿生
賴垓,元武,宇肩
賴夢雷,禧之
賴天靈,漢輔
賴學海,匯川,虛舟
賴守中,淑時
賴宏,春航,永釗
賴定瑤,崑臺
賴巽,遜志
賴庭檜,爾舟,而舟
賴應發,儒藻
賴晉,晝人
賴朝陽,丹鳴
賴東升,宜貴
賴梅,汝和
賴棟,子厚
賴標,岸齋
賴正,文正
賴永恭,梓萌,梓誼
賴汝楫,愛山,濟之
賴洪禧,介山,疇葉
賴添貴,景明,澹菴
賴灝,旭山
賴炳,季文
賴煥辰,子奎,復增
賴瑛,文玉
賴福邦,輔廷
賴禮,周文
賴秀松,芝卿
賴簡,仲敬
賴紱,冕仲
賴紹濂,薌南,靜伯
賴紹烈,景先
賴翰顒,賴翰雍
賴致廣,其淵
賴良,善卿
賴記,士遜
賴連揚,松遲,頌墀,頌犀
賴遂良,少褚
賴運揚,俊觀,頌墀,香石
賴錦,翠黛
賴錦升,芝庭
賴雲鵬,躍於
賴鳳,鳴岐
賴鶴年,予齡,耘芝
賽典赤贍思丁,忠惠,忠懿
賽沙敦,亨通,硯卿
賽璋,青厓,青崖
賽都,石田,蓉洲
贍思,得之,文孝
贍思丁,明初
赤盞崇,象賢
赤盞顯忠,遂良
赫全陞,捷三
赫德,羅伯特‧赫德,鷺賓
赫德爾,本初
赫慎修,季雲,惺齋,星舫
赫星,黑星
赫業德寧阿,剛果,赫業德英阿
赫業德英阿,剛果
赫瀛,登甫
赫特賀,蓉峰
赫特赫訥,伯棠,蔚堂,藕香
赫舍哩常祿保,赫舍里常祿保
赫舍哩常鼐,長鼐
赫舍哩松柱,赫舍哩嵩祝,赫舍里嵩祝
赫舍哩舒興阿,赫舍里舒興阿,雲溪
赫舍哩英桂,文勤,香岩,香巖
赫舍里伊拜,勤直,宜拜
赫舍里吉綸,何舍里吉綸
赫舍里和寶,少輔,璧山
赫舍里和春,忠壯,雨亭
赫舍里和舍拉文華,和舍拉文華
赫舍里如山,冠九,古稀外史,古稀男子,如道人,寫秋軒
赫舍里定壽,赫舍哩定壽
赫舍里嵩壽,以約堂,松壽,茂承,雲依
赫舍里嵩祝,赫舍哩嵩祝
赫舍里希福,文簡
赫舍里庫爾闡,庫爾禪,庫邇闡,庫里闡
赫舍里恩長,武壯
赫舍里扎拉豐阿,昭節,札拉豐阿
赫舍里春寧,壯勇,赫舍哩春寧,赫舍哩春甯
赫舍里書元,輔庵
赫舍里書敏,赫舍里書明阿,赫舍里書銘
赫舍里烏雲珠,蕊仙
赫舍里牛鈕,樞臣
赫舍里瑚里布,胡里布
赫舍里索尼,文忠,索泥,赫舍哩索尼,鎖尼
赫舍里索額圖,愚庵,索三
赫舍里舒精阿,潤圓,赫舍里舒明阿
赫舍里舒通阿,赫舍哩舒通阿
赫舍里賽冲阿,襄勤,賽冲阿
赫色哩赫舍哩赫舍里富爾嵩阿,富爾松阿,赫舍哩富爾嵩阿,赫舍里富爾嵩阿
赫霖泰,聽泉,赫林太,赫林泰
超盛,無閡永覺禪師
超衍,密印
超詣,凡品,半山,完品
越堅,志剛
趙(王參)夫,君寶,第八
趙?,第四,興叔
趙?夫,君寶
趙㞦,景仁
趙㟶,眉魯,長公
趙㬎,孝恭懿聖皇帝,恭皇帝
趙㮚,希周
趙䈣夫,仲禮
趙䶵之,子雍
趙一中,立夫,青墅
趙一德,季潤
趙一林,桂堂,竺鄉
趙一栴,趙一旃,趙一梅
趙一桂,趙一柱
趙一清,勿藥,小林,東潛,誠夫
趙一鵬,化卿
趙三聘,任齋,天民
趙三選,介菴
趙三錫,康侯
趙上交,趙遠
趙不?,伯正,伯起,第二,興宗
趙不侮,彥恭
趙不俄,文沖,趙不塞
趙不悔,敦夫,犬子,相如,第二
趙不愧,守正,椿夀,第一
趙不憂,仁仲
趙不拙,若拙
趙不棄,德夫,趙不弃
趙不沮,德裕
趙不沴,和卿
趙不流,孝敏,趙不鎏
趙不獨,彥親
趙不群,介然
趙不衰,夢周
趙不譾,師厚
趙不迪,德勤
趙不逿,茂中,趙不遏
趙不遷,晉臣
趙不黯,稷臣
趙世亨,公壽
趙世仍,季遷
趙世傑,問奇
趙世典,仰潛,伯循
趙世勛,光遠,誾州
趙世卿,南渚,象賢
趙世堅,溫其
趙世奎,啟文
趙世岳,希甫,彭城侯
趙世崇,德卿
趙世延,子敬,文忠,迂軒
趙世復,希靜
趙世德,允求
趙世恩,君貺,良僖
趙世掌,持正
趙世昌,保之
趙世曾,心蓮,星聯,次顏
趙世永,修孝,文億
趙世清,恭安
趙世煥,嶷望,樹村
趙世繁,約之
趙世美,國用
趙世職,叔良
趙世英,務實
趙世融,仲源
趙世衡,夏卿
趙世褒,仲華
趙世資,承之
趙世邁,仲遠
趙世采,徽之
趙世鉞,憲章,晴岩
趙世錄,汝公,趙世祿
趙世開,獻敏
趙世雄,恭憲
趙世顒,安惠
趙世顯,仁甫
趙世駿,曾伯,聲伯,魯伯
趙丙,南正
趙丙奎,菊齋,趙夢齡
趙丙榮,可亭,星南
趙中道,從之
趙乃裕,莊靖,趙廼裕
趙之傑,伯英
趙之壁,東辰
趙之屏,憲甫
趙之方,子濟
趙之權,和圃,玉園
趙之爕,鐵卿
趙之琛,次閒,獻父,退庵
趙之瑞,伯符,忠軒,知足
趙之符,爾合
趙之翰,藎菴
趙之耘,梅窓,梅谷,梅隱,耘之
趙之謙,偽叔,冷君,思悲翁,悲盦,憨寮,撝叔,梅庵,無悶,益甫,蓋甫
趙之隨,和千
趙九思,一誠
趙九齡,次張
趙于敏,訥甫
趙于逵,羽孟,華峯
趙五星,子聯,珠軒
趙亮夫,知宗
趙亮熙,寅臣
趙人成,君實,子美
趙仁,伯壽
趙仁基,厚子,悔盧
趙仁山,亦樓,石翁
趙仁擧,伯昻
趙仁榮,伯華
趙仁沃,君啓,忠靖
趙仁璧,襄烈
趙仁表,伯儀
趙仁規,去塵,貞肅
趙介,伯貞
趙介夫,士節
趙介如,元道
趙仕良,文明
趙令?,愍忠,襄毅,趙令裨
趙令㒢,順之
趙令剸,子恩
趙令史,仲揚
趙令壼,聖奧
趙令岏,子固
趙令巍,居則
趙令愔,和叔
趙令懇,懇之,敦惠
趙令懬,深之,襄靖
趙令擢,公秀
趙令攀,子高
趙令教,景脩
趙令晙,景升,趙令畯
趙令松,永年
趙令注,景相
趙令琮,子奇
趙令瑹,君寶
趙令畤,安定郡王,德麟,景貺先生
趙令瞿,思聖
趙令矜,趙令衿
趙令稼,孝穆
趙令穰,大年,恭敏
趙令緄,景武
趙令緻,景炤
趙令苕,曼叔
趙令蠙,景修,景珍
趙令衿,超然居士
趙令詪,君序
趙令賽,聖美
趙令赫,民瞻
趙令逭,歸聖
趙令邦,安國
趙令鑠,伯堅
趙令駰,希才
趙令鼐,文炳
趙令龜,君寶
趙以夫,用父,虛齋
趙以康,元錫
趙以炯,仲瑩,佛祖,福祖
趙以烱,仲瑩
趙以煃,培祖,季宣
趙以煥,伯章,欽祖
趙仲伋,希魯
趙仲佺,惠孝,隱夫
趙仲來,進之,魏國公
趙仲侔,修甫,脩甫
趙仲儡,恭惠
趙仲全,端玉
趙仲厖,子厚
趙仲增,穆孝
趙仲夔,彥之
趙仲御,康孝
趙仲忽,周臣
趙仲恕,純僖
趙仲憪,和惠,存道,趙仲僴
趙仲曄,子華
趙仲歜,子成
趙仲洽,景和
趙仲湜,巨源,恭孝,趙仲泹
趙仲玘,安恪
趙仲科,師哲
趙仲綰,公權
趙仲考,晞尹
趙仲肩,聖稽
趙仲肭,明甫
趙仲行,德之
趙仲衍,世卿
趙仲輝,守中
趙仲連,齊賢
趙仲逵,平父
趙仲遄,行可
趙仲郃,良僖
趙仲雪,潔巳
趙仲靡,和叔
趙仲革,景文
趙仲韠,子儀
趙仲頎,脩甫
趙任,子重,沙月
趙企,循道
趙企之,民表
趙伊,上莘,子衡
趙伯代,積慶
趙伯仵,孝節,趙伯旿
趙伯允,子卓
趙伯圭,憲靖,禹錫
趙伯忽,忠愍
趙伯攄,德蘊
趙伯洙,彥文
趙伯淔,彥正
趙伯淮,彥濟
趙伯深,逢原
趙伯清,仲廉
趙伯滸,彥澤
趙伯琭,堅老,趙伯松
趙伯瑗,德甫
趙伯璦,光祖,德甫,第二,趙伯瑗,鄭哥
趙伯直,明道
趙伯茂,少卓,彥高,第三,高僧
趙伯術,可大,第二,繼先,興郎
趙伯豫,順卿
趙伯遜,致遠,趙伯遏
趙伯顏達兒,居禮
趙伯駒,千里
趙伯驌,希遠
趙伸,直齋
趙伸夫,信道
趙似,榮憲
趙佃,硯農,耦漁
趙佑,誠中
趙佑宸,平安如意室,有淳,粹甫,蕊史,詒榖堂
趙佖,榮穆
趙作新,仲衡
趙作耳,子靜,泉山
趙作肅,子雍,齋如
趙作肱,翼鄰
趙作舟,乘如,浮山
趙佩,倣北,傲北
趙佩湘,芸浦,雲浦
趙佳貴陞,仰堂,勤武,桂生,貴盛
趙佶,徽宗,體神合道駿烈遜功聖文仁德慈憲顯孝皇帝
趙佺,小奴
趙侃,至剛
趙侃之,德和
趙來亨,修甫
趙來陽,道山,長吉
趙侗敩,景維,賡西
趙侗斆,賡西
趙侘之,德象
趙俅之,德恭
趙俊,克用
趙保夫,子固
趙保隆,全祉
趙俞,文饒,蒙泉
趙俞夫,景龍
趙信,二林,小山堂主人,小水晶宮道人,意林,秀研齋,賜錦堂,辰垣
趙修,永叔
趙俶,本初,汝初
趙俾夫,壽翁
趙倜,冲惠
趙倩,徽懿
趙偁之,德章
趙偉,士奇,愚菴
趙偉之,德遠
趙偕,子永,寶峯先生,寶峰,永忠
趙健,中甫
趙傑,冠英
趙備,湘南
趙傚,印淸,肖甫
趙傳忍,性海,涵百
趙像之,夀卿,明則,民則,第一,行成
趙僖之,次魯
趙價,擯九
趙億,延之
趙儆,士惕,莊毅
趙儒,廷文
趙儼,伯然
趙儼之,民望,第二,行聰,間卿
趙允亨,伯通,龍山
趙允初,安恭,趙允宗
趙允升,吉夫
趙允夫,文卿
趙允寧,僖簡,德之
趙允弼,公輔,孝定
趙允恭,子敬
趙允懷,孝存,訚鄉
趙允泰,卯君,魯岩
趙允翰,趙胤翰
趙允良,公彥,榮易
趙允讓,安懿,濮安懿王,濮王,益之
趙允迪,德謨,思恪
趙元,善長
趙元亨,彥德,懷寶
趙元亮,昭夷先生,貞固
趙元份,恭靖,趙德嚴
趙元佐,恭憲,惟吉,趙德崇
趙元偁,令聞,恭惠
趙元偓,希道,恭懿
趙元傑,文惠,明哲,趙德和
趙元僖,恭孝,昭成,趙德明
趙元儼,恭肅
趙元光,子明
趙元吉,忠獻,聖中,農隱
趙元善,小谷
趙元夫,企仁
趙元孺,德父
趙元愷,叔才,退庵
趙元櫆,峩山
趙元清,石泉
趙元益,望岵,靜涵
趙元睦,藹庭,賓四,雍齋
趙元範,伯式
趙元紀,敦厚齋,文節,理之
趙元紹,孟淵
趙元裕,寬夫
趙元諒,良卿
趙元鉊,廷時,白雲
趙元長,慮善,趙長元
趙元齡,子年
趙充夫,可大,廉善,東山,趙達夫
趙充德,允修
趙兆熊,耳山
趙兆熙,叔保,軒民
趙先雅,麓潭
趙光,仲熙
趙光宗,興吾
趙光庭,應順
趙光抃,彥淸
趙光榮,子枚,子美,稚生
趙光琰,定一
趙光祖,孝直,文正,靜庵
趙光耀,闇公
趙光蕙,伍蘭,紉茝,翰華
趙光逢,延吉
趙光銳,佳若
趙克修,子莊
趙克凝,希政
趙克勤,儀國公,進之
趙克善,冶谷,文穆,有諸
趙克壯,構之
趙克宜,小樓,輔天,雨農
趙克己,安仁
趙克忠,伯勤
趙克愉,文思
趙克播,伯芳
趙克敏,好古
趙克敦,公厚
趙克暨,文孫,道鳴
趙克繼,建國公,章靖
趙克蕭,趙克肖
趙克鎰,玉衡
趙克非,克仁,尋樂翁,荷畔老漁
趙兌,麗卿
趙全,季脩
趙全泰,全泰
趙公升,叔明
趙公懋,元功,寧哥,寧郎,第一
趙公斌,壽卿,第二,貴全,韓郎
趙公瑾,懷甫,梳翁
趙公甄,叔雅
趙公稱,子顯
趙公篆,文叔
趙公育,浩養
趙公衡,平仲,澹然居士
趙公諒,允升
趙公豫,仲謙
趙公迥,仲和
趙公遒,文叔,清節先生
趙公邁,志行
趙公高,成甫
趙冠卿,竹軒,蔚堂
趙冬曦,仲愛,仲慶,趙二
趙凝禧,石舫
趙凤,允文
趙函,元止,艮甫,菊潛
趙函乙,映三
趙剛,僧慶
趙功可,晚山
趙勗,士勉
趙務本,萬山居士,處道
趙勛禾,放庵,森甫
趙勝,廷伸
趙勣,德素
趙勤,仁恭
趙勲,蔓伯
趙勳,彜伯
趙化龍,雲門
趙匡,伯循,趙夫子,趙洋州
趙匡胤,啟運立極英武睿文神德聖功至明大孝皇帝,太祖
趙匯,客野,雲浦
趙升,昉林,書三
趙協中,汝山
趙協莘,尹生,樂耕
趙南星,儕鶴,夢白,忠毅,拱極
趙南金,宗鼎,聘侯
趙博,原一
趙占龜,十朋
趙卨,公才
趙卯發,文節,漢卿
趙卿,汝良
趙原,丹林,善長
趙參魯,宗傳,心堂,心室,端簡
趙及,希之
趙友,子正
趙友光,景謙
趙友同,彥如,彦如
趙友桂,國芳,詵仲
趙友欽,敬夫,緣督
趙友烺,拱辰,靜輝
趙友焕,文叔,炎袓
趙友焴,景明
趙友煥,文叔,炎祖,第一
趙友能,宗典
趙友藺,廉友,澄南
趙友蘭,佩芸,書卿
趙叔?,彥直
趙叔佾,子儀
趙叔充,孝齊
趙叔前,伯先
趙叔問,西隱老人
趙叔尊,應之
趙叔峙,德澹
趙叔忞,傳道
趙叔樂,和甫
趙叔澹,靖之
趙叔濋,德源
趙叔璫,君玉
趙叔盎,伯充
趙叔納,才元
趙叔紺,子春
趙叔耘,勤之
趙叔藻,景文
趙叔鄭,季武
趙叔韶,君和
趙受璋,品如,禮南,筱帆
趙受璧,聘之
趙受益,謙甫
趙叡,彥思
趙古濟,繼昭
趙可懷,寧宇,德仲
趙可教,心軒
趙可與,令中,靑石
趙可鎔,汝從
趙台憲,子章
趙吉士,天羽,寄園,恆夫,漸岸
趙吉甫,拙存
趙吉祥,銘盤
趙吉芝,鍾田
趙同曜,洵嫺
趙同武,保吾,訥齋
趙同湘,心如,秋塘
趙同翮,巢寄,振六,高羽
趙同言,德孚
趙同鈺,子梁
趙同魯,與哲
趙君旨,正卿
趙君竩,一之,定郎,宜甫,第五二
趙君錫,文定,無愧
趙周,子郁
趙和,子禮
趙品全,桂堂
趙哲,民彛
趙啓生,敬夫,杜谷,靖平
趙啓遠,子長,忠靖,藥泉
趙啟霖,瀞園,芷孫,芷蓀,靜園
趙善?,作肅,趙善儀,麟之
趙善䚮,復齋
趙善佐,佐卿,左卿
趙善佳,廷瑞
趙善俊,俊臣
趙善倫,季思
趙善堅,德固
趙善封,德可
趙善屾,夀翁,山甫,第三
趙善岐,民先
趙善待,子善,時舉
趙善恭,作肅,趙善儀,麟之
趙善悉,壽卿
趙善慶,文寶
趙善應,幸庵,彥遠
趙善扛,文鼎,解林居士
趙善括,應齋,無咎
趙善擇,無擇
趙善政,以徳,以德
趙善昈,文彬
趙善朝,成父
趙善沛,濟世,興甫
趙善法,養直
趙善浥,德潤
趙善湘,淸臣,清臣
趙善漣,淸卿
趙善潼,南仲
趙善澤,守道,趙善擇
趙善澤(擇),守道,趙善擇
趙善牧,咨卿
趙善珂,德温
趙善珍,子良
趙善珏,堅老,彥德,第六,鐵柱
趙善瑛,廷璋,玉峯山人
趙善璙,德純
趙善發,正己
趙善篔,慶長
趙善繼,白石,近之
趙善罙,深甫
趙善老,趙善耆
趙善蓬,道山
趙善蘧,衛卿,衡卿
趙善談(譚),趙善譚
趙善譽,德廣,恕齋,靜之
趙善遠,道卿
趙善遡,澤深
趙善閨,昭子
趙善防,若川
趙喻夫,義叔
趙嗣?,兼善,聖住
趙嗣助,衍獎
趙嗣基,敬止
趙嗣恩,澤父,真卿,第二
趙嗣抃,又獻
趙嗣昌,仲卿,清父
趙嗣椿,思齊
趙嗣樟,國梁,寶哥
趙嗣淐,仲卿,淸父,第一,趙嗣昌
趙嗣滋,子潤
趙嗣漳,國梁,寶哥,趙嗣樟
趙嗣祺,玄明宏道虛一,虛一
趙嗣蓮,清甫
趙嗣詔,信道
趙嗣達,兼善,聖住
趙嗣鍄,子京
趙嗣鴻,子漸
趙嗼夫,景和,申之,順老
趙嘉煒,景思
趙嘉猷,壯其,孔其
趙嘉肇,孚民
趙嘉錫,汝吉,苔村
趙嘏,承祐,趙二十二,趙倚樓,趙渭南
趙囗昇,士先
趙國寶,忠定,黑梓
趙國忠,伯進
趙國旺,趙國昭
趙國材,國材
趙國璧,子完
趙國祚,敏壯
趙國良,南湖,邦遂
趙國華,實茂
趙國藺,友廉,耐卿
趙國賓,景觀,雪竹
趙國賢,忠壯,良臣
趙國麟,仁圃
趙國鼎,象九
趙圭,子重
趙均,樾軒
趙坦,寬夫,石侶
趙垣,趙坦
趙城,亙輿
趙埜夫,景説
趙執中,景惠,景賢
趙執信,伸符,申符,秋谷,飴山,飴山老人
趙執端,緩菴
趙執詒,仲固
趙培勳,甫連
趙培因,佑生
趙培桂,月亭
趙堂,北苑
趙堦,文升
趙塤,二十,平仲
趙增,益齋,雲濤
趙增榮,竹主陔,笙陔,鴻橋
趙增琦,紹平,鴻佐
趙壎,伯友
趙士?,彥明
趙士㣓,端質
趙士㬈,和叔,趙令瑋
趙士俊,孟章
趙士俴,溫靖
趙士倞,子強
趙士元,君聘
趙士喆,伯濬
趙士寬,汝良,菉斐
趙士嶐,景瞻
趙士幅,信之
趙士掞,才孺
趙士旴,巖老
趙士春,景之,蒼林,蒼霖
趙士晤,公美,忠靖
趙士暕,明發
趙士桐,藹南,靄南
趙士泰,雪亭
趙士瀹,明叔
趙士琛,獻夫
趙士登,應庸
趙士礽,文安,誠甫,趙士仍
趙士秀,季任,文貞,松岡
趙士穎,濟叔
趙士衍,花一相公
趙士褭,立之
趙士覯,公會
趙士賢,孟希
趙士跋,忠果
趙士雷,公震
趙士驥,季良
趙士魁,南宮
趙士麟,玉峰,麟伯
趙壽益,士靜,晩閑
趙壽祖,山甫
趙夢庚,遜齋
趙夢日,十四,應瑞
趙夢極,子中
趙夢麟,季兆,瑞明
趙大佑,世胤,方厓
趙大召,襄陛
趙大年,壽椿
趙大授,以書
趙大河,延陵,道源
趙大溎,南莊,瀛洲
趙大用,通甫
趙大經,春磵
趙大綱,萬舉,趙太綱
趙大臨,康安,謙之
趙大訥,敬叔,良勝
趙大賓,敬玆
趙大鯨,學川,學齋,橫山,淸瑞堂
趙天泰,天肖子,葛衣翁
趙天澤,鑑淵
趙天爵,伯廉
趙天瑞,瑞卿
趙天綱,之維
趙天錫,趙天賜
趙天馝,鶴堃
趙天麒,平符
趙天麟,東平布衣
趙夷夫,玉牎
趙奇芳,仲儀,東峰,陳奇芳
趙奎,應文
趙奎昌,曼華
趙奕,祖德
趙奠麗,建先
趙奮,友石,庸卿
趙奮霄,天木
趙好德,秉彜,秉粉廾
趙如愚,師顏
趙如源,濬之
趙如鏡,靜甫
趙威明,晦汝,松泉
趙威鳳,子雨,鹿門
趙婉揚,茀蕓
趙子修,安道,總息,逐哥
趙子偁,安僖
趙子和,仁裕
趙子崧,伯山,鑑堂居士
趙子嶙,公遠
趙子明(字),子明
趙子晝,叔問
趙子櫟,夢授
趙子沆,彥澤
趙子淔,正之
趙子渢,長文
趙子潇,清卿
趙子潚,淸卿
趙子澄,處度,處廉
趙子濟,道卿
趙子琦,韞子
趙子璨,朗山,鑒泉
趙子發,第二,陳卿,震卿,麒孫
趙子皓,商老
趙子直,履道
趙子覺,彥先,雪齋
趙子買,漢翁
趙孔昭,子潛,玉泉
趙孔燦,碧堂
趙存性,守初,昭敏,鼎谷,龍湖
趙存洵,眉叔,軒水
趙存道,一之,睡軒
趙孚,大信
趙孚吉,梅菴
趙孝博,孤山
趙孝孫,仲修
趙孝穎,師純
趙孝英,彬娥,玉畦
趙孟仚,嵒仲,應龍,第七,震龍
趙孟何,漢弼
趙孟傳,巖起,松壑
趙孟僩,三教遺逸
趙孟儼,宗望,第八
趙孟堅,子固,彜齋居士
趙孟奎,宿道
趙孟定,宗宏,第季五
趙孟桂,子桂
趙孟槱,季碩
趙孟樵,季碩,第顯四
趙孟櫄,古春,子垕
趙孟沁,石塘,聖淸
趙孟涔,淸叔,清叔,第三
趙孟淳,子真,竹所,虛閒野叟
趙孟渾,元老,季全,第三
趙孟溍,趙孟潛
趙孟濚,深道
趙孟濟,君用
趙孟瀾,第二,觀父
趙孟熩,安國,康孫,第百六,衛道
趙孟禮,漢泉
趙孟籲,子俊
趙孟續,繼道,翁回
趙孟若,似之,春冽
趙孟豪,汝興
趙孟貫,子唯
趙孟賚,仲良
趙孟躋,仲仁,定宇
趙孟鐇,利用,孟暘,第三
趙孟鐈,一山,鼎之
趙孟鑄,君玉,第榮一,鑄哥
趙孟鑽,仲堅,彌堅,成老,第一
趙孟頖,景魯
趙孟頫,三寶弟子,在家道人,天水松雪翁,天水王孫,太上弟子,子昂,敢死軍醫人,文敏,昂翁,松雪道人,松雪齋,水晶宮道人,水精宫道人,甲寅人,趙吳興,趙學士,趙承旨,趙松雪,趙榮祿,趙王孫,趙集賢,趙魏國,趙鷗波,鷗波
趙季康,季康
趙季成,季成
趙季瑩,瘦山
趙季通,師道
趙孫英,葢峰,雲亭
趙學仕,信甫
趙學彭,子述
趙學徵,修齋
趙學愈,亦之,醞秋
趙學曾,貫之
趙學潞,雲棱,雲槎
趙學詩,敦煌
趙學轍,季由,庸五
趙孺子,長孺
趙守倫,晩歸,景至,風玉軒
趙守巽,僖安
趙守節,僖穆
趙守純,元牧
趙安,善相
趙安世,筌島
趙安仁,文定,樂道
趙安伯,安伯
趙安易,季和
趙安時,少莊
趙宋,子隆
趙宋安,功可
趙宋昌,奕之
趙完璧,全卿,雲壑
趙宏,希道
趙宏偉,子英,松澗,淞澗,貞獻
趙宗,善文
趙宗保,恭靜
趙宗儒,秉文
趙宗嚴,子莊
趙宗回,晞聖
趙宗堡,拙存,瓶守
趙宗孔,東山
趙宗崙,星巖
趙宗師,靖之
趙宗建,次侯,次山,非昔居士
趙宗彪,趙崇彪
趙宗悌,元發,孝憲
趙宗愈,恭憲
趙宗抃,蜀琴
趙宗敬,字愼,獨庵
趙宗旦,子文,恭孝
趙宗晟,端孝
趙宗暉,榮穆
趙宗望,子國
趙宗楚,僖節
趙宗樸,僖穆
趙宗沔,上善
趙宗漢,孝簡
趙宗琪,二樓
趙宗瑗,君玉,孝溫
趙宗祐,穆恪
趙宗絳,孝榮,趙崇絳
趙宗綽,孝靖
趙宗繢,良孝
趙宗義,丹若
趙宗育,德之
趙宗萬,丹砂,仲囦
趙宗著,南岳,聚叔,艮齋
趙宗藎,子叔
趙宗藝,用之
趙宗訥,行敏
趙宗誼,莊孝
趙宗諤,榮恩
趙宗軌,希淸
趙宗辯,慎微
趙宗述,子耆
趙宗道,伯由,大笑軒,忠毅
趙宗顏,希聖,昭裕
趙宗默,潛真
趙宗鼎,嵩丞
趙官,惟賢
趙定邦,紫琳
趙宛,君愉
趙宜中,心道
趙宜喜,晉熙,鑑堂
趙宜暄,壽圖
趙宜生,德純,騎牛野人
趙宜聲,達齋,遠菴
趙宜裕,伯容
趙宣偉,映洲,晚洲
趙宦光,凡夫,頤光
趙宧光,凡夫,趙宦光,趙頤光
趙家璧,連城
趙家相,熙載
趙家震,省齋,聲如
趙家齊,均平
趙宸,德聰
趙容,德宏
趙寅,江湖散人
趙寅龍,宜福,景元,第一
趙密,仲理
趙密夫,竹溪
趙富辰,鶴舫
趙寝夫,興叔
趙寧,康叔
趙寬,德宏
趙寵,廷貴
趙寶仁,壽山
趙對澂,念堂,浮槎山樵,野航
趙少臨,德駿
趙少誠,華巖,華石
趙尚寛,趙和卿
趙尚寬,濟之
趙尚敬,伯恭
趙尚絅,子章,景獻,鶴塘
趙尚輔,汝襄,翼之,逸芝
趙居中,和父
趙居仁,仲義
趙居信,季明,文簡
趙履瀛,默齋
趙履祥,旋夫
趙履福,誌熙,髯叟
趙履鰲,海仙
趙屼,景山
趙岍,季西
趙岑,趙琴
趙岩,維石
趙岯,岱之
趙岸,登之
趙峹夫,景會
趙崇?,君瑞
趙崇【王犀】,古隆,君玉,從龍,第萬一,趙崇墀
趙崇中,和父
趙崇仰,德瞻
趙崇仿,叔似
趙崇伋,景思
趙崇侯,萬里
趙崇信,仲履
趙崇倣,叔似
趙崇儆,德有
趙崇儲,君用
趙崇儷,德儷
趙崇剛,景申
趙崇善,四十二,汝性
趙崇回,回老,希道,第四十
趙崇囬,囬老,希道
趙崇垓,德暢
趙崇堂,肯夫
趙崇墀,古隆,君玉,從龍
趙崇夙,德興
趙崇學,處文
趙崇嶓,漢宗,白雲,白雲山人,趙崇皤
趙崇嶸,君選
趙崇度,履節,節齋
趙崇思,敬夫
趙崇性,仁夫
趙崇恪,端夫
趙崇悉,壽伯
趙崇惻,趙崇側
趙崇愽,德溥
趙崇慶,松冠山人,鐵筠
趙崇憲,履常
趙崇懌,成叔
趙崇懦,明道,趙崇儒
趙崇掖,君錫
趙崇文,武伯,竹村,節愍
趙崇旃,毓卿
趙崇昂,正甫
趙崇朴,履性
趙崇栗,景周
趙崇榞,庭原,逢原
趙崇榮,仁則
趙崇模,宗室
趙崇樸,屢性
趙崇櫜,景張
趙崇沆,應初
趙崇沐,君仁
趙崇沔,思誠
趙崇洽,德潤
趙崇淏,清卿
趙崇湁,伯勉,德濟,泰孫,第七一
趙崇滋,澤民,竹所
趙崇濚,東之
趙崇煙,伯和
趙崇琿,貴璞
趙崇瑲,榮甫
趙崇璚,叔寶
趙崇璧,國璋,謙齋
趙崇璮,居正
趙崇璱,仲之
趙崇瓃,成甫
趙崇瓊,伯玉
趙崇皦,用晦
趙崇祉,伯厚
趙崇祚,弘基
趙崇祥,貴珍,趙崇珜
趙崇禩,國永,趙崇廙
趙崇禪,叔茂
趙崇禮,君用
趙崇秸,貢甫
趙崇粢,趙善粢
趙崇絢,元素
趙崇絪,景明
趙崇絳,文實
趙崇能,君舉
趙崇膺,子顔
趙崇莘,嚴文
趙崇葸,恭敬
趙崇蔭,有成
趙崇要,履簡
趙崇詎,可大
趙崇誼,子正
趙崇譽,君美
趙崇貺,君錫
趙崇賞,達慶
趙崇赳,公輔
趙崇軻,景孟
趙崇迢,致遠
趙崇鉘,元冶
趙崇鉻,君用,第九六,長翁,長郎
趙崇銛,君祗
趙崇鋌,似老,元老,君榮,第十二
趙崇錅,和甫
趙崇錥,德英
趙崇鑪,文英
趙崇霄,有得,蓮嶴
趙崇驥,德甫
趙崇點,景沂
趙崙,閬仙
趙崧,含光石室,筱容
趙嵎,景東
趙嵤,仲山
趙巒,秀容
趙巖,惟石
趙左,文度
趙巨源,巨源
趙巴魯特祥麟,恭愨
趙巽,潼孫,行可
趙希,寅父,野雲
趙希?,十洲,淸中
趙希㯝,誼父
趙希予,巖起
趙希仁,山甫
趙希佚,佚道
趙希侒,安道,汝道
趙希偦,詔我
趙希傭,紹周
趙希僿,俊夫
趙希元,舜輔
趙希充,耀亭,輝亭
趙希叔,國叟
趙希哲,晦叔
趙希喬,北溪
趙希布,景敷
趙希循,良叔
趙希志,修士
趙希恪,元恭
趙希悅,傃軒,安仁
趙希悦,安仁,安臣,素軒
趙希悰,見泰
趙希愉,叔雍
趙希懌,伯和,叔和,正惠
趙希懙,惠士
趙希旦,周卿
趙希曾,幼謙
趙希梁,正臣
趙希梾,德興
趙希棠,公召
趙希概,平叔
趙希沇,淆卿
趙希流,子長
趙希淦,定山
趙希溱,清甫
趙希漢,南紀
趙希澹,趙汝澹
趙希瀞,無垢,靜齋
趙希灝,商卿
趙希珆,宗瑞
趙希瑀,禹玉
趙希璜,四百三十二峯草堂,子璞,渭川,研筏齋
趙希璵,璧玉
趙希瓐,文恭
趙希禕,成美
趙希竦,趙善竦
趙希簨,國器
趙希綬,節夫
趙希葸,國瑞
趙希蒼,漢英
趙希藎,忠卿
趙希蘷,一卿
趙希衢,可山
趙希言,忠憲,若訥
趙希誨,景恭
趙希諶,信卿
趙希豐,寶卿
趙希輔,伯益
趙希述,汝明
趙希進,丹圃,與叔
趙希逸,八峰,怡叔,竹陰
趙希邁,端行,西里
趙希錧,君錫,文定,畤隱居士,疇隱,趙希喆
趙希錫,景純
趙希青,十洲,清中
趙希龔,良能
趙帥,偉堂,元一
趙師,共父,共甫,擇善
趙師㞧,會叔
趙師俠,介之,坦庵,趙師使
趙師俣,趙師瑛
趙師夏,志道,遠菴
趙師夔,恭榮,汝一,汝初
趙師孟,信厚,第二,醇叟,麟哥
趙師宜,趙師宣
趙師宰,牧之,隨齋
趙師弁,冠卿
趙師恕,季仁
趙師意,宣獻
趙師懔,趙師怵
趙師掌,周卿
趙師揆,元輔,恭惠
趙師擇,從善
趙師旦,壯愍,潛叔
趙師會,會叔
趙師望,公弼
趙師柄,德之
趙師棠,仲舒
趙師楷,清之
趙師民,周翰
趙師涣,趙師焕
趙師淵,幾道,訥齋
趙師潯,深甫,趙師信
趙師璱,德玉
趙師禹,端肅
趙師秀,紫芝,靈秀
趙師端,知道
趙師羽,由道
趙師耕,淵道
趙師聖,我白
趙師蒧,詠道
趙師訓,從道
趙師詹,景陽
趙師譽,師道
趙師逌,載道
趙師錫,公擧,忠憲,晩休,晩悔,蘿溪,香山
趙師雍,然道
趙師魯,希顏,文靖
趙師龍,德言,舜臣
趙席珍,子聘,響泉
趙平,衡仲,雲壑
趙年,十二,有年
趙庚,叔初
趙庚夫,仲白
趙庭堅,公直,稼隱
趙庭芝,德瑞
趙庭蘭,趙廷蘭
趙康,惟幾
趙庸,文貞
趙庾,大庾,大庾和尚,崇韜,渙之,雲中
趙廉,文貞,魯直
趙廣,德儉
趙廣佐,季良,晦谷
趙廣培,樸菴
趙廣生,公簡
趙廣興,廣興
趙廱,仲和,浦夫,竹潭
趙延壽,劉延壽
趙延齡,耆堂
趙廷佑,丕顯
趙廷俊,海珊,苕士
趙廷光,伯蓉
趙廷壁,相如
趙廷宩,松崖
趙廷愷,子暨,存之
趙廷桂,正剛
趙廷楨,幹生,補園,鋤月道人
趙廷標,叔文,雲岑
趙廷機,衡善
趙廷烜,近亭
趙廷猷,鶴亭
趙廷珩,壺隱,鳴卿
趙廷球,序東
趙廷瑞,信臣,洪洋
趙廷美,文化,秦悼王,趙光美
趙廷翼,忠肅,樂道齋,翼之
趙廷臣,君鄰,君隣
趙廷虎,仁甫,南溪
趙廷講,仲聞
趙廷貴,虎臣
趙廷銘,伯庸,蘅江
趙廷鼎,聚九,象九
趙建大,嗣勛
趙建斗,星橋
趙建極,生同
趙式訓,近光
趙式銘,弢父,星海
趙弘,鳴重
趙弘化,公弼
趙弘恩,玉華堂,芸堂,芸香,蕓堂,蕓香,趙宏恩
趙弘殷,宣祖,昭武睿聖皇帝
趙弘毅,仁卿
趙弘燦,天英,敏恪,趙宏燦
趙弘燮,亮工,理庵,肅敏,趙宏燮,趙宏爕,趙弘爕
趙弱文,文妹
趙弼,廷直
趙彌忠,資敬,雲屋
趙彜,忻城伯,武毅
趙彥,明宇,毓美
趙彥中,大本
趙彥仞,高叔
趙彥仠,衛夫
趙彥仡,伯勇
趙彥侁,安行
趙彥侊,趙彥恍
趙彥侗,伯訓
趙彥侯,東巖,簡叔
趙彥俉,才卿,趙彦俊
趙彥信,訢叟
趙彥修,今悔道人,季梅
趙彥倓,安卿
趙彥倪,和甫
趙彥偁,君舉,庚舉,聲庵
趙彥假,顯父
趙彥偶,周叔
趙彥傅,伯是
趙彥傈,烈叔
趙彥傳,省吾
趙彥初,德廣
趙彥博,富文
趙彥吶,敏若,趙彥訥
趙彥堪,任卿
趙彥崝,宗嶸
趙彥嶒,宗岳
趙彥彌,仲高
趙彥恂,信德,漢卿,第二十二,謝僧
趙彥悈,元道
趙彥扶,廷秀
趙彥敏,茂功
趙彥文,元質
趙彥昭,奐然,趙二
趙彥榗,大圭
趙彥橚,文長
趙彥法,正則
趙彥湳,南仲
趙彥溪,周臣,用臣
趙彥漋,平中
趙彥灅,明仲
趙彥珽,國器
趙彥瑗,中玉
趙彥璛,復齋先生,文長
趙彥璦,中玉
趙彥相,金質
趙彥真,從簡,德全,趙彥能
趙彥秀,伯高,信善堂,貞簡
趙彥秬,南坡居士,周錫
趙彥稢,周實
趙彥章,徵甫
趙彥竦,欽仲
趙彥端,介菴,德莊
趙彥籥,章郎
趙彥綰,仲權
趙彥翿,伯羽
趙彥肅,子欽,復齋先生
趙彥若,元考
趙彥荃,湘芬
趙彥虞,信仲
趙彥衛,景安
趙彥詹,訢叟
趙彥逾,德光,德老
趙彥遏,揚善
趙彥道,景平
趙彥邴,趙彦昞
趙彥鐸,振之
趙彥鼎,國器
趙彥鼒,國器
趙彥齡,壽卿,定僧,應郎,第八
趙彨詔,企淸,昌夢
趙彩姬,今燕
趙彪詔,今獻,秋圃,豹三
趙彭年,期叟
趙得祐,元吉
趙得重,士威,守正齋
趙從佐,硯耕,莘野
趙從信,君瑞,安僖
趙從儉,樸菴
趙從古,惠恪
趙從吉,雪齋
趙從審,叔度
趙從式,安僖,智口
趙從蕃,仲宣
趙從質,子野
趙從贄,子儀
趙從郁,仲文
趙復,仁甫,江漢
趙復元,見齋
趙復陽,仲初,文簡,松谷
趙復馨,汝芳
趙徵蘭,佩言
趙德,鐵峰
趙德俶,善亭,復初
趙德光,剛節,張德光,輝堂
趙德剛,崇節
趙德勝,梁國公,武桓,黑趙
趙德存,安世
趙德宏,南溪,有容
趙德彝,可久,安簡
趙德彰,小泉,條泉,篠泉
趙德恒,貞一
趙德恭,復禮,慈惠
趙德愿,公謹
趙德懋,建澤,荊園
趙德文,子矼,恭裕
趙德昌,達庵
趙德昭,日新
趙德林,小山
趙德樹,子楨,子貞
趙德欽,丕從
趙德潤,清澤
趙德潾,又泉,子白
趙德熙,元圃,元壽,元甫
趙德珍,蘭素
趙德興,定臣
趙德芳,康惠
趙德華,紫臣
趙德轍,守庵,靜山
趙德遴,公銓,節愍
趙德鈞,子正
趙德隆,日新
趙德雍,仲達,康簡
趙德鳴,鳳山
趙徽,子美,松坡
趙徽之,天和
趙心忭,星居
趙必,伯崖
趙必?,君飾,永哥,第萬一
趙必㬩,第三,震郎,養蒙
趙必㳅,宗源,恩卿,第四
趙必㵶,保聖,真祐,第小六六,若水
趙必仜,趙必仁
趙必俊,梅石
趙必俹,亞夫
趙必偊,仲甫,第元四
趙必健,宗強,石泉居士,自強
趙必偲,犮卿
趙必升,草巢
趙必取,世穎
趙必坿,維石
趙必垞,宅之
趙必宜,宜之
趙必寁,趙必萐
趙必寰,學海
趙必岊,次山,雲舍
趙必廣,子大
趙必廷,趙必達
趙必愿,立夫
趙必成,元道,立道,與元
趙必揆,成孫,文夫,第百二十三
趙必昌,景文
趙必普,德修,用拙
趙必暳,震郎,養蒙
趙必曅,伯暐,大蓬
趙必朠,希明,必寶,第三九
趙必棍,德升,德昇,瑞郎,第二
趙必樘,世登,公及,基甫,第四
趙必洤,淸伯,第六一
趙必流,宗源,恩卿
趙必漣,仲連,山泉翁
趙必漸,子進
趙必灋,用之,趙必法
趙必烇,國華,拱辰,第五二,貴孫
趙必焄,茂可
趙必熢,趙必燧
趙必璂,君飾,永哥
趙必璇,仲實
趙必畊,堅哥,子固,第宗十八,耕道
趙必聰,明叔,第再四
趙必臨,子陽
趙必興,友宜
趙必英,子俊
趙必范,古一
趙必華,實夫
趙必萃,德聚
趙必薖,志賢
趙必覃,景淵
趙必請,伯益
趙必諤,汲父
趙必贊,子襄
趙必逨,志及
趙必逾,登父
趙必遂,次翼
趙必道,覺夫
趙必達,籍荃,譜荃
趙必遝,寶壽,景賢,班叔,第十六
趙必錚,有聲
趙必鏈,趙必璉
趙必鑛,國寶,國賓,第三
趙必願,立夫
趙必𤩪,玉淵,秋曉
趙志和,怙如,恬如,悟如
趙志淵,淸平子
趙志臯,三十二,六虛主人,文懿,汝邁,瀫陽,縠陽,趙志皋
趙志顔,士愚,夢賚亭
趙忠,行恕
趙忠弼,作梅
趙忠恕,信卿
趙念祖,乃繩,瓠生,筠齋
趙忻,子樂
趙思,再可
趙思位,兼山
趙思廉,思廉
趙思恭,堯欽
趙思敏,學甫,嶼南
趙思正,簡惠,趙希璂,趙搢
趙思溫,趙文美
趙思誠,思聰,楡菴,汝存,汝孝
趙性夫,仁老
趙性成,南廬
趙恆,志貞,特峯
趙恢,汝弘
趙恩,允仁
趙恩溥,潤生
趙恪,悼肅
趙恭,思恭
趙悅,承悅
趙悌夫,之道
趙悟本,妙覺大師
趙悰,彥忠
趙惇,光宗,循道憲仁明功茂德溫文順武聖哲慈孝皇帝
趙惟卿,良弼
趙惟吉,國祥,康孝
趙惟和,子禮
趙惟善,榆春,瑜丞,膺甫
趙惟固,宗幹,趙元扆
趙惟忠,令德,趙文起
趙惟憲,有則
趙惟敘,懋功
趙惟正,僖靖
趙惟煥,叔重
趙惟熙,芝飛
趙惟直,士淸
趙惟秀,承玉
趙惟能,若拙
趙惟興,本張
趙惟賢,禹傳
趙惟鏻,趙鏻
趙愈和,以禮,西廬
趙意,如意
趙愛,欲岡
趙愭,莊文,趙愉
趙愷,惠憲,魏惠獻王
趙慈,雪庭
趙慎修,敬思
趙慎畛,慎珍,慎軫,文恪,榆巢,省侃言室,笛樓,篴樓,蓼生,遵岵,遵路
趙慧,總持
趙慨夫,達道
趙慫甫,澤民
趙慭夫,趙慫夫
趙慰,本安
趙慶和,靖侯
趙慶寬,雲閣
趙慶恬,義園
趙慶文,筱亭,莜亭
趙慶瀾,笛樓,趙慶熾
趙慶熺,秋舲,繼揚
趙慶男,善述,山西,山西病翁,晝夢堂主人
趙慶蕃,晉三
趙憗夫,趙慭夫
趙憬,貞憲,趙七,趙璟,退翁
趙憲,後栗,文烈,汝式,重峯,陶原
趙憲高,倉亭
趙應元,肖鶴,葆初
趙應奎,襄壯
趙應旟,敏卿
趙應祥,伯徵
趙應祿,景綏,竹溪
趙應科,仰樓
趙應童,趙神仙
趙應選,太初
趙應龍,時化
趙懷哲,懷哲
趙懷忠,厚德
趙懷玉,亦有生齋,億孫,味辛,味辛先生,味辛居士,味辛齋,山中人,憶孫,收庵居士,收菴,映川,涒皋賸人,漫翁,琬亭,荃提室
趙懷鍔,潤軒
趙懷鎊,潤軒
趙懷,懷璡
趙懿,悔予,淵叔
趙成,昌甫
趙成慶,伯寧
趙成穮,德培
趙我佩,君蘭
趙戣,成德
趙戴文,次隴,淸涼山人
趙才,文器
趙承亮,恭靖
趙承光,希孟
趙承宗,德祖
趙承慶,康簡,循國公,祐之,趙承宗
趙承煦,景陽
趙承燾,子容
趙承禧,宗吉
趙承範,僖溫
趙承簡,和懿
趙承肅,德谷,敬夫,文敬
趙承謙,德光
趙承謨,念齋
趙承錫,榮禧
趙抃,知非子,閱道
趙抦,靖惠
趙括大,伯度
趙持謙,光甫,汚齋
趙振,起伯
趙振祚,伯厚
趙振聲,朮臣,果臣,森臣,采臣
趙挺,汝豪,漢叟,竹川
趙挺之,正夫,淸憲
趙挻夫,季長
趙掄元,春生
趙揚,不全
趙損,若拙
趙撝謙,考古先生,趙古則,趙謙
趙擢彤,睦堂,視稼樓村人,遴可
趙擴,充之,松溪
趙敏,子聰
趙敏中,允之
趙敏熙,寶書,笠農
趙敔,叔成
趙教,子學
趙敟夫,子謨
趙敢夫,進叔
趙敦彝,古尊
趙敦簡,樸亭
趙敦臨,庇民
趙敦詩,嘉頌,鼎門
趙敬,簡恭睿德皇帝,翼祖
趙敬襄,瑞星,竹岡,隨軒
趙敷政,建中
趙敿夫,宗固
趙斆子,希顏
趙文,天章
趙文信,和約
趙文偉,才石,靈蕓
趙文冕,德璋
趙文博,子約,守約
趙文同,一重,五十八
趙文哲,升之,損之,璞庵
趙文奎,華忱
趙文度,趙弘
趙文彬,匯洙,菊松,覺松
趙文徽,一山,劍樓
趙文憲,啟東
趙文昌,明叔,西皋
趙文晟,玉藻
趙文楷,介山,逸書
趙文榮,仁甫
趙文涵,海門
趙文源,西河,醴泉
趙文濂,鯉門
趙文濬,協廷
趙文瀛,亦山,翰渠
趙文炳,湖庵
趙文煜,蘊章
趙文煥,有章
趙文燿,絅夫
趙文璧,子潤
趙文盛,從周
趙文穎,子異,魯齋
趙文興,伯龍
趙文華,元質,原實,榮崗,蓉江
趙文萃,儒夫
趙文藻,漢章
趙文鈐,二有
趙文魁,廷選
趙文龍,禹門
趙斌,時憲
趙新,古彝
趙方,彥直,忠肅
趙方伊,莘田,辛田
趙方觀,松廬,用賓
趙於京,豐原,香坡
趙旅,主翁,漁溪,貞節
趙旉,元懿
趙既發,武毅
趙日新,用甫
趙日煦,介亭,湘舒
趙日起,月山
趙旭,用久,石如
趙旺,嗣祥
趙昀,宋貴誠,建道備德大功復興烈文仁武聖明安孝皇帝,理宗,趙貴誠
趙昂,天鳳
趙昇之,君儀
趙昇平,熙廷
趙昉照,冬森
趙昌,鳴盛
趙昌晉,雲山
趙昌期,當世,青巖
趙昌榮,光坪
趙昌燮,漢痴,鐵山
趙昌祺,申穀
趙昌福,橋莊,綿莊
趙昌言,拜庭,雲楣
趙昌遠,大亨,悟隱,惠穆
趙明,孔昭
趙明之,義齋
趙明俊,寶廷
趙明山,拱辰
趙明徵,哲公
趙明誠,德夫,德父
趙昕,悼穆
趙春燕,拂翠
趙昭,子惠
趙昰,端宗,裕文昭武愍孝皇帝
趙昱,文康,景陽,葆眞齋,龍門
趙昶,晦之
趙昺,恭文寧武哀孝皇帝,懷宗
趙時,中甫,可亭,大定山人
趙時?,明仲,第萬四
趙時【火采多】,用明
趙時乃,日新
趙時佐,宣仲
趙時佼,君泰
趙時侃,和仲
趙時來,子儀
趙時侉,謙甫
趙時俊,彥升
趙時倯,同卿
趙時儋,竹所
趙時冉,師孔
趙時凌,淡翁
趙時勉,誠之
趙時咵,謙甫
趙時埅,德範
趙時墾,時庸,晉耕,第申三
趙時寧,康伯
趙時恪,恭仲,茝坡
趙時悟,明仲
趙時播,伯宣
趙時敏,子遜
趙時春,景仁,浚谷
趙時望,民瞻
趙時杲,元昕
趙時柝,體仁
趙時栗,寬甫
趙時棣,宗華
趙時沝,子有,淵道,第四十
趙時洮,洪叟,淸翁,第十
趙時清,華巔
趙時溱,君玉,平仲,第八,詩寶
趙時焕,克勤,文晦,耻齋,趙時敏
趙時煥,克勤,恥齋,文晦,趙時㬇,趙時敏
趙時熙,春臺,靄臣
趙時熧,幼明
趙時熪,用明,第一
趙時瑐,伯調,梅僧,玉汝,第十五
趙時璝,君玉
趙時習,東野
趙時腴,介庵
趙時舉,存晦
趙時言,子然
趙時貫,道卿
趙時貴,子升,時登,第一,道鄉
趙時賞,宗白
趙時賢,君舉
趙時賽,國器,寶生,第四七,自強
趙時踐,容月
趙時迹,宗望
趙時通,宜伯
趙時逢,遯可
趙時逯,君俊
趙時遠,漸磐鄉老,漸磐野老,無近,無逸
趙時邇,舜言
趙時鉞,子澧,趙時洪
趙時銑,君澤
趙時銿,君韶
趙時錡,元鼎
趙時鍄,君諒
趙時鏢,君寶
趙時願,志仁
趙時饑,君遇
趙時齊,八十六,子巽
趙時,叔孺,獻忱
趙晃,朗存
趙晉,晝三,晝山,畫山
趙晉臣,蓮石,藹棠,迺唐
趙晏,栖玄
趙晟,伯陽,養心堂
趙晟漢,本初,東山,雙槐堂
趙普,則平,忠獻,韓王
趙景命,君錫,歸樂亭
趙景星,助月
趙景淑,筠媚
趙景皋,知安,贊颺
趙景緯,德父,文安,星渚
趙景良,兼善
趙景賢,忠節,竹生,篤生
趙晸,仁叔
趙暆,覺堂
趙暘,乂若,叉若
趙曙,英宗,體乾應曆隆功盛德憲文肅武睿聖宣孝皇帝
趙曦明,敬夫,瞰江山人
趙曮,可畏
趙曰爌,彬史
趙曾,北嵐,慶之,慶孫
趙曾向,朗夫
趙曾昌,雲卿
趙曾望,姜汀,紹庭,芍亭
趙曾棣,萼樓,韡之
趙曾槐,燧文
趙曾琦,趙增琦
趙曾裕,星齋
趙曾重,伯遠
趙最,菊水
趙最壽,季良,竹泉
趙月魯,去疾
趙有仁,德洪
趙有模,貫三
趙有淳,仲淳,粹甫
趙朋齡,如山
趙朓,僖祖,立道肇基積德起功懿文憲武睿和至孝皇帝
趙望齡,屺山
趙朝煦,伯明
趙期頤,子期
趙未彤,六滋,序堂
趙末生,平仲,文剛,社谷,華山,謹初
趙本,居仁
趙本嶓,玉溪
趙本敖,直夫,靖庵
趙本晉,近山先生
趙本植,宗子
趙本藩,玉溪
趙本質,崇文
趙本道,中立
趙材,冲穆
趙杞,仲獻
趙東山,野仙
趙東曦,餘不,馭初
趙東瑋,悠然子,智琦,梵慧
趙東階,躋堂
趙杲,廷輝
趙松,天挺,曲江
趙松茂,曼齡
趙林,寶齋,枕善堂,福民,竹君
趙果,初桂,德養,第一
趙柄,寄權,斗垣,衡西,趙炳
趙某,敬彝
趙栕夫,趙栕
趙栗,希周
趙栘,趙移
趙栱,冲懿
趙根,復亨,損庵
趙格,君正
趙桂瀛,曰樵
趙桐,汝陽
趙桓,恭文順德仁孝皇帝,欽宗
趙棄,墨隱居士
趙棉夫,叔獻,趙植夫
趙棟一,雲浦
趙棠,國炎
趙棨,素軒,衛道
趙森,再白,素存
趙棻,儀姞,善約老人,子逸,次鴻
趙植,又村
趙植庭,樹三
趙椿,仲齡
趙椿夫,大節
趙椿年,劍秋,坡鄰,坡鄰老人,春木,覃研齋
趙椿齡,壽卿
趙楚才,廷獻
趙楠,西墅
趙楫,子舟
趙楷,憲吾
趙榮,永實
趙榮璿,玉如
趙榮甲,華亭
趙榮祺,雲伯
趙榮福,二知堂,錫五
趙構,受命中興全功至德聖神武文昭仁憲孝皇帝,德基,高宗
趙槐符,子蔭
趙槩,叔平,康靖,趙禋
趙樗年,子壽,廣真野人,難老
趙樗生,廷梧,彦材
趙標,準臺,貞甫
趙樹吉,元卿,元青,沅菁,沅青,沅鶄,𨚲鄢山房
趙樹桐,聽齋
趙樹禾,碩甫,虞孫
趙樹萱,瑤階,璃階
趙樽,威質
趙橚,月樓,茂元
趙檉,冲僖
趙檖夫,茂叔
趙櫛夫,少密
趙次函,之琛
趙次誠,學之,雪溪
趙次鈺,仲相
趙欣,永樂
趙欽,思敬
趙欽湯,子質,師商,心盤
趙正元,季潛,宜省,第三
趙正印,心如
趙正學,子崇
趙正立,松湖,汝直
趙正萬,孝貞,定而,寤齋
趙武蓋,趙武孟
趙殿成,松谷,武韓
趙殿最,奏公,奏功,鐵岩,鐵巖
趙毅,孟弘
趙毓功,鑑塘
趙毓文,雙峯
趙氏(佟鍈妻),樂浪人,殘夢主人
趙氏(吳元扆妻),徐國大長公主,英惠,英惠大長帝姬
趙氏(周本恭妻),趙淑
趙氏(寇坦母),趙氏
趙氏(房千里妻),趙氏
趙氏(曹詩妻),兗國大長公主,賢懿
趙氏(李瑋妻),莊孝
趙氏(李遵勗妻),獻穆
趙氏(柴宗慶妻),揚國大長公主
趙氏(潘正夫妻),康懿
趙氏(王承衍妻),賢肅,魏國大長公主
趙氏(王貽永妻),懿順,雍國大長公主
趙氏(石保吉妻),賢靖,魯國大長公主
趙氏(趙匡胤妹),恭獻大長帝姬,荊國大長公主,陳國長公主
趙氏(趙恆女2),昭懷
趙氏(趙昀女),周漢國公主,端孝
趙氏(郭獻卿妻),懿穆
趙氏(魏咸信妻),恭惠,貞惠,陳國大長公主
趙氏（和思皇后）,和思皇后,恭皇后
趙氏（趙炅女3）,員明大師,邠國大長公主
趙氏（趙炅女6）,報慈正覺大師
趙民順,敬孺,方洲
趙永,爾錫,類庵,類菴
趙永孝,漢忠,謹凡
趙永寧,世安
趙永昌,星垣,春圃
趙永楨,終吉
趙永淳,德厚
趙永清,子定,蓮渠
趙永禎,終吉
趙汝仇,公之
趙汝仞,千之
趙汝仿,唐卿
趙汝伋,季思,季恩
趙汝似,子有
趙汝佩,振叔
趙汝俞,仁父
趙汝俴,朝宗
趙汝倍,益之
趙汝倣,康卿
趙汝偪,實之
趙汝僁,不始
趙汝僙,武叔
趙汝呂,師賢
趙汝唫,仁山,雨山
趙汝回,幾道
趙汝固,孟堅
趙汝墇,通叟
趙汝孖,孜卿
趙汝安,茂實
趙汝寬,士弘,慕忠齋
趙汝州,君牧
趙汝廩,景賢
趙汝悉,明之
趙汝惓,義叔
趙汝愚,子直,忠定
趙汝戀,明甫
趙汝映,子陽
趙汝晃,明叟
趙汝晦,舜卿
趙汝暨,平齋
趙汝朴,子野
趙汝柳,聖和
趙汝榛,趙汝溱
趙汝欒,有孚
趙汝求,叔藝
趙汝淑,秋岳,蘊淸
趙汝淦,成父
趙汝淳,子埜,子野
趙汝湜,澹軒
趙汝澋,壽老,淸叟,清叟,第十四
趙汝濂,敦夫,雪屏
趙汝瀁,假庵,文浩
趙汝玖,景玉
趙汝珇,溫叔
趙汝珫,子聰
趙汝珽,應林,第四八
趙汝登,文舉
趙汝盥,樗叟,觀之
趙汝秀,愼甫
趙汝稟,季叔
趙汝積,商卿
趙汝竣,退翁
趙汝竬,立父
趙汝笈,景師
趙汝簡,敬行
趙汝經,宗道
趙汝績,庶可
趙汝翰,西屏,雲卿
趙汝翼,元輔
趙汝能,公舉,雲谷道人
趙汝腴,味道
趙汝臣,季良
趙汝茪,參時,退齋,霞山
趙汝襲,繼道
趙汝誠,誠甫
趙汝談,南塘,履常,文恪,文懿
趙汝謨,嘉言
趙汝譢,獻可
趙汝議,履巽
趙汝讜,嬾菴,趙汝譡,蹈中
趙汝迕,叔午,叔魯,寒泉
趙汝述,明可
趙汝遇,時可
趙汝適,伯可
趙汝郛,大防
趙汝鄹,景禮
趙汝鈉,月洲,真卿
趙汝鏘,和卿
趙汝鏠,明翁,野谷
趙汝鐩,明翁,野谷
趙汝鐸,振文
趙汝雲,景瑞
趙汝霖,杏村
趙汝駟,野翁
趙汝騰,庸齋,忠淸,茂實,茂寶
趙汝黌,趙汝觷
趙汝龐,伯元
趙池,道涵
趙汴,浩然,琴齋,貞翼
趙汸,子常,東山,東山先生
趙沂夫,春邦
趙沂孫,希曾
趙沄,山子
趙沛濤,武烈,醉仙
趙河,伯泓
趙治炘,燮堂
趙法程,鴻章
趙泰,虞尊
趙泰交,保堂,保當
趙泰億,大年,文忠,胎祿堂,謙齋
趙泰甡,友鹿
趙泰老,仁叟,地山
趙泰耉,德叟,素軒,霞谷
趙泰臨,敬亭
趙泰采,二憂堂,幼亮,忠翼
趙洄,行之
趙洙,文波
趙洵夫,深卿
趙浚,吁齋,文忠,明仲,松堂
趙浩,義生
趙海,恕軒,潤山
趙涌夫,滕叔
趙涑,希溫,景溫,滄江,滄醜,醉病,醉翁,醉醜
趙涓,汝靜,良敬
趙涘夫,叔清
趙淄夫,從龍
趙淇,詞甫
趙淑,豔貞
趙淦夫,南坡先生
趙淮,元輔,靖齋
趙淳,淸老
趙淵,澤民
趙淶彥,翰清
趙清鑑,亦如,心如,心知
趙清體,德潤
趙渙,同麟,季文
趙渥,齊卿
趙游夫,潢山
趙渾,伯全
趙湘,秋平
趙湛,石鷗,秋水
趙溍,元晉,冰壼
趙源濬,達泉
趙溥,以周,孝伯,正之,蓬若
趙溫,良節
趙溫瑜,子美
趙溭,止源,止齋
趙溱彥,誼欽
趙滂,伯雨
趙滋,蘭畹
趙滭夫,源叔
趙演,仲長
趙漠,秀芝
趙漢,漸齋,鴻連,鴻逵
趙潔,思貞
趙潛夫,景壽,鶴所
趙潝,景穆,潝如
趙潤,良玉
趙潤生,柳溪,柳溪老人
趙澄,松江,泂叔
趙濂,東谷先生
趙濇夫,德追,德進
趙濈,德和,花川
趙濟姜,趙濟美,鍾秀
趙濱彥,渭漁
趙瀚,岱霖
趙瀛,惟登
趙灌園,灌園耐得翁
趙灝,訒予
趙灼,時章,通坊
趙炅,光義,太宗,至仁應道神功聖德文武睿烈大明廣孝皇帝,趙匡義
趙炎,光叔
趙炎年,光遠
趙炳,彥明,忠愍
趙炳堃,嵩原
趙炳文,人虎,悔生,豹堂
趙炳然,劍門,子晦,恭襄
趙炳言,竹泉
趙炳麟,太原潛并草堂,柏巖,潛并廬,炳粵,竺垣
趙炳龍,文成,楸園,雲升
趙烈,芙香
趙烈文,來求甫,天放樓,嬰桃傳舍,惠父,惠甫,能靜,能靜居士,落花春雨巢,見微書屋,靜圃,香飄有鄰室,鷗邊吟榭,黛語樓
趙烱,文鑑
趙烺,晴川
趙焞,子明,緝齋
趙焯,景昭
趙焱,光霽
趙然明,勉耘,雲阿
趙煇,黃如
趙煌,趙煜
趙煒,怡安,頤庵
趙煓,明高
趙煥,吉亭,文光
趙煥奎,星五,星玉
趙煥章,小唐
趙煥聯,趙煥簾
趙煦,哲宗,憲元繼道顯德定功欽文睿武齊聖昭孝皇帝
趙熊,公議
趙熊詔,侯赤
趙熙,藜軒
趙熙文,弱侯,敬甫
趙熙靖,敬克
趙熛,東明
趙燁,拙齋,景明
趙燕如,寶英,麗華
趙燦,錦瀾
趙燮元,衡軒
趙燾,露湄
趙燿,文明,見田
趙爵之,子厚
趙爽,義明
趙爾巽,公鑲,旡補,次山,次珊,無補,無補老人,遂園
趙爾熙,篆山
趙爾璽,篆山
趙爾萃,公慶,筱魯
趙爾豐,季和
趙牧,趙敘
趙狷,平簡,松山
趙獻猷,爾勲
趙玄朗,上靈高道九天司命保生天尊大帝,聖祖
趙玄覽,嵋雪
趙玉,朗山,蔭谷
趙玉森,瑞侯
趙玉樓,瑤仙女史
趙玖遠,明揚
趙珂,德儀,漆西
趙珆,子獻
趙珍,國珍
趙珠什,玉懷
趙珣,仲琳
趙珤,德用
趙珥彤,筆瑚
趙珩,君獻,忠貞,翠屛
趙珪,子達
趙班璽,受介,餘庵,餘慶,餘菴
趙珽,惠元睿明皇帝,順祖
趙理,性甫
趙琇,瑩伯,鑒樓
趙琡夫,溫玉
趙琦,小韓
趙琦美,淸常道人,玄度
趙琪,筠秋
趙琬,叔瑛,梅庵
趙琮,彥玉
趙琯,伯連
趙琳,石寅
趙瑄,介庵,璧六
趙瑋,季寶
趙瑍,含採,習園
趙瑗,伯玉,雲江
趙瑛,廷光
趙瑜,玉川,處谷
趙瑞康,子敬,耕隱
趙瑨,襄穆
趙瑭,趙塘
趙瑸,艾知
趙瑺,惟德
趙瑻夫,巖雲
趙瑾,公韞
趙璁,荊北
趙璉,忠肅,溫仲
趙璘,澤章
趙璜,卓絕,祥牙
趙璞,君售
趙璟,季璟
趙璧,宗寳
趙璩,潤夫,趙伯玖
趙璪夫,君寶
趙環,瓊英
趙環慶,再盦,子敦
趙璵,魯珍
趙瓛,白雲
趙用,彌明
趙用光,哲臣
趙用賢,定宇,文毅,汝師
趙田之,耕道
趙田忠,敬亭
趙由仁,則榮,虛白
趙由信,復初
趙由俶,善亭
趙由儀,山南,漸堂
趙由儁,仲時
趙由儕,中山,與儕
趙由祚,右之,碧瀾
趙由鍾,子元
趙申喬,恭毅,慎旃,松五,松伍,白雲舊人
趙申嘉,蕓酉
趙申季,蔚仲,行瞻
趙申錫,純祐
趙甸,壁雲,璧雲,禹功
趙畇,岵存
趙畯,德進
趙畹蘭,秋佩
趙登,從善
趙登瀛,梅峯
趙發,達父,達甫
趙益喜,鑑堂
趙益貞,恭肅,而元
趙盛奎,菊言
趙監,儒文
趙相,文卿
趙相愚,子直,孝憲,東岡
趙相禹,夏卿,時菴
趙眘,伯琮,元永,孝宗,紹統同道冠德昭功哲文神武明聖成孝皇帝
趙睿,若思
趙瞻,大觀,懿簡
趙矢之,伯直
趙知彰,伯常
趙知慎,誡盈
趙矩,義臣
趙石,宗慶
趙磻老,渭卿
趙祐,悼獻,慶長,趙玄祐
趙祖元,六十四,南菴,宗仁
趙祖朝,七十四,宗正
趙祖森,元隆
趙祖鵬,七十六,宗南
趙祜,汝承
趙祥,夢麟
趙禎,汝吉
趙禎遠,希文,菊泉
趙福雲,耦村
趙禥,度宗,端文明武景孝皇帝
趙禮,秉禮
趙禹圭,天錫
趙秀書,芝軒
趙秉䥔,香之
趙秉仁,葵午
趙秉傑,煥齋
趙秉初,雲極,雲樵
趙秉孜,恆守
趙秉忠,藎臣
趙秉政,公亮,忠敏
趙秉樞,趙秉德
趙秉溫,文昭,行直
趙秉煦,煥齋
趙秉熾,蘊齋
趙秉詔,少饒
趙秉貞,正夫
趙秉鈞,智庵
趙秉銓,衡如
趙秋,有裕
趙秋澤,悅萬
趙稹,僖質,表微
趙穀,雲石
趙穆,士敬,月川
趙立,德修
趙立夫,德成
趙立德,少虹
趙立忠,清湖
趙立鼇,戴山
趙竑,良度
趙章,十二,達卿
趙端,端政
趙端仁,春樓,煦甫
趙端禮,會樓,用甫
趙端行,彦質
趙端頤,常庵,養正
趙竴,立之
趙笏,景汾
趙箋霞,書雲
趙範,範之
趙篔翁,繼淸
趙篤恩,澹叟,澹如
趙簡,希敬
趙粹中,叔達
趙紉珠,慧媛
趙紉蘭,蒔香
趙紋夫,趙汶夫
趙純碧,粹媛
趙素,心庵,才卿,虛白
趙紱夫,景大
趙紳,子縉
趙紹武,宗孟,雲軒
趙紹祖,古墨齋,琴士,繩伯
趙紹華,勝青,遜青,遷青,選青
趙絅,文簡,日章,柱峯,龍洲
趙絢夫,季直
趙統,伯一
趙經,天常
趙經達,尊三
趙綝,君善,頓庵
趙綠縝,孝諒
趙綦夫,伯文
趙維,南涯,張父
趙維垣,伯師,師德,艮山
趙維寰,無聲,雪廬
趙維新,素衷
趙維法,子常
趙維祥,履廷
趙維藩,价夫
趙維魚,夢龍
趙綰夫,景楊
趙綱,叔擧,慕溪
趙綵鴛,延齡,連城
趙綸,君任,時齋
趙緯韓,持世,玄谷
趙縉,廷儀
趙縜夫,國準
趙繇夫,仲至
趙繇燁,趙繇煜
趙繕,希成
趙繡,希錦
趙繩夫,伯直
趙繩男,來武,緘齋
趙繩祖,其武,雍門
趙繹夫,季思
趙繼代,趙繼大
趙繼元,子方,梓芳,養齋
趙繼先,孝伯
趙繼孟,宗之
趙繼學,仲庠,次齋
趙繼宗,承恩
趙繼序,易門,芝生
趙繼抃,介臣,崖仙
趙繼本,孝甫,蒙泉
趙繼泰,子開,密庵,惺庵
趙繼爵,世忠
趙繼珪,國材
趙繼盛,子隆
趙繼禾,鳳阿
趙繼鼎,取新,止安
趙纘韓,善述,玄洲
趙群,德仁
趙義,懷敬
趙義和,子仁
趙羾,雲澗,雲翰
趙翰,西園,酉園
趙翰夫,宗甫
趙翼,存齋,文孝,浦渚,飛卿
趙耆夫,伯受
趙耕,師尹
趙聖復,士克,忠簡,退修齋
趙聖期,成卿,拙修齋
趙聞禮,立之,釣月
趙聯元,復菴
趙聰,時憲
趙聲,伯先
趙聿之,忠節
趙肅,彥恭
趙胖,肅魏
趙胤翰,述陽
趙臣翼,燕孫,稚箴
趙自新,我完
趙自然,趙王九
趙至道,竹逸
趙與?,文簡,方塘,晦叔
趙與㤩,敬儒,誠父
趙與䆅,肯堂
趙與仁,元父,學舟
趙與仜,載仲
趙與侍,正叟
趙與侔,德叟
趙與傱,敏中
趙與埭,趙希恩
趙與塈,茨翁
趙與奕,梁夫
趙與官,清叟
趙與宦,東叔
趙與宰,宗臣
趙與審,仲學
趙與寶,仁叟
趙與岡,可如
趙與岫,仁甫
趙與恪,敬儒
趙與悊,若愚
趙與慶,虛中
趙與懃,蘭坡
趙與懽,悅道,淸敏,趙與權
趙與旹,德行,行之
趙與東,伯仁,第一,賓暘,魯齋
趙與杼,見山
趙與枳,淮卿
趙與某,德淵
趙與栔,趙與絜
趙與梣,季淸,季清,廉孫,第一
趙與棏,國用,第萬一
趙與植,茂德
趙與樀,君安,第萬三
趙與樯,趙與穑
趙與權,常父
趙與歡,悅道
趙與汶,魯叔
趙與治,道隆
趙與洽,戇庵,景周
趙與涔,君量,星臺
趙與溥,惠真,淸叔,淸叟,清叔,清叟,第萬七
趙與滂,肖范,蔗境
趙與潕,景陽
趙與灅,景淵
趙與灝,清臣
趙與熛,晦叔
趙與玖,仲瑛
趙與珗,仲玉
趙與琇,器道
趙與琟,國玉
趙與璋,圭叔
趙與璣,仲璿
趙與疆,安卿
趙與种,景嵩,景暠,第得四,與神
趙與葺,君理
趙與虤,威伯
趙與衮,寬夫
趙與袞,寬夫
趙與訔,中父,菊坡
趙與詎,豈潛
趙與諰,第六一,謹思
趙與賝,國寶
趙與賦,性之
趙與逈,景臯
趙與遴,士選,忠哥
趙與邁,德駿
趙與銛,宗文,第三
趙與鍝,伯俊,第三
趙與霆,震道
趙與𥲅,德淵,忠惠,節齋
趙興,國祥
趙興基,烈愍
趙興宗,趙張騰鳳
趙興愷,梧圖
趙舉廉,汝介
趙舒翹,展如,慎齋,琴舫
趙舜卿,子良
趙舜臣,和叔
趙艮,時中
趙良,時中
趙良?,肖巖
趙良仁,以德
趙良佐,子有
趙良坡,深甫
趙良坦,平甫
趙良埈,崈甫,第一
趙良弼,君卿
趙良恭,敬德
趙良本,太初子,立道,趙仁本
趙良棟,擎之,擎宇,襄忠,西華
趙良淳,景程
趙良熪,用明
趙良玞,元玉,第萬二,良能,賢佐
趙良翰,彥楨
趙良茝,聲朝,趙良莒
趙良茞,第萬四,聲朝
趙良規,元甫
趙良賢,太素子,思復
趙良輔,良卿
趙良金,古淡
趙良鈞,鼎峯,鼎峰
趙良銓,保哥,古淡,第良七,趙良金,邦衡
趙良錦,尚綱
趙良震,伯起,東谷
趙良霈,溥徵
趙良霖,築岩,蒼雨
趙良霨,雲起
趙良駿,北坡,駒仲
趙良驥,北坡,逸仲
趙芝吉,鍾田
趙芬,仲芳,芳仲
趙若,澗邊,順之
趙若(礻審),周臣,祖召,茂材
趙若?,自木,霽山
趙若㻍,第千七,若揖,衛道
趙若固,元善
趙若恢,文叔
趙若愚,趙若惠
趙若播,周臣,祖召,茂材
趙若枻,用楫
趙若株,伯春
趙若槸,自木,霽山
趙若浺,貴遠
趙若淼,逢源
趙若濍,華甫
趙若焯,叔明,第十三
趙若煥,堯章
趙若燭,竹逸
趙若玤,伯玉,伯良,第大,純翁
趙若珪,玉父
趙若琚,居父
趙若琟,似道,景芝,第千八,若蘭,趙若瓘
趙若琲,仲玉,仲芳,桂翁,第二
趙若瓘,似道,景芝,若蘭
趙若疇,農甫
趙若硂,君佐,君選,第德二十三,若夔
趙若磬,仲和,退藏山人
趙若祺,第一,聖翁
趙若翁,希叔
趙若蓀,紉秋
趙若鈺,潤父,第百一,若繡,莊父
趙若魯,景淵,第德十一
趙英,儲秀
趙英圭,玉瞻
趙英茂,忠武
趙茂,獻愍
趙范,中庵,忠敏,武仲
趙荊璞,韞山
趙莊,思隱
趙莘,任齋,師尹
趙萬吉,慶軒
趙萬宗,仲淵
趙萬年,方叔
趙葆祺,子安
趙葉,七十四,子玉
趙著,虎巖
趙董夫,正臣
趙葭,溯蒼
趙葵,信庵,南仲,庸齋,忠靖
趙蒼璧,圜庵,晉襄
趙蓮城,彩渠,藕湖
趙蔚坊,次炳,雯青
趙蕃,文節,昌父,章泉
趙蕤,太賓
趙薦,賓興
趙藤,麻之
趙藩,介庵,向湖村舍,向湖精舍,向湖邨舍,媛仙,小鷗波館,樾村,樾邨,石禪,石禪老人,蝯仙
趙蘧,幼瑗,覺莊
趙蘭,廷綺
趙蘭佩,國薌
趙蘭墀,蓂香
趙蘭妤,夢瑤
趙蘭田,瑞廷,畹九,薌圃
趙虞仲,英遠
趙虮,景仁
趙行吾,思魯
趙行安,弘瓚
趙行簡,居敬
趙衍疇,堯夫
趙衛,幹臣
趙衡,湘帆
趙衢,玄禮
趙衷,小芝
趙袞,希甫
趙裕善,貽叔
趙裮,趙昌
趙見素,星江,自章
趙見龍,文明
趙覲,宗弁
趙覲男,仲若,潛渚,瑞蒲
趙觀光,觀國
趙觀彬,國甫,文簡,晦軒
趙訓之,忠果,誨道
趙訥,質甫
趙訪,資善
趙許,岳甫
趙詠蘩,址香
趙詢,景獻,趙幬,趙曮,趙與愿
趙誠,一誠
趙誡,希中,希平
趙諒,潤之
趙諠,趙誼
趙諴,希中,希平
趙謐,二十二,子安,眞齋
趙謔,守吾齋,謹汝
趙謙,古則,撝謙,瓊臺外史,考古先生
趙謨夫,景和,申之,順老
趙譜夫,杉叔
趙讓,元遜
趙谷,道卿
趙豐亨,仲謙
趙豐夫,有年
趙象,淨業
趙象元,可齋,長卿
趙象春,綸美
趙豫,定素
趙貞吉,大周,大洲,孟靜,文肅
趙貴娥,貴珴
趙貴斯,協恭,虛谷,覺庵
趙貴輿,廣菴
趙賀,餘慶
趙賁亨,文甫
趙賓,珠履,錦帆
趙賢,汝泉,良弼
趙質彬,小淵
趙賴,趙來
趙贇,季彦,隱星
趙贊,元輔
趙贊宇,育才
趙起,興洛
趙起元,容菴
趙起楠,找峯
趙起魯,道軒
趙越,彥中
趙越寶,連城
趙路,叔道
趙軌,師立
趙軏,信可
趙軒波,永建,頤山
趙輄,以載,往川
趙輅,伯達
趙載,文載
趙輔,良弼
趙轔之,積中
趙辰孫,字深甫,心甫
趙通,亦樂
趙逢,常夫
趙逢龍,應甫
趙連,商珍,檢亭
趙連城,完齋,璧山
趙連淦,麗川
趙連茹,佩珊
趙連貴,和廷
趙逯,子重,峗南
趙進,益之
趙進美,嶷叔,惇樹草堂,淸止,淸止堂,淸止閣,韞退
趙逵,莊叔
趙遂,景初,野塘
趙道可,定菴
趙遠,弘仲
趙遠命,致卿,貞簡
趙遠期,九峯,勉卿
趙遫,容人,容夫
趙遴,仲謙,隱隱堂
趙邈齪,趙邈卓
趙邠,周初,墨莊居士,藕莊居士
趙邦,必榮,第三十五,邦光,顯族
趙邦佐,勉吾
趙邦柱,安甫,觀一
趙邦清,乾所,仲一
趙邦直,叔淸,脩竹
趙邦秩,元敘
趙酉彝,心雪,葒舫,銘辛
趙酉泰,中履,伯亨,安光,安光老,第二
趙采,德亮,隆齋
趙采菽,鳳儀
趙重三,省吾
趙重呂,休川,重卿
趙重喜,桓襄
趙野,子開
趙野峻台,忠壯
趙金壽,紀成,鑄伯
趙金鑒,勁修,瓢滄
趙釴,子擧,子舉,柱野,鼎卿
趙鈞彤,澹園居士,絜平
趙鈞臣,秉之
趙鈞調,味香,賡梅
趙鉉,文鼎
趙鉞,春沂,雩門
趙銓,衡堂
趙銘,心齋
趙銘彝,位六,來濱,鳳崖
趙銳,毅之
趙錄績,孝陸,慔鬯
趙錦,守樸,文卿
趙錦章,春江,褧齋
趙錧夫,經甫
趙錫周,白野,維新
趙錫命,伯承,墨沼
趙錫祿,榮九
趙錫胤,文孝,樂靜齋,胤之
趙鍃,廷用
趙鍾山,少華
趙鍾岷,念莪,望甫
趙鍾嵋,少峩
趙鍾彥,任之,研雨
趙鍾昆,仲吾
趙鍾書,守田,耕書
趙鍾淳,栢溪
趙鍾琳,玉圃
趙鍾甲,貫亭
趙鍾蘭,仙芝,伯芝,舫芝
趙鎔,鈞齋
趙鎮,定卿
趙鏘,子振,桐岡
趙鏜,振夫
趙鏞謨,鶴皋
趙鐸,鳴敎
趙鑄,子顏
趙鑑,克正,康敏
趙鑒,鏡軒
趙鑰,南金
趙鑾,鳴和
趙鑾揚,子淸,芷卿
趙長卿,仙源居士
趙長志,子恆
趙長慶,行健
趙長齡,怡山
趙長齢,怡山
趙開,應祥
趙開元,梅嶺,泰甫
趙開心,洞門,靈伯
趙開運,子元
趙阜,則平
趙阿哥潘,桓勇
趙隆,世貴
趙隆孫,從道
趙隇,徳固
趙隣幾,亞之
趙隨,雷文
趙雄,世隆
趙雍,仲穆
趙雝,仲和
趙雪鴻,清蔭
趙雯,春園,錦堂,雲章
趙雲,景龍
趙雲祥,瑞卿
趙雲程,汝登
趙雲翔,元擧,元舉,壽峰
趙雲芝,莖九,華九
趙雲霞,友蓮,綺仙
趙雲鵬,景川
趙雷,教峯,時震
趙雷澤,師舜
趙霄,彥昭
趙震元,伯彥,彥公
趙震己,子禮,順祖
趙震已,子禮,順祖
趙震文,彬孚,第二十六
趙霈,公時
趙霑,彥澤
趙霦,虹岡,虹罔
趙青藜,文毅先生,星閣,星閶,漱芳居,漱芳居士,然一,然乙
趙靖,安中,黔澗
趙鞏,安國,懋康
趙韋玉,思萱,爾張
趙韙夫,君是
趙音,翰思,黃晉
趙韻卿,悟蓮
趙韻花,梅仙,竹友,香谷
趙順,孝昌
趙順孫,和仲,格菴先生,格齋先生
趙順生,坡西
趙順祖,永脩
趙須,亨夫,松月堂
趙頊,神宗,紹天法古運德建功英文烈武欽仁聖孝皇帝,趙仲鍼
趙頵,端獻,趙仲格
趙顥,仲明,趙仲糺
趙顯宏,學村
趙顯期,一峰,楊卿
趙餘,承業
趙餘慶,廣叟
趙駿烈,潤川
趙驛,趙鐸,趙驊
趙驤,雲衢
趙體敬,克禮
趙魁升,超甫
趙魁南,師竹
趙魏,晉齋,洛生
趙鯉詔,倩青,柯村
趙鯤,于南
趙鳳,允文
趙鳳儀,怡齋,瑞卿
趙鳳昌,松雪道人,竹君
趙鳳麟,居仁
趙鳴吉,迪齋
趙鳴玉,仲白
趙鳶立,思溪
趙鴻,雲賓
趙鴻儀,心泉
趙鴻舉,雪堂
趙鴻賓,知時,蘆洲
趙鴻賜,承先,樅江先生
趙鴻鈞,雲韶
趙鵬程,伯翔,翀南
趙鵬翔,槐茂,雲衢
趙鵬飛,企明,木訥子
趙鶴,具區,叔鳴
趙鶴齡,永年
趙鶴齢,餋田
趙鷺,朝雝
趙鸞,善應
趙鸞鸞,文鵷
趙麗華,寶英,燕如
趙麟,時昭
趙黻,紀堂
趙鼎,趙八遍
趙鼎仁,承哉,琴齋
趙鼎臣,承之,葦溪翁
趙鼒,玉鉉
趙齊嬰,子韶
趙龍澤,萬里
趙龜錫,禹瑞,藏六堂
趙夫,興叔
路伯鏜,元振
路元升,南征
路元錫,命卿,梅圃
路可由,子正
路單,路貫
路天亨,仲元,廓庵
路孟逵,希輿,竹君
路學宏,宏劭,慕堂
路履祥,允吉,芝庭
路岯,山夫
路峘,次舫
路峙,兩峰,小舫
路峨,路山我
路巖,山基
路庭禮,寰中
路康,子齡
路彬,質夫
路復源,孟堅
路循範,千里
路德,閏生
路德延,昌遠
路徹,文徹
路惲,子重
路慎莊,子端,小洲,小舟,蒲編堂
路應,從眾,從衆
路振,子發
路振飛,文貞,皓月,見白
路敬亭,一峰,笑山
路斯道,雲子
路昌衡,持正
路昭,惠姬
路昭德,心研,星岩
路朝霖,蕙櫋,覃叔,訪岩
路楷,子中
路澤淳,聞符
路澤溥,蘇生
路澤濃,吾征,太平,安卿
路煜德,玉丹,玉舟
路玄,承福
路玉階,崐山
路王道,汝遵
路珠,子明
路琪,永叔
路瑄,幼淸,璧人
路璋,十四,斐章
路璧,斐資
路直,敬夫
路秀貞,春波
路紅雲,繞花
路綜,元嗣
路綸,渙之
路肇泰,和亭
路衡,垠初
路詮,文昇
路迎,北村,賓暘
路道濟,巨川
路遴,屺望
路金聲,仲理,賦山
路釗,景康,東勉
路鋆,仰扉,卯扉,邱扉
路錞,墨莊,鳴于
路錦,含章
路雲龍,伯際
路青雲,子霖,筱莊
路鴻休,子儀,青岩逸叟
路麟,肇治
蹇來譽,子修,子志,文塘
蹇君章,晦卿,晦鄉
蹇周輔,皤翁
蹇序辰,授之
蹇念典,伯常
蹇念益,季常
蹇應祺,伯吉
蹇昂,元直
蹇材望,君厚
蹇正邦,吉甫
蹇泰臨,吉甫
蹇益,舜咨
蹇義,宜之,忠定,直之,蹇瑢,蹇鎔
蹇英,伯榮,壽山老人
蹇誾,子和
蹇諤,一士
蹇達,汝上,汝循,理菴
蹇霆,克遂
蹇駒,少劉,桂孫,第十五,蟾客
車一䡄,由範
車世球,韻泉,龍泉
車中田,錫侯
車仁達,春泉
車以遵,孝思,敂園,痴禪
車份,允宜
車伯雅,子塤,少蕓,少雲
車似慶,石卿,隘軒
車倬,章甫
車元昺,旭皋,雨皋
車克慎,意園
車原頫,思平,文節,雲巖
車向榮,半林
車垓,經臣,若綰,車若綰,雙峯,雙峰
車夢瑤,玉符
車大任,子仁,春涵
車天輅,五山,復元,橘室,淸妙居士
車安行,正路,韶溪
車寧,子靜
車志良,述齋
車忠亮,汝恕
車戩穀,罄宜,臨池
車持謙,子尊,捧花生,秋舫,秋舲
車振,弘道
車敏來,望亭,遜躬
車明富,春泉
車明理,宗道
車景山,密林
車景福,知仁,第七九,車景壽,閣叟,雷叟,龍淵先生
車書,子尚
車東,月宇,震卿
車林多爾濟,車臣汗車林多爾濟
車林敦多布,車林端多布
車梁,茂賢
車毓恩,一誠,誠一,諫一
車汝達,敬之
車泰,子謨
車無咎,燕岩,補旃
車煐,星池
車瑢,大雅
車瑾,元瑜,敬齋
車璽,一之
車磻,漁村
車禮亮,忠莊,汝明,風泉
車純,十四,百山,秉文
車若水,淸臣,玉峰山民
車萬期,月村,朋百,竹眉
車萬育,與三
車詵,孝詵
車誠,信夫
車軾,敬叔,頤齋
車邦佑,翊卿
車重輪,小亭
車雲輅,滄洲,萬里
車霆,震卿
車順軌,伯循,子莊,雲衢
車騰芳,圖南,瑩照閣,蓼洲
車鴻勲,仲山
車鼎晉,麗上
車鼎立,直亭
車鼎豐,邁上,雙亭
車鼎賁,東南,須上
車鼎黃,乳葊,匪莪,理中
軍須靡,岑陬
軒輗,介肅,惟行,惟衡,端肅,維行
軒轅誥,謀野
軒轅集,羅浮山人,軒轅先生
載宜,左之
載昌,克臣
載湉,同天崇運大中至正經文緯武仁孝睿智端儉寬勤景皇帝,德宗
載鏗,瑟菴
輔季章,文甫
輔廣,傳貽先生,漢卿,潛庵
輔弼,正臣
輔惟良,伯賢
輔昌,明之
輔氏(輔元述女),德一
輔逵,彥達
輝和葉克舒,葉克書
輝發納喇伊福訥,伊福納,兼五,抑堂,白山,肩吾
载淳,穆宗,繼天開運受中居正保大定功聖智誠孝信敏恭寬明肅毅皇帝
辛仲實,仲和
辛仲甫,之翰,康節
辛傑,玉師
辛元燡,芝如
辛元膺,德辰,應辰
辛克承,欽夫
辛助,祐之
辛升,剋羽,圮書
辛啓榮,仙石,英吉,靖憲
辛如金,汝礪
辛孚德,懋齋,良士
辛家彥,春圃,蔗田,蘊孫
辛師雲,京孫,芝生
辛幼昌,弘運
辛廱,化光
辛弃疾,辛稼轩,幼安,稼轩
辛引孫,恭肅,石泉,祚胤
辛從益,寄思齋,思補過齋,筠谷,謙受
辛志登,士先
辛恭,行滿
辛慶之,慶之
辛慶晉,丫湖,用錫
辛應乾,伯符,效致
辛應時,君望,文莊,白麓
辛敬,好禮
辛文房,良史
辛文淵,道深
辛於鏞,維樅,蓮圃
辛景行,伯道,忠翼,釣隱
辛替否,協時
辛有定,武節
辛有終,成之
辛本栴,芬堂,蘅浦,香如
辛本楘,梁輈,鷗鄉
辛杲,伯用
辛棄疾,坦夫,幼安,忠敏,稼軒居士
辛樹仁,靜山
辛機,應仲
辛次膺,企李,簡穆,起季
辛殿斌,彤雲
辛永禧,安亭,德優,肅憲
辛浩,養正
辛海,竹村
辛漢清,補蕓
辛炳,如晦
辛烜然,養晦
辛煒,存齋,彤友
辛琮,華國
辛碩祖,文僖,淵氷堂,贊之
辛祕,藏之,辛秘
辛禮,用和
辛秬,廣潤
辛秸,賓夫
辛稏,望農
辛稹,兆祥
辛穆,叔宗
辛穟,君實
辛穮,子尚
辛穰,康功
辛童,秉忠
辛素霞,詠仙
辛紹業,敬堂,服先
辛絲,瑟嬋
辛義立,子方,竹屋
辛耀文,仿蘇
辛聯璋,朗山
辛自修,子吉,子言,容菴,慎軒,肅敏
辛自脩,子吉
辛蓋臣,碧峯
辛蕆,凝淸,德齋
辛衡卿,公能
辛褎,仲舉
辛訪,咨道
辛開一,敬亭
辛雲京,忠獻
辛鞬,仲武
辛驥,玄馭
辛鳳仙,綠雲
辜中,德中,易窗
辜佑賢,緣罔
辜俊,子偉
辜典韶,乳谿,夔珍
辜明試,懋功
辜朝薦,在公,端敬
辜正？,敏生
辜泳,諴夫,靜山
辜湯生,國學冠君,慵人,東西南北之人,漢濱讀易,漢濱讀易者,立誠,辜廈門,鴻銘
辜漟,守庵,意園
辜用琥,子西
辜良弼,汝輔
辜顓,主敬
辜鸿铭,辜汤生,汤生,鸿铭,汉滨读易者
迦葉菩提流志,法希,覺愛,達磨流志
迭里彌實,子初
迮原霖,謝山居士,雨蒼
迮友筠,修君,綠亭
迮宥,寬夫,碧峯
迮尚志,倍功
迮朗,卍川,蘊高,迮百謙
迮灝,滄洲,空齋
迮雨,士霖
迮雲龍,三江漁夫,楊思,耕石,解楊思,賚若
迮鶴壽,淸崖
述律傑,鶴野
述律哥圖,武定
述律平(耶律阿保機妻),地皇后,廣德至仁昭烈崇簡應天皇太后,應天大明地皇后,應天皇后(皇太后),淳欽皇后,貞烈皇后,述律月里朵
迺穆泰,景春
迺賢,易之
送鳴琦,雲聖
速不台,忠定
速來蠻,道弘
速哥,忠襄
速渾察,忠宣,忠烈
逢方泰,元巽
逢潤古,子真
逢潤右,子貞
連三元,子先
連三益,叔友
連世榮,仁遠
連南夫,鵬舉
連同之,日穎
連向,伯震
連垚,珠泉
連培型,小玉,詒孫
連培基,弼承,梯孫
連士登,元龍
連士首,廷舉
連子友,子友
連寅姑,小玉
連少嘉,亨父
連嶸,清父
連希元,才父
連希覺,民先
連席,公珍
連庠,元禮,良吏,連底凍
連庶,君錫,居錫
連康時,良弼
連德嘉,時獻
連懋,勉之
連捷,仲珊,少青
連擅場,楚伯
連文冲,翀叔,聰肅
連文鳳,應山,百正
連旺,幹臣
連某,嵩卿
連格,孟式
連楷,則亭
連楹,剛烈
連標,孟準
連橫,劍花,天縱,雅堂
連毓泰,仲初,雪峰
連甲,仲三,蓮畦,蘭亭
連盛,文昌
連繼芳,榮州
連翼之,次雲
連肇,士徵
連肖先,武似
連舜賓,輔之
連虞鳳,應韶
連逢辰,叔達
連鑛,伯金,明山,白石
連陞,榮超,續安
連骧,德稱,超仲
連鰲,仲舉,石臺居士
逯中立,確齋,與權
逯宏,希遠,怡菴
逯居敬,公瑾
逯庚辛,少白
逯懿,俊卿,秉德,雨山
逯端,頤正
逯蓉,芙初,鏡元
逯貞,仁傑
逯魯曾,善止
週延年,傅園,菊溪
遆攀龍,松溪,雲衢
運昌,法式善
過儀,廷章,聽松道人
過夢釗,竹溪
過奎,文叔
過宗一,貫之
過庭章,德秋,聽松道人
過昱,彦明,過勗
過松齡,石公
過源,浩齋先生,道源
過璘,大璞
過百齡,文年
過訥,含章
過銘簠,凝齋,叔寅
過鏗,曉亭
過鑄,玉書
過鶴,九皋
遐齡,菊譚
道同,文卿
道吾,仲淵,善初
道孚,信庵,知幻子,鳳頭和尚
道成,雪軒,鷲峰
道玉崐,佩崗,混齋
道玉琳,存爵,序周
道童,德章
道聯,秀芳
達三,誠齋
達世帖木而,原理
達其道,行甫
達冲阿,達春,達椿
達卽拏,康武
達呼爾克音扎坦保,札坦保
達呼爾德都爾業普春,德都拉業普春,業普鏗,葉普春
達壽,摯夫,摯甫,茀一
達奚武,成興
達奚長孺,富仁
達奚革,日新
達尼達思,思明
達德越士,仲達
達晉,錫三
達椿,香圃
達毅,士弘
達海,巴克什,文成
達爾噶恩夔,和亭
達爾麻識理,吉昌
達理於實,壽之
達理麻識理,正道
達禮麻識理,遵道
達色,達塞
達蘭不花,元善
達識帖睦邇,九成
達里牙赤,子通
達鏞,和生,容齋,慎夫
達麟,為昭
達麟圖,玉書
遲昂,于若
遲炤,冰鑒
遲煊,鏡懸,默生
遲煌,東生
遲鳳翔,德徵
邁里古思,善卿,忠勇
邉沆,九河,文灝
邉涔,文躍
邊中寶,竹岩
邊以中,彦時,望庵
邊仲,中父
邊侁,眞谷,行夫,行甫,貞谷,邉侁
邊來獻,進聚
邊信,仲誠
邊傒,志甫
邊光範,子儀
邊公佐,邦臣
邊其恆,松君,立齋,蘊初
邊勲,子猷
邊協,南湖,和中,襄靖
邊友誠,仁叟,應叟
邊嘉謨,禹承,禹水,萬承
邊士埈,鷺泉
邊士貞,仲幹,桃灘
邊大綬,邊大受
邊密,元幾
邊寶善,楚珍
邊寶樹,謝園
邊寶泉,廉溪,潤民,瑞民,蓮溪
邊履泰,子淮
邊廷英,育之
邊思訥,懷一,雲鶴
邊思誠,明善
邊恢,汝實,汝度
邊惇德,公辯
邊惠,處泰
邊慶胤,子餘,紫霞
邊憲,桂巖,汝成
邊應井,忠壯,文淑
邊應升,子用
邊應星,襄惠
邊敏,文緒
邊文進,景昭
邊昌,伯盛
邊景元,長卿
邊有猷,克壯
邊植恭,子允
邊武,伯京
邊歸讜,安正
邊毅,南岡,德弘
邊永,仕遠
邊汝元,善長,漁山
邊汝翼,舜卿
邊洵,文允
邊浴禮,袖石
邊源深,資厚
邊瀛,道卿
邊瀹滋,硯生,雲航
邊珝,待价
邊珣,仲實,仲寶
邊琰,君琬
邊真,行感
邊知白,公式
邊知章,公望
邊祖恭,子允
邊維垣,少微,師甫
邊維嶽,申父
邊維祺,壽民,葦間居士,頤公
邊繼祖,佩文,澄懷園,秋崖,紹南,紹甫
邊肅,安國
邊良傑,國華,貞毅
邊象曾,鏡泉
邊貢,庭實,廷實,華泉
邊賢,政卿
邊贄,禮卿
邊連寶,肇畛,趙珍,隨園
邊鍾鄂,棣園
邊鏞,克振
邊雲遇,第二,蒙仲,釋孫,龍光
邊青藜,公輔,星閣,素庵
邊魯,至愚,魯生
邊鳴珂,抑之,漱珊
邢世材,邦用
邢世銘,子膺,柳汀
邢世鏞,子貞
邢仙姬,玉女
邢仲玉,荊山
邢侗,子愿
邢保童,少卿
邢傑,俊甫
邢其諫,信卿,慰山
邢凯,廷舉
邢凱,廷舉
邢參,麗文
邢吉甫,子尹
邢嘉會,汝禮
邢國傑,俊卿,靜齋
邢圿,崑田,式如,搢伯,邢玠
邢址,汝立,陽川
邢埴,汝器
邢士保,仲愚,止止堂
邢士標,式九
邢士瑞,章甫
邢大道,性之
邢如默,北原,北源,宣甫
邢孝肅,懷正
邢守庭,後坡,紹勇,紹男
邢守道,印中,欽一,霽亭
邢安邦,治臣
邢定綸,仲丹,佛泉
邢宥,克寛,克寬,湄丘道人
邢實,道充
邢寬,用大
邢寰,伯宇,伯輿
邢尚簡,元敬,原敬,西原
邢居實,惇夫,敦夫
邢崇先,覺生,鞠笙
邢巩＋言,君卿
邢幹,秉中
邢復誠,良生
邢德裕,裕卿
邢必學,良嗣
邢思賢,藥王
邢恕,和叔
邢恭,克敬
邢慈靜,一塵室,之室,蒲團主人,靜慈,鳴玉
邢懋敬,一卿,蘭室
邢承祖,韶斋
邢政,直卿
邢敏,公達
邢敦,君雅,邢夫子
邢敦行,恕堂,立德
邢文英,仲傑
邢旭,景暘
邢昉,孟貞,石湖,石血,魯稽齋
邢昌瑞,仲麟
邢昭,孟明
邢昺,叔明
邢景周,子紳,楷夫
邢有卞,怡亭,惟慎
邢果,毅夫
邢某,慧照禪師,義玄,邢氏
邢欽詔,尙山先生
邢正,直夫
邢氏(趙構皇后),憲節
邢洪,德裕
邢浩,唐溪,潤甫
邢温,孟直,康肅
邢澍,佺山,守雅堂,自軒,鑑止亭,雨民
邢炳然,文達
邢煥,恭簡,文仲
邢珣,三湖,子用
邢珫,伯玉
邢璉,康靖
邢真賢,真賢
邢福山,五峰
邢端,冕之,莊甫,蟄人
邢簡,居敬
邢純,叔端
邢紹美,有嘉
邢繹,復菴居士
邢纓,文甫,濯菴
邢群,渙思
邢肇霈,霖泉,霖皋
邢良驗,宗善
邢芳,子若
邢若鵬,南溟
邢表,居正
邢詔田,宣廷,直廷
邢謹,汝敬
邢讓,遜之
邢邦,維翰
邢量,用理
邢鈺,春舫
邢錦生,麗江
邢錫麟,筱川
邢開雍,斯士
邢雲路,士登
邢霖,時望,鈍菴
邢順德,蘭圃
邢飛翰,忠義
邢鳳毛,世美
那佳普保,介如,介石
那哈塔穆圖善,春巖,果勇
那喇萬,那拉萬
那孫蘭保,蓮友
那彥成,繹堂,韶九
那拉八十六,壯僖
那拉平瑞,忠壯
那拉文哲琿,剛介
那拉文彬,納喇文彬,若山,質夫
那拉珠魯訥,納爾珠魯訥
那拉續昌,燕甫
那拉訥蘇肯,訥蘇墾,訥蘇懇,訥蘓肯
那拉麒慶,寶臣,玉符,莊敏,麒莊
那敷德,那福德
那斯琿,嘯崖
那晉,錫侯
那木罕,從善
那木都祿瓦爾喀朱瑪喇,朱瑪喇,瓦爾喀朱馬喇,那木都魯瓦爾喀珠瑪喇
那木都魯伊瑪喇,那木都祿伊瑪喇
那木都魯哈哈納,那木都祿哈哈納
那木都魯喀克都里,喀克篤禮,喀克都哩
那木都魯富喀禪,傅夸禪,那木都祿富喀禪
那木都魯康果禮,那穆都魯康古哩,那穆都魯康果禮
那木都魯恩醇,和碩額駙恩醇,那木都魯恩崇
那木都魯法喇,那木都祿
那木都魯穆成額,那穆都魯穆成額
那木都魯達理善,武毅,那木都祿達理善
那清安,竹汀,鶴侶
那爾豐阿,東蘭
那當阿,那丹珠
那穆都魯坤,那木都祿坤,那木都魯坤
那穆都魯賚塔,襄毅,賴塔
那蘭,匯川,淸痴
那親,恪勤
邰兆祿,竹渠
邰寶書,琴谷
邰衡,次尹,莘居
邰長浚,雲方
邱一鵬,萬程
邱上峰,眉三,簬村
邱上東,魯山
邱世藩,汝屏,汶屏
邱中,時齋
邱之均,尚思
邱之稑,穀士
邱九仞,時進
邱人龍,二田
邱今芳,蓮石
邱仰文,省齋,襄周
邱仲孚,公信
邱佐,賡堂
邱偉,建獻
邱允泰,振遠
邱元復,來公,嵋庵,漢標
邱兆榮,則華,少村
邱兆臨,藻圓
邱兆麟,毛伯
邱勳,大猷,芙川
邱南林,一桂
邱卷珠,荷香
邱叡,東湖,鑄人
邱壡,邱壑
邱士毅,遠程
邱壯臨,藻圓
邱如泰,東邱
邱孫錦,畫堂,織雲,餘甫
邱學敏,古樹,東阿,至山
邱宏寰,燮亭
邱家煒,彤伯,彤百,蓮舫
邱寶慶,葵仙,錫卿
邱寶琳,頌年
邱寶生,佐中
邱寶融,朗山
邱對欣,喜之,菊農,鏡山
邱對顏,玉珊,金門
邱尚志,丘尚志
邱峩,毅圃
邱峻,崧生
邱崇,次姚
邱崧生,於蕃
邱嵐,晴峯
邱巍,雲峯
邱庭漋,叔大,芝房,芷房
邱廷瀾,觀亭,遠齋
邱建猷,爾慕,迪甫
邱從智,慧堂
邱德生,厚圃
邱心坦,履平
邱恩榮,駕六
邱慰陶,晚香,菊秋
邱慶善,寶山
邱才穎,翼廬
邱掌珠,匊月
邱文愷,庭煦
邱日榮,木亭
邱映高,松潭
邱晉昕,翰臣,雲岩
邱景拔,茹園
邱杏,絳仙
邱林芳,韻芳
邱桂山,衣千
邱樹棠,南屏,景召
邱樾,蔭甫,退藏
邱步瓊,梅坡
邱殿章,復齋
邱永,星河,雲涇
邱洪順,美堂
邱浩,澄源
邱淑娟,靜子
邱淮,子均,峒山
邱濟盛,予川,德廣
邱炳萱,屛滄
邱為鈺,二如,泉孫
邱煌,叔山,枚邡,蓮舫
邱煒萲,菽園
邱煜,吉甫,月賓,杏南
邱瑞,小屏
邱瑞蓉,雲川
邱瑟如,六一
邱瑤姿,伯馨
邱璜,修萱,少萃
邱璧,潛夫,神和
邱碧沄,鏡湖內史
邱祿來,善夫
邱稱,雲漪
邱紹先,克齋
邱紹英,少雲
邱維寧,而康
邱維屏,慢廡,松下先生,邦士
邱翰元,家掄,西林
邱聯恩,偉堂,武烈,邱老虎
邱良功,剛勇,玉韞,琢齋
邱裕霖,澍村
邱誥桐,仲遲
邱謹,浩亭
邱貢瀛,韋齋
邱贊,育堂
邱軒昂,元澍,名亭
邱迥,拙村,爾求,翼堂
邱逢甲,丘逢甲,仙根,仲閼,倉海,倉海君,南武山人,天退星插翅虎雷橫,滄海,蟄仙
邱錫榮,磬山,醫山
邱錫申,淵如
邱雲霄,止山,淩漢
邱霽,時雍
邱養浩,以義
邱鳴泰,讓廬
邱鶴,語雲
邱鼐,楚茳
邱龍章,潛齋,誥臣
邵䶵,仲恭
邵一本,志道
邵一柱,支幬
邵一梓,不林,端木
邵世璽,紫綬
邵世茂,冰壺
邵中遴,邃汀
邵之才,德翁,梅間
邵之棠,西巖
邵之驊,國良
邵亢,安簡,興宗
邵亨豫,子立,汴生,雪泥鴻爪,願學堂
邵亨貞,復孺,貞溪
邵仁定,如齋,立人
邵仁樂,心山
邵以仁,純甫
邵以正,邵璇仁
邵仲祿,孟廉
邵仲陟,康成
邵伯悌,一百八十九,本敬
邵伯溫,子文
邵佳景綸,邵佳景淳
邵佳鈗,藉安
邵倫清,景夔,景葵,鑒堂
邵儒榮,仲木,懼叟
邵元冲,伯瑾,翼如
邵元吉,惪旋,盧山
邵元哲,晦之
邵元度,雅公
邵元節,文康,真人,雪崖
邵元長,德善
邵光祖,弘道
邵全,昌國
邵公輔,子正
邵勷,彤賓,蓮士
邵升陛,景載,梅林
邵南,岐民
邵博,公濟
邵占鰲,柱峰,策夫
邵友渠,卿峯,郿峯
邵友濂,小村,筱春,筱村,邵維埏
邵叔誼,叔誼,邵叔義
邵叔豹,隱甫
邵古,天叟
邵向榮,東葵,瘦山,餘山
邵喜,昌化伯,榮和
邵嗣堯,九緘,子昆
邵嗣宗,蔚田,鴻箴
邵嘉胤,全儒
邵囦,叔魯
邵在筠,國惟
邵圭潔,伯如,北虞,茂齋
邵坡,兼山
邵坤,文博
邵城,惟衛
邵培德,元直,因其
邵基,子原
邵堂,子山,尊如,無斁
邵堅,不磷
邵墪,冶塘,安侯
邵壎,伯友
邵士,止庵
邵士楷,端臣
邵士英,介隱,子實
邵壽宸,粒民
邵夢弼,仲良
邵夢麟,禎棷,道徵
邵大椿,履久,恆山
邵大業,厚庵,厚菴,在中,徇齋,思餘,謙受堂
邵大震,令遠
邵天和,節夫
邵天眷,雲菴
邵天祥,繩其
邵天雷,灼之,無妄,肅廷
邵天驥,千里
邵奎,文明
邵奏平,似宏
邵奕,日華
邵子彜,敘堂
邵子彝,惇九,敘堂,秉齋
邵孔亮,斌侯,羽霄
邵孜,思善
邵安宇,棨山,樂山
邵宏裘,冶君
邵宏譽,德昭
邵宗,以道
邵宗元,又芝,景康,玄汭,邵宗玄
邵宗束,約齋
邵宗渭,竹樵,筿嵒,素川
邵宗玄,景康,邵宗元
邵定,中立,六薌老人
邵宜元,儷青
邵寳,二泉,二泉先生,國賢,文莊
邵寶,二泉先生,國寶,國賢,文莊
邵少微,叔才
邵履涵,禮耕,雲亭
邵嵩,湖山居士
邵希曾,松鳧,松鳧室,用雲,魯齋
邵庶,明仲,明卿,翼庭
邵康,似之
邵庾曾,南俶,南椒,南淑,湘芷,相之,象芝
邵廉,思廉
邵廣仁,秋士
邵廣鈞,右衡,晴初
邵廣銓,甄士,蘭風
邵延曾,角春
邵延齡,靜山
邵廷寀,允斯,念魯
邵廷璦,可愛
邵廷采,九思,允思,允斯,念魯,思復堂,邵廷寀,邵行中,魯公先生
邵建策,金門
邵式谷,子良
邵弘傑,慕梁,狄門
邵彌,僧彌
邵彌遠,子猷,雪溪,雲溪
邵彥,君美
邵彪,希文
邵復,南陽野逸,有初
邵循,素文
邵德,明甫
邵德一,幼卿
邵心豫,建侯,筱酉
邵必,不疑
邵志望,璜溪
邵思,媚嫻
邵思祥,夢麟
邵思誠,信可
邵恂,子信
邵恆照,仲久,立方,霓仙
邵惟中,希舜
邵憲祖,文度
邵應瑞,子至
邵應豹,啓南,啟南,菊逸,起南
邵應辰,觀光
邵應龍,雲谷
邵懿恆,宛生
邵懿恒,宛生
邵懿芬,左香
邵懿辰,三益齋,位西,儀宋堂,半岩,半巖廬,映垣,蕙西
邵成楨,邵成正
邵才志,玄甫
邵承照,伯廌
邵拙,拙之
邵拱,端文,菊逸
邵持正,子文
邵捷春,肇復
邵搏,叔暘,暘叔
邵敏,汝學
邵教忠,復庵,江瞻
邵整,宋舉,蒙谷遺老
邵文炳,晦夫
邵斯貞,靜嫻
邵新,循善
邵方平,真庵
邵於道,雪嵓
邵旭,以升,竹泉
邵旻,天民
邵昂,抑之
邵昇,晉夫
邵明,士廉
邵晉涵,二雲,南江,考輶軒,與桐,輿桐,面層水軒
邵景之,季山,秀山
邵景先,伯綏
邵景堯,少泉
邵景熾,小峯
邵景爔,小峯,小峰
邵景霄,興一
邵智,廷鑑
邵智卿,邵至卿
邵暉,日昭
邵暹,賓旭
邵曄,日華
邵曰濂,子長,自長,蓮伯,邵維城
邵曰誠,榆南,香生
邵曾可,子唯,魯公
邵曾訓,園客,衷彞
邵曾鑒,心炯
邵有良,維貞
邵有道,虞臣
邵朴,德純
邵材,聖規
邵杜,翰之
邵松年,伯英,息庵,息廬,息盦,澄蘭堂
邵某,神瞻,邵氏
邵桂子,古香,德芳,玄同
邵桂芳,丹山,詵一
邵梅宜,聯使,飛飛
邵棐,叔承
邵棠,民愛
邵棻,芝庭
邵楩,良用
邵樂裕,綽齋,蔭祥
邵樸,德純,德醇
邵樹本,立人,薲村,賓村
邵檉,三邵
邵正寅,寶谷,濱谷,賓谷
邵正笏,魚竹
邵正魁,長孺
邵氏,壽安皇太后,孝惠康肅溫仁懿順協天祐聖太皇太后,孝惠康肅溫仁懿順協天祐聖皇太后
邵永,伯康
邵汝蘭,湘英
邵泌,不疑
邵泮,虎臣
邵泰,峙東
邵泰衢,鶴亭
邵洪,海圖,海度,雙橋
邵浩,叔詣
邵浺,昆星
邵涵初,吟泉,緘蕉
邵淄初,吟泉
邵淮,墨卿,會沂
邵淵,萬宗
邵淵潤,琬章
邵淵穎,實甫
邵淵耀,充有,環林,盅友
邵清,士亷
邵源,滌夫,滌庵
邵溥,雨川
邵漳,子淸
邵潛,五岳外臣,潛夫
邵澍,作霖,子雨
邵炤,邦華
邵炯文,泗南,渭南
邵炳,白雲先生
邵焕有,堯章,大兒,衍木
邵煉,悳成
邵煜,以煇
邵煥,邵齊然,闇谷
邵煥有,堯章,大兒,第德三,衍木
邵熉,振蜚,移山
邵熙,怡葊
邵燁,悳明
邵燈,陶菴
邵燕,又悅,虛中
邵燦,又村,實孚,怡璞,文靖,耀圃
邵玉,德溫
邵玉清,履潔
邵玘,以先,貞白生
邵珪,文敬
邵琮,叔璋
邵瑛,瑤圃
邵瑞彭,壽篯,次公,次珊
邵瑸,柯亭,殿先,石帆山人
邵璇,璣亭,虞在
邵甲名,丹畦,冠羣,冠群
邵畯,子喜
邵白麟,健菴,建菴
邵睿明,先士,宏齋
邵知柔,民望
邵禮,叔讓,耕樂道人
邵秉忠,憲思
邵稷,子嘉
邵穆布,遠公
邵積誠,允樸,實孚,實甫,怡璞,諫垣
邵穎,懷英,第四,蘭孫,蘭郎
邵笠,澹菴
邵篪,仲恭
邵納史,公言
邵經濟,仲才,泉厓
邵經邦,仲德
邵維翰,可大
邵綸,薌吟
邵緝,公序,荊溪
邵繼周,公輔
邵肇基,繼周
邵能,舜賓
邵自元,宣子
邵自昌,楚帆,蕃孫
邵自鎮,尹東,笠塘
邵良,申君
邵茂春,炳南
邵萬,子敬
邵葆祺,壽民,嶼春
邵葆鍾,紀三
邵蕃,文盛
邵蕙,子芬
邵蕡,十一,南皐,文實
邵蘭,南蘋
邵衡,繼玉
邵該,應隆
邵諴,元侃
邵謙吉,六皆
邵貞顯,立夫,鶴間
邵賢,用之
邵輔,淸齋
邵輔仁,伯偲
邵迎,茂誠
邵進,文升
邵道人,未詳
邵道冲,用之
邵遠平,呂璜,戒三,戒菴,蓬觀子,邵吳遠
邵遵道,堯臣
邵邦寧,泰徵
邵邦琳,子唯,林玉,魯公
邵銅,振聲
邵銳,康僖,思仰,端峯
邵錫,天佑,石峯
邵鍪,墟蓮,麟武
邵鏞,伯倫,前山
邵鐸,警夫
邵長蘅,子湘,邵長衡,青門,青門山人,青門狂士,青門老圃
邵陛,世宗,世忠,二十二,梅墩
邵陵,湘南,雪虯,青門
邵陸,元圃,東行
邵隆,邵興
邵際然,石儂
邵雍,伊川丈人,堯夫,安樂先生,康節
邵震,瞻宸
邵震亨,復初,曼如
邵颿,夢餘,無恙
邵飾,去華
邵餗,冲素處士
邵騰,汝升
邵驥,德稱
邵鳳依,瑞明,芝臺,雲嵐
邵鳳池,翰卿
邵鳴杲,沁園
邵鶴齡,威確
邵麟德,懿堂
邵鼎,梅英
邵齊烈,亶承,圯園
邵齊然,光緒,闇谷
邵齊熊,方虎,松阿,耐亭
邵齊燾,叔勉,叔宀,叔寧,叔門,玉芝堂,荀慈,道山祿隱,開生
邵齊芝,季蘭,畹生
邵齊鰲,抃山,滄洲
邵齡,汝仁
邶宜,汝中
邸浹,襄敏
邸澤,潤之
邸琮,叔玉
邸順,從政
邾旼,啟文
邾經,觀夢道人
郁世焜,鶴亭
郁中,存性,正叔
郁侃,希正
郁保章,奎光,憲辰
郁勲,元績
郁吳邑,省齋,若郇
郁圯傳,受書,石公
郁夢蟠,敬甫
郁大山,靜如
郁屏翰,敦惠,素痴
郁山,子靜,靜之
郁崑,漱山
郁庠,從周
郁揚勳,欽諧
郁文,承哉,澄齋
郁文博,文博
郁新,德銘,敦本,銘本
郁昌齡,魯良
郁松年,三餘齋,宜稼堂,泰峯,萬枝
郁棣萼,詠唐
郁榮信,孚堂
郁永河,滄浪
郁汝持,子衡
郁法,儀臣
郁浩,子淵
郁淳,厚甫
郁異,舜舉
郁禾,計登
郁綸,理之
郁聯若,都聯芳
郁華,曼陀
郁葆青,詩龕,錫璜
郁裴,晉公
郁言,十九,從忠
郁遵,子路
郁采,亮之
郁鋐,剛剋,燕山
郁長裕,益川,雨堂
郁雲,景龍
郄佩琅,荊蘇
郇旃,惟進
郇瑜,亦惠
郎世寧,若瑟,郎士寧,郎石寧
郎先錦,雲等
郎凡,康伯
郎勝,汝彬
郎嘉卿,孚吉,雲會
郎士元,君冑,郎四
郎如山,一山,魯瞻
郎廷佐,一柱
郎廷棟,樸齋
郎廷極,溫勤,紫衡
郎廷槐,梅溪
郎廷樞,維垣
郎廷相,鈞衡
郎思,伯永
郎昐,郎盼
郎曄,晦之,郎煜
郎某（郎炳勳父）,和之
郎某（郎炳勳祖父）,貫三
郎永清,定庵,定菴
郎滋,德潤
郎炳勳,聞益,謙甫
郎瑛,仁賓,藻泉
郎穎,楚之
郎簡,叔廉,武林居士,簡之
郎翥,鵬舉
郎若伊,任之,耕莘,醒石
郎葆辰,文臺,蘇詞,蘇門
郎道一,葆真毓和大師
郎郡環,子佩,皆山,鑫庵
郎鏡涵,昌濟,蓮溪
郎霞裳,晴雯
郎餘令,元休
郏晉卿,師尹
郗佩瑀,玉如
郗元洪,文範
郗夔,舜臣
郗據德,守之
郗松齡,鶴亭
郗漸,子進
郗純,伊川田父,郗昴,高卿
郜光先,子孝,文川
郜大經,汝脩
郜崇烈,巨卿
郜文忠,信卿
郜文英,柏坡,樸園
郜氏(花雲妻),貞烈夫人
郜永春,子元,迎蘧
郜炳元,飛虹
郜煥元,淩玉
郜獻珂,潛庵
郜祥,德興
郜肅,彥淸
郜雲鵠,立亭,荻洲
郝世科,肖登
郝仲連,郝連仲
郝伯魯,希曾
郝佑,君輔
郝佩芬,蘭舫
郝信,仁甫
郝偁,子榮
郝傑,少泉,彥甫,彥輔
郝元慶,季良
郝光甲,武節
郝冕,世瞻
郝勝蛟,鳳起
郝勲封,榮甲
郝千石,介甫
郝千秋,漢田
郝台魁,夢山
郝和尚拔都,忠定
郝啟臺,春琴
郝善明,星海
郝國章,廷符
郝增祐,助盦,犢臣,竹葊
郝士鈞,子權
郝士錞,思皇
郝大猷,定甫
郝天挺,文定,新齋,繼先
郝天鳳,子儀
郝奇遇,會明
郝娥,節娥
郝婉然,蕊珠
郝孔昭,起潛
郝守業,子述
郝守正,中夫,湘東
郝守訓,行旃
郝師亶,洪伯
郝庸,季常
郝延慶,世吉,佩生,雲門
郝廷棟,柱臣,砥峰,臨川
郝彝,仲常
郝彥澤,元隱,潤甫
郝彬,元良,景文
郝彭齡,商耆
郝從,從之
郝志松,善甫
郝志義,宜之
郝思仁,德甫
郝思温,東山
郝思溫,和之
郝思義,宜之,恆齋
郝恂,助畬,助盫
郝惟訓,光廷
郝惟訥,恭定,敏公,端甫
郝惟謨,颺嘉
郝慎修,星舫
郝應宿,柳園,羅心
郝懿行,尋韭,恂九,曬書堂,蘭皋
郝成性,存甫
郝成章,達軒
郝戭,伯牙
郝承祖,紹亭
郝持,敬之
郝敦圉,旿橋
郝敬,京山,仲輿,楚望
郝敬修,南溪
郝文,仲明
郝文光,誌山
郝文則,幼蘭,順嬰
郝文珠,昭文
郝文虎,少蘭,彭年
郝昇榮,康旭,東旭,石材,石村
郝映奎,輝遠
郝景春,和滿,忠烈,房景春,滿和,際明
郝本,立夫
郝本裕,竹亭,茂德
郝林,中美,中雲,仲美,君亭,筠亭,鐵面選司
郝植恭,夢堯
郝榮銜,郝冰銜
郝樹賢,海平
郝汝松,茂甫
郝浴,中山,冰滌,復陽,雪海
郝海,汝容
郝淵之,希顏
郝源,淵甫
郝潔,元玉
郝澄,長源
郝獻明,思皇
郝珒,廷瑞
郝珙,廷璧
郝瑞日,烈愍
郝璜,廷器
郝璧,仲趙
郝登雲,悌青
郝白魁,夢山
郝範林,蔚圃
郝經,伯常,文忠
郝維喬,中巖,子遷
郝維嶽,叔望
郝耀昂,軒儒
郝聯薇,近垣,近魚
郝良臣,廷藎
郝蘴,秋岩
郝蠆,秋岩
郝觀光,又霖
郝質,景純,武壯,武莊
郝贊清,筱甫,輝庭
郝逢,致堯
郝郁,文盛
郝鎰,廷重
郝鐸,儷鞀,孟宣,春聲
郝鑄,春成
郝鑑,子明
郝閏,九華子
郝隆,景昌
郝雲鵠,仲翔
郝震,子陽,東軒,郝旦
郝鳳升,瑞卿
郝鳴陰,子和
郝鼎臣,北山,巨卿
郞瑛,仁寶,藻泉
郟亶,正夫
郟僑,凝和子,子高
郟升卿,師古
郟士凱,友元
郟掄逵,蘭坡,鐵蘭道人
郟次雲,郟汝雲
郟鼎,薦和
郤祥,天瑞
郭{王莫},景和
郭䞭,存齋,忠烈,養靜
郭一元,燮賓
郭一林,晴川
郭一輪,仁宇
郭一鵾,裕九
郭一鶚,元菴,快庵,立庵
郭三益,慎求
郭世俊,彥侯
郭世安,仔山
郭世楗,公可,无爲子
郭世模,從範
郭世臣,松坡,非喬
郭世誼,正庵
郭世選,子青
郭世閭,砥蘭
郭世隆,昌伯,昌起,逸齋
郭中,子立
郭中五,左海
郭中孚,信菴
郭乃心,冰壺,平章
郭之全,之俊,友琴
郭之培,生洲
郭之奇,仲常,正夫,菽子
郭之欽,欽魯,芝浦
郭之祚,承錫
郭之美,君錫
郭之都,天若
郭九會,存齋,繹茲
郭九臯,鳴世
郭也先不花,彥禎
郭乾,易甫
郭五常,大經
郭亨加,仲休,白雲山人
郭亮,忠壯,成安侯
郭人傑,又梁
郭仁,靜甫
郭仁圖,蓮渚
郭以紱,朝臣,輔臣
郭以誠,君實,養芝
郭以重,烈愍
郭仲南,仲南
郭仲年,敏齋
郭仲恭,郭允恭
郭仲珣,叔玉
郭仲荀,傳師
郭任,淸毅,烈愍
郭任逵,可之
郭份,仲質
郭伋,細侯
郭佐思,冲用
郭佑達,巨峰
郭作霖,晴圃,雲峰
郭佩璆,鳴吉
郭佩芬,慧瑛(媖),郭佩芳
郭佩芳,慧瑛
郭佩蘭,芳谷
郭佳穆彰阿,子樸,澄懷書屋,耕珊,鶴舫
郭佳薩廉,儉齋,檢齋,立甫,簡齋
郭佺,郭銓
郭侃,仲和
郭侖燾,叔和,誌城
郭俊,公籲,青坪
郭倫,幼山
郭偉,伯成
郭偉人,晉卿
郭偉峨,千尋
郭傅,文遠,正傳
郭傑,丰之
郭傑楟,碩夫
郭傪,懿夫
郭傳,文遠,胡正傳
郭傳昌,子冶,學裘,惜齋
郭傳璞,恬士,晚香,鄞之老民
郭僎,同升
郭儀,少容
郭儀長,像堂,豫堂
郭儀霄,羽可,與可
郭儼,惺予
郭允升,坦齋
郭允屏,西岩
郭元亨,會可
郭元化,化宇
郭元方,子正
郭元柱,直甫
郭元漋,峚山
郭元灝,海粟居士,淸源
郭元貴,冠卿
郭元邁,英遠
郭元釪,於宮,雙村
郭元龍,舜臣
郭兆春,介平,鑰北,雨琴
郭兆槐,垣山
郭兆泰,秀峯,秀峰
郭光志,信齋
郭光斗,南一,萃文
郭光豫,嵩年
郭克全,子望
郭克勤,子劬
郭克明,徳照,德昭
郭兩銘,玉亭
郭公緒,公緒
郭公葵,秉心
郭六宰,徽典,辛水,雪樓
郭内俊,見心
郭再祐,季綬,忘憂堂,忠翼,红衣将军
郭則沄,嘯麓,蟄園,雪坪
郭剛基,依永,立箎
郭勛,武定侯
郭勝龍,達夫
郭勸,仲褒
郭升,木生
郭南英,對西
郭博勒穆騰阿,瑞亭,穆騰額
郭博勒達虎里郭貝爾豐陞阿,芬升阿,豐紳阿,達虎里郭貝爾豐陞阿,郭博勤豐陞阿
郭博勒長順,和亭,常順,忠靖,郭博羅長順,鶴亭,鶴汀
郭占元,耀亭
郭占春,用梅
郭印,亦樂居士
郭友仁,德元
郭友直,伯龍
郭友聞,北郭
郭友蘭,素心
郭叔誼,幼才,肖舟老人
郭叔雲,子從
郭受,郭十五
郭君彥,以道
郭咸和,尚大
郭商佐,文仲
郭啟科,郭起科
郭善鄰,春山,畏齋
郭喈平,鶴眠
郭嗣汾,惠周
郭嗣煥,憲吾
郭嘉,善通
郭嘉屏,嵾山
郭囉洛成順,世職
郭囉羅滿倉,滿蒼,郭絡羅滿倉
郭四維,北野,汝張
郭圓,泗賓
郭在逵,儀之
郭圭,東湖
郭圲,耕岩,蘭畦
郭圻,維望
郭坤,崇載
郭垕,宅父
郭垠,岸夫,龍村
郭培鏞,及莊
郭堂,郭鑾
郭堃,以簡,厚庵,蓮生
郭堅,守固
郭堯都,雲瞻
郭堵,季孝
郭士元,元之,溪南處士
郭士冠,槑坪,罧坪,霖坪
郭士吉,希參,淸宇
郭士文,從周
郭士璟,梅書,眉樞,飲霞
郭士達,奠宸
郭士銓,湘坡,相坡,相城
郭士頻,半溪
郭士髦,召卿
郭壽,君雅
郭壽清,儉全,敬荃
郭夔,郭藁
郭夢得,甫卿
郭夢惠,小連
郭夢濟,邦傑
郭夢熊,瑞周
郭夢麒,徵甫
郭夢齡,小房,文與
郭夢齢,碩農
郭大址,肯構
郭大忠,忱赤
郭大成,遜九
郭大昕,方進
郭大洋,浩然
郭大綸,子理
郭大鍾,希音,春嵐
郭大鯤,時化
郭天中,聖僕
郭天信,祐之
郭天祐,祐之
郭天祿,子學
郭天衢,九峯,士亨
郭天豪,挺夫
郭天錫,北山
郭奉坤,厚庵
郭奎,子章,淮南
郭好德,秉彝
郭如墉,崇圃
郭如川,元至
郭如暄,元春
郭如翰,南屏,良臣
郭如魯,唯一,得吾
郭始中,權父
郭始徵,敬叔,景寒齋,智叔
郭威,太祖,聖神恭肅文武孝皇帝
郭子儀,子儀,尚文,忠武,郭令公,郭汾陽
郭子力,景行
郭子啟,緯生
郭子皋,德臣
郭子直,舜舉
郭子章,相奎,蠙衣生,靑螺,青螺
郭子興,滁陽王
郭子龍,雨田
郭孝,可忠
郭孝友,次仲
郭孫俊,甸方
郭孫順,孫順,鳳客
郭學山,靜高
郭學洪,容舟,竹節,竹薌
郭學濂,仲泉,伸泉
郭守信,寶臣
郭守敬,若思
郭守文,國華,忠武
郭安,邦寧
郭安仁,存甫,溪南
郭安邦,定山
郭完,滄洲,維貞
郭宏爵,尊一
郭宗,宗魯
郭宗儀,正夫
郭宗元,春卿
郭宗熙,臣廠,詗伯,詷伯
郭宗皐,君弼,康介,郭宗皋
郭宗磐,漸甫
郭宗臯,似菴,君弼,居弼,康介
郭宗藩,之翰
郭定,靜之
郭定柱,仲承,石臣
郭宣,播玉
郭家彪,春坊
郭家聲,琴石
郭家駒,千里,立齋
郭宸,寧巖,雲巖
郭容,子仁
郭密,令嚴肅
郭實,伯華,華伯
郭實樹,小簏,小麓,小麗
郭寧妃,寧妃
郭寶,法相
郭寶善,伯楚
郭寶昌,子美
郭寶枸,小麓
郭寶玉,玉臣
郭寶珠,筠生
郭寶珩,百遲,藷廠
郭寶龍,粉侯
郭尚先,伯抑,伯柳,元聞,元開,增默庵,拙叟,芳堅館,蘭石
郭尚賓,朝諤
郭居仁,允蹈,湛溪
郭居安,應酉,梅石
郭履,元坦,褧齋
郭岊,伯聳
郭岳,伯喬
郭峻,次山
郭崇,郭崇威
郭崇仁,永年
郭崇嗣,承芳
郭崇韜,安時
郭崑燾,仲毅,意城,意誠,樗叟,郭先梓
郭嵐,九華
郭嵩,叔中,少岡
郭嵩燾,伯琛,梓木山莊,玉池老人,筠仙,雲仙,養知先生,養知書屋
郭希愈,遜卿
郭希樸,有道
郭希泰,仙舟,宗余
郭希顏,仲愚,勿齋
郭師古,時用
郭師穎,達之
郭幾,造微
郭庭梧,子材
郭庸,彥中
郭廓,增式
郭延澤,德潤
郭延濬,利川
郭廷冕,季文
郭廷序,循夫
郭廷松,秦封
郭廷珪,邦器
郭廷臣,良佐
郭廷良,弼明
郭廷謂,信臣
郭廷賡,慶猷,韻堂
郭建本,詩南,豫軒
郭式昌,谷齋
郭式源,奎士
郭弘化,子弼,松厓
郭弘敬,仲禮
郭弼,松厓
郭彌,守行
郭彌約,景文
郭彥瓊,隱光
郭彬圖,永餘,班香
郭從,層崖
郭從樸,文伯
郭從矩,定軒,心吾,戒踰
郭從義,德基
郭循,循初,邦礼
郭德,行滿
郭德壎,萼樓
郭德成,季弟,風漢
郭德海,大洋
郭德麟,邦瑞
郭徽祚,彥卿
郭志,山題
郭志仁,元甫
郭志正,直夫,體吾
郭志融,藕舡
郭志選,舜舉
郭忠,廷臣
郭忠倚,于度
郭忠孝,兼山先生,立之
郭忠寧,履台,藎卿,郭陳干宁
郭忠恕,恕先
郭忠順,移可
郭念棣,梧岡
郭思,得之
郭思恭,子敬
郭思極,致中
郭思義,德甫
郭思貞,幹卿,文憲
郭性之,德安
郭恆,知常
郭恕,仲寬
郭恩孚,伯尹,蓉汀
郭恩晉,次遠
郭恩暘,沐棠
郭恩第,曼生
郭惟清,介亭,介石
郭惟良,惟進
郭惟賢,哲卿,希宇,恭定,郭維賢
郭愈厚,靜一
郭愛,善理,國嬪
郭慎,孟莊
郭慶,善甫
郭慶治,子恬,策安
郭慶藩,子瀞,孟純
郭應奎,平川,致祥
郭應時,耀東,行之
郭應祥,承禧,遯齋
郭應聘,君賓,君賔,華溪,襄毅,襄靖
郭應軫,星已,蓮塘
郭應辰,仲和,先甲,劬生
郭應霖,晴圃,雲峰
郭應響,希聲,忠烈
郭懌,如城
郭懷仁,樂山
郭成,信之
郭承恩,捷三,接三
郭承汾,玄水
郭承祐,天錫
郭持平,守衡
郭指南,凌海
郭振吉,謙人
郭振聲,謙人
郭挺,元傑
郭撰,彤轮
郭操,郭璉
郭擢,季升
郭政,周布
郭敏,伯達
郭敘,天倫
郭敦,仲厚
郭敬,化和
郭敬之,敬之
郭敬佑,康臣,蕓書
郭敬宗,守堅
郭敬梓,介桑,倉桑
郭敬賢,希堯
郭文,尚質
郭文匯,韻泉
郭文周,景復,東山
郭文和,有臣
郭文德,子明
郭文應,瑞之
郭文旭,仲升
郭文炳,中孚
郭文煜,彥達
郭文煥,質方
郭文祚,引卿
郭文翰,光文,苑文
郭文貞,恕宣
郭文輔,共臣
郭文輦,樸軒
郭文鋕,可典,書屏
郭斗,應宿,麓池
郭斯立,舒之
郭日林,煥亭
郭昂,野鶴
郭昆燾,仲毅,意城,樗叟
郭昇,東旭
郭昌,介繁
郭昌時,仲熙
郭昌泰,亢宗
郭明德,德新,敬簡
郭星榆,南階,春巖
郭春渠,以受
郭春震,以亨
郭昭,伏生
郭昭封,無傷
郭昭度,汝則
郭昭文,質之
郭昭著,汝晦
郭時中,器之
郭時瀚,郭時潤
郭時貴,聖道
郭時鬱,梅溪
郭晉,庶侯
郭晉涵,彬台
郭晉熙,省齋
郭晉超,湘渠
郭晞宗,宗之
郭景昌,仙岩,麟生
郭景星,元德,義山
郭景祥,仲德
郭景脩,伯永
郭景象,儀軒,可亭
郭景魁,慶蘭
郭暄,方有
郭曰槐,柏菴
郭曰燧,星查,遂人
郭書俊,蓼庵,遴甫
郭曾準,少萊,親綸
郭曾炘,匏庵,文安,春榆,春瑜,曾矩,福廬山人,親繩,遁叟,遯叟,郭曾矩
郭曾程,南雲,親緗
郭月林,煥亭
郭有金,雙南
郭朏,景初
郭望安,弼臣,米山
郭朝賓,尚甫,黃涯
郭期壽,寒碧堂,眉叟
郭本,道允
郭杞,鑑雲
郭杭,仲仁
郭杭之,子方,湘帆
郭東,仁府
郭東山,石崖,魯瞻
郭東藩,鎮夫
郭杲,子明
郭松林,子美,武壯
郭柏森,厚甫
郭柏蒼,蒹秋,青郎
郭柏蔭,古傷心人,天開圖畫樓,彌廣,石泉,蔭堂,遠堂
郭桂,時芳
郭棐,篤周
郭棣,子華
郭棻,芝仙
郭植,延碩
郭椿,壽三,蔭莊
郭椿壽,靜山
郭楠,世重
郭楷,仲儀,雪莊
郭榮,鴛水翁
郭榮之,仁甫
郭榮光,懷熙,根梅
郭榮祖,榮叔
郭樌,德茂,貞成先生
郭樞,文良
郭樸,文簡,東野,東野先生,質夫
郭樹瀛,少蓮
郭樹雲,伯棠
郭檵,三多
郭欽,敬臣
郭欽儀,景汾
郭欽止,德誼
郭正中,大來,黎眉
郭正域,文毅,明龍,美命
郭正子,存齋,養正
郭正孫,興祖
郭步瀛,安瀾
郭殿斌,興周
郭殿正,椒園
郭毓才,丙泉
郭氏,順卿
郭氏(劉仁妾),淸流三烈
郭氏(趙恆皇后),章穆,莊穆
郭氏(趙眘妻),恭懷
郭氏（懿安皇后）,懿安皇后
郭民敬,子莊
郭民止,金湯
郭永,勇節,慎思,謹思
郭永業,文遠
郭永錫,九疇
郭永麟,芥子
郭汝,子稱,西圃
郭汝梅,和卿
郭汝賢,舜卿
郭汝霖,一厓,時望,郭世霖
郭江,伯山
郭汪璨,雲麓
郭沔,楚望
郭沛霖,雨三
郭治,龍浦
郭法明,雲五
郭波,澄卿
郭泰,通甫
郭泰亨,亨甫
郭泰成,展成,心齋
郭洗,淸父
郭洛羅永祚,郭絡羅永祚
郭洛羅海齡,昭節
郭津,希呂
郭洪,汪度,郭渾
郭浚,郭濬
郭浩,善甫
郭海,山師
郭浹,從仁
郭深之,鏡潭
郭淳,元匯
郭淵,濟川
郭清,直夫
郭清芳,雅菴
郭游卿,季熊,季能
郭湸,孟諸
郭源明,元賡,永叔,潛亮,郭元賡
郭溥,伯廣
郭溶,鹿泉
郭漱玉,六芳,瓊泉
郭潔,澂泉
郭潤,丹墀,丹渠,冊墀
郭潤玉,壺山女士,昭華,笙愉
郭澄,廉夫
郭澤任,緒忠
郭濂,希周
郭濟,澤民
郭濬,舜德
郭濬川,量容
郭瀚,雨亭
郭瀛,巨川
郭灃,有堂
郭灌,一菴,三十一,達誠
郭炎金,仁父,岷孫,第永十六,阿岷
郭炯,子昭
郭焌,昆甫
郭煥章,文若
郭照,文德郭皇后
郭照黎,坊南
郭熊飛,次虎,蘭垞
郭熙,淳夫
郭熙載,筠生,筠莊
郭燿章,景文
郭爾佳佛爾金布,佛爾津布
郭爾羅特布延,布延他不能
郭獻忠,少暉
郭珏,國寶,國石,第千八,選公,郭玨
郭珙,元圭
郭珠,明遠
郭珣,伯瑜,警齋
郭珣瑜,遐壽
郭珪,君璋
郭珮,泠然
郭珽之,珽之
郭琇,瑞卿,瑞甫,端甫,華野
郭琛,應崑
郭琥,宗器
郭琦,丹淵,蘭池
郭琪,郭淇
郭琿,素汝
郭瑀,佩之
郭瑄,廷玉
郭瑅,玉山
郭瑛,庭瓚
郭瑞,鳳禎
郭瑤,少良
郭瑩,石鏡
郭瑮,子燦
郭瑾,邦器
郭璋,廷儀
郭璟,信祖,睿和皇帝
郭璟燕,友源,紫超,賦梅
郭璡,仲劉,華石
郭璽,文瑞
郭瓊,國華
郭用中,端志
郭用孚,仲先
郭甫,唐臣
郭申錫,延之
郭畀,天錫,雲山
郭登,元登,定襄伯,定襄侯,忠武
郭登龍,雲仲
郭發源,少藍
郭盈,損之
郭盛,文貞
郭相南,丙軒
郭相業,元勛,梅谿
郭知微,介卿
郭知章,明叔
郭知運,逢時
郭知遜,泰滄,生白
郭石渠,介山弓,介發,文淵
郭硯慶,石田
郭磊卿,兌齋,子奇,正肅
郭祚,元昌
郭祥,善摩
郭祥正,功父,漳南浪士,謝公山人
郭祥瑞,毓農,玉六,玉麓,黼香
郭祥鵬,于漢
郭禧燾,建崇
郭禹,仲賢
郭秀,秀實
郭秉慧,智珠,知珠
郭秉昭,文輝
郭秉鈞,治菴
郭秩,惇禮
郭程先,艾生,雪齋
郭種德,秋岩,薖庵
郭稹,仲微
郭立山,復初,復齋
郭立彥,如選
郭立誠,虛堂
郭章,仲達
郭端,季正
郭符甲,介庵
郭第,次甫
郭筠,伯川
郭節,雪翁
郭篤,星橋,棐卿
郭簡,慶祖,章肅皇帝
郭紀,彥理
郭納,郭訥
郭純,文通,樸齋
郭紘,伯瞻,十四
郭素,大初
郭紳,廷章
郭紹曾,魯堂
郭紹泰,靜齋
郭絍,仲端
郭絡羅勒貝,郭爾羅勒貝
郭絡羅揚書,揚舒,楊書
郭絡羅葉璽,果羅洛葉璽
郭絡羅達爾漢,達爾哈
郭絡羅鄂羅塞臣,俄羅塞臣,敏果
郭絳,郭降
郭綏之,耳餘,靖侯
郭經,用常
郭綬,朝儀
郭維,秉鈞
郭維仁,立齋
郭維城,慕韓
郭維寧,公懷
郭維楠,遜齋,遠齋
郭維禎,華中
郭維經,六修,雲機
郭維藩,價卿,寓庵
郭綸,大綸
郭緒,繼業
郭緝經,屢常
郭縉光,盥書
郭繼昌,厚庵
郭繼統,緒玲,緒長
郭羅羅雅爾泰,郭絡羅雅爾泰
郭美彥,夢蓮
郭義,信之
郭義重,處仁,郭義仲
郭翀,子翔
郭翁歸,弘美
郭翊,俠卿,藎卿
郭翰屏,雅江,鶴江
郭翼,東郭生,羲仲,野翁
郭聚奎,夢樓,星五,蓴香
郭聯奎,華五
郭肅宗,守烈
郭肇鐄,奉墀,韻淸,韻清,鳳池
郭與立,貴權
郭興,子興,宣武,郭子興,鞏昌侯
郭興世,漢卿,祖傳,第一
郭興治,匡世,熙明
郭興譲,牧軒
郭興讓,牧軒,禮賓
郭興邦,緘三
郭舒,端莊
郭良,復吾
郭良璞,卞玉
郭良臣,德鄰,德麟
郭良顯,德揚
郭芬,芝田
郭芳,素媛
郭芸,慧人
郭英,廷祥
郭英乂,定襄王
郭英傑,孟武
郭茂倩,德粲
郭茂泰,魯瞻
郭莊,子蒞
郭華,香尉
郭萬程,子長
郭萬績,仲熙,春睡堂
郭萬里,雲程
郭蕙,素嫺
郭藩,希庵
郭蘊,義祖,翼順皇帝
郭蚧,依雲
郭行,思誠
郭衛城,慎五,誌軒
郭衢階,享甫
郭裕,謀貽
郭裕藩,竹圃
郭襄之,匡侯
郭襓,堯章
郭見猷,駕舫
郭詡,仁宏,仁弘,淸狂,清狂道人
郭詩,坦菴,詠而
郭說,夢得,西浦
郭諫,懷藎
郭諫臣,子忠,方泉,鯤溟
郭諮,仲謀
郭諶,僖祖,明憲皇帝
郭譜,南村
郭象升,允叔,可階,雲史
郭象賢,蔭侯
郭豫亨,梅巖野人
郭貝爾恆齡,壯烈,恆齡
郭貝爾達虎里郭貝爾郭博勒色楞額,石友,達虎里郭貝爾色楞額,郭博勒色楞額
郭貝爾達虎里郭貝爾鈕楞額,凌岩,達虎里郭貝爾鈕楞額
郭貝爾都興阿,淸愨,直夫
郭貝爾阿那保,勤勇
郭貫,安道,文憲,西埜
郭賁,文爵
郭資,逢源
郭賡平,子鈞,衡文
郭賢,道因
郭贄,仲儀,少儀,文懿
郭起元,起元
郭起濤,海門
郭超凡,小袁,希文,猶人
郭越,定齋,時靜
郭載,居厚
郭輔唐,紫村
郭輝翰,甲甫,申甫
郭輿,孟高,月江老人
郭逍遙,邦逸
郭通,郎通
郭造卿,建初,海獄,玉融山人
郭逢原,公誠
郭逢春,麗青
郭連城,瑞生
郭連選,廷舉
郭進,抑之
郭進暹,蘭坡
郭逵,仲通,忠穆
郭遇卿,建安,肖雲
郭遇熙,省齋,駿臣
郭遇隆,炳時
郭道卿,景仁
郭道鑫,鑒湖
郭道闓,葵臣,郭道愷
郭適,圖南
郭邕,熙朝
郭那木罕,景芳
郭邦光,元賓
郭邦濟,楫川
郭郁,復齋,文卿
郭郊,郭效
郭郛,于蕃
郭金台,子原,幼隗,石村
郭金城,烈愍
郭金湯,子堅
郭金臺,子原,幼隗,陳湜
郭金鉉,待桐
郭釗,肖眉
郭鈞,平叔
郭鈺,子式
郭銓,三淸先生,秉衡
郭銘,思賢
郭銳,漢冲
郭鋆,一泉,允重
郭鋏,蒯緱,長仲
郭鋐,汝器
郭錦,蜀江
郭鍵,孟開
郭鍾岳,仲輿
郭鍾琦,叔瑛
郭鍾美,舜欽,蘇儕
郭鎜,三泉,允新
郭鎬,周卿
郭鎭緯,畸菴,載雄
郭鎮,彥鼎
郭鏜,子聲,弦菴
郭鏞,夏聲
郭鐵子(別號),鐵子
郭鑑庚,蓴香
郭鑒庚,蓴香
郭鑒襄,介臣,子慕,蓉軒
郭鑰,啟之
郭長清,廉夫,懌琴,種樹山人
郭長源,時若
郭長生,遐齡
郭開望,丈齋,文齋
郭閶,開先
郭附,明仲
郭陞,文晉
郭階,春暉
郭階三,广平
郭隚,德基,梅西
郭集琛,乾卿,建之
郭雍,冲晦處士,子和,白雲先生
郭雍南,仲達
郭雲,秦仙
郭雲漢,仙槎,天章
郭雷煥,有章
郭震,元震,郭大
郭韜,宏家
郭順成,裕菴
郭順正,德儀
郭頤,固齋,固齋先生,養正
郭顯忠,步武
郭顯球,夢石,成九
郭餘,慶宜
郭馤俊,俞聯
郭駰,梅莊
郭騫,郭子騫
郭騰蛟,蓬亭
郭驤雲,梯嶠
郭驥,友三,超雲
郭驥遠,子展
郭鳳,丹叔,友桐,雪樵
郭鳳岡,於陽,桂舲
郭鳴高,懷莪,藹士,行祥
郭鴻,儀仲
郭鵬翀,伯翔
郭鵬翼,鴻漸
郭麐,吉祥雲室,復庵,復翁,樣伯,浮眉樓,海棠花研齋,白眉生,眉樓,神廬,祥伯,第一功名閣,翦松閣,老復丁庵,苧蘿長者,蘅夢,蘅夢樓,蘋伽,蘧庵,蘧庵學人,蘧庵居士,蘧菴,蘧菴居士,西萃草堂,邃安老人,邃庵居士,靈芬館,頻伽,頻伽居室
郭麟孫,祥卿
郭麟紱,瑞莊
郭黃中,方叔
郭鼎,玉鉉
郭鼎忠,藎臣
郭龍發,元用,吉甫,第二三
郭𧺝,泰靜,禮谷
郯韶,九成,雲臺散史
都任,弘若
都勝,廷美,都豆腐
都卬,維明,豫菴
都卭,維明,豫軒
都文奎,彥卿
都昶,文達
都棨森,子秀,樹屏
都潔,聖與
都燝,次軒
都理錦格,春塍
都璟,次軒
都甫,平倩
都祿彌釋海涯,正齊
都穆,玄敬
都義納,都伊納,都依納,都依那
都膺,子藝,靑松堂
都衡,國銓,杏亭
都郁,子文
都里國秀,譪山
都里恩符,琴泉,虎臣
都隨,與暗
都頡,光達
鄂卓吉明,學愈愚齋,恭愨,曉帆,秋漁
鄂卓爾榮慶,實夫,文恪,無悔齋,耐園,華卿
鄂卓爾皁陞,皂陞
鄂哲忒奎成,耀文
鄂堃,時泉
鄂容安,虛亭
鄂恆,松亭
鄂拉阿哈保,壯勇
鄂敏,鄂樂舜
鄂曾,幼輿
鄂木順額,復亭
鄂濟尚安,鄂濟宜綿,鄂濟宜緜
鄂濟岳起,小瀛
鄂濟折爾肯,哲勒肯,哲爾肯,折而肯
鄂濟瑚素通阿,鄂濟瑚圖靈阿
鄂濟鄂彌達,文恭
鄂爾努特錫綸,愍節
鄂爾果諾特巴朗,巴琅
鄂爾果諾特托班,托攀,託盤
鄂爾沁沙哩岱,沙爾代,沙理岱,沙里岱
鄂絡碩瑚,其昌,春圃
鄂絡額湖,鄂絡碩瑚
鄂罕額哲特台費音,台斐音
鄂訥瑚尼勒圖,鄂納瑚尼勒圖
鄂謨托彰寶,鄂謨託彰寶
鄂貌圖,遇義,遇羲,麟閣
鄂魯特齊里克齊,七里克啟,七里克齊,鄂魯忒齊里克齊,齊哩克特,齊里克啟
鄒㵯,鳳叔
鄒一桂,二知,二知老人,元褒,原衣呆,原褒,小山,度索軒,讓卿
鄒一龍,伯驤,春谷
鄒世任,泰沖
鄒世聞,文達
鄒之嶧,孟陽
鄒之易,九一,爾時
鄒之有,伯學,懷白,金吾
鄒之璜,惕庵
鄒之麟,石卿
鄒亮,克明
鄒人昌,天策,宸柱
鄒代鈞,伯陶,沅帆,甄伯
鄒企宗,及之
鄒伯奇,一鶚,特夫
鄒伯輝,孟法
鄒伯顏,從吉
鄒佩蘭,浣香
鄒來學,時敏
鄒俊德,希堯
鄒偀,蓼淮
鄒偉,元偉
鄒健,緘三
鄒傑,萬子,蘭子
鄒儒,宗道
鄒允隆,允隆
鄒允颺,彥康
鄒元忠,時効
鄒元標,南皐,南皐先生,南臯,忠介,忠憲,爾瞻,邹元標
鄒元芝,殿生
鄒光,曉山
鄒光圻,書田
鄒光昌,魯齋
鄒光漢,枝洲,根洲,銀洲,鬱洲
鄒光烈,藩園,齊園
鄒光祚,承卿
鄒兌金,叔介,子介
鄒凎,志春,與曾,鄒淦,鐵樵
鄒初基,伯新,白心
鄒化鈞,沅帆,甄伯
鄒升恆,借柳軒,太和,慎齋,泰和
鄒卿森,衡湘
鄒可久,雲巖逸老
鄒和,允達
鄒問桃,幼竹
鄒善,二十一,潁泉,繼甫
鄒嗚鶴,鍾泉
鄒嘉來,紫東
鄒嘉生,靜長
鄒國儒,醇甫
鄒圖雲,偉南,偉園
鄒在光,劍秋,守拙山人
鄒均,壽泉
鄒坤成,佩秋
鄒城,魯卿
鄒堯廷,松友
鄒墀,朝卿,龍望
鄒增吉,廸偁
鄒士元,志伊
鄒士城,介如
鄒士楷,行之
鄒士聰,石瞻
鄒士隨,景和,晴川
鄒壽齢,筱石
鄒夔,堯叟
鄒夢畢,雨洲
鄒夢臯,雨洲
鄒夢遇,元祥,子祥,艮齋
鄒夢阜,雨洲
鄒大勲,紀堂,純堂
鄒大觀,光伯
鄒大訓,鋻亭,鑒亭
鄒天嘉,西村,駕枚
鄒天瑞,文祥
鄒天錫,永年
鄒奎,月齋
鄒奕,宏道,弘道
鄒奕孝,念喬
鄒奕鳳,環西,舜威
鄒妙莊,美文
鄒姚華,燕生
鄒子績,有成
鄒孕孝,恭甫
鄒字春,虛谷
鄒存淦,師竹廬主人
鄒孟,仲賢,制郎,第九十四,錢孫
鄒季友,晉昭
鄒學柱,國材
鄒守,惟一
鄒守愚,君哲,襄惠
鄒守益,文莊,東廓,東廓先生,東郭子,謙之
鄒安,仕恭
鄒安鬯,敬甫
鄒宏贊,任堂
鄒宗堯,桐廂
鄒宗洛,學伊
鄒宗洪,明源
鄒宗謨,次魏
鄒定,應可
鄒家燮,理堂,秀升
鄒容,威丹,容之兒,幼丹,蔚丹,鄒桂文,鄒紹陶,鄒陶紹,革命軍之馬前卒
鄒察,明卿
鄒寬,仲容
鄒導源,蓉垞
鄒尚志,嶧山
鄒尚易,占塘,古塘
鄒尭廷,松友
鄒履和,元辨
鄒山,宏景,禹封
鄒岳,嘯春,舜咨
鄒崇泗,學源,魯溪
鄒崇漢,星溪,雲章
鄒崇盂,煦谷
鄒嶧,桐崖
鄒嶧賢,淑軒
鄒嶧麟,玉溪,迪先
鄒希珍,懷潔
鄒希謙,仲圭,紹東
鄒希賢,星門
鄒師顏,希聖,希賢
鄒常泰,保齋
鄒度珙,謙受
鄒度鏞,奎菴
鄒延玠,介子,鄒廷玠
鄒廷彥,念劬
鄒廷望,道吾
鄒廷極,左辰
鄒廷瓚,襄敏
鄒廸光,彥吉,愚谷
鄒式金,仲愔,木石
鄒弘,能弘
鄒弢,瘦鶴詞人,翰飛
鄒彰,允文
鄒得源,光伯
鄒復宣,用晦
鄒復暘,景元
鄒復雷,雲東
鄒德修,君永
鄒德泳,四十五,汝聖,汝臣,瀘水
鄒德涵,十六,汝海,聚所
鄒德溥,省堂
鄒志伊,學川,洛南,鏡陽
鄒志初,初栗
鄒忠倚,于度
鄒恆,叔堯,少峰
鄒惇禮,和仲
鄒慕嶧,淑子
鄒應元,兩松,寶松,淸源,王應元
鄒應錫,爾圭,荊野
鄒應龍,之卿,蘭谷,雲卿
鄒括,仲發
鄒振岳,岱東
鄒揚,廷光
鄒擴,希聖
鄒敏中,時甫
鄒敦禮,和仲
鄒文可,再卿
鄒文慧,季和
鄒文炳,黎齋
鄒文盛,時鳴,莊簡,黃山
鄒文蘇,望之,眉山
鄒文雄,緯辰
鄒斌,俊甫,倩父,南堂先生,雋父
鄒斯漪,鄒漪
鄒新照,方池,篠櫺
鄒新積,升高
鄒方鍔,半谷,豫章
鄒日章,美中
鄒旦,景明
鄒昌,鄧昌
鄒昌言,師禹
鄒昌齡,永年
鄒昺,叔明
鄒景椿,介齡
鄒智,忠介,汝愚,立齋,謫仙
鄒曾輝,寔旃,桐軒
鄒朴,爾愚
鄒杭,鄒抗
鄒枚,荻翁,馬卿
鄒架,大升
鄒柄,德久
鄒柟,石厓
鄒柳儂,繡清,萍倩
鄒梓生,蘅衫
鄒棐,克恭
鄒植行,禮耕,雍度
鄒極,一翁,適中
鄒榦,宗盛,順菴
鄒樗,大椿,德年,德章,第七十
鄒樸,爾愚
鄒次陳,周弼,悅道,用弼
鄒次鳳,仲師
鄒正傑,有燿,雲階
鄒正芳,德輿
鄒永昌,慶夫
鄒永琳,晴舫
鄒況,至行
鄒法孔,景南
鄒泰,三十一,以和
鄒泰棟,堪支,春園,白軒
鄒洞,至明
鄒洪緯,經甫,訥庵
鄒浩,志全,志完,至完,道鄉先生
鄒淇左,百泉,百象
鄒淑,清窈
鄒淑芳,蕙祺
鄒清瑞,祥伯
鄒湘皋,衡臺
鄒準,一平
鄒溥霖,岳餘,春笙
鄒溶,二辭,可遠
鄒漢勛,叔勣,叔績,禾丸齋,績父,鄒漢勖,鄒漢勳
鄒漢池,季深,濱竹
鄒漪,流漪,西村
鄒澍,潤安,閏菴
鄒澤,慰農
鄒澥,深之
鄒澹,月近,次淸
鄒濂,少堂
鄒濟,用楫
鄒濟仁,體齋
鄒濟民,仲宏
鄒瀛州,雲升
鄒炳泰,仲文,曉坪,曉屏
鄒焌傑,雲階
鄒煌,燮菴,遠菴
鄒照,兩峰,拱南,繼僉
鄒熊,耳山
鄒牧,北江,牧村
鄒玉成,汝卿
鄒玉藻,位元,淸渠,鄧玉藻
鄒玉鬯,拒備
鄒珂,民望,鄒軻
鄒球,瀟峯
鄒琛,採軒
鄒琯,芑園
鄒瑾,貞愍,貞烈
鄒瓉,獻卿
鄒用,惟信
鄒登湄,眉雪
鄒登龍,震父
鄒盛,仲容
鄒矩,元方
鄒石麟,翼生
鄒祗謨,程邨,訏士
鄒祥,元吉
鄒祥正,勝非
鄒祥蘭,胎仙
鄒福保,詠春
鄒禮,用和,隱逸處士
鄒穀,子美
鄒約,西豐
鄒絢,二十七,原素
鄒維璉,匪石,德耀,德輝
鄒維魯,鶴泉
鄒緗,雲芬
鄒緝,仲熙,素庵,養志先生,養志堂
鄒繹,小凫,小鳧
鄒繼周,公輔
鄒美中,華亭,西林山人
鄒翰,軒霞,鄒瀚,霽堂
鄒肇元,聯甫
鄒自式,孫自式,王度
鄒致,至之
鄒興愚,子哲
鄒舒宇,小春
鄒若霖,桂園
鄒蕙貞,蕊珠
鄒藻,壽庚
鄒虞,天祥
鄒補之,公衮,公袞
鄒襲,繼芳
鄒觀光,孚如
鄒解,仲山
鄒詒德,和齊,和齋
鄒詒詩,愚齋,石泉
鄒誠,一純
鄒諤,介白山人,介石,灌畦
鄒谷,孝端先生,虛王
鄒象雍,抑庵,蕤宮
鄒貽詩,愚齋,石泉
鄒賓,仲律
鄒賢,世用
鄒賢曹,石軒
鄒賽貞,士齋
鄒起鳳,儀九,桐淮
鄒軒,公輊,十一
鄒輗,敏行
鄒近仁,季友,歸軒,魯卿
鄒迪光,彥吉,愚公
鄒逢吉,從大
鄒逢慶,稽堂,積堂
鄒道林,雲峯
鄒適,擇可
鄒采霞,蘭芬
鄒鈞,秉軸
鄒鉉,敬直,沙壑
鄒銅士,翔藻
鄒銓,亞雲,民鐸,秉衡
鄒錦,雲裳
鄒錫淳,公眉
鄒鍾,樂生
鄒鍾俊,師梅,補拙,雋之
鄒鍾竣,雋之
鄒長喜,樹吉
鄒陔,志南
鄒陶,志新
鄒隆遠,超然
鄒雍南,虞粘
鄒雪虹,二泉女史
鄒雯,南野,德顯
鄒雲鵬,翼卿
鄒霶,濟時
鄒非熊,宗望,竹嚴
鄒韶,性之
鄒顏卿,希甫
鄒顯吉,思靜,黎眉
鄒養赤,幼心
鄒餘,損道
鄒騏,良甫
鄒魯,尚儒
鄒鳳,仲翔
鄒鳳翔,臺伯
鄒鳴鶴,世忠堂,壯節,寶素齋,松友,鍾泉
鄒鵬,筠居,遠之
鄒麟書,此山,魯瞻
鄒龍光,彥為
鄔中涵,世元,槐東
鄔之邵,士平
鄔信,中孚
鄔啟祚,吉人,繼蕃
鄔大昕,東啓
鄔寶珍,宏根,道源
鄔寶理,宏莊,達夫
鄔崇節,第十六,靜翁
鄔希文,亦范
鄔恩武,望隆
鄔斚,商珍,尚齋
鄔昆,石浮山人
鄔昕,東暘
鄔春林,德和,木庵,致庵
鄔昶,稚晉
鄔景和,時濟,榮簡
鄔景從,嘉賔,靜岳
鄔柄,德久
鄔汝楫,夢陽
鄔熊卜,素庵
鄔璚,汝璚
鄔紳,佩之
鄔紹文,簡堂
鄔萃,孝徵
鄔蔭槐,淇泉
鄔詠仁,安叔,紫溪
鄔象鼎,名九
鄔質義,文鋒
鄔起鳳,兆周
鄔載,鄔三
鄔連,宜瑩,東泉,鄔璉
鄔進禮,行義
鄔逵,達卿
鄔銓,梅仙
鄔鳳翔,鄔鳳翊
鄔鶴徵,雪舫
鄔龍啟,孟時
鄔龍翔,孟吉
鄜傅溥,省堂
鄜德溥,省堂
鄢執權,少達
鄢必魁,斗南
鄢懋卿,劍泉,景修,景脩
鄢晉,堯氏,堯民,堯艮,第千六,進叔,進淑
鄢正畿,亦必道人,德都,皇州
鄢翼明,廷輔
鄢鄢韻,怍庵,紫渡樵客,谷音
鄢鳴雝,鄔鳴雝
鄧三鳳,鳴陽
鄧世傑,浣水
鄧世昌,壯節,正卿,重卿
鄧世綸,君理
鄧世譲,遜齋
鄧中和,祖德
鄧中美,絅堂
鄧之寅,仲方,仲芳
鄧之屏,惟邦
鄧之愈,翁歸,識韓
鄧九思,思誠
鄧九疇,洪笵,洪範
鄧京鏞,華廷
鄧亮,子信
鄧仁堃,厚甫,寶橋,鎮海
鄧仁憲,夢符
鄧以和,履之
鄧以恭,勝一
鄧以誥,汝欽
鄧以讚,定宇,文潔,汝德,江右三清
鄧仲甫,和靖先生
鄧佐槐,振勛,礪侯
鄧何言,舌存
鄧作梅,素民,雪莊居士
鄧倬堂,樸舟,雲邨
鄧傅馨,鵠臣
鄧傳之,師孟,求齋
鄧傳安,旴原,盱原,菽原,鹿耕
鄧傳密,守之,少伯
鄧僉可,季謀,烏山
鄧儀,山人,文度,為貞樂先生
鄧元,南秀
鄧元善,春谷,體仁
鄧元昌,慕濂,自軒
鄧元濬,鄭元濬
鄧元燮,乂齋,理三
鄧元繐,弈潛,純豐
鄧元錫,文統先生,汝極,潛谷
鄧元鏡,琴浪,蓉沼
鄧兆南,萊軒
鄧兆熊,儷衡,隨帆
鄧兆璈,雲槎
鄧光禹,冠雲
鄧光薦,中甫,中齋
鄧克貞,玉梅
鄧全悌,惇五
鄧公衍,彦達
鄧公輔,良臣
鄧再馨,蘭溪,鄧再磬
鄧冕,朝儀
鄧冠,以聰,可大,第十五
鄧剡,中甫,中齋,光薦
鄧原岳,汝高,翠屏
鄧友仁,達卿
鄧友龍,伯允
鄧可權,待庵
鄧名世,元亞,元臣
鄧向榮,元植
鄧咸齊,載菴
鄧啟,元迪
鄧啟元,幼季
鄧啟愚,良知
鄧善燮,鵠卿
鄧嘉純,笏臣,筠孫
鄧嘉緒,引之,柳人
鄧嘉緝,熙之
鄧嘉縝,季垂
鄧國培,植庭
鄧國樑,夢周
鄧圻,永圻
鄧坰,淸惠,鄧均
鄧培將,念齋
鄧培槐,宋芬,樹三
鄧培綬,春園
鄧培英,小亭
鄧培蔣,念齋
鄧墀,麗屏
鄧墉,北樓
鄧增,錦亭
鄧士廉,人麟
鄧士瑛,伯琚
鄧士璡,介人
鄧士芬,瓊史
鄧士英,伯琚
鄧士轍,慕穎,次蘇,知免
鄧夔,景韶
鄧夢琴,簣山,虞輝
鄧夢相,羽文
鄧大林,筠亭,震東
鄧天符,贊原
鄧太妙,玉華
鄧奇逢,稼軒
鄧子克,鄧子堯
鄧子龍,武橋
鄧孔豁,文貫
鄧存德,新之
鄧存詠,樹堂,樹棠
鄧孝廉,清臣
鄧孝甫,成之,鄧考甫
鄧學先,典於,虹橋
鄧學詩,崇雅,疾退子
鄧宇,仲修,子方,未詳,止菴,雲林
鄧宗孔,惟時
鄧宗齡,子振
鄧定,子靜
鄧寅春,茮園
鄧密,季明,樂全居士
鄧富第,子衡
鄧寧,仲吉
鄧寶之,琢軒,葆初
鄧射斗,班黃,雲湄
鄧尉林,暢亭
鄧尚義,以正,東澤
鄧履中,左之
鄧履圓,芳竹
鄧履純,不二
鄧山,繼申
鄧崙,惟玉,澹菴
鄧巍,惟成
鄧巨川,伯川
鄧巨源,昆發
鄧希顏,子皋
鄧師韓,仰山
鄧幼傑,宏父,第萬一
鄧庠,宗周,東溪
鄧庾,端友
鄧廣,居仁
鄧廷佐,粹園,純臣
鄧廷喆,宣人,蓼伊
鄧廷松,壺林
鄧廷枬,伯材,雙坡
鄧廷柟,雙坡
鄧廷楨,剛木老人,妙吉祥室,妙吉祥老人,嶰筠,維周,群碧樓,雙研齋,青嶰堂
鄧廷楷,碧泉
鄧廷猷,汝嘉
鄧廷瓚,宗器,襄敏,襄毅
鄧弼亮,信臣
鄧得勝,捷樓
鄧得升,斗齋
鄧得遇,淸湖,達夫
鄧御夫,從義
鄧復,惟仁
鄧德昌,賁齋
鄧德明,梓林,正甫
鄧德秀,元實,秀山
鄧德純,誠之,默齋
鄧忠臣,慎思,玉池先生,謹思
鄧思銘,建侯
鄧性,天謂
鄧恢,文廓
鄧恩錫,夢史,晉占
鄧愈,伯顏,友德,寧河王,武順,衛國公,鄧友德
鄧愛濤,潤生
鄧愷,克順
鄧慶麟,榆邨,香閣
鄧應仁,子榮,容菴
鄧應午,明父
鄧應祈,永卿,鼎石
鄧應魁,鳳山
鄧承修,伯訥,鐵香
鄧承宗,孝旃
鄧承志,鵠臣
鄧承脩,孝起,承修,鐵薌,鐵香
鄧振翼,璣環
鄧敬興,飛霞
鄧文原,匪石,善之,文肅
鄧文彪,無為子,謙伯
鄧文星,鎮湖
鄧文會,明初
鄧文林,芳芷
鄧文舉,仲文
鄧文蔚,鄧文祁
鄧文質,汝中
鄧方,方君,秋門
鄧旦,日升
鄧旭,元昭
鄧昌壽,士德
鄧明,惟遠
鄧春卿,榮伯
鄧時,恕洲
鄧時中,衛齋
鄧時俊,時俊
鄧時敏,夢巖,遜可,遜齋
鄧晅,光嵎
鄧晉,子明
鄧景儁,師厚
鄧景福,葆田
鄧景輝,夙明
鄧暄,芬卿
鄧有功,子大,月巢
鄧有緒,丕章
鄧本,尉山,尉心
鄧本端,崇正
鄧杞,邦用
鄧林,東籬
鄧林喬,子楨,子貞,玉洲
鄧林枝,散木
鄧林梓,玉山,肯堂
鄧林森,蔭田
鄧枝蕃,啟昌
鄧柔中,克強
鄧柞,成林
鄧根,深伯
鄧桂賢,國望
鄧梓,文若
鄧棟,少隆,登菴
鄧棨,孟擴,襄敏
鄧森,茂林
鄧椿,覺非叟
鄧楚望,思魯,東里,震卿
鄧楚翹,杏村,臨川
鄧業良,純臣,義臣
鄧概,冠節
鄧榆,木之
鄧槐,大材
鄧槩,冠卿
鄧樹堃,哲卿
鄧樹聲,達甫,香谷
鄧正揚,柱臣
鄧毓怡,和甫,拙園
鄧氏(季某妻),五娘
鄧永芳,龍湖
鄧汝功,謙持
鄧汝相,仲弼,南溪
鄧江城,雙美
鄧沿,循道
鄧泳,巽坡先生,德栽,德載
鄧洪震,梅台
鄧洵侯,元直
鄧洵武,子常,文簡
鄧洵異,子同
鄧洵美,鄧恂美
鄧洹,宇淸
鄧涣,用晦
鄧淮,鄧槐
鄧深,紳伯,資道
鄧淳,樸庵,粹如
鄧清淦,仲青,雲樵,雲生
鄧渼,簫曲山人,遠遊
鄧湛,定水
鄧漢,潔之
鄧漢儀,孝威,孝感,缽叟,舊山
鄧潛,華溪
鄧潤甫,安惠,溫伯,聖求
鄧澄,來沙
鄧澤,潤甫
鄧濂,似周,石瞿,顨庵
鄧瀛,介槎,尺槎
鄧炳,其文
鄧炳綱,漪舫
鄧炳綸,香慶
鄧烈,季謨
鄧烜,旭亭,譜之
鄧焯,廷昭
鄧焱,景文
鄧焲,廷耀
鄧煐,仲英,少梅
鄧熙,學可
鄧熺,世緝
鄧熿,東嵐
鄧爾復,子元
鄧爾恆,子久,小筠,文愨
鄧爾晉,子楚,紉秋
鄧牧,三教外人,九銷山人,九鎖山人,文行先生,牧心
鄧猷璋,硯堂,視堂
鄧玄挺,鄧元挺,鄧渇
鄧玉梅,克貞
鄧玲筠,沼薌
鄧珙,弘中
鄧球,應鳴
鄧琛,貢甫
鄧琮,仲權,小皋
鄧琳,文石,鼉陽居士
鄧瑔,仲源,小渠
鄧瑜,慧珏,蕉窗主人
鄧瑞彩,朝霞
鄧瑤,伯昭
鄧璋,煙村,禮方
鄧登瀛,秋泉,筱洲
鄧相,碩輔
鄧眞,存誠
鄧石,汝貞
鄧石如,完伯山人,完白,完白山人,完白山氏,完白山民,笈游道人,鄧琰,頑伯,頑白
鄧祖禹,又元
鄧祚,成材,成林
鄧祥麟,樵香
鄧福,堯臣
鄧福初,竹孫,赤存
鄧福溶,星伯,潤生
鄧福雲,淦泉
鄧禹,仲華
鄧秀,鍾英
鄧秉恆,元固
鄧秋英,佩環,菊如
鄧種麟,玉書
鄧立,公儀
鄧立忠,仲義
鄧立誠,溥泉
鄧章,綱堂,網堂
鄧約禮,文範
鄧紹良,介槎,忠武,臣若
鄧絅,衛老
鄧綏,和熹皇后
鄧綰,文約
鄧繁楨,墨嫻,繁貞
鄧繹,保之,辛楣
鄧繼曾,士魯
鄧纘先,芑洲
鄧美政,南德,少溟,尚德
鄧翰,希召
鄧考甫,成之
鄧聘君,邦老
鄧肅,子宏,志宏,栟櫚
鄧自松,駐鶴,鹿莊
鄧至,二江
鄧臺恩,鑒堂
鄧良知,未孩
鄧若水,平仲
鄧茂生,秀實
鄧茂蘭,穀音
鄧莫右,作聘
鄧華熙,和簡,小石,小赤,筱赤,納楹書屋,鶴子
鄧萬吉,薌田,蘊田,鄉田
鄧萬斛,汝庸
鄧葵友,湘嵐
鄧蓉鏡,蓮裳
鄧藝孫,繩侯
鄧藩錫,晉伯,雲中
鄧蘩貞,墨嫻
鄧蜚英,秀實,第小八,茂實
鄧衍,慶長
鄧裕孝,子仁
鄧裴,又楷,東湖
鄧襄宸,載書,黻堂
鄧觀,我生
鄧觀光,觀孫,賓王,賓生,賓用
鄧觀國,德光
鄧詧,慎之
鄧諒,彥誠
鄧諫從,元卿
鄧謙,少于,忠毅
鄧謙利,淵溪
鄧讓,敏巽
鄧貴,安達
鄧貽謹,醇丞
鄧資深,文江
鄧賓,光賓
鄧賚,夢巖
鄧賢性,節民,風民
鄧賢芬,薌甫
鄧起宗,光甫,海陽
鄧輔綸,彌之
鄧輪,伯衡
鄧輿,伯載
鄧逢光,厚庵,容昭
鄧逢恩,字謙,宇謙
鄧道樞,山房,應叔
鄧遠舉,鄧似愷
鄧遷,世喬,文巖
鄧邦述,三李庵,孝先,寒瘦山房,懬齋,正闇,正闇學人,正闇居士,漚夢,漚夢老人,百靖齋,穴硯齋,群碧居士,群碧樓,群碧翁,蓼園,雙漚居
鄧邦達,誦臧,蹇盦
鄧酢,賓禮
鄧鈞,石亭
鄧鈴,德和
鄧鉉,文鼎
鄧鉞,邦靖
鄧銓,孔衡
鄧銘善,仲蒲
鄧錫瑞,舜廷
鄧錫禧,易菴
鄧錫禮,悔軒
鄧鍈,茝江
鄧鍊,文純
鄧鍾岳,寒香閣,悔廬,東長
鄧鎔,壽遐,守瑕,拙園
鄧鏞,朝器
鄧鏡涵,月波
鄧鑾,鳴仲
鄧長信,玉符,璧園
鄧長春,常春
鄧開運,恬齋,瘦梅
鄧隆,玉堂
鄧雅,伯言
鄧雅言,鄧雅炎
鄧雲和,魯山樵隱
鄧雲程,扶風
鄧雲霄,玄度
鄧雲龍,古衢
鄧順,行健
鄧頤,行正
鄧顒,伯昂,作昻,忠毅,忠襄,恭毅,韶之
鄧顯?,子振,耘渠,雲渠
鄧顯鵬,圖南,昆化
鄧顯鶴,南村老人,子立,湘皋
鄧顯麒,鄧顯麟
鄧颺,虞階
鄧馹,千里
鄧駒昂,燕如
鄧驛,千里
鄧驥,德稱
鄧鵬齡,息六
鄧鶴,子臯
鄧黻,文度
鄧鼎,居易,廷器
鄭?,子行,燕歇
鄭【鹵木】,景實
鄭㷓,雲厓
鄭䫧,介五
鄭䫨,思謙,文克,雪軒
鄭一,定芬
鄭一信,君允,石巖
鄭一初,朝朔,紫坡子
鄭一統,朝慶
鄭一鵬,廷舉
鄭一鸞,鳴陽
鄭一麟,世禎
鄭一龍,于田
鄭三俊,用章
鄭世任,弼卿,莘田
鄭世元,亦亭,耕餘,黛參
鄭世威,中孚,環浦
鄭世恭,家熊,虞臣
鄭世燾,蔚莊
鄭世璜,惠晨,蕙晨
鄭世虎,子仁,孝簡,西溪
鄭世規,君則,景憲,東里
鄭世雅,剛義,和叔,湖叟
鄭丙,少融,簡肅
鄭中,正和
鄭中立,從之,鄭立中
鄭中節,發之,詘齋
鄭之僑,東裏,茂雲
鄭之奇,律然
鄭之悌,夢錫,茂愷
鄭之文,南軒
鄭之模,竹泉
鄭之民,可行
鄭之琮,靜山
鄭之璞,大玉
鄭之純,俊卿,慧孫,第七,粹中
鄭之罕,展宗,賓日
鄭之翀,天飛
鄭之范,憲正,龍圖
鄭之虎,子皮,霧隱
鄭之諶,野謀,鑒山
鄭之雲,秋巒,靜而
鄭九敘,西塍
鄭事道,希中
鄭二陽,潛庵
鄭云敬,廉義
鄭亦林,質存
鄭亨,忠毅,武安侯
鄭亨益,時諧
鄭京鏞,華廷
鄭亮,汝明
鄭人康,敝亭,轍亭
鄭人琦,敬庵
鄭人逵,克漸
鄭仁傑,克俊
鄭仁弘,來菴,德遠
鄭仁穎,惟一
鄭仁表,休範
鄭介夫,以居,鐵柯
鄭介淸,困齋,義伯
鄭仔,肩予
鄭以偉,子器,文恪,方水
鄭以吾,愚谷,文定,粹可,郊隱
鄭以周,惺齋,由盛,邦武
鄭以和,琴仙,芝雲
鄭以文,彥章
鄭仰虞,次郊,繼庠
鄭仲和,惠邨,成鏗
鄭仲熊,行可
鄭仲路,文載
鄭任鑰,惟啓,惟啟,魚門
鄭伉,孔明,敬齋
鄭休遠,鄭休達
鄭伯海,彥容
鄭伯熊,文肅,景望
鄭伯玉,寶臣
鄭伯興,子振
鄭伯英,景元,歸愚翁
鄭伯謙,節卿
鄭伸,君舒
鄭佐,時夫
鄭佐霖,景傳
鄭佑,孔佐
鄭何,弘度
鄭作,宜述,方山子
鄭作肅,恭老
鄭佩珩,季珍
鄭佩瑀,玉如
鄭佩莊,約齋
鄭佶,子正
鄭來,朋集,松蓮,萊公
鄭來僑,浣巖,潤卿
鄭侊,子謙,松軒
鄭侑,寬誠
鄭保,雪谷
鄭保恬,鄭葆恬
鄭俞,鄭二
鄭俠,一拂居士,介夫,大慶居士
鄭信,德孚
鄭信陵,仙儀
鄭修,季常
鄭倫,子夔,𤨔谷野人
鄭倬,守而
鄭值,榕海
鄭偘,德言,村邊,鄭潛甫
鄭傑,汝興
鄭僅,修敏,彥能
鄭僐,去非
鄭僑,回溪,忠惠,惠叔
鄭僑生,惠菴
鄭儀孫,翠屏
鄭儉,元禮
鄭儋,白雲翁,鄭中丞
鄭允元,烈愍
鄭允宣,嘉言
鄭允德,良甫
鄭允端,正淑
鄭允諲,愼叟,雪松
鄭允謙,益夫,莊襄
鄭允騋,彥逸
鄭元,伯生
鄭元勛,超宗
鄭元勳,媚幽閣,影園,惠東,超宗
鄭元化,賛可
鄭元奎,厚齊,厚齋
鄭元慶,子餘,小谷口,芷畦,谷口
鄭元昭,嵐屏
鄭元璧,用蒼,錫侯
鄭元璲,元璲
鄭元璹,德芳
鄭元祐,尚左生,明德
鄭元鐸,思文,春園,警齋
鄭兆杞,梓臺,樵雲
鄭兆珏,悔園
鄭兆蘭,馨如
鄭兆龍,二泉,偕亮,秋槎
鄭先慶,亦懷,公懷,肯崖
鄭先聲,子瑞
鄭光圻,書南
鄭光增,明之
鄭光弼,士勛,守夫,文翼
鄭光溥,伯公
鄭光琬,鄭光琓
鄭光祖,德輝
鄭光策,蘇年,西霞
鄭光績,南坡,景勛,翼正,西澗
鄭光露,器之,狂奴
鄭克,克明
鄭克和,克和
鄭克塽,實宏,晦堂,秦舍
鄭克寬,伯厚
鄭克己,仁叔
鄭克後,孝翼,雙峯
鄭克昌,壽卿,惠卿
鄭克明,省庵,贊臣,鏡亭
鄭克昭,克昭
鄭全和,燮卿
鄭全禮,聚亭
鄭八娘,八娘
鄭公大,純道
鄭公孫,仲叟
鄭公敏,明之
鄭公明,仲遠
鄭公智,叔真,叔貞
鄭公望,孔璋
鄭公玉,潤父,潤甫
鄭公顯,隱之
鄭六文,星堂
鄭其儲,又梁,拱麓堂,紅槿山房,虛齋
鄭其藻,儀九,彞九
鄭兼才,六亭,文化
鄭冕,宜端
鄭准,不欺,孟川
鄭利宣,吉甫
鄭制宜,忠宣,扶威,納懷
鄭則仁,子安
鄭剛中,亨仲,北山,忠愍,漢章,觀如
鄭勔,如愚,汝强
鄭勛,景周
鄭勝元,心孚
鄭勤,必成
鄭勳,景周
鄭勵,勉仲
鄭勷,剋襄,贊庵
鄭千齡,耆卿,貞白
鄭升之,公明
鄭卓,才英
鄭協,十四,用中
鄭南,明仲
鄭南升,文振
鄭南卿,仲升
鄭卞,子憲
鄭卿,十七,君輔
鄭厚,叔文,景棠,景韋,湘鄉先生,溪東先生
鄭原善,復初
鄭參,仁楷
鄭友周,毅軒
鄭友玄,元韋,淡石
鄭叔周,子楨
鄭叔度,嘉量
鄭叔忱,允迪,扆丹,爾丹
鄭叔熊,正夫,野甫
鄭可學,子上,持齋
鄭可復,彥修
鄭史,惟直
鄭吉甫,希憲,敬庵
鄭同,本初
鄭同玄,鄭同元
鄭同翁,景壽
鄭名,君實
鄭名世,伯時,獨谷
鄭向,藎之
鄭君老,邦壽,靖節先生
鄭君薦,瑞國,章公,第九十九
鄭命三,錫堂
鄭和,三保,三保太監
鄭和卿,伯安
鄭唐臣,師稷
鄭唐舉,克臣
鄭善,士元
鄭善夫,少谷,繼之
鄭善興,慶遠
鄭善鳴,聲遠
鄭喧,宣伯
鄭喬年,松亭
鄭喬林,春溪
鄭喬遷,仰高,耐生
鄭嗣武,有懷
鄭嗣祖,士榮
鄭嗣誠,明叔
鄭嗣鍾,本立
鄭嗣音,芳沚
鄭嘉,元亨,柿庄先生
鄭嘉正,叔張
鄭嘏卿,笛樓
鄭噩,仲酉
鄭四端,充甫
鄭國仕,允升
鄭國任,藥房
鄭國佐,振華
鄭國俊,君籲
鄭國斌,耀廷
鄭國柱,藎臣
鄭國棟,東軒
鄭國泰,永晠,永誠
鄭國翰,佛先,善良,第三十一,良佐
鄭國賓,九十,抱樸子,汝嘉,越渠
鄭國鴻,忠節,雪堂
鄭地,景烈
鄭坦,履之
鄭垕,載叔
鄭城,念橋,晚晴
鄭域,中卿,松窗
鄭培,澍滋,蕙園
鄭培義,宜亭,宜旃
鄭基,本初
鄭堅,子筠
鄭堡,子固
鄭增榮,錫三,錫山
鄭士利,好義
鄭士向,冶亭
鄭士均,秉衡
鄭士寰,名區
鄭士忠,廷獻
鄭士恆,久成,士恆,居真,居貞,鄭久成
鄭士懿,定齋,從之
鄭士穎,京甫,第十六,茂叔,道生
鄭士蕙,柏崖,蕓若
鄭士誠,子明,芝軒
鄭士謐,定齋,從之
鄭士超,貫亭,貫庭
鄭士龍,湖陰,雲卿
鄭壬,有林
鄭壽,龜齡
鄭壽期,舜年,谷口,貞簡
鄭夢協,南谷,新恩
鄭夢周,圃隱,文忠,達可
鄭夢登,必用
鄭夢眉,畏庵,警瞻
鄭夢薦,汝賢
鄭夢鈞,景石
鄭夢錦,織雲
鄭夢霖,宗傳,巖翁,希說,第三十三
鄭夢龍,子俊
鄭大中,義甫
鄭大同,于野,皆吾
鄭大和,太和
鄭大年,忠貞,思菴,景老
鄭大德,改之,獨石,衣聞
鄭大惠,子東,谷心
鄭大業,士心
鄭大民,中立
鄭大海,德容
鄭大節,籜垞,臨之
鄭大經,正之,湘溪
鄭大綸,掌之,補之,言絲
鄭大誠,鄭啟綸
鄭大謨,青墅
鄭大進,勤恪,愛日堂,謙基,譽捷,退谷
鄭天佐,金峰
鄭天佑,一卿,七樓
鄭天民,先覺
鄭天章,倬雲
鄭天翼,輔叔
鄭天覺,佚耕
鄭天錦,有章
鄭天麟,德甫,菊存
鄭太和,囿春,忠翼,翼憲,陽坡
鄭夬,揚庭
鄭奇龜,異瑞
鄭奎雄,蓉軒
鄭奎齢,壁西,璧西
鄭奕夫,景尹,習齋
鄭好謙,不已
鄭如岡,山甫
鄭如海,頡蘇
鄭如瀾,碧武
鄭如珪,伯玉
鄭如英,無美
鄭如蘭,芝田,香谷
鄭始成,晩休堂,集卿
鄭姍,瑤軒,鄭珊
鄭嫮,玉虛
鄭子兆,蕓青
鄭子堂,升高,靑松
鄭子恭,孟肅
鄭子遇,宋弼
鄭存仁,子義
鄭孝俊,孝于,樂晩,齊順
鄭孝全,忠景
鄭孝常,可久,齊安
鄭孝成,休休子,述初
鄭孝檉,稚辛
鄭孝純,上穎
鄭孝胥,夜起庵主,太夷,止足齋,海藏,海藏樓,海藏樓主人,盟鷗榭,蘇勘,蘇堪,蘇婿,蘇庵,蘇戡,蘇盦,蘇龕,鄭蘇堪,鄭龕
鄭季夫,功叔
鄭季明,明仲
鄭季春,蘭堂
鄭學銳,揆一
鄭守仁,獨冷先生,蒙泉
鄭守孟,傳恂,海騶
鄭守廉,仲濂,傳勤
鄭守弘,楓川,毅伯
鄭守忠,敬夫,文節
鄭安,康民
鄭安仁,仰山
鄭安允,信川
鄭安夫,仲修
鄭安民,敬修
鄭安道,義齋,鄭乾道
鄭宏,克寬
鄭宗仁,體元
鄭宗光,耀臣
鄭宗堯,嗣勛
鄭宗學,汝志
鄭宗強,南夫,坦溪
鄭宗彜,東亭,毳五,鄭宗彛
鄭宗彝,毳五
鄭宗榮,仁吉,恒齋,靖憲
鄭宗汝,翼之,雨薌
鄭宗源,德玉,第二
鄭宗溟,士朝,華谷,薜隱
鄭宗玉,小時
鄭宗載,本厚
鄭定,孟宣
鄭宜香,小帶
鄭宣,士達
鄭宣化,獅南,行義
鄭家夔,定韶,莪懷
鄭家麟,商年,家令
鄭容,伯寬
鄭寀,載伯
鄭寅,思敬
鄭富,中虛
鄭察罕不花,碧泉
鄭實,子聲
鄭實活,郎實活
鄭寧,志道,靜齋
鄭寳,時珍
鄭寶琛,子珍,越舫
鄭尊仁,仰山
鄭小康,愚谷山人
鄭小陽,小陽
鄭少微,明舉,木雁居士
鄭少明,子信
鄭少連,儀魯
鄭少雅,子琴
鄭少魏,良臣
鄭居中,心初
鄭居仁,義夫
鄭居智,知道,鄭彥智
鄭居誼,宏叔
鄭履淳,伯寅,叔初
鄭岑,子高
鄭岳,曉園
鄭崇,尚德
鄭崇儉,大章
鄭崇敬,紫綬
鄭崇禮,敬夫
鄭崈,志夫
鄭崑壽,忠愍,慶陰,朝隱,栢谷,汝仁
鄭崑瑛,彥卿
鄭崑璧,澹菴
鄭崑璽,卜嵐
鄭嵎,憲光,賓光
鄭嵩齡,芝岩,芝巖
鄭嶲,邠秀
鄭嶸,天廷
鄭巖,君傳
鄭己,克修,鄭已
鄭希甫,源明
鄭希登,元龍,毅愍
鄭希良,淳夫,虛庵
鄭師僑,望枚
鄭師孟,存齋,齊卿,齋卿
鄭師濂,鴻雲
鄭師灼,俊三,少詹
鄭師申,景崧
鄭師貞,鄭師冉
鄭序,志禮
鄭廉,介夫,戒德,石廊
鄭廣,仁泰
鄭廣成,壽伯,濟谷
鄭廣敬,公直,秋川
鄭廷實,禮賢
鄭廷建,履坡
鄭廷涖,慕林
鄭廷璈,聲玉
鄭廷芬,國華,鄭庭芬
鄭廷鵠,元侍
鄭建,一中
鄭建古,時述
鄭弘,道熙
鄭弘佐,裴仲
鄭弘德,八松
鄭弘溟,三癡,子容,文貞,畸庵
鄭弘翼,休翁,休菴,休軒,忠貞,翼之
鄭強,南美
鄭强,南美
鄭弼,諧甫
鄭彝,元秉
鄭彥信,懶庵,立夫
鄭彥慤,謹夫
鄭彥緗,叔縑,迓香
鄭彦忠,良甫,默齋
鄭彦霅,子容
鄭彬,全文
鄭後僑,惠卿
鄭得書,子讀,心緝
鄭復光,元甫,浣香
鄭復天,剛齋,叔道
鄭復始,以建,桂潭,桂軒
鄭德峻,竹隱
鄭德崇,染峯,象峯
鄭德懋,應雲,枚和,聞箏道人
鄭德柔,鄭氏
鄭德樞,紫垣
鄭德玉,瑤華
鄭德珪,子潤
鄭德璋,子振
鄭德璜,學圃,渭珍,蕙津
鄭德美,景韶
鄭德耀,景吾,薇窩
鄭德芬,柏人
鄭德起,功父
鄭德鄰,君瑞,雲南
鄭心經,樗散老人,醉六
鄭必明,南仲
鄭志仁,安甫
鄭志宏,昆山
鄭志海,鄭洪慶
鄭志濂,友梁,友溪,友漢
鄭忠,原凱
鄭忠佐,元老
鄭忠信,可行,忠武,晩雲
鄭忠敬,執安,秋安
鄭忠樑,國幹
鄭忠陛,獻赤,理齋
鄭忬,前村,羲民
鄭思儉,直制
鄭思壬,淵如
鄭思忱,景千
鄭思恭,子禮,鄭安思,鄭安恭
鄭思永,景修
鄭思溫,彥容
鄭思紀,宗禮
鄭思肖,三外野人,億翁,憶翁,所南
鄭思賀,黻門
鄭思贊,寅階,廷襄,聽湘
鄭思適,友仲
鄭性,南溪,義門
鄭性之,信之,文定,毅齋,行之,鄭自誠
鄭恂,約禮
鄭恕,惠節,本忠
鄭恕己,恕己
鄭恩贊,延襄
鄭恭,子安
鄭恭和,仲協,寅卿
鄭恭楚,君武
鄭悛,八溪
鄭悠,孟大
鄭悰,獻愍
鄭惇儒,景真
鄭惇典,君勑
鄭惇忠,景孚
鄭惇方,希道
鄭惕,君吉,杏村
鄭惟一,子中,文峰
鄭惟僑,子愛
鄭惟吉,吉元,林塘
鄭惟孜,修來,韋庵
鄭惟桓,二十,用文
鄭惟沉,巨源
鄭惟誠,伯明
鄭愈,希賢
鄭愔,文靖,鄭五
鄭愛貴,思齋
鄭愷,和叔
鄭愿中,鄭願中
鄭慕,師舜
鄭慧瑩,明湛
鄭慶,有章
鄭慶師,有年
鄭慶英,婉若,雲芝
鄭慶雲,劍溪
鄭憲,有度
鄭應,剛中
鄭應元,建亭
鄭應先,復古
鄭應子,鄭應之
鄭應斗,伯樞,東海
鄭應明,晦叔
鄭應申,景崧
鄭應辰,伯時
鄭應雷,景元
鄭應麟,麟之
鄭應龍,少慈
鄭懋修,海仙
鄭懋德,成昭
鄭懋緯,承聚,景璧
鄭懷,國珍
鄭懷德,端本
鄭戎,思訓
鄭成功,國姓爺,大木,延平郡王,忠節,成功,明儼,朱成功,森舍,鄭森
鄭成章,孔南,少仙
鄭戩,天休,文肅
鄭才,印浦
鄭承,鄭永
鄭承光,承光
鄭承列,康江,鹿江
鄭承吉,雉皋
鄭承復,景胤,玉溪
鄭承祖,述而
鄭招,悅之,文景
鄭拱,恭甫
鄭振,亨叔
鄭振光,明初
鄭振圖,咸山,紹俠
鄭振聲,文亭,獬才,紹康
鄭挺,不群,秦濤
鄭捷三,寄琴
鄭掄元,善長
鄭接武,泰先
鄭揆,蒙庵
鄭揚,國明
鄭揚芳,對廷,覲卿
鄭搆,永慕菴,肯甫
鄭損,慶遠
鄭摠,復齋,文愍,曼碩
鄭摶,子萬
鄭撝,流謙
鄭撥,子固,忠壯,白雲
鄭播,伯豐
鄭擢,春谷,汝魁,築隱,翼景
鄭敍,瓜亭
鄭敏行,健菴,勉甫
鄭敦九,止川
鄭敦允,兆南,止川,白石園樵,芝泉
鄭敦曜,蕓岡
鄭敦祜,壽丞
鄭敦謹,叔厚,叔原,小山,小珊,恪慎,松峰,筱山,陸軒
鄭敩業,幼惺,覺民
鄭敬,子和
鄭敭,揚休
鄭敷教,士敬,桐庵
鄭文奎,永章
鄭文孚,子虛,忠毅,農圃
鄭文寶,仲玉,仲賢
鄭文康,介庵,介菴,時乂
鄭文晦,子明
鄭文材,梓堂
鄭文泰,達卿
鄭文瀚,錦清,錦濤
鄭文焯,俊臣,大鶴山人,小坡
鄭文熊,侶仲,呂仲
鄭文瑞,子祥
鄭文經,國寳
鄭文茂,六十三,實夫,寶夫,杞山
鄭文藻,采章
鄭文蘭,香嚴
鄭文融,文融,順卿
鄭文遹,庸齋,成叔
鄭文頤,朵雲
鄭斗,東山翁
鄭斗卿,君平,東溟
鄭斗平,時乎
鄭斗源,丁叔,壺亭,敏忠
鄭斗煥,丙文,松窗
鄭斗祥,一卿
鄭斯立,立之
鄭新之,子在
鄭方坤,則厚,荔鄉
鄭方城,則望,石幢
鄭方平,道卿
鄭日偉,梧軒
鄭日奎,次公
鄭日學,可久,泊庵
鄭日新,孔作
鄭日華,重光
鄭日衛,梧軒
鄭旻,世穆
鄭旼,慕倩
鄭昂,文謙
鄭昂霄,顯卿
鄭昆璧,澹庵
鄭昇,元舉
鄭昈,鄭二十
鄭昊,祖欽
鄭昌,竹溪
鄭昌孫,孝仲,忠貞
鄭昌衍,景眞,水竹
鄭昌運,熙階,雍儀
鄭昌齡,夢錫
鄭明,蒙格克托
鄭明允,志上
鄭明循,南陔
鄭明良,亮公
鄭易,栢亭,貞度,順之
鄭昕,彥昇
鄭昜,栢亭,貞度,順之
鄭昭先,文靖,日湖,景明,景紹
鄭昭叔,顯仲
鄭昭祖,敬齋
鄭昱,時暉
鄭昺,季明
鄭時,宗良
鄭時中,以道
鄭時凝,汝績
鄭時擧,一鵬,靜齋
鄭時章,文敘
鄭時舉,子待
鄭晃,晦之
鄭晉,子從
鄭晞璹,介之
鄭晞顔,鄭希顔
鄭普,汝德,海亭
鄭普演,太白,晩昌
鄭景儀,易之
鄭景平,希尹,晞尹
鄭景會,又韓,慕韓,海門,聚瞻
鄭景純,夢得
鄭景衡,潛尹
鄭景誠,默齋
鄭晳,岳南,白也
鄭智,居貞
鄭暹,蘇門,駿初
鄭曄,守夢,文肅,時晦
鄭曉,明之
鄭曉如,意堂,意堅
鄭曠,季明
鄭曾,景參
鄭曾子,唯齋,子可
鄭會,亦山,文莊,文謙
鄭會龍,元魯,汝詠,第七七
鄭有周,郁之
鄭有年,國瑞
鄭有開,先之
鄭朋錫,我承
鄭朗,有融,澹菴,燦章
鄭望之,顧道
鄭期遠,士重,忠毅,見山
鄭木潤,以德,安國,安老,第千八
鄭本勤,春農
鄭本柔,本柔
鄭本海,頡蘇
鄭本玉,春農
鄭本立,充道,百四
鄭本鈞,笙樓
鄭材,思成
鄭杓,子經
鄭東,子元
鄭東卿,含沙漁父,少梅,少海
鄭東白,叔曉
鄭杲,羲民
鄭松,特立
鄭枋,叔車
鄭林,伯森
鄭林益,鶴齢
鄭柏,叔瑞
鄭柔,克剛
鄭栗,景實
鄭栻,敬甫,明菴
鄭格,迪民
鄭桂高,子山
鄭桓,居貞,忠愍
鄭梁,子夏,寒村,禹梅
鄭條,金斗先生
鄭梧英,麗若
鄭棟,公宇
鄭棠,公遠
鄭森,盛卿
鄭椿年,春卿
鄭楠,蒼林,誌星
鄭楨,翰周
鄭楫,渙之,漁之
鄭業敩,君覺,幼惺
鄭業綠,淑荃
鄭楷,汝式
鄭概,應鼎
鄭榏,子濟,旭軒
鄭榤,熟甫
鄭榦,叔恭
鄭榮,公澤
鄭榮國,灌園,邦彦
鄭槪,鄭十六
鄭樗,無用,玄輔,空同生
鄭樞,公權,圓齋
鄭模,東里
鄭樵,夾漈先生,漁仲
鄭樸翁,宗仁
鄭機,春園
鄭檝,叔通
鄭欽,叔欽,芝村
鄭欽之,堯佐,文景
鄭欽言,欽言
鄭欽陛,敬齋,萍菴
鄭歚,元伯,兼艸,蘭谷,謙齋
鄭正義,宜之
鄭步雲,升揆,養田
鄭毅,立之
鄭毓賢,鶴村
鄭氏,孝寧太皇后,恭恪惠榮和靖皇貴妃
鄭氏(上官庭芝妻),鄭氏
鄭氏(梁皎妻),季玉
鄭氏(趙佶妻),顯肅
鄭氏(鄭朗女),子章,悟玄,鄭氏
鄭氏(鄭澍女),鄭氏
鄭氏(鄭魯女),觀音
鄭氏（孝明皇后）,孝明皇后,孝明皇太后
鄭氏（昭德皇后母）,郕國夫人
鄭氏（王珪妻）,冲靜大師
鄭民度,仲祥
鄭民彝,德常
鄭民瞻,叔巖
鄭民秀,士俊,月菴
鄭永,和珍
鄭永修,崞峰,慎齋
鄭永年,壽卿
鄭永禧,渭川,緯臣
鄭永貞,元根
鄭汝昌,一蠹,伯勗,文獻
鄭汝璧,二十九,崑巖,邦章
鄭汝礪,浣溪
鄭汝立,仁伯
鄭汝美,希大,白湖居士
鄭汝翼,鵬擧
鄭汝舟,宜濟,少野
鄭汝諧,仲和,遯齋
鄭汝輯,星舟,若川
鄭江,小冠杜子夏人,書帶草堂,璣尺,筠谷,篔谷,簣谷,荃若
鄭沁,子靜
鄭沂,聖予
鄭沄,晴波,楓人
鄭沅,叔進
鄭沆,深之
鄭沛溶,晟川,麗川
鄭河,師程
鄭泗,子魯
鄭泰,定齊,定齋
鄭泰齊,三堂,東望,菊堂
鄭泳,仲潛,半軒
鄭洙,聖源
鄭洛,禹秀,範溪,襄敏
鄭洛書,啟範,思齋
鄭洧,仲宗,貞義處士
鄭洧林,愛亭,燮亭
鄭洪,恭簡
鄭浙,三十六,文川
鄭浣,新之,謙齋
鄭浦,仲淮
鄭浩,遠中
鄭浩然,珠泉
鄭浮,升之
鄭涇,第云十,龔濟
鄭淑,荇洲
鄭淑昭,班班
鄭淑樂,宗韶,梅修
鄭淑止,菊生
鄭淑璋,仲瑜,子瑜,靜庵
鄭淑端,嵐屏
鄭淑雲,從一
鄭淡,勿齋
鄭淮,長源
鄭深,仲幾,浚常
鄭淵,仲深,松谷,貞肅
鄭淶,十七,子水
鄭清,廷憲
鄭清之,安晚,德源,忠定,文叔,鄭燮
鄭清卿,子直
鄭清子,景夷
鄭渙,仲釋
鄭渭,伯陽
鄭湘,湧泉,鏡泉
鄭湘蘭,健持,漱香
鄭湛,彦潔
鄭湜,仲持
鄭源,仲遠
鄭源彬,汝宜
鄭源渙,與聚
鄭源燾,瑤塘
鄭準,正衡
鄭溥,元溥
鄭溥元,苓泉
鄭溫,隅谷
鄭溫球,耀遠
鄭溱,平子,秦川,蘭皋
鄭溶,柔則
鄭滁孫,景歐
鄭滋,德象
鄭滿,滿才
鄭漁,子淵
鄭演元,庚生,念文
鄭漢,仲昭
鄭漳,世績
鄭潛,彥昭,樗菴
鄭潤材,惠林
鄭潤章,雨亭
鄭澂,秋浦
鄭澈,季涵,文淸,松江
鄭澔,丈巖,仲淳,文敬
鄭澣,鄭十,鄭涵
鄭澤,叔容,叔瀛,蘿庵
鄭澤雷,休吉,忠潔,花岡
鄭澥,子山
鄭濂,仲德,采苓子
鄭濆,信士
鄭濟,輿梁
鄭濟先,美叔
鄭濟甫,逢原
鄭濟美,德輝,萼樓
鄭濤,仲舒
鄭濬,克明,峰西
鄭濬甫,逢原
鄭瀁,孚翼子,抱翁,文節,晏淑
鄭瀛,子山
鄭炅,休光
鄭炎,南仲
鄭炘,卜泉,小泉
鄭炤,叔昭
鄭炯,叔亮
鄭炳,元炳
鄭為光,晦中,次嚴
鄭為旭,方旦
鄭為虹,天玉,忠烈
鄭為龍,令候,雲從
鄭烱,章甫
鄭焕,文伯
鄭煋,烈山
鄭煒,炎洲
鄭煜,晝人
鄭煥,蘊彩
鄭煥彪,崑山
鄭照良,芝亭
鄭熙,緝亭
鄭熙啓,良景,養性軒
鄭熙績,懋嘉
鄭熜,哲人
鄭熥,海淵
鄭熲,三明
鄭熾昌,壽人,矞璇
鄭燁,宗海
鄭燪,雲崖
鄭燭,景明,遠齋
鄭燮,乾隆東村書畫史,克柔,剋柔,徐門藤下牛馬走,所南翁後人,板橋,板橋道人,樗散,樗散人,橄欖軒,淸暉書屋,濰夷長,無數青山拜草廬,然藜閣,爽鳩氏,老畫師,近人,鄭大,銅菩薩庵,闆橋,雪浪齋,風子
鄭燿三,沛然,浦然,浩然
鄭爚,君瑞
鄭爾說,鼎殷
鄭牧,用牧
鄭物,右愚,格夫
鄭猗菉,溪晦
鄭猷宣,利鏗,剋齋
鄭獬,毅夫,義夫
鄭獮,繼中
鄭獲,必先
鄭獻甫,小谷
鄭獻翁,帝臣
鄭玄,康成
鄭玉,崑侯
鄭玉珩,箬溪,荊璞
鄭玉賀,春盎
鄭王賓,利用
鄭玠,太玉
鄭玨,思白
鄭珍,玄之
鄭珏,廷貴
鄭珞,希玉
鄭珤,君巖
鄭珪,叔瀾
鄭球,乖隱,大鳴
鄭理,石莊
鄭琇,帝釋
鄭琢,子精,栢谷,藥圃,貞簡
鄭琦,蓮谿
鄭琮,叔方
鄭瑄,廷璽
鄭瑎,晦之,章敬
鄭瑗,仲璧
鄭瑛,邦潤
鄭瑜,楚玉
鄭瑞,孟祥
鄭瑞星,廷奎,聚井
鄭瑞麒,其昌,瑩圃
鄭瑤,彥英
鄭瑩中,清叔
鄭瑴,忠穆,致剛
鄭瑾,懷昆
鄭瑾娥,瑜生
鄭璇,蓴邨
鄭璉,希貢
鄭璋,次純
鄭璘,煥文
鄭璜,景玉
鄭璠,德美
鄭璧,子良
鄭環,栗菴,瑤夫
鄭璹,伯壽
鄭璽,玉章
鄭璿,國英
鄭瓊,德潤
鄭瓊詔,九丹,苹野,蘋野
鄭瓐,純甫,鄭玸
鄭瓘,十七,威飛,溫卿
鄭瓛,信卿,思齋
鄭用錫,在中,祉亭
鄭用鑒,明卿,藻亭
鄭由熙,伯庸,堅翁,曉涵
鄭甲孫,仁仲,貞節
鄭申之,惟任
鄭甸,畯夫
鄭畋,仲繡,台文,文昭,鄭大
鄭當,膺吉
鄭登高,曰進
鄭發,致中
鄭發先,景仁
鄭白麟,七房鄭氏
鄭百亨,德後,忠景
鄭百昌,大灘子,天容,德餘,玄谷,谷口
鄭百樂,鄭百藥
鄭益,子友
鄭益孚,惠心,誠山
鄭益祥,進卿
鄭直,古愚
鄭省英,修千,明志
鄭眉壽,愚齋,昭平,耆叟
鄭眞,千之,滎陽外史
鄭真,惟誠
鄭知剛,季和
鄭知同,伯更,屈廬
鄭知和,南谷,禮卿
鄭知年,有永,老松亭
鄭知微,先覺,冲和靜素法師
鄭知賢,道鑒
鄭矩,仲常,雲壑齋,靖節
鄭石,伯順
鄭矼,信仲
鄭碏,古玉,君敬
鄭碩儁,汝秀
鄭碩堅,子建
鄭磁,濟仲
鄭祖德,彥循
鄭祖球,受之,笏思
鄭祖琛,夢白
鄭祖經,西峯
鄭祺,彥禧
鄭祺先,介甫
鄭祿,克敬
鄭祿昌,卿珊,天章
鄭福照,容甫,潔園
鄭禧,熙之
鄭禮,中夫
鄭秀申,實夫
鄭秉厚,子載,滄蓮
鄭秉恬,雲壑
鄭秉成,月卿,樾青
鄭種,吾老齋,畝夫,襄平
鄭穆,應和
鄭穎,志齋,茂叔
鄭立,可興
鄭立中,從之
鄭立之,鄭立
鄭端,司直
鄭端玉,朗如
鄭符,夢復
鄭箋,詩農
鄭節,介甫
鄭範,季洪
鄭篪,韻齋
鄭篯,允鑒,肖彰
鄭簠,谷口
鄭粱,安康
鄭紀,龜年
鄭紆,武仲
鄭紓,武仲
鄭純,全真
鄭純奎,星曜
鄭紘,士冕
鄭素履,有恆
鄭紱,一閒居士,仲端
鄭紳,公珮,敬菴
鄭紹,仲賢
鄭紹孫,繼先
鄭紹忠,心泉,鄭金
鄭紹方,統正
鄭紹書,琴軒
鄭紹曾,榕生
鄭紹謙,受山,鄭榮元
鄭絅,子尚
鄭絪,文明
鄭經,世藩,元之,式天,錦舍
鄭經世,愚伏,文莊,景任
鄭維垣,用文
鄭維城,伯明
鄭維岳,吉甫,東村,癯溪
鄭維琪,鄧維琪
鄭維翰,季申,默園
鄭維誠,伯明
鄭維錫,熙卿
鄭維駒,千之,諮臣
鄭綮,蘊武,鄭五
鄭綸錫,南擔
鄭綺,汝文
鄭緒鴻,雨春,雨香
鄭縉,德芳
鄭縝,公玉
鄭績,其凝
鄭繩祖,孫卿,翼堂
鄭繼之,伯孝,善夫,鄭継之,鳴峴
鄭纘祖,孝伯,睡隠
鄭罕,言仁
鄭群,宏之
鄭義孫,耘翁
鄭羽儀,敬生
鄭習仁,顯叔
鄭翔,朝擧,朝舉
鄭翠容,蓮卿
鄭翰,仙洲
鄭翰蒪,秋羹,郑翰莼
鄭翰蓴,秋羹
鄭翼,鄭世翼,鄭代翼
鄭翼之,榮恭
鄭翼祖,燕庭,蔚庭
鄭耀祖,麟孫
鄭耕老,穀叔
鄭聖颺,弼庵,方金
鄭聞,仲益,正獻
鄭肅,文捷
鄭肇,大初
鄭肇之,子仁
鄭能定,應夫
鄭能應,定夫
鄭自得,資之
鄭自璧,采東
鄭自立,介夫,叔昭
鄭自英,文長
鄭臯,懋堅
鄭至,止庵
鄭至道,保衡
鄭致和,棋洲,聖能
鄭與僑,惠人,確庵,確菴,荷澤
鄭與叔,希點
鄭與曾,沂父
鄭與言,仲賢,直卿,第千二十七
鄭興,坦山山人,誠夫
鄭興裔,光錫,忠肅,鄭興宗
鄭興長,延卿,延鼐
鄭舉,世用,岷陽
鄭舜卿,虞任
鄭舜臣,希仁,龍坡
鄭舟臣,濟翁
鄭良佑,光輔
鄭良士,君夢,鄭士良,鄭昌士
鄭良才,峯之
鄭良朋,少宏,東巖
鄭良胤,孝元
鄭良臣,堯叟
鄭芝秀,月山,鄭之秀,雲瑞
鄭芝衍,南峰,衍之
鄭芝龍,一官,尼古拉斯‧一官,尼古拉斯‧加斯巴德,曰甲,飛皇,飛虹,飛黃
鄭芬,雅蕙
鄭芳叔,德仲,蒙隱
鄭芳蓀,贊承,贊臣
鄭芸,士馨
鄭若冲,季真
鄭若曾,伯魯,開陽
鄭若檀,香川
鄭若璜,黼廷
鄭苯,忠莊,愛日堂
鄭英,芝亭
鄭茂,世昌
鄭茂大,鄭茂夫
鄭荀,希叔,鄭昊
鄭莊範,予敬
鄭莊范,予敬
鄭華,思賢
鄭菼,慕韓,秋浦
鄭葆清,德夫
鄭著,則初
鄭蒨,春卿
鄭蓮孫,佩香
鄭蕙,莒生
鄭薰,七松處子,子溥
鄭藩,餘棠
鄭藻,端靖
鄭藻如,志翔,玉軒,豫軒
鄭蘊,文簡,桐溪,輝遠,鼓鼓子
鄭蘊弘,雨隨
鄭蘊貞,婷婷
鄭蘭孫,娛淸,蘅洲
鄭蘭宗,國馨,翼惠,虛白堂
鄭虎文,炳也
鄭虎臣,景兆
鄭虔,趍庭
鄭處誨,延美,廷美
鄭行,世濟
鄭行簡,汝敬
鄭衍,彥章
鄭衍熙,緝階
鄭袓德,彦循
鄭裕,有容
鄭裕國,東里,鄭青天
鄭裕孝,子仁
鄭製錦,東僑
鄭褒,南湖,南湖三先生,思叟,恩叟,成之,鄭露
鄭襄,湛侯,贊侯
鄭覃,季厚
鄭覲文,光裕
鄭覺,民先
鄭覺民,以道,求齋
鄭觀,汝中
鄭觀吉,東岩
鄭觀應,正翔,陶齋
鄭言,九鼎,元讜
鄭言紹,季雅,德聞
鄭訓承,繹如,聽篁
鄭訓逵,竹盧,竹虛
鄭訢,季慶
鄭詒,正慮,正臣
鄭詠謝,凌波,林風
鄭誠,文實
鄭誠謹,忠節,而信
鄭誧,仲孚,雪谷
鄭諒,廷察
鄭諴,申虞,鄭誠
鄭諶,仲實,逸軒
鄭謐,公安
鄭謙,鳴之
鄭謹之,似山,有常
鄭譍,素愚,譍之
鄭谷,守愚,鄭都官
鄭豹文,南滎,蔚齋
鄭貞本,則康,植卿
鄭貞華,澹若,蕉卿
鄭賀,慶父
鄭賜,彥嘉,文安
鄭賜喻,伊溪
鄭賜圖,伊溪
鄭賜湖,夢輿,忠敏,禾谷
鄭賢,時舉
鄭賢坊,小渟,舵齡,輿仙
鄭賨,貢華
鄭質夫,子質
鄭贍,行該
鄭起,孟隆
鄭起潛,子升,立庵
鄭起鳳,梧生
鄭起龍,忠毅,景雲,梅軒
鄭軌,鄭仁軌
鄭軏,行之
鄭軾,式之
鄭載崙,秀遠,竹軒,翼孝
鄭載嵩,子高,松窩
鄭載文,煥之
鄭載禧,子純,陽村
鄭載颺,瑚山
鄭輪,景行
鄭轂,九思,致遠
鄭轙,子乘
鄭辰,三雲,薇北
鄭适,恭肅,慶會
鄭逍,修己
鄭逑,寒岡,文穆,道可
鄭通政,鶴峯
鄭通玄,恪庵
鄭造,始之
鄭逢蘭,楚澤
鄭逢辰,伯昌
鄭逢陽,道亨
鄭進思,光啟
鄭遇亨,櫂亭
鄭遇春,子復
鄭遇真,元一
鄭遇芳,靜蓮
鄭運,忠壯,昌辰
鄭道,貫一
鄭道傳,三峰,宗之,文憲
鄭道印,少岩,月灘
鄭道馥,梅林,蘭真
鄭達,德孚
鄭遘,懷遇
鄭適,正之
鄭遵,行之
鄭遵儉,節愍
鄭遵謙,履恭,節愍
鄭遷,孟喬
鄭選,聲父
鄭遹,聲之
鄭邀,逍遙先生,雲叟
鄭還古,谷神子
鄭邈,鄭邂
鄭邦仰,思賢
鄭邦任,熙紹,莘吾
鄭邦俊,英叟
鄭邦彥,國昌
鄭邦泰,汝交
鄭邦相,維公
鄭邦福,六十二,洪疇
鄭郁,從周
鄭郊,牧仲
鄭郟,奚仲
鄭鄖夢,夢授
鄭鄤,峚陽,祚長,謙止,輋陽
鄭酉錫,梅隱
鄭采,季亮,曲全
鄭采翁,季華
鄭重,山公
鄭金,伯純
鄭金榜,秀峯
鄭金鑾,殿仙
鄭釴,衛公
鄭鈁,楚寶,黼堂
鄭鈞,汝一
鄭鈺,銑菴,鐵菴
鄭鉅,彥宏
鄭鉉,彥貞
鄭鉞,夷白,彝白,舒堂,鄭少偉,雲我
鄭鉽,冀野,季雅
鄭銓,方平
鄭銖,彥平
鄭銘,警吾
鄭銳,遜卿
鄭鋐,景堂
鄭鋼,叔浩
鄭錕,竹香
鄭錡,威甫,湘之,聽菴
鄭錦聲,稼軒
鄭錫文,禹範
鄭錫汝,保極
鄭錫泰,安廷,春海
鄭錫瀛,惕菴
鄭錫麟,獻禎
鄭鍔,三山,剛中
鄭鎔,半江,小田
鄭鎬,仲京
鄭鏗,子聲
鄭鏡清,海秋
鄭鏡蓉,玉臺
鄭鑄,陶叔
鄭鑑,半塘,平塘,牛塘,生塘
鄭鑒,允明
鄭鑾,子彥,子硯
鄭長昕,少萊
鄭長煦,一峯
鄭長籙,鄭長錄
鄭長籤,紀廉
鄭長誨,子遵,鄭長晦
鄭長青,位東
鄭開極,肇修
鄭開禧,迪卿,迪汀,雲麓
鄭閎,以純
鄭閻,公望
鄭闡珍,德藴
鄭阜義,公宜
鄭阿兒思蘭,敬愍
鄭陟,恭戴,整菴,明之,暢齋
鄭陶孫,景潛
鄭陽,宗乾
鄭陽圖,伊濮
鄭隆,德隆
鄭際唐,傳研齋,大章,子虞,雲門,須庵
鄭際泰,珠江
鄭雄飛,慥堂,景溫
鄭雅,仲平
鄭雍,德和
鄭雲,雲翹
鄭雲官,虎卿
鄭雲翔,士鳳
鄭雲翼,鵬南
鄭雲胤,繼槐,雍八
鄭雲蔭,綠菭
鄭雲鎣,邦用
鄭雲龍,慶遇,霞谷
鄭雲𨧿,文岡,邦用
鄭雷卿,忠貞,雲溪,震伯
鄭霆,希聲
鄭霖,景說,潤父,雪巖
鄭青蘋,花汀
鄭靖,寧叔
鄭靜,淸菴
鄭靜蘭,松筠
鄭韶,瑤花
鄭韶庚,石友,紹辰
鄭韺,和叔
鄭頀,汝諧
鄭順,泰之
鄭順朋,省齋,耳齡
鄭頡,德升
鄭頤孫,正卿
鄭顥,奉正,養正
鄭顯,汝文
鄭顯正,王顯正
鄭顯祖,褊玎
鄭風調,碧笙
鄭飛鳴,緒周,緒肩
鄭餘慶,居業
鄭首濂,興國
鄭首瀛,瑤圃
鄭駰,漢崔,驥邨
鄭駿,逸之
鄭騮,四十八,德夫
鄭驤,威愍,忠愍,潛翁
鄭骐,仲逸
鄭高,履中
鄭高渭,宗洛,竹川
鄭鬲,才仲
鄭魁士,忠烈
鄭魏挺,景烈
鄭魏珣,卓齋,景烈,西園老圃,鄭魏挺
鄭魏珽,卓齋
鄭魴,嘉魚
鄭鯤,雲溪
鄭鳳壽,祥叟,襄武
鄭鳳揚,管巢
鄭鳳翔,仞千,灤西
鄭鴻,秋影
鄭鴻撰,晴湖,玉行
鄭鴻逵,夔一,達九
鄭鵬,新堂,雲程
鄭鵬程,松谷,登衢
鄭鶴超,蘇亭
鄭鶴越,蘇堂
鄭麟仁,德秀
鄭麟趾,伯雎,學易齋,文成
鄭麟重,叔雎
鄭黨五,黨五
鄭鼎,爾調
鄭鼎新,中實,仲實
鄭鼎鍠,重威
鄭鼎鎮,維嶽,長眞
鄭鼐,公實
鄭齊丘,千里
鄭齊斗,士仰,文康,霞谷
鄭齊閔,藏諸
鄭齡,五十五,夢齡
鄭龍光,兩為,蘧知,韜生
鄭𥖝,北窓,士潔,章惠
鄷一相,輔之
鄺埜,孟智,孟賢,孟質,忠肅,樸齋,鄺野
鄺奕恆,伯正,價藩
鄺子輔,雄德
鄺彭齡,幼玄
鄺文,載道
鄺曰廣,居節,居郎,烈愍
鄺求高,慶隆
鄺灝,子元
鄺珩,廷用
鄺璠,廷瑞,阿陵
鄺約,文博
鄺露,明福洞主,海雪,海雪堂,湛斯,湛若,鄺瑞露
鄺頤,惟貞
鄺鴻恩,子靜
酆一相,輔之
酆更,子逌
酆海,朝宗
酈之樞,象修
酈允昌,叔興
酈光祖,均儀
酈德溥,省堂
酈武魁,仲光
酈毓麟,子清
酈民法,聲我
酈洙,白巖
酈球,均濟
酈膺祚,永錫
酈逢新,鼎生
采人,不避世桃源中人,琴人
释妙坦,竹溪
释恒超,德正
释道勤,絕學禪師
釋?光,廣利大師,登封
釋一了,幼文
釋一公,一公,靈一
釋一如,一菴,退翁
釋一清,無夢
釋一清天,潔祖
釋一行,一行
釋一鉢,一鉢和尚
釋三惠,三惠
釋三藏,三藏
釋不思,不思
釋不疑,不疑
釋不空,不空
釋世愚,傑峯
釋世誠,絕學
釋並學,無為子
釋中孚,中孚
釋中寤,中寤
釋中立,明智
釋久則,久則
釋之善,妙峰
釋乘如,乘如
釋九思,九思
釋乾康,乾康
釋乾晝,乾晝
釋乾素,乾素
釋了一,半間,片雲
釋了元,佛印,覺老
釋了彬,文仲
釋了性,大林
釋了悟,大善知識,無際,蠶骨
釋了慧,岳重
釋了敬,雲壑
釋了樸,慈航
釋了然,志涌,智涌
釋了義,從一,斷崖
釋了萬,一山,無意
釋于慶,西溪
釋亘玄,亘玄,直玄,真元
釋亞齊,亞齊
釋亮,虛白
釋仁儉,仁儉,騰騰和尚
釋仁岳(嶽),潛夫,釋仁嶽
釋仁淑,象原
釋仁濟,澤翁
釋仁美,妙智大師
釋仁貞,仁貞
釋介庵,介庵
釋介清,龍源
釋介石,尤瑛
釋令參,令參,永明大師,翠巖和尚
釋令圖,令圖
釋令宣,令宣
釋令諲,令諲
釋令超,上藍和尚,令超,元真大師
釋令閑,令閑
釋以假,空中
釋仰山,仰山
釋仲休,海慧大師,釋仲林
釋仲儀,仲儀
釋仲剬,仲剬
釋仲殊,師利
釋仲淵,潛老
釋仲濬,仲濬
釋仲皎,如晦
釋休靜,淸虛,玄應
釋伭沙,伭沙
釋伯福,謙叟
釋伯陽,伯陽
釋似杞,楚材
釋住一,住一
釋佛光,佛光
釋來復,蒲菴,見心
釋保初,保初
釋保暹,希白
釋修古,修古
釋修廣,叔微,寶月大師
釋修憲,無言
釋修真,修真
釋修睦,修睦,楚湘
釋修行,修行
釋修雅,修雅
釋僧初,僧初
釋僧可,僧可,僧無可
釋僧宣,僧宣,慧宣,法宣
釋僧度,王晞
釋僧愍,愍法
釋僧晏,僧晏
釋僧澈,僧澈
釋僧瑗,僧瑗,辯空
釋僧繹,僧繹
釋僧達,僧達
釋僧鳳,僧鳳
釋儀容,實垂,松庵僧
釋允,中巖
釋允堪,智圓,真悟大師
釋允憲,同菴
釋允才,雪岑
釋允清,有源
釋允若,季蘅,浮休
釋元,宗海
釋元亨,元亨
釋元偉,元偉
釋元孚,元孚
釋元安,元安,樂普和尚
釋元康,元康
釋元惠,鈍鐵
釋元敍,元敍
釋元旭,原明
釋元昉,元昉
釋元晈,元皎
釋元晝,元晝
釋元智,愚谷
釋元暠,元暠
釋元曉,元曉
釋元本,立中
釋元正,佛光無礙禪師
釋元淨,雪庭
釋元湛,秋江
釋元瀞,天鏡,樸隱
釋元熙,安忍子,湛然
釋元珪,元白
釋元瑞,元瑞
釋元礎,元礎
釋元祐,元祐
釋元祚,木文
釋元簡,元簡
釋元緒,元緒
釋元聰,佛智禪師,蒙叟,蒙菴
釋元肇,淮海,聖徒
釋元遂,元遂
釋元達,元達
釋元長,千巖,無明
釋元開,元開
釋元願,元願
釋元鼎,蓮花樂,虛中
釋先業,先業
釋先覩,無見
釋光仁,光仁,匡仁,䟽山和尚
釋光儀,光儀
釋光味,光味
釋光智,光智,明智識,波羅頗迦羅蜜多羅,波頗
釋光業,佑聖國師,光業
釋光澤,光澤
釋光雲,光雲,報慈和尚,慧覺大師
釋克勤,圓悟,無著
釋克文,真淨大師,雲庵
釋克新,仲銘,江左外史,雪廬
釋全宗,元谷,慧日
釋全玭,全玭
釋全豁,全豁,巖頭和尚,淸嚴大師
釋公歌藏卜,笑堂
釋公畿,公畿和尚
釋冋,竹菴
釋再生,姚嬀俞
釋再陽,再陽
釋冥祥,冥祥
釋冰禪,冰禪
釋冲,融堂
釋冲?,釋沖邈
釋冲沼,沖沼
釋冲鑑,雪峰
釋冷然,冷然,泠然
釋凝密,凝密
釋分定,分定
釋利渉,利涉
釋利踪,利踪,神力子湖和尚
釋則之,彝老
釋力金,西白
釋加奴,李顯忠,釋家奴
釋務本,悟空
釋勝學,無念
釋勝雲,勝雲
釋勤,佛果
釋勤照,勤照
釋匡一,匡一
釋匡山,匡山和尚
釋匡白,匡白,文通大師,管内僧正講論大德賜紫沙門
釋匡緒,匡緒
釋南一,南一
釋南雅,南雅
釋印宗,印宗
釋印簡,寂照英悟大師,海雲,通玄廣惠大師
釋印肅,普菴
釋卿雲,卿雲
釋原妙,高峯
釋原眞,用藏
釋去奢,去奢
釋去秦,去秦
釋去華,去華
釋古淵,慧深
釋古衍,古衍
釋可中,南山
釋可久,逸老
釋可倫,可倫
釋可傳,無授,雪庵
釋可勛,可勛
釋可宣,佛日,石橋
釋可授,休菴,無旨
釋可朋,可朋,醉髡
釋可止,可止,文智大師
釋可浩,月泉
釋可準,可準
釋可繼,斷雲
釋可臣,真戒大師
釋可觀,大千
釋同儒,同儒
釋同光,同光
釋君素,君素
釋含弘,含弘
釋含曦,含曦
釋呉越僧,吳越僧
釋咸傑,密庵
釋唯貞,唯貞
釋啓柔,啓柔
釋善代,虎林
釋善住,無住,雲屋
釋善入,秋虛
釋善學,古庭
釋善導,善導
釋善平,大道
釋善彬,慧覺總持大師
釋善悟,高菴
釋善愈,笑巖
釋善意,善意
釋善慧,宣秘
釋善慶,無所
釋善憙,無慍,頤菴
釋善昇,日觀大師
釋善會,傳明大師,善會,夾山和尚
釋善月,光遠,柏庭
釋善本,善本
釋善權,巽中
釋善滕,善滕
釋善珍,藏叟
釋善生,善生
釋善繼,絕宗
釋善能,仲良
釋善良,子直,月溪
釋善行,善行
釋善道,善道,木平和尚,真寂禪師
釋善達,本源
釋嗣暹,東曉
釋嚴,嚴禪師
釋國清,國淸
釋圓丘,雪崖
釋圓仁,圓仁,慈覺大師,花芳大師
釋圓信,雪嶠
釋圓妙,麻和尚
釋圓寂,圓寂
釋圓悟,密雲
釋圓戒,玅行
釋圓昉,圓昉
釋圓明,圓明
釋圓智,證悟
釋圓澄,湛然
釋圓濟,圓濟
釋圓炅,旦庵,辰山
釋圓照,圓照
釋圓珍,圓珍
釋圓琛,仲寶,蓮菴
釋圓至,天隱,牧潛,筠溪老衲
釋圓藏,圓藏
釋圓觀,圓觀
釋圓護,念菴
釋圓載,圓載
釋圓鑒,圓鑒
釋堅俊,明因大師
釋堅通,惠光大師
釋士珪,竹菴
釋士璋,原璞
釋壽寧,一菴,無為
釋夢微,夢微
釋夢英,夢英
釋夢龜,夢龜
釋大,無外
釋大信,大信
釋大同,一雲,別峯,別峰
釋大善,大善
釋大圭,恆白
釋大夢,大夢
釋大寶,大寶
釋大徹,大徹
釋大惺,夢父
釋大愚,大愚
釋大成,明溥
釋大明,大明禪師,懶殘,懶瓚,明瓚
釋大易,大易,太易
釋大智,大智
釋大某雲,大□雲
釋大椿,繼老
釋大潙,大潙
釋大澍,懶先
釋大節,筠巖
釋大義,大義,慧覺大師,鵝湖和尚
釋大覺,大覺
釋大訢,笑隱
釋大證,無印
釋大農,農隱
釋大通,大通
釋大遠,振宇
釋大閑,大閑,太閑
釋大願,大願
釋大顚,大顛
釋天倫,仲方
釋天寥,吳錕
釋天然,丹霞和尚,天然,智通禪師
釋天遊,典半
釋天錫,樗拙
釋太乙,太乙
釋太初,子愚
釋太奉,太奉
釋太昱,太昱
釋太白,太白
釋夷簡,易道
釋奉,無隱
釋契嵩,仲靈,明教大師,明教契嵩,潛子
釋契從,契從
釋契此,契此,布袋和尚,長汀子
釋契玄,契玄
釋契盈,契盈,廣辨周智禪師
釋契直,契直
釋契衡,契衡
釋契證,廣照大師
釋好直,好直
釋好約,好約
釋如展,如展
釋如山,海翁
釋如川,無竭
釋如异,物元
釋如念,幻齋
釋如惲,如惲
釋如愚,蘊璞,韞璞
釋如慧,兀齋
釋如智,如智
釋如曉,萍踪,萍蹤
釋如滿,如滿
釋如照,元明,寂室
釋如獻,如獻
釋如玘,具菴,太璞
釋如珏,荊叟
釋如珙,子璞,橫川
釋如琰,佛心禪師
釋如瑩,牧所
釋如璧,倚松,德操,釋節
釋如砥,佛海,平石
釋如空,如空
釋如範,如範
釋如谷,慧空,日海
釋如阜,物元
釋如體,如體
釋妙信,山愚,詩禪
釋妙倫,斷橋
釋妙印,竹崖
釋妙善,希聖,廣慧
釋妙堪,笑翁
釋妙奘,妙奘
釋妙崧,佛行禪師
釋妙德,妙德
釋妙恩,斷崖
釋妙慧,道聰
釋妙普,性空
釋妙源,晉之
釋妙用,若海
釋妙空,着無
釋妙聲,九皐
釋妙道,竺元
釋妙雲,慈室
釋妙高,雲峯
釋子元,慈照宗主,萬事休
釋子安,西雲
釋子成,彥美
釋子文,宗周
釋子楩,用堂
釋子溫,仲言,日觀,溫蒲萄,知非子
釋子猷,修仲,笑雲老人
釋子琦,覺照大師
釋子英,覺印
釋子蘭,子蘭
釋子親,楞嚴大師
釋子言,子言
釋子賢,一愚
釋孚,草堂
釋孚山,小崖
釋季峯,季峯
釋學喜,學喜,實叉難陀,施乞叉難陀
釋學祖,學祖,燈谷,黃岳山人
釋守仁,一初,夢觀
釋守忠,曇芳
釋守惠,冲虛密印道慧
釋守珣,佛燈
釋守璋,文慧禪師
釋守衜,中行
釋守訥,莫莫翁
釋守詮,釋惠詮
釋守諲,守諲
釋守貴,水庵,無用
釋安,蕉夢生
釋安居,密印
釋安永,木庵
釋宋休,宋休
釋宏度,金蓮寺僧
釋宏禮,具德
釋宗亮,宗亮,月僧
釋宗偉,大方
釋宗印,元實
釋宗密,圭峰宗密,宗密,定慧禪師
釋宗實,宗實
釋宗岳(嶽),松源,釋宗嶽
釋宗慧,芋庵
釋宗明,了菴
釋宗智,圓明,竹溪
釋宗本,圓昭禪師,無詰
釋宗杲,大慧,妙喜庵主,普覺,曇晦
釋宗極,宗極
釋宗泐,季潭
釋宗演,圓覺
釋宗照,蓮峯
釋宗珏,大休
釋宗瑩,仲默
釋宗璉,玉泉,窮谷
釋宗秀,定惠大師
釋宗致,慈覺
釋宗茝,宗茝
釋宗蓮,達音
釋宗衍,道原
釋宗要,寶印
釋宗達,無外
釋宗靜,宗靜
釋宗顯,正覺
釋定,妙觀
釋定光,定光
釋定慧,定慧
釋定演,佛性圓明大師
釋宜,行可
釋宜樸,太素
釋宣一,宣一
釋宣律,宣律
釋宣皎,宣皎
釋寂恪,石田
釋密詣,道初
釋密陀,密陀僧
釋寒山,寒山
釋實,積中,竹樵
釋實仁,實仁
釋寧,居中
釋審定,審定
釋審貞,明化
釋寰中,寰中,性空大師
釋寰普,寰普,韶山和尚
釋寶印,別峰,坦叔,慈辯
釋寶嚴,士威,幻堂
釋寶巖,寶巖
釋寶曇,少雲
釋寶月,伯明
釋寶津,寶津
釋寶聞,寶聞大師,惟勁,頭陀
釋寶金,璧峰,碧峰
釋寶韻,寶韻
釋封干,封干,豐干
釋小靜,小靜
釋少康,廣道禪師
釋少微,少微
釋尚,希古
釋尚能,尚能
釋尚顏,尙顔
釋居實,海惠
釋居敬,心淵,蘭雪
釋居會,寶龍
釋居簡,北磵,敬叟
釋居訥,中敏
釋居遁,居遁,證空大師,龍牙和尚
釋居遠,居遠
釋居靜,愚丘
釋履霜,履霜
釋岡,尼徒子
釋岳,圓明
釋岳雪,岳雪
釋岳雲,岳雲
釋岸道,岸道
釋島雲,島雲
釋崇志,立菴
釋崇琛,密巖
釋崇端,開子
釋崇裕,約之
釋崇超,物外
釋崇隱,崇隱
釋嶧桐,嶧桐
釋嶽峙,千雲
釋巨峰,吟蒼
釋巨源,巨源
釋希夷,石鼓
釋希最,妙悟
釋希白,寶月
釋希能,存拙
釋希覺,希覺,文光大師,順之
釋希運,希運,斷際禪師,黃檗和尚
釋希遷,希遷,无際大師,石頭和尚
釋希陵,西白
釋希顏,悅堂
釋師一,師一
釋師備,宗一大師,師備,玄沙和尚
釋師善,同叟
釋師壽,了隱
釋師復,師復
釋師瑞,秀巖
釋師穎,師穎
釋師範,佛鑑禪師,無準
釋師簡,仲廉,止堂
釋師虔,師虔,後洞山禪師,青林和尚
釋師靜,師靜
釋師體,或庵
釋師鼐,師鼐,鑑真禪師
釋常一,常一
釋常寂,常寂
釋常察,同安和尚,常察
釋常清,常淸
釋常瑩,珂雪
釋常聰,廣惠大師,照覺禪師
釋常達,常達,文舉
釋常雅,常雅
釋平等,平等
釋幻夢,幻夢
釋幻羣,幻羣
釋幼旻,普慈
釋幽之,幽之,玄幽
釋庭實,庭實,廷貫
釋廣利,廣利
釋廣宣,廣宣
釋廣志,隱耕
釋廣漩,空海
釋廣濟,廣濟
釋廣禮,大鏡
釋廣純,常淨
釋廣聞,佛智
釋廣通,廣通
釋廣饒,雲岩
釋延,延禪師
釋延壽,仲玄,冲玄,宗照,延壽,抱一子,智覺禪師
釋延昭,延昭,延沼,風穴和尚
釋延栖,延栖
釋廷俊,懶庵,用章
釋建初,建初
釋弘仁,六奇
釋弘式,弘式
釋弘忍,弘忍
釋弘志,弘志
釋弘惠,弘惠
釋弘播,弘播
釋弘景,弘景
釋弘泉,弘泉
釋弘濟,弘濟
釋弘禕,弘禕
釋弘秀,弘秀
釋弘紹,弘紹
釋弘顗,弘顗
釋彌光,晦庵
釋彌堅,石室
釋彌清,古澗
釋彙征,光文大師,彙征
釋彥充,肯堂
釋彥悰,彥悰,彥琮
釋律天如,片玉
釋律慜,巖頭寺僧,穎波
釋從倫,林泉
釋從勗,從勗
釋從密,未埋翁
釋從廓,妙智,妙智禪師
釋從朗,從朗
釋從登,蒲菴
釋從益,從益
釋從範,從範
釋從諗,從諗,真際大師,趙州和尚
釋從諫,慈辯
釋從雅,法寶
釋復本,復本
釋復濟,鐵船
釋復禮,復禮
釋德{王雲},璞原
釋德亮,雪床,霽堂
釋德修,韻禪
釋德光,德光
釋德圓,德圓
釋德容,朱又貞
釋德寳,月心,笑巖
釋德日,蔣葵
釋德昂,伏庵
釋德昇,頑庵
釋德明,竹筒和尚
釋德普,義虎
釋德最,德最
釋德止,淸谷
釋德正,德正
釋德淨,如鏡
釋德清,弘覺禪師,憨山德清
釋德玄,德玄
釋德祥,止菴,麟洲
釋德誠,德誠,船子和尚,華亭和尚
釋德謙,福元
釋德輝,德輝
釋德隱,子恵,趙昭
釋德雲,別峰
釋德韶,天台國師,德韶,惠舟,韶國師
釋德馨,蘭室
釋徹公,徹公
釋必才,大用
釋志凝,志凝
釋志堅,志堅
釋志定,志定
釋志幽,志幽
釋志彌,志彌
釋志德,佛光大師,雲巖
釋志懃,志懃,靈雲和尚
釋志添,真覺大師
釋志瓊,蘊中
釋志空,志空
釋志端,志端
釋志蒙,豬頭和尚
釋志行,德慧
釋志言,法華
釋志誠,寂菴
釋志逢,大扇和少,普覺大師
釋志連,文秀,覺雲
釋志遠,妙智大師
釋志閑,志閑,灌溪和尚
釋忠信,真懿大師
釋念常,梅屋
釋思古,因覺
釋思慧,訥翁
釋思玄,思玄
釋思義,月室
釋思聰,聞復
釋思託,思託
釋性澄,浮休老人,湛堂,若耶溪,越溪
釋性空,性空
釋性閑,玉阜
釋恆寂,恆寂
釋恆操,恆操
釋恆璨,恆璨
釋悅可,中庭
釋悟光,公實,雪窗
釋悟心,北海禪師
釋悟情,石蓮
釋悟新,死心叟
釋悟明,晦翁
釋悟清,悟清,清晤
釋悟真,唐僧統,唐和尚,悟真
釋悟空,悟空
釋悟純,思一
釋惟一,惟一
釋惟中,慧雅
釋惟仲,佛鑑大師
釋惟儼,惟儼
釋惟則,天真
釋惟勣,惟勣
釋惟審,惟審
釋惟岸,惟岸,釋岸
釋惟已,亞休
釋惟幹,惟幹
釋惟恭,惟恭
釋惟政,四溟堂,慈通弘濟尊者,松雲,鍾峯,離幻
釋惟梁,宏度,慎庵
釋惟正,渙然
釋惟淨,光梵大師
釋惟清,晝卿,渭濱
釋惟直,惟直
釋惟真,惟真
釋惟簡,宗古,宗可,寶月大師
釋惟素,惟素
釋惟良,惟良
釋惟訥,訥菴
釋惟詳,惟詳
釋惟謹,雪菴
釋惟貞,惟貞
釋惟賞,惟賞
釋惟鳳,持正
釋惠中,惠中
釋惠嚴,文惠大師
釋惠定,寧道
釋惠尼,惠尼
釋惠律,惠律
釋惠恕,守拙
釋惠敏,惠敏
釋惠昌,惠昌
釋惠明,惠明
釋惠暹,惠暹
釋惠江,惠江
釋惠洪,圓明禪師,洪覺範,覺範道人
釋惠淨,惠淨
釋惠澤,惠澤
釋惠琮,惠琮
釋惠空,惠空
釋惠詢,月堂,謀道
釋惠辯,海月大師,訥翁
釋惠通,可久,鐵磬老人
釋惠雅,惠雅
釋惠韻,惠韻
釋愛英,愛英
釋愼言,愼言
釋愿清,愿清
釋慈和,慈和
釋慈恩,慈恩寺沙門
釋慈感,感芝
釋慈覺,慈覺,法天
釋慈賢,三藏大法師
釋慕幽,慕幽
釋慧亨,淸照
釋慧偘,慧偘
釋慧光,慧光,慧覺,肥田伏禪師
釋慧則,慧則
釋慧南,普覺
釋慧堅,慧堅
釋慧定,常照
釋慧宣,慧宣
釋慧寂,仰山和尚,慧寂,通智大師
釋慧寔,廣炤
釋慧度,慧度
釋慧忠,慧忠
釋慧恭,敬可,率翁
釋慧懃,佛鑑
釋慧才,廣慈
釋慧敏,仲睿
釋慧救,中塔和尚,慧救
釋慧日,慈光妙應普濟,東凕,白眉
釋慧明,幻隱,性原
釋慧暉,自得
釋慧曇,覺原
釋慧朗,元白
釋慧林,萬松
釋慧梵,竺卿
釋慧淨,慧淨
釋慧深,潛菴
釋慧溫,蘿庵
釋慧澄,慧澄
釋慧照,夢世叟,大千
釋慧珍,藏山
釋慧琳,慧琳
釋慧登,慧登
釋慧稜,慧稜,超覺大師,長慶和尚
釋慧立,慧立
釋慧能,大鑒禪師,慧能,盧行者
釋慧舟,一山叟
釋慧苑,慧苑
釋慧藏,慧藏,石鞏和尚
釋慧覺,慧覺
釋慧賾,慧賾,慧頤
釋慧超,練塘
釋慧辯,海月,訥翁
釋慧遠,佛海大師,瞎堂
釋慧開,佛眼,無門
釋慧雲,慧雲
釋慶閒,無逸
釋慶預(譽),慧照,釋慶譽
釋憨山,蔡德淸
釋應之,應之,文章應制大德
釋應如,虎子
釋應物,應物
釋應真,應真,真應
釋應祥,宋月
釋應符,元慧大師
釋應龍,行祥
釋懷一,懷一
釋懷信,孚中
釋懷光,懷光
釋懷坦,懷坦
釋懷契,懷契
釋懷敞,虛庵
釋懷暉,懷暉
釋懷楚,懷楚
釋懷浚,懷浚
釋懷浦,懷浦
釋懷深,無懷
釋懷渭,淸遠,竹菴
釋懷玉,懷玉
釋懷璉,器之,大觀
釋懷素,懷素,藏真
釋懷觀,懷觀
釋懷謹,智悟大師
釋懷賢,圓通,潛道
釋懷靜,懷靜
釋戒休,戒休
釋戒詮,文顯
釋拾得,拾得
釋持定,鐵牛
釋掃地,掃地和尚
釋擇,擇禪師
釋擇棲,擇棲
釋擇高,擇高
釋故證,故證
釋敏行,無演
釋敬脱,敬脱,竟脱
釋敬龍,敬龍
釋文依,文依
釋文信,道元
釋文偃,文偃,雲門文偃
釋文勝,文勝
釋文彧,文彧
釋文應,文應
釋文才,仲華
釋文政,令狐,慈應大師
釋文暢,文暢
釋文會,文會
釋文杲,古鏡
釋文江,文江
釋文浩,文浩
釋文淑,文淑,文漵
釋文炬,子薫,慧日禪師,文炬,涅槃
釋文煥,懶牛
釋文瑩,道溫
釋文益,大法眼禪師,文益
釋文禮,滅翁
釋文秀,文秀
釋文穎,文穎
釋文約,文約
釋文英,文英
釋文著,文著
釋文藻,南洲
釋文謙,牧隱
釋文述,無作
釋文郁,文郁
釋文鑒,文鑒
釋文雅,正庵
釋文靜,默堂
釋斯受,用堂
釋斯植,建中,芳庭
釋斯蘊,昭叟
釋方及,方及
釋方外,方外
釋方念,淸涼
釋方睦,方睦
釋无礙,無礙
釋无能,無能
釋日矅,日曜
釋日章,錦峰
釋日進,日進
釋昇,日南,照庵
釋明,無礙
釋明修,東悟
釋明光,明光,謙明
釋明則,明則
釋明契,明契
釋明孜,舜田
釋明宣,憇隂
釋明得,千松,月亭
釋明德,孤峰
釋明悉獵,名悉獵,明悉獵
釋明悟,明悟
釋明惠,明惠
釋明明,道一,金牛小子
釋明本,中峯
釋明楚,明楚
釋明歆,明歆
釋明準,明準
釋明照,元鍳,別山
釋明瓚,明瓚
釋明素,明素
釋明行,明行
釋明覺,明覺
釋明解,明解,昭義
釋明道,明道
釋昭慶,漳南道人,顯之
釋昭瑩,昭瑩
釋昭覺,大慧
釋昶法,昶法
釋時溥,兩岩,君澤
釋時習,定門
釋時蔚,萬峯
釋晞顏,聖徒,雪溪
釋普,大雲
釋普仁,德慧
釋普化,普化
釋普喜,吉祥
釋普容,太虛
釋普就,古巖
釋普岸,普岸
釋普度,優曇
釋普恭,普恭
釋普悅,笑巖
釋普惠,洞雲
釋普愿,南泉和尚,普愿
釋普明,雪窗
釋普榮,子春
釋普滿,普滿
釋普燈,別傳
釋普聞,圓覺禪師,普聞
釋普門,普門
釋普閏,慈濟大師
釋普雨,懶庵,虛應
釋景元,此菴
釋景地,景地,景池
釋景導,景導
釋景岑,岑和尚,招賢大師,景岑,長沙和尚
釋景玄,景玄
釋景芳,仲聯
釋景蒙,谷庵,谷菴
釋景雲,景雲
釋智京,明覺大師
釋智亮,智亮,袒膊和尚
釋智光,智光
釋智全,慧應大師
釋智凱,智凱
釋智及,以中,西麓
釋智嚴,智嚴
釋智圓,中庸子,無外
釋智如,智如
釋智威,智威
釋智孜,禪鑑大師
釋智守,智守
釋智寂,智寂
釋智寬,裕之,雲海
釋智就,道翁
釋智常,智常,歸宗和尚,至真禪師,赤眼歸宗和尚
釋智度,智度
釋智廣,智廣,正覺禪師
釋智延,北溪
釋智性,海淨大師
釋智恭,友山,季禮
釋智愚,虛堂
釋智新,智新
釋智旭,振之,智旭際明,蕅益素華,藕益智旭,際明,靈峰蕅益
釋智昇,智昇
釋智暉,智暉
釋智暹,智暹
釋智朗,智朗
釋智林,宣教大師
釋智某,大智□
釋智栖,智栖
釋智浩,梅軒
釋智海,智海
釋智深,慈行
釋智清,佛印
釋智源,子豐
釋智滿,智滿
釋智燈,祖印
釋智玄,智玄
釋智生,黃埈
釋智真,智真,歸寂禪師,龜山和尚
釋智端,旭雲
釋智策,凃毒
釋智考,巢鳴
釋智舟,智舟
釋智藏,智藏
釋智融,老牛,草菴,邢沚,釋澄
釋智觀,物初
釋智訥,妙空大師
釋智謙,智謙
釋智通,智通
釋智連,文秀
釋智達,智達
釋智遠,智遠
釋智鑑,足庵,足菴
釋智閑,智閑,襲燈大師,香嚴和尚
釋智雄,智雄
釋智靜,達如
釋智順,逆川
釋智體,智體
釋暉,暉和尚
釋曇,通菴
釋曇噩,無夢,酉菴
釋曇域,惠光大師,慧光大師,曇域
釋曇塤,大章
釋曇壁,曇壁
釋曇密,混源
釋曇延,曇延
釋曇智,曇智
釋曇瑩,易僧,蘿月
釋曇穎,達觀
釋曇翼,曇翼
釋曇興,曇興
釋曇華,應菴
釋曇鍠,聲外
釋曇靖,曇靖
釋曉巒,曉巒,楚巒
釋曉方,曉方
釋曉榮,曉榮
釋曉瑩,仲溫
釋曉真,圓遲
釋最澄,最澄
釋會如,會如
釋有嚴,樝菴
釋有基,及賢
釋有孚,有孚
釋有朋,囷山禪師
釋有權,伊庵
釋朗上座,朗上座
釋朝美,朝美
釋木平,木平
釋本先,本先
釋本如,神照法師
釋本寂,元證大師,曹山本寂,本寂,躭章
釋本晝,天嶽,牧石翁
釋本暢,文溪
釋本淨,司空山禪師,大曉禪師,本淨
釋本無,我菴
釋本空,佛日和尚,本空
釋本立,雪庭
釋本誠,覺隱,道原
釋杲,佛日
釋杼山,杼山
釋林復,林復
釋果圜,大方,護國大師
釋柏巖,柏巖
釋某,無用道人
釋某(大智焱),大智焱
釋某(大智逈),大智逈
釋某某,慈恩大師
釋栖一,栖一
釋栖玄,栖玄
釋栖白,栖白
釋栖蟾,栖蟾,胡栖蟾
釋栖隱,巨徴,栖隱
釋梵光,和甫,圓照法師
釋梵琦,曇曜,楚石,西齋老人
釋梵臻,南屏,實相
釋梵隆,無住,茂宗
釋棲蟾,棲蟾
釋棲閑,棲閑
釋椿,大年
釋楚圓,慈明禪師
釋楚瓊,楚瓊
釋楚萍,楚萍
釋楚金,楚金
釋楚雲,楚雲
釋楚霄,楚霄
釋次休,次休
釋次融,次融
釋欽用,欽用
釋欽義,湛懷
釋正一,正一
釋正信,正信
釋正原,性空大師,正原,龜山和尚
釋正壽,松壑
釋正弘,正弘
釋正性,正性
釋正映,潔菴
釋正晦,無聞
釋正源,歐陽,竺遠
釋正珪,玉岡
釋正覺,正覺
釋正際,見原
釋正韶,雲屋
釋歸一,歸一
釋歸仁,歸仁
釋歸曉,信天,惠廣大師
釋毗陵,毗陵
釋氏(七品亡尼),圓流
釋水心寺僧,水心寺僧
釋水盛,無住翁,竺源
釋永安,正覺慧空禪師,永安
釋永寧,一源
釋永彝,古鼎
釋永明,永明
釋永牙,釋夢英
釋永珍,季潛
釋永真,無相
釋永聰,自聞,蓬山
釋永芳,草庭
釋永讙,永讙
釋永道,寶覺大師
釋永頤,山老
釋汝明,別南翁
釋沙囉巴,積寧,雪巖
釋泉陵,泉陵
釋法一,貫道,雪巢
釋法全,無庵
釋法具,圓復
釋法印,無文
釋法周,元覺,慧大師
釋法和,法和
釋法喜,圓融洪辨大師
釋法因,刳心
釋法圓,修證大師
釋法宣,法宣
釋法崇,法崇
釋法常,牧溪
釋法平,元衡,怡雲野人
釋法忠,佛智,實庵
釋法恭,石窗叟,石窻
釋法憶,松峯,無念
釋法成,普證
釋法振,法振,法震
釋法明,黑漆光菩薩
釋法會,雲谷
釋法朗,法朗
釋法本,柳律師
釋法林,了幻,竹泉
釋法永,妙覺
釋法泉,佛慧
釋法泰,佛性
釋法洪,釋源宗主
釋法海,法海
釋法滿,法滿
釋法澄,法澄
釋法照,通惠大師
釋法燈,傳照
釋法珍,法珍
釋法琳,法琳
釋法真,孤雲
釋法祥,瑞元
釋法秀,圓通
釋法緣,妙覺大師
釋法薰,石田
釋法藏,法藏,賢首戒師
釋法覲,法覲
釋法言,無擇
釋法詮(銓),釋法銓
釋法軌,法軌
釋法輪,法輪
釋法通,法通
釋法進,法進
釋法達,法達
釋法遠,柴石野人,遠錄公
釋法鏡,法鏡
釋法雲,普潤
釋波崙,波崙
釋泰恭,泰恭
釋泰欽,法燈禪師,泰欽
釋洪亨,秋亭
釋洪壽,洪壽
釋洪益,損菴
釋洪蘊,廣利大師
釋洪誓,洪誓
釋洪諲,徑山和尚,歸寂大師,法濟大師,洪諲
釋浩乾,笠渡
釋浩初,浩初
釋海,一舟
釋海印,海印
釋海岸,海岸
釋海嶠,海嶠
釋海德,海德
釋海懷,太涵
釋海明,海明
釋海禪和,海禪和
釋海聰,維懶,維楚
釋海覺,海覺
釋海順,海順
釋淡交,淡交
釋淨伏,虎巖
釋淨悟,機先
釋淨惠,月庵
釋淨日,東巖
釋淨昱,大明
釋淨權,道衡
釋淨源,伯長,晉水
釋淨真,如菴
釋淨端,安閒和尚,明表
釋淨肅,足庵
釋淨藏,亻韯,淨藏
釋淨虛,凈虛
釋淨顯,淨顯
釋混修,幻庵,普覺,無作
釋清,簡菴
釋清了,真歇
釋清勵,淸勵
釋清古,淸古
釋清尚,淸尙
釋清幽,淸幽
釋清徹,淸徹
釋清敎,清教
釋清散,淸散
釋清敬,淸敬
釋清旦,慧通
釋清晝,淸晝
釋清會,淸會
釋清欲,了菴,南堂
釋清江,淸江
釋清洨,淸洨
釋清涼,淸涼
釋清源,淸源
釋清演,淸演
釋清濬,天淵
釋清瀾,淸瀾
釋清珙,石屋
釋清秀,總持大師
釋清範,清範
釋清衍,明義大師
釋清覺,本然
釋清觀,淸觀
釋清豁,性空禪師,清豁
釋清越,淸越
釋清遠,佛眼
釋清閑,淸閑
釋清順,怡然
釋湛淳,若弱
釋湛然,湛然
釋源,叔進
釋源宗,源宗
釋源曉,無無
釋源治,濟遠
釋溥照,元明
釋溫古,溫古
釋滄浩,滄浩
釋潾,潾和尚
釋澄徽,寂照通悟禪師
釋澄江,澄江
釋澄清,澄淸
釋澄秀,澄秀
釋澄觀,澄觀
釋濟,濟禪師
釋濟印,仁風
釋瀚著,宏章
釋灌頂,法雲,灌頂,章安大師,章安尊者
釋炳同,野翁
釋為才,奉欽
釋無了,無了,真寂大師,龜洋和尚
釋無作,不用,無作,逍遙子
釋無則,無則,玄則
釋無可,無可
釋無夢,無夢
釋無學,無學
釋無得,無得
釋無悶,無悶
釋無懷,無懷
釋無晝,無晝
釋無本,無本
釋無染,無染
釋無演,圜明
釋無為,隱璞
釋無照,無照
釋無盡,無盡
釋無著,無著
釋無行,無行
釋無表,無表
釋無言,無言
釋無願,无願
釋照,覺元
釋照寂,圓道大師
釋照遠,可一
釋照鑑,仲明,湛然靜者
釋牧雲,牧雲,牧雲通門
釋玄同,玄同
釋玄和,玄和
釋玄哲,玄哲
釋玄堅,雪庵
釋玄士,玄士
釋玄宗,玄宗
釋玄寂,元寂,玄寂,講經論明經大師
釋玄寶,玄寶
釋玄巖,玄巖
釋玄微,玄微
釋玄應,玄應
釋玄昶,玄昶
釋玄武,玄武
釋玄泰,玄泰
釋玄瞻,玄瞻
釋玄福,玄福
釋玄範,元範,玄範
釋玄覧,玄覧
釋玄覺,一宿覺和尚,元覺,明道,無相大師,玄覺
釋玄觀,玄觀
釋玄貞,玄貞
釋玄逵,玄逵
釋玄鑑,無照
釋玄陽,玄陽
釋王醇,先民
釋珪,瑩中
釋理瑩,理瑩
釋瑞,天奇
釋瑤,荊山
釋瑲如,柳七和尚
釋璜,石壁
釋瓊禧,昭德大師
釋甄叔,甄叔
釋用良,妙空大師
釋疏言,疏言
釋白巖,白巖
釋白石,白石
釋白雲,白雲
釋百巖,百巖
釋皎淵,本月
釋皎然,皎然,長生和尚
釋皓端,崇法大師,皓端
釋益,栯堂
釋盤谷,麗水
釋省己,省己
釋省常,造微
釋省文,省文
釋省澄,文僜,淨修禪師,省僜,省澄,福泉招慶和尚
釋省玄,省玄
釋省空,省空
釋眞節,素庵
釋真勝,真勝
釋真可,紫柏大師,紫柏真可,達觀
釋真常,道恆
釋真幹,直幹,真幹
釋真慈,元庵
釋真空,真空
釋真詮,微密
釋瞻,無及
釋知乾,知乾
釋知全,知全
釋知古,知古
釋知建,知建
釋知業,知業
釋知玄,後覺,悟達國師,知玄,陳菩薩
釋知禮,法智,約言
釋知聞,知聞
釋知興,知興
釋知賾,圓明,悟悅,慧辯,知道
釋知金,知金
釋石壁,石壁
釋示應,南禪集雲,寶曇
釋祖住,幻依,麓亭
釋祖先,破庵
釋祖可,正平,癩可,蘇序
釋祖堂,資福長老
釋祖心,寶覺大師
釋祖教,靈隱
釋祖智,別山
釋祖柏,子庭
釋祖欽,雪巖
釋祖源,淨悟
釋祖瑛,石室
釋祖祥,崇教大師
釋祖禰,日章
釋祖覺,癡菴
釋祖誾,悅堂,通慧禪師
釋祖銘,古鼎
釋祖鐙,無盡
釋神亮,神亮
釋神姑,盧眉娘,神姑,逍遙大師
釋神晏,神晏,興聖國師,鼓山和尚
釋神會,神會
釋神照,神照
釋神祿,神祿
釋神秀,大通禪師,神秀
釋神穎,神穎
釋神贊,神贊
釋神迥,神迥
釋神遘,神遘
釋神邈,神邈
釋神邕,神邕,道恭
釋神靜,神靜
釋祥邁,如意
釋福全,福全
釋福初,本元
釋福勝,妙峯
釋福報,復原
釋福海,普耀
釋福湛,天淵
釋福演,鳳林禪師
釋福登,妙峰,真來佛子
釋福裕,雷庭
釋禪定,禪定
釋秀登,秀登
釋秉正,止一,止庵
釋空,崇覺
釋空海,弘法大師,空海,遍照金剛
釋竇云,竇雲
釋立規,立規
釋竟欽,興福
釋端裕,佛智
釋竹谷,竹谷
釋簡栖,簡栖
釋米嶺,米嶺和尚
釋粲臨,粲臨
釋粲英,古樗,大智,木菴
釋系南,小南禪師
釋紀,海印禪師
釋約,約禪師
釋紅螺,紅螺和尚
釋純某,大圓禪師
釋紹修,紹修
釋紹大,桐江
釋紹嵩,亞愚
釋紹明,紹明
釋紹月,樸庵
釋紹祖,繼遠
釋紹郭,太虛
釋紹銑,崇辯大師
釋紹鐙(燈),釋紹燈
釋維摩暢,維摩暢
釋維琳,無畏禪師
釋維翰,古淸
釋維諒,維諒
釋緣密,圓明大師,緣密
釋緣有,緣有
釋緣觀,緣觀
釋繼忠,法臣
釋繼聰,愚極
釋續燈,彌嵩
釋羅漢,羅漢和尚
釋義中,三平和尚,義中,義忠
釋義初,義初
釋義存,真覺大師,義存,雪峰和尚
釋義操,義操
釋義昭,義昭
釋義深,妙智大師
釋義演,義演
釋義澄,積善
釋義玄,慧照禪師,義玄,臨濟和尚
釋義舟,義舟
釋義褒,義褒
釋義雲,退谷
釋義霞,明覺
釋翊西,翊西
釋翛然,翛然
釋聞,慧日禪師
釋聞一,聞一
釋能,明知大師
釋能光,能光
釋臨遇,臨遇
釋自厚,子原
釋自圓,普雲
釋自在,伏牛和尚,自在
釋自恢,復元
釋自悅,白雲
釋自牧,自牧
釋自省,自省
釋自緣,會堂
釋自覺,自覺
釋自詢,國一道者
釋自超,無學
釋自遠,自遠
釋自閒,雲屋
釋至?,東竺山人,玉皎
釋至仁,澹居子,行中
釋至嚴,至嚴
釋至寂,至寂
釋至弘,至弘
釋至明,鐵鏡
釋至溫,全一,其玉
釋至言,至言
釋至訥,無言
釋與咸,虛中
釋與恭,懶禪,行己
釋興公,興公
釋般若,般若
釋良乂,良乂
釋良亮,西山
釋良价,悟本禪師,洞山和尚,良價
釋良史,良史
釋良圭,善住
釋良玉,蘊之
釋良琦,元璞
釋良策,慧炬
釋良震,雷隱
釋若冰,若冰,若水
釋若愚,法鑒講師,谷老
釋若芬,仲石,玉澗,芙蓉峰主
釋若虛,若虛
釋若訥,若訥
釋英,實存,白雲
釋英辯,普覺
釋茂,實菴,松隱
釋荊人,荊人
釋華頂,華頂
釋萬回,法雲公,萬回
釋萬迴,萬迴
釋蒙潤,玉岡
釋蕙旦,東白
釋蕭遠,蕭遠
釋藏,無盡
釋藏休,王某,藏休
釋藏山,藏山
釋蘊宏,寬夫
釋蘊能,慧目
釋虔修,虔修
釋處一,處一
釋處嚴,伯威,潛澗
釋處林,大材
釋處瓊,釋𩂜瓊
釋處真,處真
釋處良,遂翁
釋處謙,冲悟大師,神悟,終倩
釋處賓,處賓
釋處默,處默
釋虛中,虛中
釋虛受,虛受
釋虛海,虛海
釋行丕,大基
釋行元,淵叟
釋行勤,行勤
釋行堅,行堅
釋行如,行如
釋行宏,介山,四不
釋行寬,行寬
釋行方,行紀
釋行明,開化禪師
釋行標,慧炬
釋行機,簡堂
釋行淳,美發,美祖,還樸
釋行滿,萬山
釋行秀,萬松,萬松野老
釋行端,元叟
釋行興,魯雲
釋行英,白雲
釋行融,行融
釋行魁,一山,天紀
釋袁覺,釋圓覺
釋袾宏,佛慧,淨妙眞修禪師,蓮池,雲棲大師
釋西蟾,西蟾
釋西鄙人,西鄙人
釋覺,無象
釋覺先,澄炤
釋覺公,覺公
釋覺岸,寶洲
釋覺心,虛靜
釋覺恩,以仁,斷江
釋覺慧,敏機
釋覺慶,壽堂
釋覺照,覺照
釋覺真,覺真
釋覺秀,秀布袋
釋覺興,覺興
釋覺達,彥通,桂菴野衲
釋觀通,希遠
釋言之,言之
釋言樞,言樞
釋詢公,詢公
釋誠,船子
釋誡盈,誡盈
釋諭婆迦羅,善無畏,戍婆掲羅僧訶,淨師子,諭婆迦羅
釋諱才,佛心
釋謙光,謙光
釋謙明,謙明
釋識古,識古
釋譚遠,譚遠
釋警玄,警延
釋護國,護國
釋豐,豐禪師
釋貞固,貞固
釋貞實,貞實
釋貞素,貞素
釋貫休,德隱,禪月大師,貫休
釋貫微,貫微,貫徽
釋貫徽,貫徽
釋賜,無言
釋賾,谷堂禪師
釋贊元,普宗,萬宗,覺海
釋贊寧,贊寧
釋起度,起度
釋超乘,月堂,蒼閒
釋超信,海印
釋越公,越公
釋跋日羅菩提,金剛智
釋軾,空印
釋輔良,介菴,用貞
釋輔誠,玉川
釋輯光,仁山,半衲道人
釋辛旽,淸閑居士,耀空
釋辨才,辨才
釋辨機,辨機
釋辨正,辨正
釋辨玉,辨玉
釋辨章,辨章
釋辨聰,辨聰
釋迂塤,大章
釋造微,造微
釋逢,其原
釋進英,拙叟
釋遇安,善智禪師
釋遇臻,遇臻
釋道一,道一
釋道世,玄惲,道世
釋道俊,道俊
釋道信,道信
釋道元,徹菴
釋道光,碧虛
釋道冲,癡絕
釋道原,竺隱
釋道吾休,道吾休和尚
釋道器,道器
釋道因,草菴
釋道契,道契
釋道安,道安
釋道宏,龍巖隱者
釋道宗,道宗
釋道宣,道宣
釋道容,佛智
釋道寬,道寬
釋道尋,道尋
釋道希,道希
釋道常,道常,關南和尚
釋道微,道微
釋道忞,宏覺國師,弘覺國師,木陳
釋道怤,道怤,鏡淸和尚,順德大師
釋道恢,大山
釋道恭,道恭
釋道惺,等觀
釋道慈,道慈
釋道成,道成
釋道政,道政
釋道旻,圓機
釋道昌,佛行大師,月堂
釋道明,檀溪子,道民
釋道暉,用晦
釋道會,道會
釋道月,道月
釋道朗,道朗
釋道望,岳雲
釋道楷,定照禪師
釋道標,西嶺和尚,道標
釋道樞,懶庵
釋道欽,國一禪師
釋道永,無涯,非幻
釋道清,慈濟大師
釋道溥,弘教大師,睡龍和尚,道溥
釋道潛,參寥子,妙總大師
釋道潤,道潤
釋道濟,道濟
釋道玄,道玄
釋道琚,道琚
釋道璨,無文
釋道素,道素
釋道維,道維
釋道臻,伯祥,淨照禪師
釋道舉,季若
釋道芬,道芬
釋道藏,道藏
釋道虔,九峰和尚,大覺大師,道虔
釋道虬,道虬
釋道行,雪堂
釋道詮,明因
釋道該,道該
釋道誠,慧悟大師
釋道諺,道諺
釋道鏡,道鏡
釋道隆,應制明悟禪師
釋道隱,仲孺,月澗
釋道雲,道雲
釋道震,山堂
釋道顏,卍庵
釋道高,獨峯
釋達澄,古光上元人,如鑑
釋達觀,自菴
釋遙山,遙山
釋遠,無外
釋遠公,遠公
釋遵式,慈雲懺主,懺主禪慧大法師,法寶大師,知白
釋還本,還本
釋那延,那延
釋鄭寂,鄭寂
釋釋彪,釋彪
釋釋泚,釋泚
釋重巽,重巽
釋重幽,重幽
釋重惲,重惲
釋重本,重本
釋重機,天龍和尚,明真大師,重機
釋重沼,重沼
釋重辯,南華長老
釋重鈞,重鈞
釋重顯,明覺大師,隱之
釋金地藏,金地藏
釋銓,文炤大師
釋銛,文穎,樸翁
釋鎮澄,月川,空印
釋鏡空,鏡空
釋鑒,蒙庵
釋鑒休,鑒休
釋鑒周,鑒周
釋鑒玄,鑒玄
釋鑒真,鑒真
釋長吉,梵才大師
釋長文,長文
釋開元,開元
釋開悟,開悟
釋閑霄,閑霄
釋陟遐,陟遐
釋隱山,隱山和尚
釋隱峰,隱峰
釋隱巒,隱巒
釋隱微,玄寂禪師,覺寂禪師,隱微
釋隱空,隱空
釋雅覺,雅覺
釋集文,集文
釋雙泉,雙泉
釋雪峯,雪峯
釋雪庭,梅雪隱人
釋雪竇,雪竇
釋雲卿,雲卿
釋雲容,雲容
釋雲寂,雲寂
釋雲居,雲居
釋雲晏,雲晏
釋雲栖,雲栖
釋雲棲,雲棲
釋雲皋,雲皋
釋雲端,雲端
釋雲英,雲英
釋雲表,雲表
釋雲辨,雲辨
釋雲辯,圓鑒大師,雲辯
釋雲颢,雲顥
釋雷禪,雷禪
釋霄韻,霄韻
釋靈[巩言],靈[巩言]
釋靈一,靈一
釋靈仙,靈仙
釋靈具,可生
釋靈初,靈初
釋靈圭,騎虛
釋靈巖,靈巖和尚
釋靈應,靈應
釋靈晏,靈晏
釋靈業,靈業
釋靈準,靈準
釋靈澈,明泳,源澄,靈徹,靈澈
釋靈炤,釋靈照
釋靈照,照布衲,真覺大師,靈照,齊雲和尚
釋靈祐,大圓禪師,潙山和尚,靈祐
釋靈紀,靈紀
釋靈聰,靈聰
釋靈裕,靈裕
釋靈辯,靈辯
釋靈默,五泄和尚,靈默
釋青童,靑童
釋青陽,靑陽
釋靜居,靜居
釋靜感,靜感
釋靜慧,古明
釋靜泰,靜泰
釋靜維,盛蘊貞
釋靜虛,靜虛
釋靜行,靜行
釋靜覺,丘岳
釋靜賓,白雲
釋鞏,石林
釋韜光,韜光
釋願輝,天樹
釋顥雅,顥雅
釋顯彬,守中
釋顯潔,剩朽,柳體仁,粹白
釋顯示,瞽菴
釋顯萬,致一
釋顯達,彥濟,達禪師
釋餐霞,赤城
釋餘澤,天泉
釋香能,香能
釋體休,體休
釋體如,體如
釋高閑,高閑
釋鳥窠,鳥窠
釋鴻楚,鴻楚
釋鴻漸,鴻漸
釋鴻舉,鴻舉
釋鶴林,鶴林
釋麗天,麗天和尚
釋麻衣,麻衣禪師
釋默然,默然
釋鼎需,懶庵
釋齊一,齊一
釋齊安,齊安和尚
釋齊玉,覺慧
重豫,笠庵
野仙不花,仲實
野仙脫因,友賢
野薛湼,恭惠
野訥,忠靖
金?,心蘭,阿心
金X臣,溫叟
金䃴,學光,忠愍
金一桂,文馨
金一鏡,丫溪,人鑑
金三復,克孝
金三德,克家
金世俊,稠原
金世弼,公碩,十淸軒,文簡,知非翁
金世德,孟求,淸惠
金世濂,文康,東溟,道源
金世珍,麗江
金世璉,桂亭
金世翊,聖佑
金世鑒,萬含
金世麟,體健
金世龍,孟陽
金中淸,晩退軒,而和,苟全
金之俊,古藤書屋,孝升,彥章,息齋,文通,直廬,豈凡
金之焱,仲華
金九容,六友堂,惕若齋,敬之,文溫,金齊閔
金九成,鳴韶
金九萬,敏叔
金九鼎,君重
金九齡,與壽
金亮,克明
金人瑞,圣歎,金喟
金仁,嘯竹
金仁傑,志甫
金仁沇,敬烈
金仁燧,時徵
金仁鏡,貞肅
金令行,子裕,弼雲翁
金以圩,癸園
金以垿,葵園
金以埈,嵩菴
金以成,素存
金以權,經山
金任紳,笏山
金企韞,蘭心
金伯醇,醇之
金似孫,叔肖,蘭庭
金佐明,一正,忠肅,歸川,歸溪
金佑明,以定,忠翼
金佑生,文淑,金祐生,陽山
金作楫,濟庵
金作節,竹君,竹吾,竹尹
金作霖,甘叔,邦榮
金佳縕布,緼布,金縕布
金佳金福泰,金福泰
金侃,亦陶,立庵
金係行,取斯,定獻,寶白堂
金俊明,不寐道人,孝章,朱袞,耿庵,貞孝先生
金俊龍,忠襄,秀夫
金保權,子才
金保泰,忠甫
金信,中孚,漫吟先生
金倫,無己,竹軒,貞烈
金偉,東岡
金偉男,子始,樂山,終男
金傳世,汝臣
金傳經,又劭,旦評
金儲英,冠千,琴潤
金允中,伯怡,息機
金允安,東籬,而靜
金允治,際升
金元亮,剛愍,明叔,栗村,蘪村
金元恩,補之
金元燮,至和
金元璧,企雲
金元祥,文匡
金元禎,金元貞
金元立,士卓
金兆基,德培,立堂
金兆燕,棕亭,鍾越
金兆瑞,又海
金兆豐,瑞六,雪孫,雪蓀
金先聲,五鍾
金光傑,殿山,殿珊
金光悌,汝恭,蘭畦
金光準,叔藝
金光澤,存吾齋,德輝
金光炫,晦汝,水北
金光煜,文貞,晦而,竹所
金光燦,思晦
金光爀,晦卿,東林
金光筯,剛愍,廉石,念直,濂石
金光載,子輿,文簡,松堂
金光轍,文敏,鈍齋
金光辰,居垣,雙崖
金光遠,彦明,月峰
金光銓,存齋
金克一,孝節,慕庵,用協
金克孝,四味堂,希閔
金克愊,子誠,靖平
金克成,老峰,金克己
金克明,新園
金克誠,恆甫
金兌,湘芷,說之
金兌一,秋伯,蘆洲
金八元,秀卿,舜擧,芝山
金八姑,金玉堂
金再來,秋霜
金冕,文用
金則亢,金則元
金勘,一齋,仙洞,子獻,文敬
金勿,希顏
金千鎰,健齋,士重,文烈
金千齡,仁老
金升卿,賢甫
金南秀,莊襄
金南美,儀叔
金南重,白珍,貞孝,野塘
金厚載,光化,化光
金去偽,敬直,草窓先生,草窗
金去疾,士吉,藥畦
金友尹,之任,龍灣
金友臣,待聘,胡簡
金叔滋,子培,文康,江湖散人
金取魯,取斯,忠獻
金古良,金史
金召棣,階五
金可器,文麓
金可文,素公,貞逸
金可記,金可紀
金台,春谷
金台鉉,不器,文正
金吉,一庵
金吉通,叔經,文平,月川
金名世,金昌世
金名鑾,小坡,小玻
金君卿,正叔
金命元,忠翼,應順,酒隱
金和,元節
金咸寧,國安
金哈剌,元素
金問,公素
金啟元,梅窗,維淸
金啟江,同九
金啟汾,望崖,禹甸
金善,訪叔
金善信,實之
金嗣猷,劍民,諤軒,鶴仙
金嗣芬,楚青,蹇靈修館主人
金嘉,宜園
金嘉琰,可亭
金固,守正,雪崖
金國光,丁靖,瑞石,觀卿
金國均,可亭,應三
金國琛,逸亭
金國瑩,星如,菉鄉
金國用,嘉賓
金國祥,竹軒
金在,樂善,潤甫
金在魯,仲禮,忠靖,文靖,淸沙,虛舟子
金地粹,去非,天台山人,苔川,苔湖,貞敏
金坽,子峻,文貞,溪巖
金垓,近始齋,達遠
金垿,葵圃
金城,邦衛
金埴,小郯,淺人,苑孫
金堉,伯厚,文貞,晦靜堂,潛谷
金堡,今釋,借山野衲,偏行堂,夢蝶庵,彳扁行堂,性因,恬因,澹歸,甘蔗生,舵石翁,茅坪衲僧,蔗餘,衛公,道隱
金堤,朝霞
金堦,步雲
金堪,金谷
金墉,桂軒
金士仁,惺若
金士俊,秀屛
金士安,忠康
金士松,亭立,聽濤
金士棨,節亭,花園,莘園,華國
金士珊,雪荘
金士芳,介人
金士衡,平甫,洛圃,翼元
金士錡,鑑三
金壽增,延之,谷雲
金壽寧,文悼,素養堂,頤叟
金壽恒,久之,文忠,文谷
金壽民,堯叟,沙浦
金壽童,文敬,晩保堂,眉叟
金壽翼,忠景,星老,靑岳
金壽興,文翼,東郭散人,起之,退憂堂
金壽萱,慈華,靜旃
金壽賢,廷叟,遁谷,靖憲
金夏時,嘯霞,惟正
金夢先,桐陽散翁
金夢熊,占一,均如,蓴鄉
金夢蘭,香蘇
金夢虎,叔武,玉峰
金大亨,元卿
金大來,希泰,金大猷
金大德,得之,易安堂,蘇峰
金大昇,旭初
金大有,三足堂,天佑
金大緯,星齋,躔五
金大賢,希之,悠然堂
金大車,子有,方山子
金大輿,子坤
金天羽,天放樓主人,松岑,鶴望
金太虛,博淵亭,汝寶,襄武
金奇玉,琢庵
金奎,耀堂,聚五
金如式,德真
金如璧,墨沼
金始㷜,孝憲,晦而,梅谷
金始徽,履素堂,聖五
金始昌,嵐亭,廷揚
金始桓,公觀,匡夏,復庵
金始煥,孝憲
金始聲,聞遠,陶溪
金始蕃,仲擧,眠湖
金婉,玉卿
金婉勤,淑昭
金孝元,仁伯,省菴
金孝柟,墨莊,載馨
金孝維,仲芬
金孝誠,襄老
金孝貞,文靖
金孟師,芳圃
金孟性,善源,止止堂
金孟權,晩翠堂
金學曾,子魯
金學詩,二雅,夢餘道人,韻言
金宇杭,坐隱,忠靖,濟仲,甲峰
金宇顒,文貞,東岡,直峰布衣,肅夫
金守椿,葉仙,葉倦
金守溫,乖崖,拭疣,文平,文良
金安國,國卿,慕齋,文敬
金安清,作齊,眉生,銷英居士
金安節,彥亨,忠肅
金安老,希樂堂,退齋,頤叔,龍泉
金完,子具,襄武
金宏弼,大猷,寒暄堂,文敬,簑翁
金宗一,貫之,魯庵
金宗墉,藕農
金宗敏,敬建
金宗泰,晴巖
金宗瑞,國卿,忠翼,節齋
金宗直,佔畢齋,季昷,文忠
金宗翰,獻儒
金宗邵,仲蓮,載園
金定,汝濟
金定卿,威靖
金家驊,子開,逸塵
金家驥,仲遠
金富仁,伯榮,山南,文簡
金富賢,巷東,禮卿
金實,用誠
金寧,汝知,遯峯
金寶樹,仲珊,吟香
金寶符,西農
金尚容,仙源,文忠,景擇,楓溪,溪翁
金尚寯,休菴,汝秀
金尚憲,叔度,文正,淸陰,石室山人,西磵老人
金尚東,西園
金就成,成之,眞樂堂,西山
金就文,久菴,文之,文簡
金就礪,威烈
金居敬,元忠
金履元,信元,守伯,素菴
金履祥,仁山先生,吉父,吉甫,文安,金祥,金開祥
金山,仲仁
金崇爵,冠卿
金崇祖,禧之
金崇謙,君山,觀復庵
金巴泰,文恪
金希壽,夢禎,悠然齋
金希魯,聖得
金師軻,仲醇
金平,子升,惺園
金幼孜,幼孜,文靖,退闇,金善
金幼淳,簡良
金序,養蒙
金序珽,碧峰,紫搢
金庚,西叟
金庠,養正
金庭睦,而敬
金廉,思廉,竹雪
金廣義,象生,集生
金廷桂,染香,石頑老人
金廷標,士揆
金廷烈,竹書
金廷瑞,信夫
金廷璧,德潤
金廷芳,竹香
金廷韶,二如,越石
金建,林居子,長民
金式,元度
金式玉,朗甫
金式陶,煦亭,鞠逸
金引齡,壽翁
金弘度,南峯,萊峯,重遠
金弘敏,任父,沙潭
金弘業,可修
金弘翼,忠愍,翼之,默齋
金弘道,止軒,達可
金弘郁,文叔,文貞,鶴洲
金弘錫,胤甫
金張,介山
金弼,輔伯,金輔伯
金彌高,與瞻
金彥玨,雙峯
金彥禎,方泉
金彥秀,命叟
金彥謙,茂業
金得培,文忠,蘭溪
金得安,巖磐
金得男,先述,梅竹軒
金得臣,子公,栢谷
金從洋,汝孝
金從舜,恭胡
金從龍,誠之
金復一,南嶽,季純
金德久,金井
金德嘉,會公,蔚齋
金德基,海星
金德崇,峻公
金德承,可久,少{广,巢睫
金德潤,君澤
金德玹,仁本
金德瑛,慕齋,檜門,汝白
金德純,素公
金德輝,春田
金德輿,仲權,少權,桐華館,素行堂,華及堂,鄂岩,鄂巖,雲莊,鶴年
金德遠,休谷,子長
金德鋐,大樗,韻文
金德鑒,保三
金德階,春如
金德鵬,湘溪,雲萬
金德齡,忠壯,景樹
金德龍,雲甫,駱谷
金徽,四休亭,敦美,晩隱
金志,允立,六十一
金志安,材坪,竹平
金志成,餋齋
金志融,春吾
金志陽,蓬頭,野菴
金忠,尚義
金忠善,善之,慕夏堂,沙也加
金忠士,元節,麗陽
金思範,養愚
金思誠,峻閑
金怡,之禎,匡定,悅心,隱之
金性,子善
金恂,文英,歸厚
金恩溥,博如
金恭,壽人
金悌甲,文肅,毅齋,順初
金悌男,恭彦,懿愍
金愉,和之
金慧,靜因
金慶徵,善應
金慶餘,文貞,松厓,由善
金慶鵬,摶紫,鄂樓
金憑,敬中
金應元,烈愍
金應南,忠靖,斗巖,重叔
金應城,子彥
金應奎,文宿
金應徵,懋德
金應桂,一之,積慶山人,蓀壁,蓀璧
金應河,忠武,景義
金應海,君瑞
金應澍,晴初,澹庵
金應照,夢暘,夢陽
金應琦,元夢
金應璸,理函
金應祖,啞軒,孝徵,鶴沙
金應禎,元溫
金應箕,屛菴,文戴,眉叟
金應鳳,朝陽,桐岡
金應鵠,枕山,運蒼
金應麟,蘭汀
金應鼎,士和,懈菴
金懷玉,式如
金成立,金誠立
金成連,宗璜
金戬,汝厚
金承恩,松圃
金承烈,守黑,柳君
金承詔,蔭亭
金承霔,襄景
金拱敬,翼如
金振宗,孝善,新齋
金振祖,文起
金振遠,宣臣
金捧閶,玠堂,靜然,駕堂
金掌珠,明卿
金搢,秋潭,訓齋,記中,詠齋
金敞,廓明,暗齋
金敦洵,成允
金敬直,憂亭,而正
金文,尚德,履素
金文剛,子潛
金文同,曉泉,書舲,笙陔
金文城,問梅,宗元
金文夏,東廓,聖起
金文徵,德儒
金文梁,企橋,倚雪,養知
金文璡,彥輝,筠石
金文翰,西林,起雲
金文藻,芳儀
金文衍,榮信
金文貞,淑人
金文質,聽雪翁
金文起,孝起,汝恭,白村
金文通,光曙
金斗南,一敬
金斗明,子昻,晩香
金斯革,忠節
金方慶,忠烈,本然
金日觀,伯玉
金旭,伯燿
金旼,金昉
金昌一,亨吉,四寒
金昌世,守谷,枚臣,金世昌
金昌協,三洲,仲和,文簡,農巖
金昌尹,子京
金昌年,壽翁
金昌彦,子美
金昌業,大有,稼齋,老稼齋
金昌緝,圃陰,敬明
金昌翕,三淵,子益,文康
金昌運,祿甫
金昌道,聖源
金昌集,夢窩,忠獻,汝成
金明國,天汝,蓮潭,醉翁,金鳴國
金明源,耀庭
金明胤,晦伯
金明達,東五,聚五
金星桂,仲詵,元直,子木
金春澤,伯雨,北軒,忠文
金昭,懋卿
金是榲,以承,瓢隱,陶淵
金是瀛,天石
金時保,士敬,茅洲
金時傑,士興,獻簡,蘭谷
金時宜,冉湘,甫卿,甫鄉,雨卿,雨鄉
金時敏,勉吾,忠武
金時晦,養吾,養眞齋
金時泰,大來
金時獻,子徵,艾軒
金時習,悅卿,東峰,梅月堂,淸寒子,淸簡,碧山淸隱,贅世翁,雪岑
金時讓,子仲,忠翼,時言,荷潭
金晅,用晦
金普,忠簡,竹岡
金普澤,仲施,惕齋,翼獻
金景壽,伯亨,鰲川
金景文,唐佐
金景瑞,聖甫,襄毅,金應瑞
金曰修,金壽松
金曰熊,天麟,雲溪
金曰追,對揚,璞園
金有慶,孝貞,德裕,龍洲,龍谷
金朋說,希傳
金朋説,希傳
金望欣,愚谷,秋士
金朝興,武毅
金朝覲,午亭,西侯,鑾坡
金朝麟,仁瑞,玉京女史
金末,幹之,文長
金本,會源
金材,拙翁
金東弼,子直,忠惠,樂健亭
金東準,而式,鳳谷
金松,壽芝
金枏,茂之
金林,繡山,雲峰
金枝,本懋
金柔,德頤
金柟,茂之
金柱,國楨
金柱臣,壽谷,孝簡,廈卿,洗心齋
金格,承之
金梁之,彥隆,野仙,野僊
金棨,素中
金棻,裳華
金椿,半酣居士,鶴籌
金楊震,伯起,虛白堂
金極,克中,勉中,市隱
金楷,式之
金楺,儉齋,士直,文敬
金榘,其旋,絜齋
金榜,橤中,檠齋,蕊中,輔之
金榦,厚齋,文敬,直卿
金榮恩,惠生
金榮祖,孝仲,忘窩
金槃,士逸,虛州
金構,忠憲,觀復齋
金樂成,繹如
金樞,蓉湖,衡中
金樸,二十一
金樹本,佩蓀,培生
金樾,侶韓,樵雲,臞生
金機,仲星
金橰,逢年
金檀,文瑞樓,文瑞樓主人,星軺,燕翼堂
金權,忠簡,拙灘,而中
金止男,子定,龍溪
金正儀,夢橋,夢檢,慶橋
金正國,國弼,思齋,文穆
金正韶,九成,約山
金步瀛,金墉
金武祥,一厈山人,淐生,粟香
金殿臣,茘笙
金殿試,林翰
金毓奇,問庭,問艇,培英
金毓峒,忠烈,稚鶴,穉鶴,鶴冲,鶴峒,鶴翀,鶴胎
金毓鏽,玉貞
金毓麟,琴舫,遜學
金氏(仁敬王后),仁敬王后
金氏(李柱官妻),月雅
金氏(淑昌院妃),淑昌院妃
金氏(金公亮女),少昊氏
金民澤,竹軒,致中
金永,仲明
金永昌,柳塘居士,醉墨,際和
金永濡,恭平,澤夫
金永煦,筠軒,貞簡
金汝升,巽含
金汝嘉,無美,赤城
金汝奎,星垣
金汝岉,士秀,壯毅,披裘子,畏菴
金汝臣,致君
金汝鈺,君粹,薇山
金汝鼐,元調,觀濤
金江,孔殷
金汶,潤甫,西軒
金沇,長源,陶村居士
金沔,志海,松庵
金沛豐,晴彼,晴波
金泮,松亭,詞源
金泰巖,卓爾,希菴
金洙,又波
金洪,惟深
金洪福,子懷,東園
金洪銓,學山,聖宜
金洲,士敦,沐齋先生
金浙,汝東
金浚,壯武,澄彦
金涌,道源,雲川
金涓,劉涓,德原,青村
金淑,慎史,文沙
金淑嫻,靜芬
金淛,二十三,汝東
金淡,巨源,撫松軒,文節
金淨,元冲,冲菴,孤峯,文貞
金深,孔志
金淳,趜農
金淵,淵叔
金添慶,文吉,東岡,漳洲,肅簡
金清,十三,曜堂,耀堂
金渾,穆之
金湘,靜山
金湜,文毅,東泉,沙西,淨友堂,老泉
金源,大本
金溶,廣蘊
金演,士益,退修堂
金漢萼,公輝
金漢鼎,紫芬
金潤,伯玉,靜虛
金潤棠,雨梧
金澂,憲淸,研香
金澍,忠貞,澤夫,籠巖
金澤,兌仲,養眞堂
金澥,士晦,雲松
金濂,濬之
金濟謙,必亨,忠愍,竹醉
金濡,伯雨,粹孝先生
金濤,狄白,秋白
金灝,尋樂齋,汝習
金炅,元晦
金炳壽,芝田
金烺,子闇,雪岫
金然,周然,廣居
金煐,春山
金煜,子藏
金煥,孟章
金煥文,彩如
金熊,渭占
金熙郴,季鶴
金燕,尚賓
金燿遠,德卿,朗山
金爵,良貴,蓼猗翁
金爾珍,吉石,少芝,蘇盦
金爾相,君梅,君美,琢之
金爾音,三路,伯玉
金獻民,舜擧,舜舉,蓉溪
金玄度,弘之,認齋
金玄成,南窓,餘慶
金玉,惠安伯
金玉岡,芥舟,西昆,黃竹道人
金玉式,長庚
金玉相,淸甫,滄洲
金玉鉉,金玉鈎
金玉麟,石船,素臣
金玏,希玉,敏節,柏巖
金玥,圓玉,曉珠
金珌,子修,慕箕齋
金琂,愍肅,汝潤
金琜,子玉
金琢璋,砥齋
金琮,元玉,符玉,赤松山農
金琿,忠宣
金瑛,三塘,英之
金瑜,公瑾
金瑤,德温
金瑬,冠玉,北渚,文忠
金璁,仲輝,明寶,迂軒
金璇,松居,符善
金璞,懷璞
金璠,增輝,悔齋
金璧,德潤
金璫,恭節,玉耳
金瓘,恭襄,瑩中,金終同,默齋
金甌,汝相,葉長溥
金甡,海住,海柱,雨叔,靜簾齋
金用,九夫
金用兼,聖輔,艮谷
金甫,越江,錢金甫
金畇善,心畬
金畹,佩芳,紉秋
金發霞,啟明
金益㢘,赤谷,遠明
金益兼,忠正,汝南
金益勳,光南,忠獻,懋叔
金益炅,啓明
金益熙,仲文,文貞,滄洲
金益福,季膺,忠景
金益精,子斐
金益謙,受益,懷谷
金盛後,仲裕,蕉窓
金相,琢章
金省行,士三,翠柏軒
金睟,夢村,子昻,昭懿
金瞻,南岡,子瞻,東岡,荷塘
金石,春谷
金石文,左角
金硡,堅仲
金礩,可安,文靖,雙谷
金礪,用汝,雪齋
金礪器,熙叔
金祖澤,克念,平齋
金祖錫,蕙堂
金祖靜,安安,定濤老人
金祺,厚祺,梅窗
金福,天錫
金福基,潤南,澗南
金福曾,苕人
金禔,季綏,醉眠,養松堂,養松居士,養松軒
金禮,敬之
金禮嬴,五雲,昭明閣女史,雲門
金禮直,文伯,毅憲
金禮蒙,敬甫,文敬
金禹錫,夏卿,歸來堂,貞穆
金秀南,汝一,萬痴堂
金秀文,成章
金秉乾,元甫
金秉忠,碩山,碩甫
金科,家修,澹園
金稛,齊肅
金穎第,蘭省
金立愛,元夫,十五
金立敬,中夫,十七,存庵
金立相,二十一,道夫
金章,相用
金端木,竹逸
金符,信臣
金第,翥雲
金策,怡怡
金筠,毓枝,竹軒
金節,持甫
金簡,勤恪,金佳
金籥,五者翁,平叔
金約,用博
金紐,上洛居士,子固,琴軒,翠軒,觀後庵,雙溪齋
金純,文明
金紳,爾佩
金紹元,鑑堂
金紹城,北樓,巩伯
金紹庭,叔寄,菊箎,菽吉
金絿,三一齋,大柔,文懿,自庵
金綺,宛霞,霞軒
金緣,子裕,子迪,雲巖
金練光,彦精,松巖
金緻,南峰,士精,深谷
金繩武,眉生,述之,韻仙
金繼城,固菴
金繼輝,重晦,黃岡
金繼震,戴槐,戴樑,長卿
金續命,忠簡
金罍,文薦
金義元,困六齋,宜伯
金義植,東塘,立斯
金義貞,公直,幽敬堂,文靖,潛庵
金翀,振之,酉書,香涇
金翮,思振
金翼,敬德
金聲,子駿,成光,文毅,正希,赤壁
金聲桓,壯武,筠莊,虎臣
金聲遠,伯宏
金肇元,司杓
金肇洛,雲卿
金肇鑾,存齋,羽階
金自知,元明,文靖,逸溪
金自粹,桑村,純仲
金自點,成之,洛西
金臯,鶴卿
金至元,含英,載振,金玉元
金至善,伯明,菊逸老人
金致遠,士毅,濯溪
金與魯,淑曾
金興國,景仁,水北亭
金舉,大任
金舜儀,湘琴
金舜臣,汝弼
金良,淡希
金良彥,善益
金良璥,子寶,恭肅
金良鑑,文安
金芝原,雲栽
金芳荃,畹雲
金芸,宮芸
金若恒,久卿,惕若齋
金若愚,伯明
金若時,忠定
金若洙,子方,東園
金若蘭,者香
金若默,太容,誠齋
金英,亦茗
金茂宣,公著
金范甲,仲萬
金茗,檟山
金荃,紉蘭,香史
金莊,子嚴
金菁華,樸齋,殿選
金萬均,思休,梨湖,正平,醉仙
金萬基,文忠,永淑,瑞石,靜觀齋
金萬壽,德老,莊襄
金萬濂,鋪淇,鐘淇
金萬選,青圃,青團
金萬重,文孝,西浦,重淑,金船生
金萼銜,附恭
金董治,醇甫
金葵,景陽
金蓉,鏡淸
金蓉鏡,甸丞,闇伯,香嚴
金蓍國,景徵,東村
金蕃,世宣,十一
金蕊,德卿
金藎國,後瘳,景進
金蘭,湘花
金蘭升,冬青老人,石如
金蘭原,覺木,覺本
金蘭春,靄香
金蘭貞,紉芳
金虎,德元,月庵
金虞,小樹,長孺
金虯,夢瑞,灘叟
金行,周道,長浦
金行舉,義起
金衍宗,岱峰,維漢
金衍煐,小松
金衍緒,綺園
金衡,平甫
金襄,屺山,式玉
金覺,宣伯
金訢,君節,文匡,顔樂堂
金訥懷,漢臣
金詮,仲倫,忠貞,懶軒
金誠一,士純,文忠,鶴峰
金誠立,汝見,汝賢,西堂
金諤,一士,嘯崖
金諶,君諒,文貞
金謂鏐,珌卿,貢三
金謙光,恭安,撝卿
金謹思,明通
金谷元,蓮溪
金象鉉,式玉
金豪,三十四,文興
金貞琬,臨宛
金貴,用和
金貴榮,東園,顯卿
金賁亨,一所,汝白,高賁亨
金賆,損之,文愼
金賢,士希
金質幹,文吾,雙梅
金質忠,南峯,直夫
金起宗,仲胤,忠定,聽荷
金輅,伯承
金輝,士輝
金輳,志遠,雲巖
金農,仙壇掃花人,冬心,冬心先生,司農,吉金,壽道士,壽門,心出家盦粥飯僧,恥春翁,昔耶居士,曲江外史,百二硯田富翁,稽留山民,老丁,蓮身居士,金二十六郎,金司農,金吉金,金牛湖上詩老,香鐵,龍梭仙客
金迬,不求堂,汝定
金逈,叔明,鳴岩處士
金逑,友之
金造士,民譽
金進,藕舫,藕舲,藕船
金逵,望山,達卿
金逸,仙仙,僊仙女史,纖纖
金運昌,景亭,郭運昌
金道源,本仲,水南
金達,鉄杉,鐵杉
金遡,原之
金遵吉,德卿,青峰山翁
金選,惟賢
金邦杰,士興,芝村
金醞,大用
金重器,大器
金重鎰,伯珍
金鈍,汝礪,長子
金鈞,和甫,子梅,子楳
金鈺,遂良
金鉉,邦鼎
金鉤,文長,歸山,直之
金鉷,德山,郭鉷,震方
金鉽,鼎卿
金銑,子良,熊銑
金銓,衡卿
金銘,虞銘
金銘吉,伯惠,泊惠
金銚,子和,恭簡,拙齋
金銳,汝潛
金鋐,亦庵
金錦文,也巖,也豐,也農
金錫翼,汝兩
金錫胄,息庵,文忠,斯百
金錫衍,汝伯,貞僖
金錫輅,曉春,曉輔,曉邨
金錫鬯,伯卣,晴韻館,秬和,蒨榖,蒨谷
金錫齡,伯年,芑堂
金鍰,子仲
金鍾,聲庵,長乾逸人
金鎧,獨松亭,邦寶
金鎭商,汝翼,退漁
金鎭圭,文淸,竹泉,達甫
金鎭玉,伯溫,柳下,韞齋
金鎭龜,守甫,晩求窩,景獻
金鎮,又鑣,淸美堂,長真
金鏡,陟三
金鏡淑,順之
金鐵根,石心,節友堂
金鐸,金宏振,金弘振,金洪振
金鑲,紉蘭,翠峰
金長洪,師林
金長溥,復堂,瞻原
金長生,希元,文元,沙溪
金長福,雪舫
金門楫,伯詔
金門詔,東山,軼東
金開物,元龜,金瑞廷
金闓,啓叔
金關關,友班
金陳登,禾箱
金陵妓,小蘭
金隆,勿巖,道盛
金階,子升
金集,士剛,愼獨齋,文敬
金雍,釋弓
金雪詩,二雅
金雲五,潛谷,祥占
金雲槐,蒔庭,養泉
金雲澤,仲行,忠貞,白雲軒
金雲璋,卓臣
金雲門,吉予,果毅,菊仙,菊軒,金黃裳
金震,以聲,柱泉
金震標,建中,浯涯
金震祖,賓暘
金震陽,子靜,草廬
金革,貴從
金韶,子善
金順,德人
金順命,居易,恭襄
金顺,德人
金馥,小香
金馥遠,鬯香
金馪遠,聖香,鬯香
金馹孫,季雲,少微山人,文愍,濯纓
金駒,興可
金魏,才仁
金魯,景參
金鯉,時躍
金鳳洲,庚山,庾山
金鳴鑣,晴嵐
金鴻翎,汝儀,逵卿
金鴻霄,少泉,羅仙
金鵬,摶雲,桂卿
金鶚,求古齋,秋史,誠齋,風薦
金鶴清,翰皋
金鶴翔,幼香,琴一,襭紅
金鸞祥,季應,缾山
金麒壽,仁甫
金麟厚,厚之,文靖,河西,湛齋
金麟孫,呈瑞
金麟至,聖應
金黼,用文,號竹泉生
金鼎,凝之
金鼎元,如山
金鼎台,台叟
金鼎臣,希尹
金鼎運,信甫,念庵
金鼎銘,子恭,樂利,益齋
金鼐,調生
金鼒,公器
金齊閔,士孝,忠剛,鰲峰
金龍澤,孤松齋,德雨
金𪷏,景時
鈎宏,元量
鈎昌期,應辰
鈔介,右賓
鈕㵢,啸琴,嘨琴
鈕亮,右庭
鈕嘉蔭,叔文,聞叔
鈕士秀,靜川
鈕大紳,書峯,書葊
鈕安,仲文
鈕應斗,惠師
鈕承棨,稚黃,蓮嗣
鈕格,少雅
鈕樹玉,匪石,匪石先生,匪石子,匪石居,匪石山人,匪石道人,藍田,藍石,非石,非石先生
鈕汝桂,辛人
鈕汝騏,駕仙
鈕清,宗源,錢清
鈕澤晟,寅身,稷臣
鈕濟亨,鼇在
鈕玉庚,潤生
鈕玲華,姍蓉
鈕琇,書城,玉樵
鈕祜祿伊爾登,伊尔登,宜尔登,忠直
鈕祜祿信勤,懷民
鈕祜祿信恪,立民
鈕祜祿吉倫泰,敬僖
鈕祜祿和珅,十笏園,嘉樂堂,綠野亭,致齋
鈕祜祿和琳,希齋,忠壯,芸香堂
鈕祜祿哈興阿,鈕祜錄哈興阿
鈕祜祿圖爾格,忠義
鈕祜祿對哈納,對喀納,文端
鈕祜祿尹德,愨敬,殷德
鈕祜祿布彥達賚,布顏達賚,恭勤,鈕祜祿沙海
鈕祜祿常績,勳舫,熙臺
鈕祜祿廣科,勤愨,勤殼心
鈕祜祿德齡,松如
鈕祜祿徹爾格,車爾格
鈕祜祿恭阿拉,勤士冗殳心,鈕祜祿鈕祜祿恭照
鈕祜祿成德,鈕呼魯成德
鈕祜祿拉哈達,喇哈達
鈕祜祿文瑞,芝亭
鈕祜祿景安,億山,憶山,深省堂
鈕祜祿格布舍,昭武
鈕祜祿格爾古德,宜亭,文淸,格尔古德,鐵面
鈕祜祿毓奇,玉奇,竹谿,鍾山,靜怡軒
鈕祜祿氏(清高宗母),孝圣憲皇后
鈕祜祿珠勒格德,珠爾格德
鈕祜祿瑚沙,吳沙
鈕祜祿瑞昌,忠壯,雲閣
鈕祜祿福慶,仲餘,蘭泉
鈕祜祿福昂,芷泉
鈕祜祿穆克登布,剛烈
鈕祜祿納爾察,端壯,納尔察
鈕祜祿索諾穆策凌,索諾木策凌,索諾穆策楞
鈕祜祿維慶,恪勤
鈕祜祿興長,興常,興昌
鈕祜祿豐昇額,誠武,豐盛額
鈕祜祿豐紳殷德,天爵,延禧堂,潤圃,潤甫,潤甫居士,豐伸殷德,豐伸音德
鈕祜祿超哈爾,果壯
鈕祜祿遏必隆,恪僖
鈕祜祿鄂木順額,復亭,復庭,晴雪,見吾
鈕祜祿金欽保,精欽保,鈕胡魯金欽保
鈕祜祿長清,勤毅
鈕祜祿阿里袞,松崖,果毅繼勇公,襄壯,雲巖
鈕祜祿陳泰,忠襄,辰泰
鈕祜祿霍隆武,果毅
鈕祜祿額亦都,額宜都
鈕福保,右申,松泉
鈕福嘉,鶴田
鈕福安,吉孫
鈕福寬,溥泉
鈕素,雪卿
鈕緝,仲文,十五,石溪
鈕翰城,霞峯
鈕良柱,石亭
鈕鈷祿薩迎阿,夢花齋,心太平室,恪僖,湘林,鈕祜祿薩迎阿,鈕祜錄薩迎阿
鈕鈷祿達爾黨阿,達勒當阿,達勒黨阿,達爾當阿,鈕祜祿達勒當阿,鈕祜祿達勒黨阿,鈕祜祿達爾黨阿
鈕飛熊,西崖,足園
鈕默,契真
鈺昶,仲明,珮卿,鶴痴
鉏育,雙橋
鉤宏,僧惠,元量,岳童,第三四
鉤昌期,慶孫,慶慶,應辰,第十二
銀中球,漢泉
銀文燦,光甫
銀沅,少季,少李
銀沆,少李
銘安,鼎臣
銘岳,東屏,瘦仙
銘恩,愷亭
銘通,明通
錢一本,啟新,啟新先生,國瑞,國端
錢一飛,其所,紹陽,翼天
錢三錫,宸安
錢丕,簡之
錢世揚,伯子,儞孝,孝成,景行,畸人,贅隅子
錢世敘,容堂
錢世燦,靜山
錢世瑞,柏芝,榆皋,蔚梧
錢世貴,聖霑
錢世賢,信夫
錢世銘,警齋
錢世錫,嗣伯,慈伯,百泉
錢世雄,氷華先生,濟明
錢丙曜,雲溪
錢中,文則
錢中諧,宮聲,庸亭
錢中選,瀛洲
錢之望,表臣
錢之燾,幼日
錢之芳,茞亭
錢之選,舜臣
錢之青,予蒲,于滿,子藩
錢之鼎,君鑄,翯彬,鶴山
錢乙,仲陽
錢九韶,南渟,太和
錢于鄰,震卿
錢亮,南郭,執夫
錢人傑,子仁,藙庵
錢人麟,借翁,服民,鑄庵
錢人龍,汝允,無咎
錢仁傑,伯英
錢仁夫,士弘,東湖,東湖先生
錢仁榮,協春,雨香
錢仁術,子推,謙謙子
錢仕,忠甫
錢仕秀,師竹
錢令嫻,幼靚
錢令暉,亞芬
錢令芬,冰仙,竹溪漁婦
錢以同,同生,小藍,桐蓀
錢以塏,恭恪,蔗山,閬行
錢以振,琳叔
錢以道,子原
錢仲淑,鹿君
錢仲益,允昇,永昇,碁仙,錦樹山人
錢仲鼎,德鈞
錢企會,護賓
錢伋,彥思
錢伯坰,僕射山人,僕射山樵,樵陂,漁陂,見南居士,野予,野余,魯思,魯斯,魯斯先生
錢伯言,遜叔
錢伯齡,介維,立山,鹿窗
錢佃,仲耕
錢作霖,秀巖,齊巖
錢佳選,升階,西齋
錢侍宸,杏君,香吾
錢侗,三鳳,同人,小泉來山館,樂斯堂,樂詩堂,蓬萊山館,趙堂,錢東野
錢俁,廷碩,惟大,維大
錢俊,時乂
錢俊選,嘯樓,宗啟
錢保塘,蘭陂,鐵江
錢保杭,仲濟,吟韋
錢俣,廷碩,惟大
錢俶,忠懿,文德,錢弘俶
錢傳薪,子楊
錢儀吉,仙蝶齋,太常仙蝶所止齋,學海堂,定廬,定廬居士,徵慎齋,心壺,新梧,星湖,石齋,萬蒼山樓,藹人,衎石,衎石齋,錢逵吉,雁影庵,靜讀學人,靜讀齋,颺山樓
錢億,伯壽
錢億年,伯壽
錢儼,誠允,質甫,錢信,錢弘信,雲心,靜宣
錢允元,繼山,虞佐
錢允弼,叔憲,錢永弼
錢允文,竹間,竹間先生
錢允濟,芷汀,雲咫
錢元亮,子鏡,眉士,鑒如
錢元修,安侯
錢元宰,六徹
錢元方,彥直
錢元昌,埜堂,朝採,益翁
錢元炆,半齋,苕夫
錢元球,錢傳球,錢元㺷
錢元瓘,文穆,明寶,錢傳瓘
錢元禧,少和
錢兆元,兆元
錢兆沆,蓼湑
錢兆閩,子藩
錢兆鵬,南溟,雲門
錢光弼,明仲
錢光甫,錢光普
錢光繡,聖月,蟄庵
錢公紀,叔度
錢公輔,君倚,純老
錢冶,良範
錢勖,子諒,揆初,素峰
錢勰,文肅,穆父
錢即,中道,忠定
錢卿藻,佩芬
錢厚,德載,惪德,惪載,竹巖嫩翁,竹巗嬾翁
錢厚貽,紅冰,鴻賓
錢友泗,四水子,學源
錢受益,謙之
錢受穀,黃與
錢受谷,冲齋,黃與
錢召棠,蘅儂,蘅漕
錢可則,正己
錢吉士,可亭
錢同壽,待烹生,復初
錢同愛,孔周,野亭
錢同文,大行
錢名世,亮功,亮工,絅庵,絅菴
錢向杲,仲謙,鶴岑
錢周材,元英
錢和,百宜
錢唐,惟明,錢塘
錢唐卿,元輔
錢啟宏,以仁
錢啟繒,仲綈
錢善揚,幾山,慎夫,順甫
錢善道,守素大師
錢喜起,賡明
錢嘉猷,敬承
錢國珍,子奇,寄廬
錢國瑞,蘅香,蘭香
錢國祥,乙生,南泉
錢坫,八奚居士,十六長樂堂,十蘭,卜蘭,文章大吉樓,月光居士,泉坫,浣花拜石軒,獻之,篆秋,篆秋草堂,跳蹁病夫,錢玷
錢基,又岩,右言
錢堂,朝昇
錢堯卿,熙載
錢塘,嚮山閣,四益齋,學淵,溉亭,禹美,虹舫,鶴原,默耕齋
錢墋,介臣,韋亭
錢增,敘川,淑川,漵川
錢士升,塞庵,塞菴,御冷,抑之,禦冷
錢士完,惟凝,繼修
錢士宜,廷舉,蘭齋
錢士晉,康侯,昭自
錢士杓,奎卿,奎淸,淸遠山人
錢士琳,仲玉
錢士賁,岩燭
錢士雲,昆浦,沛先,鶴皋,鶴皐,龍池
錢士驌,房仲,道生
錢士鰲,存庵,季梁,麓屏
錢士麟,仁山
錢夢齡,五峰,祚賢
錢夣得,國賢
錢大培,巽齋,樹棠
錢大復,漸庵,肇陽
錢大昕,十駕齋,及之,孱守齋,少詹,得自怡齋,晦之,曉徵,潛研堂,竹汀,竹汀居士,辛楣,餐柏齋
錢大昭,可廬,宏嗣,尊聞齋,得自怡齋,晦之,竹廬
錢大有,明遠
錢大椿,坦仲
錢大治,安之
錢大經,虞敦
錢大謨,颺亭
錢天挺,孑松
錢天樹,夢廬,子嘉,承培
錢天綱,仲紀
錢奎,公器
錢奐,文煥
錢如京,公溥,桐溪
錢妍,樂山
錢姑,惠烈夫人
錢孚威,講泰
錢孟鈿,冠之,浣青
錢季重,橫山,黃山
錢學,汝明
錢學孔,以時
錢學彬,質夫,質甫,采南
錢守廉,路石,雪瀾
錢守成,克賢
錢守璞,壽芝,蓮因
錢守讓,希仲
錢安,湘雲
錢安世,潔人,王功
錢安國,繼先
錢宏,可容,江樓
錢宏祖,字伯任
錢宗韓,學之,雨桐
錢官俊,枝臣,能軒
錢定壽,晉齋
錢宛蘭,卉玉
錢宛鸞,翔青
錢宜,在中
錢宰,伯均,子予
錢家吉,辛伯,辛生
錢寅,子虎
錢寶廉,湘吟,錢鋑道
錢寶昌,小卿,曉琴
錢寶林,萬青
錢寶琛,伯瑜,子獻,存素堂,楚玉,頤叟,頤壽老人
錢寶瑛,恭遠,慕遠
錢寶璜,夢鯤
錢寶青,初純,萍矼
錢封,松崖,軼秦
錢履坦,像啟,素園
錢山,靜夫
錢岱,汝瞻
錢岳,孟安
錢峙玉,翠峰
錢崇基,鑾坡
錢崇威,滌齋,自嚴,重修
錢崐陽,崙南
錢崑,若愚
錢嶧,六十,景魯
錢嶫,君望,平崖
錢希,夢龜
錢希憲,學山,學建
錢希言,簡棲,象先
錢希辯,慧明大師
錢希齡,扶風
錢師尊,唯傳,蕙窗
錢師義,士路
錢幹,文肅,習禮
錢府,允治,功父,功甫,少室山人
錢度,希裴,晉齋
錢庶,國徵
錢廉,東廬,稚廉
錢廓,叔因,錢擴
錢廷壽,魯齋
錢廷文,柳圃,樸安
錢廷枚,吉臣,容齋
錢廷烺,小謝
錢廷焞,凝臺,起山
錢廷煥,發公
錢廷熊,荻香
錢廷獻,南塘,我持
錢廷玉,溫甫
錢廷薰,品階,秋峴
錢弘佐,元祐,忠獻
錢弘倧,忠遜王,隆道
錢弘偡,恭義,惠達
錢弘儇,智仁,節惠,錢弘偁
錢弼,聖俞
錢彥遠,子高
錢從釋,淨照
錢復,北山
錢德培,琴齋,閏生
錢德承,慎菴
錢德昌,敬亭,筱雲
錢德洪,洪甫,緒山,緒山先生,錢寛
錢德盛,愚齋,虛齋
錢德謙,牧仲
錢德麟,貞淑
錢徹,玩塵
錢徽,蔚章
錢志澄,伊甫,淸士
錢志進,璞庵
錢志霖,築巖
錢忱,伯誠
錢念生,咀赮
錢思元,宗上,止庵
錢思敏,曉堂,魯田
錢恂,受茲堂主人,太公,念劬,積頤步齋,蹞步主人
錢悅,稷正
錢惟善,心白道人,思復,曲江居士
錢惟治,和世
錢惟演,希聖,文僖,文墨
錢惟濟,宣惠,巖夫
錢惟濬,禹川
錢惠尊,詵宜
錢慧安,吉生,淸溪樵子
錢慱,原慱
錢慶曾,又沂,浯溪居士
錢慶韶,文琴
錢應孫,字定之,定之
錢應庚,南金
錢應揚,俊民
錢應春,調源
錢應時,秉之
錢應晉,次卿
錢應溥,子密,恭勤,葆慎,閑靜居士,閒靜老人
錢我卿,好溪
錢承宗,安昌伯,榮僖
錢承德,世恆
錢承恩,震宇
錢抱素,子雲,素菴
錢拱宸,恭卿
錢振倫,楞仙
錢振常,仲彞,竾仙
錢振鍠,名山,夢鯨,庸人
錢捷,陶雲
錢揚,錢楊
錢撫,子立
錢敏,好學
錢文,章靖
錢文偉,景禕,蘭臺,費卿
錢文子,文季,白石先生,白石山人
錢文炌,綺園
錢文煌,晴崖
錢文煜,光遠
錢文驥,嘯洲,孟超
錢斐仲,餐霞
錢方琦,觀保,訪奇,駿華
錢日忠,牧堂
錢日斌,二曹,幸庵
錢昆,裕之
錢昌瑜,錢寶甫
錢昌祚,煦東,辛甫
錢昌穀,福田
錢昌言,岱雨
錢昌齡,寶甫
錢明逸,修懿,子飛
錢易,希白
錢易直,季莊,敬子,錢敬直
錢昕,景寅
錢春,應仁
錢春台,味笙,薇堂
錢春沂,一菴,一菴先生,仲與
錢昭序,著明
錢昭度,九齡
錢昱,東澗
錢時,中甫
錢時敏,端修
錢晉珏,瑤圃
錢晦,明叔
錢普,以德
錢普澐,來山,萊山
錢景,筍峯
錢景祥,孺文
錢景超,世功,十四
錢暄,載陽
錢暉,允輝
錢曇,曇筠,秦曇
錢曜,夏齋,震暘
錢曰布,載錫
錢曰銘,次先
錢曾,也是園,也是翁,小人齋,懷園,穴研齋,莪匪樓,貫花道人,述古堂,遵王,養生主室
錢月仙,吟霞,虞山女史
錢月輝,印川,如珪
錢有威,維重
錢有序,恕堂,認堂
錢朗,内光
錢朝彥,冲虛居士,用明
錢朝鼎,唐朝鼎,定九,禹九,黍谷,鼎九
錢木之,子升,子山
錢本中,德文
錢本誠,冑伊,冑尹
錢杜,叔美,松公,松壺,種庭
錢東,杲桑,玉魚生,袖海
錢東垣,三鳳,亦軒,勤有堂,可廬子,既勤,維豐草堂,繡藥軒,青華閣
錢林,叔雅,喜三福齋,志枚,東生,榕風荔雨軒,樂與餅室,玉山草堂,瓊膏冰齒齋,福林,竹醉亭,綠衫野屋,花笑軒,花紅玉白軒,蕙露松煙蘭風桂月軒,金叔,金粟,香粟士
錢枚,實庭,枚叔,謝庵,謝盦
錢栻,希南,次軒,真意齋,靜元,靜園
錢桂林,丹伯,南湖漁隱,香逸
錢桂森,月丹,素痴
錢桂發,小山,方五
錢桂笙,季薌,隱叟
錢梅林,叔和,雪峰
錢梓林,季良,敬庵
錢棠,召封,憩園
錢棣,本潮,毅庵
錢棨,振威,湘舲,湘靈,錢起
錢森,廷茂
錢植,雲門
錢楙潤,少彤,少彭
錢楚材,楚老
錢楩,八山
錢楷,範之
錢榆,四維
錢榮,世恩
錢榮光,藜樵
錢榮高,子欣,安尊
錢槱,誠甫
錢樸林,仲槱,樕園
錢樹,寶庭,梅簃
錢樹基,立夫
錢樾,撫堂,撫棠,黼堂,黼棠
錢檟,仲美,十四
錢欽浩,載川
錢正圜,榆村,芝生
錢氏,南宮縣君
錢氏(張希勝妻),錢昇
錢氏(辛棄疾妾),錢錢
錢民,子辰
錢永基,燭臣,竹溪子,艾亭
錢汋,錢約
錢汝恭,蔇齋,雨時
錢汝梁,用甫
錢汝誠,東麓,立之
錢汝霖,商隱,蕓戺,雲士
錢江,容山
錢泮,錢冸,雲江,鳴敎,鳴教,鳴聲
錢泰吉,冷齋,可讀書齋,深廬,甘泉鄉人,耆英堂,警石,讀舊書室,讀舊書生,輔宜,閒心靜居
錢泳,梅溪,立群
錢洪袠,景明
錢浩然,仲齋,集齋
錢涓,褧文
錢淑,冰如
錢淦,印霞,鏡如
錢淮,復君,馥君
錢淵龍,申叟
錢清,彦肅
錢清婉,韻梅
錢清履,慶徵,竹西
錢渻,子全
錢湘,季蘋
錢湧,季泉
錢源,有本
錢溥,九峰,原溥,文通,瀛洲遺叟
錢溯耆,伊臣,聽邠
錢潔,瑜素
錢潮,弩塘,逢原
錢潯,季宗
錢澄之,幼光,日閒老人,田間,田間老人,西頑,錢秉鐙,飲光
錢澍,天澤
錢澧,南園,東注
錢濟世,迂叟
錢濬,啟祥
錢灃,介石生,南園,南園先生,東注,東註,約甫
錢灝,景宗
錢炌,乂三,穉光
錢炎,丙兼
錢炘和,光宇,自山,香士
錢炳恆,子久
錢炳森,子方,東軒,芝舫
錢焜,韞章
錢煥,伯六,叔晦,靜窗
錢照,北橋,叔初,百三十八
錢熙,敬之
錢熙泰,子和,羼提,鱸香
錢熙經,心傳,漱六
錢熙輔,次丞,鼎卿
錢燮,梅軒,理天
錢燾,字南齋
錢爲嵩,少峰
錢爾復,仍始
錢爾登,叔喜,滌翁,蓉峰
錢玄同,仲季,德潛,疑古
錢玉,德輝
錢玉貞,怡亭
錢王炯,陳人,青文
錢玘,北亭,北臨
錢珂,擷芳
錢珊,鶴汀
錢珍,廷貴
錢珝,瑞文
錢珠,映川
錢珠若,敏庵
錢琦,映江,竺生
錢瑗,浣生,玉爰
錢瑛,可大
錢瑞,洞涇女史,雲衣
錢瑞徵,野鶴,髯公,髯翁,鶴庵
錢瑤鶴,子霞
錢璋,士宜,柔來
錢璜,伯夏,蒼水
錢璡,廷珍
錢璧,和玉
錢甦,伯與,更生,錢沂
錢用中,平階
錢用壬,成夫
錢登雲,倬甫,為章
錢百川,東之
錢皇后,孝莊
錢益,良輔
錢相,君玉
錢相初,申甫
錢真孫,巖老,淳父,真孫
錢祖壽,三峰,福先
錢祖憲,叔度
錢祚徵,君遠,節愍,錫吉,錫吾
錢祚昌,蘋嘉,辛軒
錢祝祺,松生
錢祿泰,漱青,魯詹
錢福,與謙
錢福元,崙仙,錢振倫
錢福履,芝仙
錢福昌,辰田
錢福炯,傳叟,祖耆
錢福煒,葵生
錢福胙,嘉錫,爾受,訒堂,錢福祚,錫嘉,雲岩
錢禹卿,仲謨
錢秉德,亦士,復齋
錢稚真,畹西女史,西畹
錢穀,文登
錢立,卓庵,守禮
錢端禮,忠肅,處和
錢竽,仲韶
錢策,葵園
錢節用,以貞
錢籍,汝載,海山
錢紉蕙,淸蔭居士,秋芳
錢素芬,瓊蘭
錢紳,伸仲
錢紹文,子宣,襄卿
錢紹隆,仲扶
錢綠雲,泉唐女史,素秋
錢維喬,樹參,竹初
錢維城,宗盟,宗磐,宗蒼,幼安,幼庵,文敏,稼軒,紉庵,茶山
錢維祺,仲祥,仲雲,伸雲
錢綱,孝常
錢綸光,廉江,珠淵
錢繹,三鳳,以成,信芳館,子樂,小廬,小廬居士,錢東墉
錢繼振,爾玉
錢繼登,爾先,龍門
錢繼章,爾斐
錢繼芬,伯芳
錢羔羊,升卿
錢義方,子宜
錢習禮,文肅,錢幹
錢聚仁,味根,本之
錢聚朝,曉廷,萬蒼山樵
錢聚瀛,斐仲,餐霞女史
錢聞詩,子立,子言,錢聞禮
錢肅凱,湛水
錢肅樂,希聲,忠介,忠節,止亭,止亭先生,虞孫
錢肅潤,季霖,礎日
錢肇修,杏山,石臣
錢肇熹,希文,敬亭
錢育仁,南鐵,安伯
錢育德,果臣,柯澄
錢能訓,幹丞,幹臣
錢致純,傑士
錢臻,淸安居士,潤齋,澤民
錢與齡,九英
錢興祖,國材
錢舉,少周,錢燾
錢良右,江村民,翼之
錢良擇,木庵,玉友
錢良棟,黃良棟
錢良猷,昶軒,迪軒
錢良臣,友魏,師魏,文惠
錢芝,佩芬
錢芬,左才
錢芳,申甫
錢芳肅,穉敬
錢芹,懋文
錢若水,宣靖,淡成,澹成,長卿
錢若賡,德咸
錢茂律,大呂
錢茂秦,沃皆
錢萬選,少張
錢萬頃,師元
錢萱,懋孝
錢葆青,仲仙
錢蔉,慕畬,懋登
錢蕙,凝香
錢薇,十四,懋垣,海石
錢藻,自文
錢蘅生,佩芬,杜香
錢衝,貴徐
錢衡同,南嶼,餒鴻
錢衮,去私
錢裕昌,茂滋,酉溪
錢複,吹蘭
錢觀復,正靜居士,知原
錢詩棣,誦三
錢詩楨,復三,憲民
錢誠基,肇鴻,雲根
錢誾,子言
錢謙益,優曇室,半野堂,受之,天子門生,如來真子,尚湖,尚湘,山滿樓,峨嵋老衲,徹修,拂水山莊,明發堂,東澗,東澗老人,東澗遺老,榮木樓,津逮軒,漁樵子,燕譽堂,牧翁,牧齋,玉蕊軒,石渠舊史,碧梧紅豆村莊,籛后人,紅樓山莊,紅豆山莊,絳雲樓,耦耕堂,聚沙居士,芙蓉莊,蒙叟,蓉江,虞山宗伯,虞山老民,虞山蒙叟,雙梅景閣,雲上軒
錢謙貞,履之,忍庵,耐翁
錢豐,彦和
錢象先,資元
錢象坤,弘載,文貞,麟武
錢象祖,伯同,止庵居士
錢豫章,漁莊
錢豫豐,琢菴
錢貞嘉,含章
錢貢,滄洲
錢貴,元抑
錢資深,原父
錢起,仲文,錢大
錢載,坤一
錢辰,秋潭,龠翁
錢述,稽穡
錢通,文達
錢進祿,桂香
錢逵,伯行
錢道乾,體仁
錢達,景通
錢遜,謙伯
錢選,小山,浩南
錢遹,德循
錢遹朋,錦江
錢邦偁,叔美
錢邦寅,馭少
錢邦彥,景山,治徵
錢邦芑,開少
錢邦達,豈聞
錢邦韶,海岳,虞少
錢重鼎,德鈞
錢金殿,靜寧室,鵠雲
錢金甫,瞻屺,越江
錢鈞,廉村,邦燦
錢鈞伯,均伯,訥蘧
錢鉞,大用
錢銘萃,允亭
錢鋑,平玉,湘吟
錢錄,宗政
錢錞,鳴叔,鶴洲
錢錦,織雲
錢錫保,艾林,韻園
錢錫寀,亮臣,惠仲
錢錫庚,夢蓮,景星
錢錫慶,堯臣,瑤仙
錢錫晉,夢昂,庶康,駟門
錢錫正,惜花居士,治臣
錢錫汝,寵伯
錢錫爵,古愚,子修
錢錫章,倚玉生,子彰,棣樓
錢錫箴,德恩,補園
錢鍈,澹人
錢鍾瑛,湘圃,蒲塘逸叟
錢鍾麟,紫雲
錢鎬,宗周
錢鎮,守中,澹庵
錢鏐,具美,婆留,武肅
錢鏞,用聲
錢鐸,振之
錢鑄,宗顏
錢鑅,紹雲
錢鑪,汝化
錢長清,澄谷
錢開仕,漆園,漆林,補之,靜讀齋
錢開宗,亢子
錢開震,少如
錢陛,如卿,臣扆,訥庵
錢陳羣,主敬,柘南,陳羣,香樹
錢陳群,主敬,文端,柘南,柘南居士,樹堂書房,錢陳羣,集齋,香樹,香樹齋
錢陸燦,圓沙,圓沙老書生,湘靈,爾弢
錢際時,淸仲
錢雲,泰窩道人
錢雲輝,織孫
錢震午,子嘉,第一
錢震孫,公茂
錢霍,去病
錢霖,小菊,小薌,澤遠
錢霙,季碩
錢靈修,湘音
錢靜娟,韻蕉
錢靜婉,淑儀
錢韓雲,景琦
錢韞素,定嫻
錢順德,道充
錢順時,道隆
錢顗,安道
錢馥,廣伯,綠窗
錢駿祥,新甫
錢騋,西來
錢驥,子良
錢體仁,少唐,準元
錢鯨,五十五,叔鳴
錢鳳綸,雲儀
錢鳴泰,梧岡
錢鴻文,蔚如,許章
錢鴻逵,子漸,幼輔,翔丞
錢鶴年,南江
錢麟書,史才,子端,立剛
錢默,梅谷
錢黯,書樵
錢鼎銘,定舫,敏肅,新之,調甫
錢鼒,德鉉
錢龍惕,夕公,子健,無聞子
錢龍錫,機山,稚文
錢龢,岊仲,岊甫
錦丕勒多爾濟,晉丕勒多爾濟,濟木丕勒多爾濟,金丕勒多爾濟
錦春,叔繡
錫元,命三,會一
錫宝齊篇古,正皇帝
錫恆,遠齋
錫恩,扆臣
錫拉布,希拉布,西喇布,錫喇布
錫拉那,西喇那,西拉納
錫旃,勉齋,建三
錫桐,閏生
錫榮,春圃
錫特庫,什特庫,席特庫,西忒庫,西特庫
錫珍,席卿
錫祉,子受,孟繁,申甫
錫純,厚庵,子默
錫鈞,聘之
錫麟,仁趾,晉齋
錫齡,遐菴,鶴亭
鍈珍,少湖,聘九
鍾一元,太初
鍾一明,希乾,養虛
鍾丁先,後覺
鍾世明,仕顯
鍾世耀,嘯溪
鍾世芳,惟馨,玄暢
鍾之樞,星環
鍾仁卿,子壽
鍾令嘉,守箴
鍾伷,公緒,少游
鍾作霖,民望
鍾佩賢,六英,小舲,鹿因
鍾依三多,六橋,可園,瓜園,鍾木依,鹿樵
鍾俊卿,子明
鍾保,鶴儕
鍾傳,弱翁,鍾傅
鍾儀傑,華峯
鍾儁,隸奴
鍾允復,大亨,繼原
鍾元贊,伯龢
鍾兆斗,乾所
鍾光豫,剛誌,南村
鍾克巳,淑吾
鍾其偉,偉度,卓然
鍾其碩,巍然
鍾動,天靜,薜生
鍾化民,忠惠,惟新,文陸,維新,鐘化民
鍾卿,懋敬
鍾友諒,明德
鍾同,世京,世亰,恭愍,恭敏
鍾唐傑(字),唐傑
鍾啟峋,伯平
鍾善經,理夫
鍾嗣成,繼先,醜齋
鍾國梁,大木
鍾國義,赤松
鍾大受,健菴
鍾大椿,壽若,幼勉,德椿
鍾大源,晴初,東海半人,篛溪
鍾大焜,德焜,香樵
鍾天棟,僑之,南屏
鍾天緯,鶴笙
鍾奭,子良
鍾如愚,師顏
鍾娘,桂仙
鍾子,唐傑
鍾孚吉,皆山
鍾孝國,觀光
鍾孟鴻,遇賓
鍾季玉,之純,鍾誠
鍾宇淳,道復
鍾守禮,南明
鍾宏,了齋,子虛,遠之
鍾宜之,仲行
鍾家彥,仲英,靜臣
鍾寶華,次珊,煥文,艸侍山,茌山,蒔山
鍾將之,仲山
鍾岳,堯俞
鍾峻,仲山
鍾崇文,仲謨
鍾崇武,季烈
鍾崇萱,慰堂
鍾師薦,維坤
鍾庚陽,長卿
鍾廣,子勤,楊鍾廣,楊鍾羲
鍾廣生,半園老人,遜盦
鍾廷揚,立亭
鍾廷瑛,仲瑋,退庵
鍾廷瑞,玉堂,輯庵,雪年
鍾廷華,映南
鍾律,伯紀
鍾復,弘彰,彥章,雲川
鍾德廣,涵川
鍾德祥,伯慈,艸耘翁,西耘
鍾快,居易
鍾性樸,文子
鍾恕,以行
鍾恩義,鍾思義
鍾恮,叔靜
鍾惺,伯敬,退公,退谷
鍾應麟,祥伯
鍾懷,保其,保岐,君子,竟庵,筑心館,興藝塾,菣厓,菣崖,覺庵,鍾褱
鍾懷智,愚庵,次三
鍾成,子完
鍾承祺,壽山,維田
鍾振,玉甫
鍾振鍈,仲鸞
鍾掄芳,半岩
鍾文俊,舜臣
鍾文傑,邦臣
鍾文奎,應明
鍾文標,半江
鍾文淑,學姑
鍾文烝,伯媺,伯美,信美室,博美,子勤,展才,朝美,殿才,言美齋,鍾文蒸
鍾文珍,原叔,本然,第三,華叔
鍾方,午亭,鍾芳
鍾旭,曉峯
鍾昌,仰山
鍾昞,煥甫
鍾晟,美宣
鍾晨,伯鎭
鍾曉,景暘
鍾朗,玉行
鍾朝煦,亟廬,致和
鍾柔,元剛
鍾梁,枬溪
鍾棐,子翼
鍾榮,田微
鍾欽禮,南越山人
鍾毓,棣香
鍾毓奇,少峰
鍾永,世昌
鍾汝正,弱幹
鍾汝茂,實如
鍾沂,宗魯
鍾清,素娘
鍾清彥,桂臣
鍾渤,元溥
鍾潛,孔昭
鍾炌,叔憲
鍾炤之,彥昭,彥炤,鍾照之
鍾烈,彥威,犢山,眉生
鍾珹,德卿
鍾琇,韞山
鍾琪,耳甫
鍾璂,拙邨
鍾璇,叔齊,振遠,藥圃隱房
鍾璜,懷莪
鍾瓘,良玉
鍾甬,迪勇
鍾畹,勵暇
鍾盤,希仁
鍾祁謨,兆圃
鍾祖浩,紫司,紫封
鍾祖芬,落落居士,雲舫
鍾祖誥,紫封,耑封
鍾祥謨,兆圃
鍾祥鳳,梧圊,梧罔
鍾禮,南越山人,欽禮
鍾秀穎,德宏
鍾秉德,雪峯,雪峰
鍾秉曾,沂川
鍾秉會,時舉
鍾穀,心卿
鍾穎,元達,符達,練塘
鍾穎林,端木,翠岩
鍾筠,黃若
鍾紐,千鈞
鍾素,澹心
鍾紹,大韶
鍾紹京,鍾超宗
鍾維則,子嘉
鍾繇,元常,定陵侯,成侯
鍾繼元,仁卿
鍾繼英,樂華
鍾羽正,叔濂,淑濂
鍾耆德,元長
鍾聯甲,春堤
鍾聲聞,錫銘
鍾臣堯,安吉
鍾自强,仲甫
鍾舉,瓊英
鍾芬,婉蘭
鍾芳,仲實
鍾芳年,小村
鍾若休,于集
鍾若玉,元圃,文貞
鍾英,禹鼎
鍾萬傑,九如
鍾萬祿,懋功,贊宇
鍾葉篪,又沂
鍾蒨,德林
鍾蕃,庭芳
鍾蘭枝,芬齋,露皋
鍾虎翀,炳齋
鍾虞,安期
鍾衡,仲恆
鍾裕,問齋,鍾格
鍾觀光,憲鬯
鍾詠,清亮
鍾諤,一士
鍾謙鈞,雲卿
鍾謨,仲益
鍾譔,近修
鍾象韶,德昭
鍾賡華,南圃,南聞
鍾賢,惟德
鍾輅,鐘簵
鍾近衡,苔洲
鍾逢午,師稷
鍾逢慶,光聖,景雲
鍾過,改之,梅心
鍾遐齡,子宜
鍾道生,子逸
鍾錫瑞,小珊,見庭
鍾鎬,元美
鍾鎭,虛有
鍾鏞,朝用
鍾鑑,爾正
鍾雅,大章
鍾離松,其紹,少公,正袒,法松,第三十
鍾離權,天下都散漢,散人,漢鐘離,雲房,雲房先生
鍾離瑾,公瑜
鍾雲瑞,天慶
鍾霆,伯震
鍾震,大聲
鍾靈,秀之
鍾靈毓,瑩秀
鍾青,山谷
鍾韞,眉令
鍾音鴻,子賓
鍾顯錦,嵩鳳
鍾駿聲,亦谿,澹夫,雨辰
鍾鳳翔,千仞
鍾鳴陛,咸亭
鍾鴻塤,樹庵
鍾麟,夢星
鍾鼎元,五其
鍾齡,子鶴,松圃
鎖兒哈,武定
鎖咬兒哈的迷失,貞愍
鎖必名,標南
鎖瑞芝,佩芬
鎖青縉,藎之
鎖飛,鵬擧
鎖騰華,從龍
鎦炳,彥昺
鎦績,孟熙
鎻柱,鎖住,鎖柱
鏗泰,鏗特
鏡新磨,敬新磨
鐃玉成,新泉
鐘標東,配仁
鐘潤,漢書
鐘琪,耳甫
鐘秉勤,捷應
鐘章元,鍾章元
鐘聲峻,元堂
鐘詠,清亮
鐘音,聞軒
鐵保,冶亭
鐵哥,忠獻,忠穆
鐵哥朮,簡肅
鐵木兒塔識,九齡,文忠
鐵木真,太祖,成吉思汗,法天啟運聖武皇帝
鐵祺,壽卿
鐵穆而溥化,宏道
鐵穆耳,成宗,欽明廣孝皇帝
鐵篆,維信
鐵良,寶臣
鐵鉉,忠烈,忠襄,鼎石
鐵閭,文輝
鐵齡,希梅,西湄,鐵庵
鐸護倫,振遠
長啟,星垣
長喆,守愚,思亭,菊圃
長孫仁,安世
長孫佐輔,長孫佐轉,長孫左輔
長孫儉,慶明
長孫家慶,余恩
長孫氏（李世民妻）,文德皇后
長孫無忌,獻之,輔幾,輔機
長孫熾,靖公
長孫貞隱,長孫正隱
長孫鑄,長孫鎛
長庚,那延保
長春,笠農
長祿,遠帆
長福,常福
長萃,允升,季超,蔚雲
長闈,健園,邁仁
長麟,懋亭
門泰,際盛
門相,良弼
閃文繡,素公
閆三省,式曾,式會
閆其泰,介菴
閆四箴,程訓
閆應德,修齋
閆文龍,非清
閆晉鍠,曉亭
閆有倫,明五
閆札彥德,亦菴,亦葊,慎一堂
閆棨,臨齋
閆正祥,閻正祥
閆汝弼,夢嚴
閆汾,竹溪
閆湘,藻坡,蘭坡,蘭波
閆熙業,亮功
閆瑾,禹峰,雨峰
閆發俊,傑菴
閆紹世,衣庭
閆緝熙,敬之
閆繼宗,紹庭
閆重鑑,朗軒
閆長庚,文五
閆麟閣,緝庭,輯庭,鳳庭
閉復亨,元吉,師顯,第二十三
閉悌,孔仁
開休元,長蒨
開承簡,混成
開泰,兆新
開濟,來學,學臣
開趙,興宋
閑肅英,端淑
閔一范,仲甫
閔不貪,仲潔,章節
閔世翔,仲升
閔世貞,正叔
閔九齡,勗齋
閔仁伯,伯春,景靖,苔泉
閔以升,彦暉,誠齋
閔伸,忠貞,遯菴
閔佐,敬所
閔南仲,子襄,石漁
閔受昌,文敷
閔周冕,水月堂,章五
閔啟祥,杏南
閔址,蠡襟
閔垶,忠愍,載萬,龍巖
閔士雙,耐翁
閔壽千,耆叟
閔夢得,翁次
閔夢龍,致雲,雲窩
閔如霖,午塘,師望,干塘
閔孝曾,希參,恭穆
閔安仁,子復
閔安富,榮叔,農隱
閔宗儒,忠順
閔宗道,汝曾
閔嶪,子昻,楊湖
閔度,裴卿
閔後騫,月河
閔德裕,昆岡,瑞玉
閔徽繼,美胤
閔忭,儒孫,孝康,捿閑堂
閔思平,及庵,坦夫
閔思敬,香城
閔思誠,中孚,讀山
閔惇大,敦大,裕仲,閎中
閔慧媛,韋樓
閔慶基,善餘
閔應亨,嘉伯
閔應協,嗚皐,寅甫
閔應會,雲涯
閔應祺,伯嚮,尤叟,景退齋
閔懷英,畹餘,蘭軒
閔懷賢,季思
閔敏回,子駿
閔敘,鶴癯
閔文卿,四十,廷昭,純齋
閔新,苕香
閔旦,二十六,介菴,景周
閔昌祚,毅亭
閔昌道,化隱,士會
閔有孚,景應,養拙堂
閔有慶,楓墩,陶村,頤吉
閔朝珍,右衡,璞岩
閔本,宗先
閔楷,南湖,直臣
閔榮,時恩
閔槐,公甫
閔機,子善,棲閑堂
閔汝任,振衣,聖之,醉翁
閔汝翼,景定,輔之
閔淑蘭,湘畹
閔深,汝澄
閔漬,文仁,默軒,龍涎
閔煦,和卿,水東
閔熙,文忠,皞如,石湖,雪樓
閔爾昌,復翁,葆之
閔珪,朝琰,朝瑛,朝英,莊懿,闞珪
閔珮,玉蒼,閔佩,雪巖
閔璿,春軒,羲民,良敬
閔由誼,子宜,漁逸
閔甲,仲魯
閔疇,方田
閔箕,好學齋,文景,景說,觀物齋
閔粹,聖寅
閔純,景初,杏村,習靜
閔維重,屯村,持叔,文貞
閔翼明,襄甫
閔翼洙,士衛,夙夜齋,文忠
閔而學,長文
閔聖徽,士尙,拙堂,用拙,肅敏,閔聖徵
閔聲,毅夫,雪簑
閔肅英,端淑
閔良心,正之
閔苧,蘿屏
閔荷生,少窗,殿香
閔萃祥,頤生
閔萱,時秀
閔蓍重,公瑞,認齋
閔衍,印麓
閔謹,村菴
閔起文,叔道,櫟菴
閔辰應,用和
閔達,義行
閔遠慶,基厚,寧臺
閔銳,靜齋
閔鎭厚,忠文,趾齋,靜純
閔鎭周,孺文,貞簡
閔鎭遠,丹巖,文忠,洗心,聖猷
閔鎭長,文孝,稚久
閔霽,仲晦,文度,漁隱
閔頔,文順,樂全
閔顏,咫臣
閔馨男,壯貞,德男,潤夫,芝崖
閔魯,宗道
閔鳳祥,虛白
閔鶚元,少儀,峙亭,峙庭
閔麟嗣,檀林,賓連
閔點,聖與,雙梧
閔黯,叉湖,長孺
閔鼎重,大受,文忠,老峯
閔齊仁,希仲,立巖
閔龜孫,瑞卿
閤正大,子居
閭丘孝終,公顯
閭丘崇孫,叔智
閭丘昕,清簡
閭丘次孟(字),次孟
閭丘襄,元吉
閭克稹,子勝
閭東,啟明
閭潔,次淸,汝淸
閭知誠,處諒
閭邱昕,淸簡,逄辰,逢辰
閭鉦,靜之
閰生斗,文瀾
閰閎,尚友
閻世科,伯登,磻楚,龍門
閻世繩,寶詒
閻中寬,易菴
閻介年,九宮山人,葆和
閻仲宇,參甫,恆齋
閻仲實,光甫,葵菴
閻仲寶,貞逸公
閻价,允德
閻伯敏,子功
閻佐,文輔
閻修齡,再彭,牛叟
閻倫,天敘
閻倬,允章
閻偉,昂夫
閻充國,厚民
閻光度,景融,閻光遠
閻光潛,孔昭
閻勍,壯節
閻啟斌,子均
閻善慶,偉堂,子冶
閻國順,覺吾
閻圻,泗山
閻基,茂先
閻堯熙,涑陽
閻士和,伯均,嚴士和
閻士選,儁甫,立吾
閻夢夔,云歟,儕盖
閻天佑,紹泉
閻好問,子裕
閻孝忠,資道
閻學林,信藪
閻學機,心織
閻學海,少臣,星持,雨凡
閻宇,大啟
閻安中,惠夫
閻宏,子濟
閻寬,德厚
閻寶奎,瑞卿
閻居誾,西渠
閻師孟,醇老
閻廷倬,倜斯,思庵,澹亭
閻廷謨,嵩岳,獻儒
閻彥昭,德甫
閻彪,武威
閻復,子靜,文康,靜軒,靜齋
閻循厚,惠庭,鈍齋,駿聲
閻循琦,恭定,景韓,瑋庭
閻循觀,伊蒿,懷庭
閻循霦,蔚庭
閻志廉,鶴泉
閻志雄,玄毅
閻恕,行仁
閻恩培,企崧
閻愉,敬生
閻慶元,閏慶元
閻應元,忠烈,麗亨
閻成化,北屏
閻敬愛,嚴敬受,嚴欽愛
閻敬銘,丹初,文介,福永堂,約合酉皿,約盦,荔門
閻文熛,孕華,季章
閻晉,庶侯
閻曾履,念庭
閻曾步,梅餘
閻望雲,大濟
閻朝隱,友倩
閻本,宗元
閻棆閣,閻掄閣
閻榮祖,孝先
閻樸,又泉,文甫
閻欽,少林
閻毓偉,翼望
閻汝哲,克明
閻汝弼,夢岩,靜泉
閻江,朝宗
閻泰和,墨園,竹軒,魯瞻
閻海,晴皋
閻淑立,晴川,筆存
閻淑震,省齋
閻溥,鳳棲
閻漳,汝淸
閻澤,潤民
閻濟,汝舟
閻灴,鬱鄞
閻炳章,耀卿
閻煒,海姓
閻爾梅,古古,用卿,調鼎
閻玫,龍泉
閻玿,昆浦
閻珍,載之
閻珪,用之
閻琛,伯玉
閻琮,廷珍
閻瑀,潤夫
閻生斗,文瀾
閻登庸,銘常
閻相師,桓肅,渭陽
閻睿,三樂道人,汝思
閻祖訓,彞甫,迪人
閻神,思邦
閻禹錫,子與
閻立本,文貞
閻章,閻璋
閻維玉,正堃,輞園
閻繩芳,世武
閻翰,雙溪
閻肇,務本
閻興邦,弢仲,梅公
閻芹,時獻
閻若琛,紫琳
閻若璩,潛丘,潛邱,潛邱居士,瑒次,百詩,眷西堂,秋山紅樹閣,窈窕居,許劍亭
閻萃峰,筱浦,薈青
閻蒼舒,恭惠,惠夫,才元
閻蓋,天錫
閻虔福,敬客
閻訓愨,穀仲
閻詠,元木,復中,復申,梓勤,閻詒樸
閻詢,議道
閻議略,方叔
閻譽,師文
閻讓,以實
閻足興,九如
閻路,太原先生,蹈之
閻迺兟,恕亭,晉甫
閻邦,至道
閻邦寍,仲謐
閻鄰,德甫
閻錫爵,戒過,荊州
閻錫齡,夢光
閻鎮珩,季蓉,嵩陽,鎮珩
閻鏡機,閻鏡幾
閻鐸,道鳴
閻防,閻九
閻驤,仲彬
閻默,彥深
閻鼎吉,和卿
閻鼐,仲輔
閿可宗,慎初
闊普通武,安甫,楂容,畹薌
闊里吉思,忠獻
闊闊,子淸
闕嵐,雯山
闕應,允登
闕成章,孔裁
闕聳,民詹
闕閎,叔達
關?,仲山
關上進,淩雲
關世勳,綏卿,緩齋
關以華,祝堅
關以鏞,詠琴
關作棟,松菴
關保,世傑
關儉,守道
關冕鈞,伯衡,耀芹
關可宗,慎初
關和鈞,可權
關國光,儀宸,扆臣,覲侯
關國遴,簡心
關在田,玉如
關培均,曉川
關士勳,關士勲
關天培,仲因,忠節,滋圃
關奎齡,小韞
關學優,若谷
關家騏,仲垣,卓奚
關寧,幼安,龍渦
關寶秀,麗田
關師,有覺
關庚,子明
關廣槐,樹三,遠昌
關廷訪,對墀
關德聚,敬夫
關思,九思,仲通,虛白
關慶麟,吉符,思痛軒,績善,關霽
關捷先,子卿,子興,捷元,甯後,蓬石
關揚,明吾
關文振,道充
關文通,叔介
關晉,仲山
關景仁,彥長
關景山,彥瞻
關景芬,關景棻
關月仙,素梅
關朝宗,國藩,璧泉
關棠,季華
關榕祚,六升
關槐,晉卿,晉軒,曙笙,柱生,桂生,雲岩,雲巖
關樅,子方
關橋,翼山
關永傑,人孟,忠烈
關治,止叔
關沼,聖淵
關注,子東,香巖居士
關漢卿,已齋
關澥,子容
關炳,午亭
關燿南,楚材,道吾
關玉,子玉
關瑚,梅樹
關福,鼎三
關維紀,西園
關耆孫,壽卿
關英,文哲
關詠,永言
關賡麟,穎人
關遐年,芝田
關道愛,僧護
關道賓,儀周
關鈞,月生
關錡,侶瓊
關鍈,妙妙道人,秋芙
關鎂,秋芙
關關,康定,文祖
闞壽坤,德嫻
闞崇德,竹崖
闞文興,英烈侯
闞碧霞,景曙
闞福兆,鶴灘
闞絅,尚之,心源,翰卿
闞繼禹,叔敬
闞選,若韓
闞鐸,無冰,霍初
闞鳳樓,仲韓
阎锡山,阎百川,百川,龙池
阜爾嵩阿,富爾松阿
阮䕫颺,水韻,永韶,永韻,永顏
阮世恩,聿修
阮中度,玉甫
阮之鈿,實甫
阮亨,梅叔
阮以和,熙父,第正七
阮以鼎,太乙,盛唐
阮佩蘭,星如,芝田
阮元,九十九硯齋,伯元,儀鄭堂,八甎吟館,學海堂,定靜堂,定香亭,小滄浪,小琅環仙館,怡性老人,揅經室,揅經老人,文達,文選樓,梁伯,溉亭,琅環僊館,白圭詩館,石墨書樓,研經室,秦華雙碑之館,積古齋,節性老人,節性齋,良伯,芸臺,萬柳堂,蝶夢園,詁經精舍,譜研齋,闕里阮孔經樓,雲臺,雷塘庵主,願性老人
阮元聲,無聲
阮光平,忠純,阮惠
阮光鼎,寶臣,金臺
阮克俊,簾谷,谷簾
阮冠,士元
阮勤,必成
阮向葵,晴初
阮和,煦初,融軒
阮國威,彦宣,彦昌
阮國寶,彦猷
阮垕,德載
阮培元,廷才,篤庵
阮基,環圃,自堂
阮士惠,吉孚,覲萱,靜珊
阮士舉,南叟
阮壽松,星垣,誌伊
阮大定,伯靜,樸齋
阮大用,用禮
阮大鋮,圓海,百子山樵,石巢,集之
阮子孝,伯慕
阮存,以禮
阮學浩,又次,澹寧,緩堂,裴園
阮學濬,澄園
阮宗孝,以成
阮宗澤,友仁
阮寅,公亮
阮尚賓,君重
阮希元,明溪
阮常生,壽昌,小雲,彬甫
阮幡,君聘
阮式,夢桃,翰軒
阮復祖,臺峰,輪源
阮德柔,伯剛
阮徽,德媛
阮忠彥,介軒
阮忠惠,國杜,國柱
阮忠輔,左新,藎臣
阮思聰,仲謀
阮思道,思恭
阮性存,荀伯
阮恩海,南畺
阮恩灤,媚川
阮惟和,子衡
阮惟貞,子貞
阮應商,次賡
阮應奎,吉溪
阮應辰,箕畢
阮承信,得中,湘圃
阮敬熙,仁培,緝熙
阮文中,用和
阮文卿,叔野,阮文子
阮文子,叔野
阮文燮,理亭,申亭
阮文英,和父
阮文藻,侯庭,領榮
阮日益,鶴巖
阮昌齡,大年
阮明遠,星橘
阮映遠,奎璧
阮晉,鶴緱
阮晉恩,馥雲
阮朝策,子定
阮本焱,晉朋
阮樞良,孚循
阮樹,德滋,棠樹
阮次膺,光叔,文龍,汝龍,第五七
阮泓,九潢,秋潭
阮潞,北池
阮濬,一衲,季子
阮炳煇,少台,少合
阮炳福,竹初
阮為光,暉吉
阮烜輝,仲寅
阮燦輝,升甫,時勖
阮爾詢,猷若
阮玉堂,履廷,琢庵
阮玘,廷用
阮珪,朝瑞,阮奎
阮瑀,季野
阮環,君集
阮申之,中之,周翰,理齋
阮疇,達夫
阮登,雲卿
阮登柄,顯之
阮睿,希哲
阮福,喜齋,賜卿
阮福映,阮種
阮秀實,梅峰,賓中,阮怪
阮肇先,伯起,小谷
阮自嵩,思竹,惟中
阮自華,霧靈山人
阮芝生,秀儲,紫坪
阮芳顔,丹霞子
阮萃恩,澡雲
阮葵生,安甫,寶城
阮許近,文翁
阮謙,受益
阮賓,敬子
阮賡唐,君玉
阮逸,天隱
阮鍾瑗,定甫,次玉
阮鏞,蝶仙,鐵香
阮閱,閎休,阮絕句,阮閔
阮閲,閎休
阮霆震,起潛
阮霖,民望,石峯居士
阮駿,千里
阮高,思抑
阮鴻鈞,竹溪
阮鶚,函峰,函峰居士,應薦
阮龍光,元侯,見亭
阿倍仲麻呂,居卿,晁衡,朝衡,胡衡
阿克丹,允廷
阿克敦,立恆,立軒
阿克當阿,厚庵
阿其麟,仁夫
阿凌阿,芸農,雲鵬
阿剌,武康
阿剌不花,襄惠
阿剌兀思剔吉忽里,忠武
阿剌罕,忠宣
阿勒精阿,震庵
阿博爾濟吉特阿勒清阿,恪慎,阿勒精阿
阿台,忠亮
阿台薩理,端愿
阿史那什鉢苾,突利可汗
阿史那奚純,俟利弗設,處羅可汗
阿史那默啜,阿那氏天上得果報天男突厥聖天骨咄祿默啜大可汗
阿哈出,呵哈出,李誠善
阿哈覺羅文謙,誠靖
阿塔海,武敏
阿失帖木兒,忠簡
阿察雅實禮,淸臣
阿尼哥,敏慧,西軒
阿布努富陞,忠壯
阿彥達,朗山
阿忽台,忠獻
阿思蘭也奴,澹齋
阿朮,武定,武宣
阿林保,怡齋
阿果博勒阿果博拉西淩阿,勇毅,西凌阿,阿果博拉西淩阿
阿榮,存初
阿沙不花,忠烈
阿爾賽,帝臣,雲客
阿理,士賢
阿琳,玉山
阿禮海牙,武定
阿肅,敬之
阿舍里吉陞,允中,吉爾彰阿,怡情軒,松柏恆春館,芝田
阿般圖,嗣昌
阿虎歹,士傑
阿速吉八,天顺帝
阿進泰,階平,靜安
阿那布,阿納布
阿都剌,子俞
阿都赤,孝卿
阿鄰帖木兒,文貞
阿里乞失,忠惠
阿里乞失鐵木兒,武襄
阿里伯,忠節
阿里木八剌,西瑛
阿里沙,以沙為姓
阿里漢,植庭
阿里罕,忠懿
阿金,雲舉
阿顏覺羅圖理琛,阿額覺羅圖理琛
阿顏覺羅科爾崑,科爾坤
阿魯威,叔重,東泉
阿魯渾薩理,文定
阿魯特崇綺,文山,文節,蔚霞,麗如
阿魯特賽尚阿,鶴汀
陆游,陆放翁,务观,放翁
陈寅恪,鹤寿
陈炯明,陈竞存,竞存
陈独秀,陈仲甫,仲甫,独秀,乾生,由己,三爱,只眼,撒翁
陈瑞輝,蕉窗
降玉,音溪
降鈺,音溪
陜茂,本深
陝丕基,輔亭
院賓,君聘
陰一鶚,和仲
陰元圭,君錫
陰元愷,君舉
陰子春,幼文
陰子淑,宗孟
陰幼遇,時夫
陰幼達,中夫
陰應節,雲礎
陰承方,剋齋,靜夫
陰振猷,子猶,子翼
陰旺,日升
陰昌庚,乙垣,蓮舫
陰時夫,勁弦
陰標,時準
陰武卿,定夫,月溪
陰潤,伯玉,太峯,太峰
陰炳喜,靄堂
陰秉暘,子寅
陰秉衡,典莊,振平
陰行光,陰行先
陰鏗,子堅
陳?,存吾,存和,摩村
陳?文,輔臣
陳[不詳],陳公
陳㮤,伯茂
陳䮄,元甫
陳一傑,少雲
陳一元,四遊,泰始
陳一夔,六十,樂卿
陳一德,靜軒
陳一恪,大庭
陳一新,又之
陳一松,宗岩
陳一泰,安宇
陳一洙,國潢
陳一清,秀文
陳一炳,虎文
陳一球,蝶庵,非我
陳一發,春卿,雲岫先生
陳一簡,敬甫
陳一言,愚悃
陳一謙,用豫
陳一貫,魯得
陳一霆,玉淵
陳一震,文夫
陳一魴,鈞從
陳一鳴,醒石
陳一鶚,仲夫
陳一龍,成先
陳三島,鶴客
陳三益,友芝
陳三省,思曾,雅瞻
陳三立,伯嚴,散原
陳三策,驤衢
陳三綱,振道
陳三聘,夢弼
陳三謨,汝明,錦江
陳三辰,北樞
陳三陛,翊辰,補堂
陳三韓,拙守
陳上善,元水,元者
陳上理,作棟
陳上診,益之
陳丕業,少軒
陳丕顯,揚休
陳世仁,元之
陳世侃,行之
陳世倌,嘉惠堂,文勤,秉之,蓮宇,蓮宇居士,陳世琯
陳世倕,公佐,存齋,柳堂
陳世偉,補堂
陳世儁,蘭侯,識庵
陳世凱,襄敏,贊伯,陳鐵頭
陳世南,公明
陳世卿,光遠
陳世埰,稼軒
陳世守,端厚
陳世安,傅巖
陳世寧,泰文
陳世崇,伯仁,隨隱
陳世恩,兩峯,慶遠
陳世慶,聰彞
陳世成,希文,淸遠處士
陳世昌,彥博
陳世曙,亮初,元弢
陳世棨,季竹
陳世榮,顯卿
陳世求,繹我,鳴珂
陳世治,師洛
陳世泰,聯豐,蓮峰
陳世烈,嘯廬
陳世熙,淳初
陳世燿,壽門,映輝
陳世爵,浣修,立軒
陳世珮,西臺
陳世球,譪堂
陳世綸,煥之
陳世良,甫亭
陳世賢,榮芳
陳世鎔,大冶,燮樓,雪廬
陳世隆,彥高
陳世齡,小房
陳丙,吉甫
陳丙曾,修之,南魚,子燕
陳丙森,玉昆
陳中,時仲
陳中仁,義生
陳中孚,允臣,元呂,心畬,種竹山房
陳中履,素初,索初
陳中復,從道
陳中榮,孟仁
陳中禮,嘉會
陳中立,仲玉,爛柯山人
陳中龍,漢麓
陳丹衷,涉江
陳丹赤,忠毅,津城,獻之,真亭
陳乃績,君嘉,庾山
陳乃賡,容甫,虞臣
陳久徵,青麟
陳之可,汝時
陳之奇,虞卿
陳之常,寄窗玩客,明卿,趙予
陳之揆,晴峯,晴峰
陳之杞,荊山
陳之楫,德川
陳之淯,宜蘇,澹夫
陳之淵,宗卿
陳之瑩,書巖
陳之祺,伴梅,近三
陳之純,仲誠
陳之綱,旭峰
陳之美,才伯
陳之翰,憲之
陳之翹,果菴
陳之芬,淩萬
陳之茂,卓卿,錫山,阜卿
陳之襄,毅庵,自力
陳之輔,伯棐
陳之遇,聘莘,靜軒
陳之遴,彥升,旋吉堂,浮雲,素園,素庵,素庵居士,退之
陳之遵,道升,靖庵
陳之邵,才仲
陳之銓,韋傅
陳之閶,仲升,希亮
陳之陛,以道,左平
陳之顏,謹常
陳之駒,渥川
陳之龍,去亢
陳乙,前山,子元
陳九一,似疇
陳九仭,爾進
陳九官,忠甫
陳九川,惟濬,明水,竹亭
陳九德,希皋
陳九思,希魯
陳九成,琴軒
陳九敘,爾纉
陳九疇,時敘
陳九章,從一
陳九蕙,素心
陳九言,永叔
陳九齡,壽翁
陳乾友,楚蕃
陳二典,書始,紫陽學者
陳于宣,孚敕,鶴亭
陳于廷,孟諤
陳于朝,叔達
陳于王,丹衷
陳于端,東立
陳于逵,偉戊
陳于陛,子納
陳于階,子陞
陳于鳳,丹彩
陳亞,亞之
陳亞卿,次仲
陳亢,退叔
陳交,敬軒先生,汝同
陳亦震,竹菴
陳亦霞,竹菴
陳亨,惟嘉
陳亨時,任甫,信民,梅坪
陳亨衢,彥遠
陳亨運,俊民
陳亨道,彥通
陳京,次馮,稚峰
陳亮,志明
陳亮世,斂侯
陳亮疇,德生
陳仁,統兼
陳仁允,德温
陳仁壽,景禮
陳仁子,古愚,古迂,同俌,同甫
陳仁愔,伯琴
陳仁玉,德公,惪公,碧棲
陳仁言,慎齋
陳仁近,元复,孟角
陳仁錫,文莊,明卿,澹退居士,芝台
陳介,彥碩
陳介卿,通叟
陳介平,雨峰,鹿岑
陳介猷,秩卿,賡臣
陳介璋,宜卿,峨卿
陳介眉,綏卿
陳介石,巖生
陳介祺,壽卿,簠齋
陳介藩,耐生
陳仕寶,景賢
陳仕林,西圃
陳仕行,道敷
陳仕貴,貴道
陳仕賢,希齋,邦憲
陳代俊,玉莊
陳代卿,雲笙
陳以仁,復齋
陳以勤,文端,松谷,逸父,逸甫,靑居山人,青居山人
陳以咸,秉鴻,韶次
陳以忠,孟藎,陳以宗
陳以恭,筱安
陳以慄,寬而
陳以朝,宗甫
陳以濤,雪江
陳以禮,景和
陳以經,元常
陳以綬,士章
陳以綱,立三
陳以義,仲權,西溪
陳以聞,無異
陳以莊,敬叟,月溪
陳以蘊,仲宣
陳以誠,繍谷
陳以謙,吉人,益庵
陳以貞,去諒
陳仰可,孝介先生
陳仲堅,秀實
陳仲夔,子淑
陳仲師,陳中師
陳仲微,文溪先生,致廣,遂初
陳仲文,奎甫
陳仲禮,和叔
陳仲舒,希賢
陳仲良,羅山
陳仲芳,芷汀
陳仲諤,文僧,章老,第念四,蹇叔
陳仲貴,子良
陳仲賓,國老,第三
陳仲述,陳繼先
陳价,維藩
陳任柱,立齋
陳休烈,昌仲
陳伯信,孚之
陳伯友,仲恬
陳伯固,牢之
陳伯圭,禹錫,陳伯奎
陳伯宗,奉業,廢帝,臨海王
陳伯宣,宏化,弘化
陳伯山,仁叔,惟忠,東湖寓客,正甫,第念九
陳伯恭,肅之
陳伯智,策之
陳伯籛,耆仲
陳伯良,易之
陳伯茂,鬱之
陳伯謀,深之
陳伯陶,九龍真逸,子礪,文良,瓜廬,象華
陳伯震,景方
陳伯顏,大有
陳伯鼎,符鎮
陳似蘭,綺堂
陳位,心齋,汝靖
陳位坤,寧齊
陳佐,頤庭,顧盧
陳佐堯,朝弼
陳佐平,昇輔
陳佐才,翼叔
陳佑啓,我珊
陳作儀,逸園,鳳叟,鳳生
陳作善,百祥
陳作彥,介臣
陳作新,基叔
陳作梅,燮原,讀書吾廬,雪園
陳作相,宰臣,涢川
陳作芝,秀生
陳作賓,區雲
陳作霖,時中
陳佩,行度
陳佩嫺,茞芬
陳佩蘭,秋芳
陳佳瑛,元圃
陳佳穆騰額,木騰額
陳侁,後之,復之
陳侃,夢陶
陳來泰,仲亨,訒庵
陳侗,成伯
陳俊,用章
陳俊千,常伯
陳俊卿,應求
陳保棠,伯南
陳保極,天錫
陳保淳,菊舟
陳俞,伯俞,益之
陳信,子行
陳信惠,孚中
陳信民,任甫,梅坪
陳修,伯昂
陳修古,幾道
陳俱,載之
陳倓,定先
陳倚道,研園,砥園
陳倚雲,夢香
陳倩,君美
陳倫,用常
陳倫烱,次安,資齋,陳倫炯
陳倬,培之,籬庵,雲章
陳偁,君擧,君舉
陳偉,邦彦
陳偉勛,佩簡,山銘
陳偕,月境
陳偕燦,咄咄齋居士,少香,蘇翁
陳傅,商老
陳傅姜,陳傳姜
陳傅良,君舉,文節,止齋
陳傑,公佐
陳傑昌,平泉
陳傳,學圃,竹溪
陳傳奎,紫垣,蘅伯,西章
陳傳祖,淸卿
陳傳經,學初,晴岩
陳僅,漁珊,餘山
陳僎,汝翼
陳僖,想園,燕山堂,燕山草堂,藹公,靄公,餘庵
陳僩儀,夏紱
陳價,興之
陳價藩,耐生
陳儀,象之
陳儀子,則與
陳億,曼卿
陳億子,則大
陳億孫,一之
陳儒,鑑韋
陳儒樸,漸山
陳儲秀,瑞山,舜弼
陳儼,時莊
陳允冶,階平
陳允功,仲斌
陳允升,晉卿,霽衡
陳允平,君衡,西麓
陳允恭,六觀,南麓,無逸
陳允文,寶齋
陳允昌,得全
陳允紳,思齋
陳允衡,伯璣,玉淵
陳允道,行之
陳允錫,舋齋
陳允頤,養原
陳元,滸山
陳元之,太初
陳元亮,季德
陳元光,廷炬
陳元凱,時舉
陳元初,陳允初
陳元勳,屬謙
陳元卿,善長,石龍
陳元吉,堯墀
陳元善,東邨
陳元圭,德瑩
陳元城,朝廕
陳元壩,幼笙
陳元大,孔碩
陳元富,子言
陳元彩,月香,雨春,雨香
陳元德,端仁
陳元忠,時佐,肅齋
陳元恆,景陸,月樵,葆常
陳元應,景陽
陳元揚,陳元楊
陳元晉,明父
陳元暉,屏山
陳元桂,正節,華甫
陳元椿,永年,確庵
陳元楷,佳雲,玉珊
陳元浩,雨亭
陳元淑,月蓴
陳元煦,春田
陳元熙,鹿齋
陳元玢,慧仙
陳元珂,仲聲
陳元珣,孟美
陳元琛,仍玉,見南先生
陳元琰,仲文
陳元琳,玉英
陳元發,亨弟,第二,英父
陳元祿,劍男,小鐵,抱潛
陳元禮,欽季
陳元穎,天逸,栗園
陳元章,悔菴,煥文
陳元素,古白,貞文先生
陳元紳,思齋
陳元老,大年
陳元芳,潤軒
陳元衡,莘人
陳元裕,德寬
陳元贇,升庵,既白山人,瀛壺逸叟,義都,羲都,芝山,芝山升庵,菊秀軒
陳元造,遂古
陳元項,幼笙
陳元頊,幼笙
陳元鳳,儀叔
陳元鼎,實庵,芰裳,養之
陳元龍,仲章
陳充,中庸子,若虛
陳兆元,又江
陳兆崙,句山,句山老人,存素堂,星裔,星齋,紫竹山房
陳兆慶,元吉,雲溪
陳兆文,蓀石,鶴仙
陳兆桂,丹圃,惺吾,秋芳
陳兆槐,慧庵,紹堯
陳兆熊,星伯
陳兆瑜,發奇,祇園
陳兆甲,友瀾,友珊,拔珊,文珊
陳兆翰,琢堂,西林
陳兆葵,復心
陳兆蔭,芝田
陳兆豐,彥滋,秀務,雪岩
陳兆騏,心衢,敬和
陳兆鵾,敬修
陳兆鸞,鳴瑞
陳先得,辰翁
陳先瑜,去瑕
陳先聲,惟豫
陳光,寔卿
陳光亨,秋門,葆和堂,蘅書,衡書
陳光勝,溪濓,煥濂
陳光哲,子愚
陳光國,友玉
陳光宇,玉珊,禦三
陳光庭,元實
陳光明,道昭
陳光朝,延拜,廷拜,拜廷
陳光濟,祁陁
陳光煦,學黯,育葊,菽原
陳光現,晦之
陳光祖,順侯
陳光緒,子修,石生
陳光華,道蘊
陳光蘭,秋谷
陳光裕,光裕,南賓,安老堂
陳光訓,翰儒
陳光詒,金門
陳光詔,金門
陳光道,公亮,有為子
陳光遠,午亭
陳光銘,新齋,玉三
陳克,復之
陳克劬,子勤
陳克和,惟中
陳克宅,卽卿,省齋,陳堯宅
陳克家,梁叔
陳克履,履常
陳克已,子淵
陳克昌,小圃,小園
陳克讓,問山,忠節,謙吉
陳克鬯,雲怡,震修
陳兗,景淵
陳全,果之,蒙菴
陳全之,粹中
陳公享,以通
陳公佐,石泉
陳公凱,君用,竹臞,鶴皋
陳公器,國珍
陳公夔,藩仲
陳公奉,叔璋,竹畦
陳公彥,國英
陳公格,仲承
陳公榮,子華
陳公烈,炳叔
陳公燮,中道,思道
陳公璟,師宋
陳公益,謙父
陳公直(字),公直
陳公相,子顯,鑑塘
陳公福,伯壽
陳公秀,公秀
陳公舉,正臣
陳公衮,朝章
陳公袞,朝章
陳公輔,江村居士
陳公陞,伯舉
陳公顯,叔晦,景峰
陳其任,六峯,六峰
陳其元,子莊,庸閒,庸閒老人
陳其凝,秋厓,秋崖
陳其學,宗孟,竹菴,行菴
陳其志,公衡
陳其昌,仲虞,惟寅
陳其松,秋麓
陳其棟,霱南
陳其樂,一百三十七,惟和
陳其泰,琴齋,靜卿
陳其焜,介琰
陳其熀,介炎,琬同
陳其瑗,蕖卿
陳其璋,雲仲
陳其章,漢為,琢堂
陳其美,無為,英士
陳其蘊,玉珊
陳其誠,獻赤
陳其赤,石文,節愍
陳其銳,奏廷
陳其錕,吾山,堂溪
陳其難,剋艱
陳其雯,儲士
陳具慶,長公
陳典,公雅
陳冉,月素,畹芳
陳再廉,幼平
陳冕,冠生
陳冠,俊丞,俊臣
陳冲,卓葊
陳凌雲,湘雲
陳凱,曉悅
陳函輝,寒椒道人,小寒山子,忠節,木叔
陳初哲,在初,小蓬瀛,永齋
陳初田,子農
陳利濟,巨川
陳利用,光卿
陳則,去甚
陳則厚,能載
陳則清,君揚
陳則翁,仁則
陳則虛,斯與
陳則通,鐵山
陳剛,公潛,潛齋
陳剛中,彥柔,彥深
陳功,惟志
陳功炅,雲帆
陳劼,匡生
陳勉,自勉
陳勗,典伯
陳勛,允升,梅溪
陳勝元,剛勇,建珍,曉亭
陳勝德,智斌
陳勝祖,德茂
陳勤,拙存,辛農
陳勤先,琴仙
陳勱,子相
陳勳,元凱,景雲
陳化成,忠愍,業章,蓮峰
陳千秋,禮吉,通甫,隨生
陳千能,擇善
陳千鑑,冰若
陳千雲,大舉
陳升,謹順
陳升之,升之,成肅,暘叔,獻肅,陳旭
陳升卿,舜臣
陳升恆,雨如
陳卓,懋修
陳協,念藎
陳協榆,悔軒,筱生
陳南,禮璋,赤文
陳南一,一之,和甫,第百二十二,純禮
陳南壎,坤載
陳南箕,狂奴
陳南美,冠卿,冠英
陳南金,子兼
陳博古,守約
陳卯東,公崇,廷圭,文卿,第二
陳卿,汝忠
陳卿雲,仙樓
陳厚,公載
陳厚耀,曙峯,泗源
陳原祐,本孚
陳去疾,文醫
陳去病,佩忍,巢南
陳又新,德益
陳友,武僖,武平侯
陳友仁,前溪,君復
陳友定,安國,陳有定
陳友琴,白蓮女史,雅南
陳友直,温叔
陳友諒,謝友諒
陳叔似,少洪
陳叔剛,叔剛
陳叔卿,子弼
陳叔嘉,仲亨
陳叔堅,成泰
陳叔寶,元秀,後主,長城煬公
陳叔文,子才
陳叔明,子昭
陳叔獻,元之
陳叔紹,叔紹
陳叔英,子烈
陳叔達,子聰
陳叔頣,子貞
陳取青,艤翁,間舟羲翁
陳受之,壽芝
陳受多,伯夏
陳受梁,慕韓,玳林
陳受琦,春園
陳受頤,尺珊,敕三
陳古,與權
陳可大,德周
陳可復,復心,雷谷
陳可行,允功
陳台孫,階六
陳右謙,叔度,叔慶
陳合,中山,惟善,文惠,維善
陳吉,子元
陳吉甫,德卿
陳吉老,子川,子州
陳同,次令
陳同伯,升甫
陳同叔,子方
陳同寅,惟寅,明素葆真大師,頤浩先生
陳同文,誦帚
陳同治,冶山,治山
陳同禮,潤甫
陳名世,興五,荔村,飴村
陳名侃,夢園,夢陶,甓齋
陳名傑,伯英,小農,逸村
陳名儀,訥士,道來
陳名儉,雅堂
陳名夏,伯史,百史,石雲居,石雲居士,芝山
陳名珍,元伯,呂珊,聘臣
陳名珪,京瑜,友珊
陳名甡,鹿圃
陳名賢,聖周
陳向,夢坡,憶雲,蛻盦
陳向榮,雲來
陳君用,忠潔,玉諫
陳君章,時發
陳君耀,耀南
陳君默,子真,懶散
陳吳萃,正鈞
陳吾德,懋修,有齋,省齋
陳吾鼎,玉鉉
陳周,文美
陳咸,勤節,逢儒
陳咸慶,采卿
陳品金,心水,金品金
陳品閨,筠齋
陳員韜,從熙
陳哲,繼昭
陳哲夫,公輔
陳唐佑,佑之
陳商,述聖
陳商霖,汝作
陳問道,圖南
陳啟伯,雲石
陳啟彤,管侯
陳啟沅,息心老人,芷馨
陳啟泰,伯元,伯屏,伯平,寶孚,忠毅,意園,臞庵,魯生
陳啟源,存耕堂,見桃居士,長發
陳啟煇,晉煒,篤初
陳啟貞,敦庵
陳啟邁,倬伯
陳啟銜,鼎元
陳啟麟,聖瑞
陳啟龍,榮堂
陳善,復初
陳善同,景虞
陳善周,雨人
陳善昌,蔭蓀
陳善治,時化
陳善禮,筠軒
陳善美,紹庭,詔庭,韶庭
陳善言,惟忠
陳善詒,傳孫
陳善道,伯敬
陳喜,仲樂
陳喬,對峯
陳喬森,一山,木公,頤山
陳喬榮,功昌
陳喬樅,小琅環館,樸園,樹滋,禮堂
陳嗣,自得
陳嗣明,子元
陳嗣曾,素安
陳嗣某,仲貞
陳嗣虞,會中
陳嗣道,儀可
陳嗣龍,劭園,春敘,春溆,春漵,紹元
陳嘉,勇烈,慶餘
陳嘉善,容之
陳嘉柱,來甫
陳嘉樹,仲雲
陳嘉猷,盟之
陳嘉玉,子白
陳嘉璵,魯玉
陳嘉祐,栢峯,相峯
陳嘉秀,英士
陳嘉章,道顯
陳嘉策,與偕
陳嘉言,孔彰
陳嘉訓,彛仲
陳嘉謀,仲詢
陳嘉謨,世顯,蒙山
陳嘉賓,天民
陳嘉運,景炎
陳嘏,君錫
陳噩,子文
陳嚞,可山
陳嚮,景道
陳嚴,成威
陳嚴之,泰仲
陳囦,仲源
陳固,道夫
陳國仲,少卿,少翎
陳國士,洛南
陳國弼,子常
陳國材,公選
陳國楨,天培
陳國瑞,慶雲
陳國華,堯佐
陳國遜,簡齊
陳國遴,簡齋,衡齋
陳國麟,閣卿
陳國鼎,禹廷,雨汀
陳圓,德方
陳圖,寄巖
陳在中,繇文
陳在元,冠三,德圃
陳在謙,六吉,雪漁
陳圭,世秉,平江伯,武襄
陳圻,坦園,蘭村
陳址,廉夫
陳均,秉侯
陳坊,湖南
陳坐,敬齋,習生
陳坤,子厚,希呂
陳坤文,獻子
陳坰,魯翁
陳垌,魯翁
陳垓,經甫
陳垚,伯高
陳垠,原深
陳垣,筱浦,諒衷
陳垣弼,莘農
陳城,陳誠
陳埜,第百七,起萃
陳埴,器之,木鐘,潛室先生
陳執中,恭襄,昭譽,榮靈
陳執禮,良器
陳培治,舜五
陳培禎,陳培楨
陳培錕,韻珊
陳基,克昌
陳基命,樂天
陳基治,竹獲,竹謙,竹護,紀齋
陳堂,明佐
陳堂墀,蔭南
陳堃,學山,岳峙,梅溪
陳堅,與權
陳堤,以清,以陵
陳堪永,子長
陳堯,曉峰
陳堯佐,元翁
陳堯則,敬于
陳堯叟,唐夫,文忠
陳堯咨,嘉謨,小由基,康肅,康靖
陳堯弼,秉鈞
陳堯恩,汝濟,荻洲
陳堯章,黼唐,黼堂
陳堯興,蒼岩
陳堯舉,綱伯,鳳岡,鳳岡先生
陳堯英,秀伯
陳堯道,宗遠,竹林
陳堯龍,繼臣
陳塏,十八,宅平,山甫,紫墩居士
陳塤,載音
陳墀,二十一,宣甫
陳墉,作甫,卓廬,香伯
陳增,仲能,習齋
陳增俊,遂生
陳增玉,潤元,美玙
陳增稔,念禾,秋農
陳壁,玉蒼
陳壇,少文,晴宇,杏江,約齋
陳士京,佛莊,海年,節愍,齊奠,齊木,齊莫
陳士介,正父
陳士俊,顯明
陳士修,敬卿
陳士傑,隹乃臣,雋丞
陳士儀,德隅
陳士元,仁菴,愧長
陳士啟,陳雷
陳士奇,懷遠
陳士奎,起章
陳士安,學荘
陳士宏,南湖
陳士尹,彥衡
陳士撝,謙仲
陳士晉,進之
陳士望,友韓,斗南
陳士枚,勿齋
陳士棟,適之
陳士楚,英仲
陳士楨,仲翰,秋竹,雲欞
陳士楷,介人,介夫
陳士榮,向菴
陳士源,宗恪,宗洛
陳士濟,嘉會
陳士炳,閏蘭,霞仙
陳士珪,君玉
陳士璠,泉亭,魯齋
陳士登,崇叔
陳士直,彥忠
陳士章,成甫,顯吾
陳士綬,若卿
陳士翹,杏生,楚庭
陳士興,學純
陳士芑,翼牟,翼謀,震生
陳士蘭,八十兒,陳八
陳士表,正叔
陳士貞,彥正
陳士鐸,遠公
陳士鑛,宿峰,山貢,屺庭
陳士雅,每田,汝淸
陳士顯,符昭
陳士駿,芷溪
陳士驥,良孺
陳士麟,子信
陳士龍,兩香,雨香
陳壯,古迂,直大,直夫
陳壽,竹壽
陳壽元,仁山,沃經
陳壽圖,南生,誌仁
陳壽彭,述齋
陳壽昌,嵩佺,星南
陳壽朋,天固
陳壽椿,蔭庭
陳壽熊,子松,獻青
陳壽琯,宜沛,幼虞
陳壽琳,書農
陳壽祺,子谷,珊士
陳壽華,西岑
陳壽頤,耦橋
陳夑,和軒
陳夑元,陳變元
陳夔麟,寶迂閣,寶迂齋,少石,幼石,立文,迂叟,陳凱,雙蔭槐館
陳夔龍,五十三參樓,夢蕉亭,小石,尚友堂,庸叟,庸庵,庸庵居士,庸盦,把芬廬,松壽堂,水流雲在,璧水春長,筱石,花近樓,韶石,題蕉廬
陳夢兆,元吉
陳夢受,謙子
陳夢吳,仲謀,壽老,夀老,第四四,陳㝱吳
陳夢庚,台錫
陳夢建,節之
陳夢弼,帝侯
陳夢斗,澄波
陳夢炎,南叔
陳夢球,二受
陳夢琪,洪崖
陳夢瑗,籧卿
陳夢章,文卿
陳夢緯,文子
陳夢良,與叔
陳夢蓮,碧珊
陳夢蘭,畹香
陳夢說,曉岩,象臣
陳夢辰,束父
陳夢遺,子華
陳夢鑨,蔔年
陳夢雷,僊鶴,則震,半圃,天一道人,松鶴堂,松鶴山房,松鶴老人,水村別業,省齋,閑止書屋,雲思軒
陳夢魁,希元
陳夢鶴,伯鳴
陳夢麟,書玉,書譽
陳夢齡,彭年
陳夢龍,陳龍
陳大㫻,紫山
陳大中,子正
陳大亨,文通
陳大倫,彥理
陳大光,子充
陳大勝,仰之
陳大化,崶池,葑池,蓉鏡軒,鰲士,鼇四,鼇士
陳大卞,仲循
陳大受,占咸,可齋,文肅
陳大向,安期
陳大和,予中
陳大器,國成
陳大壯,思立
陳大年,伯詩,古椿,未山
陳大復,敦來,玉盟,登來
陳大悲,蛹公
陳大成,集生
陳大文,簡亭
陳大方,履道
陳大暮,允文
陳大森,卓園,東園
陳大楨,景瑞
陳大溶,春舫
陳大濩,則啟
陳大炤,清廬
陳大烜,晴崖
陳大猷,鳴翊
陳大玠,筍湄
陳大珊,弱寶
陳大生,元璧
陳大用,允中
陳大益,思受
陳大科,如岡,思進
陳大章,三十六,祖堯
陳大節,伯固
陳大紀,勉之
陳大素,仲華
陳大統,一甫
陳大經,正之
陳大綬,長卿
陳大綱,廷憲
陳大綸,伯言
陳大聲,應龍
陳大臨,彦博
陳大華,西嶽
陳大誥,荔村,錫周
陳大謨,仲謀
陳大賓,敬夫
陳大道,惺宇,靖卿
陳大銜,楷平,階平
陳大鋐,古陶,少蒼
陳大鏞,驛如
陳大震,希聲,蘧覺
陳大鳳,錫亭
陳大鴻,漸之
陳天元,宗仁
陳天台,閬仙
陳天定,定之,蘇庵
陳天就,堯日
陳天清,如水
陳天澤,文節,澤民,玉巖
陳天然,汝中
陳天爵,印山
陳天瑞,南村,古堂,古堂先生,德修
陳天申,仲益
陳天益,帝錫
陳天祐,謙甫,陳天佑
陳天祥,元吉
陳天福,西坡
陳天與,下達,夢達
陳天華,星臺
陳天資,汝學
陳天錫,國範
陳天隱,君譽
陳天驥,德駿,金門
陳天麟,季陵,安老,寧郎,第五十二
陳太初,平仲,素心
陳太素,仲舉,仲華
陳夷行,淸臣,清臣
陳奇之,養晦
陳奇玉,韞璧
陳奇瑜,正學,玉鉉
陳奇策,勝甫
陳奇芳,蘭佩
陳奇謀,嘉猷
陳奉茲,對廬書屋,敦拙堂,時若,東浦
陳奎,汝星
陳奎元,公選,榆臺
陳奐,朝美
陳契,香石
陳奕,毅敏
陳奕珍,蘊璞
陳奕禧,六謙,子文,香泉
陳奮永,寄齋,撝謙
陳好,陳豪
陳如岳,鎮南
陳如晦,日昭
陳如綸,元泉
陳威,國政
陳婉俊,上元女史,伯英
陳嬗,撝菴
陳嬰,民懷
陳子佐,道誨
陳子元,泰初,體仁
陳子冲,致遠
陳子升,中洲,喬生
陳子向,勒生,禰生
陳子和,灑仙
陳子堅,子正
陳子壯,文忠,秋濤,集生,雲淙,雲淙別墅
陳子安(字),子安
陳子承,仰齋
陳子擇,庸甫
陳子文,在中
陳子昂,汝軒
陳子是,去非
陳子晟,仲昭
陳子智,處仁
陳子植,日起
陳子椿,若彭
陳子沖,致遠
陳子泰,蕭菴
陳子淵,子淵
陳子炎,若師
陳子直,剛中
陳子翬,象賢
陳子誠,若虚
陳子貞,以成,懷雲,成之
陳子需,以孚
陳子震,束卿
陳子驥,逢伯,驃龍
陳子龍,人中,信衷,大樽,忠裕,懋中,海士,潁川明逸,瓢粟,臥子,軼符
陳孔夙,仁仲
陳孔彥,士美
陳孔教,張孔教
陳孔碩,北山,北山先生,膚仲
陳孔鑄,子冶
陳字,伯愛
陳存,本齋,體仁
陳存之,東洲
陳存天,巖翁
陳存夫,巖翁
陳存志,尚高,素香
陳存懋,竹香
陳存矩,以方,素峰
陳存衡,斫亭,研亭,研臺
陳孚,剛中,勿齋,文惠
陳孚先,子長
陳孚恩,子鶴,少默,紫藿
陳孚慶,希顏,筠軒
陳孚衷,允蒼,元成
陳孜,勉學
陳孝則,永仲
陳孝友,恪仲
陳孝嘗,仲明,陳孝常
陳孝威,德仲
陳孝寬,湘帆
陳孝巖,致叔
陳孝恪,慎夫,賓三,鳧村
陳孝恭,溫仲
陳孝昇,星聚,雲岩
陳孝標,長儒
陳孝泳,賡言
陳孝若,行先
陳孟晟,尚晦
陳孟青,子敬
陳季修,復之
陳季同,三乘槎客,敬如
陳季林,藻之
陳季淵,萬宗,陳秀淵
陳季雅,彥群
陳季麟,文儀
陳學伊,爾聘
陳學典,潛厓
陳學夔,汝諧
陳學孔,紫山
陳學寬,寧齋
陳學敬,德輿
陳學會,省三
陳學棻,文恪,桂生,梅生
陳學泗,右之,右原,梅莊
陳學洙,左之,左原,西田
陳學洛,小川
陳學洪,充之
陳學海,二登
陳學清,克仁
陳學源,卬浦,雲槎
陳學熙,敬生
陳學禮,季立
陳學穎,蓮石
陳孺,叔禎,漢卿,石老,第四十
陳宇,廓而
陳守,師中
陳守中,和叔,履堂
陳守仁,南窗居士
陳守元,孚乾
陳守創,木齋,業侯
陳守愚,如愚,愚軒
陳守晸,中孚,子惠
陳守模,麗川
陳守范,靜閑
陳守訓,繹堂,良叔
陳守詒,仲枚,種木,約堂
陳守譽,季章,果堂
陳守貴,榮穆
陳守鑌,剋棐,繭庵
陳安,靜簡
陳安上,彥禮
陳安世,子泰
陳安仁,公壽
陳安卿,磐山
陳安國,其丹
陳安定,子由
陳安煦,秉耐
陳安石,子堅
陳安禮,子淵,正叔
陳安策,行修
陳安節,盈叔
陳安邦,壯武
陳宋烈,鼎卿
陳宋輔,公弼
陳宋霖,元滂,元雩
陳宋鼐,元用
陳完,名甫,海沙
陳宏,丕道
陳宏先,士任
陳宏夑,仲瑩
陳宏緒,士業
陳宏緖,士業,石莊
陳宏規,獻可
陳宏謀,培遠堂,文恭,榕門,汝咨,陳弘謀
陳宏謨,與諧
陳宓,師復,復齋,復齋先生
陳宗仁,仲居
陳宗偉,公美
陳宗儒,弘道,樵同
陳宗元,保之,柳平
陳宗古,述之
陳宗召,景南
陳宗和,少淇,少衡,明炳
陳宗器,序房
陳宗夔,少嶽,惟一,維一
陳宗奭,亞公
陳宗嬀,雨崖,麓賓
陳宗彝,坦菴
陳宗慶,崇吉
陳宗泰,魯夫
陳宗浩,益勒,養泉
陳宗溥,叔長
陳宗璜,德揚
陳宗石,子萬,寓園
陳宗禮,忠肅,敬伯
陳宗義,子方,耕漁子
陳宗聯,莘園
陳宗舜,村民
陳宗虞,姚生
陳宗諤,昌言
陳宗諶,念嚴
陳宗譽,彥聲
陳宗起,叔度,敬庭
陳宗道,道夫
陳宗銘,文渭,陳宗明
陳宗黎,谷川
陳官俊,偉堂,吁尊,籲尊
陳官箴,右銘
陳定,師德
陳定之,準卿
陳定國,維翰
陳定齋,德銓,白菴居士
陳宜,公宜,靜軒
陳宜中,與權
陳宜卿,君誼
陳宜孫,弗齋,行可
陳宣,汝化
陳宣燦,蔭園
陳宣鏧,櫂亭
陳宣魯,子周
陳宧,二廠,念園
陳家熊,桓士,植士
陳家瓊,樹齋
陳家逑,幼梅
陳家騄,待軒,遠期
陳家鼎,半僧,可毅,漢元
陳宸寀,應垣
陳容,公儲,所翁,所齋
陳容淳,之初,還樸
陳宿,克齋,師道
陳寂之,通夫
陳寅,敬夫
陳寅亮,恭甫
陳寅仲(字),寅仲
陳寅伯(字),寅伯
陳密,存義
陳寓,時安
陳寔,郁文
陳察,元習,十八,原習,虞山,長公
陳寡言,大初
陳實,光仲
陳寧,葵庵
陳寧甫,定甫
陳寧祖,志道,第二十一
陳寧袓,志道
陳審,通囗
陳寬,用弘
陳寬之,祖德
陳寯,子潁,酉峰
陳寰,原大,琴溪
陳寵,希承,希正,春齋
陳寶,白森,百生
陳寶儉,師吾
陳寶勳,輔坦
陳寶四,箴史
陳寶廉,仲堅,幼農
陳寶月,印華
陳寶森,亮凝,伯藹
陳寶泉,孝莊,筱莊
陳寶玉,還墣
陳寶玲,慧娟
陳寶珍,影娥,玉映
陳寶琛,伯潛,偕寒亭,弢庵,弢蓭,敬嘉,文忠,橘隱,海天閣,滄趣樓,澂秋館,發寒樓,聽水,聽水第二齋,聽水老人,聽水齋,聽水齋老人
陳寶琳,玉林,虛白先生
陳寶瑨,仲勉,敬勖
陳寶璐,叔毅,敬果
陳寶生,彥廉
陳寶禾,子嘉
陳寶章,小遽,滌橋
陳寶箴,佑民,右民,右銘,小浮山齋,崝廬,散原先生,橘叟,閒園
陳寶鈿,翠屏
陳寶霙,玉霖
陳寶鼎,博山,金鉉
陳少方,同之
陳少明,明叔
陳少白,夔石
陳少皋,舜卿
陳少英,仲明
陳尚伊,汝聘
陳尚劭,古棠,右棠
陳尚右,彥朴
陳尚志,逍寧,道寧
陳尚文,質夫,陳杜鵑
陳尚發,寄梧
陳尚節,介甫
陳尚象,心易
陳尚遇,際明
陳尹,孝恭
陳尹琳,玉堂
陳居仁,安行,文懿,菊坡先生
陳履,德基
陳履中,執夫,寓園,雁橋
陳履亨,硯唐,硯塘
陳履信,拙莊,杣壯
陳履和,介存,海樓
陳履平,勉夫,南原,坦齋
陳履慶,君旋
陳履泰,泰叔
陳履祥,文臺
陳履貞,建公
陳山,伯高,汝靜
陳山毓,賁聞
陳山秀,馥亭
陳屺,勝私
陳岡,伯岳
陳岱霖,慶章,雲石
陳岳,孟中
陳岳啟,惺園
陳峋,丹聲,玉圃
陳峴,改仁
陳峻,秀民
陳崇,德崇
陳崇光,崇光,若木
陳崇孝,山宗
陳崇德,季廣
陳崇慶,懋貞,澄江
陳崇本,伯恭
陳崇砥,亦香,拙修老人,拙修齋
陳崇韜,萼六
陳崑源,西來
陳崖,克高
陳崿,咸京,岞嵐,慧香
陳嵦,挹爽
陳嵩,學山,海溪,陳堃
陳嵩慶,復庵,復弇,聲谷,荔峰,陳復亨
陳嵩極,芥舟
陳嶠,次山
陳巖,東山,錦高
陳巖肖,子象
陳巘,伯山
陳巳,九成
陳巽,公順
陳巽言,汝說
陳希亮,公弼
陳希伋,思仲
陳希微,彥真,洞微法師,陳伯雄
陳希恕,夢琴,養吾
陳希敬,昚甫,櫟餘,笠雨
陳希文,宗周
陳希曾,鍾溪,集正,雪香
陳希望,希望
陳希濂,瀔水,秉衡
陳希烈,嚴明,子明
陳希祖,玉方
陳希造,賢御
陳希點,子與
陳師,思貞
陳師上,慕玄
陳師凱,叔才,道勇
陳師可,伯大,存心老人
陳師孔,寶道
陳師尹,民瞻
陳師慶,煉堂,餘庭,鶴樵
陳師泰,交甫
陳師濂,步溪,霽堂
陳師立,可權,宜仙翁
陳師良,文叟,隨緣居士
陳師道,履常,後山,無己,無已
陳師錫,伯修,閒樂
陳師黯,公諤
陳常,大倫
陳常夏,鐵山
陳平,行滿
陳年穀,豐之
陳年谷,豐之
陳并,巨中,臣中
陳幼學,行仲
陳幼良,宇初
陳幼頤,陳幼順
陳幾,道甫
陳序,伯倫
陳序球,天如
陳庚,杏山
陳庚煥,惕園,道獻,道由
陳庚經,子餘,拜軒,秋舫
陳度,古逸,琴禪居士
陳庭學,景魚
陳庭筠,陳廷筠
陳庭蘭,伯服
陳康伯,文恭,文正,長卿
陳康嗣,大哥,第念八,起之
陳康壽,春如,瘦石
陳康年,季昌
陳康延,元舉
陳康瑞,玉如,雪樵
陳康祖,範吾
陳康祺,槃園居士,鈞堂
陳康經,秋舫
陳庸,秉常
陳庾,子京,澹軒
陳廉,石溪
陳廉法,小苑
陳廓,彥明
陳廣勲,介眉
陳廣壁,藻堂
陳廣壽,成卿
陳廣寧,靖侯,默齋
陳廣心,士克
陳廣遜,素恭,靜齋
陳廣鉞,小實
陳延,壽夫
陳延賞,子中
陳延韡,含光
陳廷,邦直
陳廷俊,時又
陳廷傑,德生,憩園,豹泉
陳廷光,篤序
陳廷埰,山鶴,石泉
陳廷慶,兆同
陳廷敬,午亭,午亭山人,半日村,子瑞,子端,尊聞堂,文貞,說岩,說巖,說巖先生,陳敬
陳廷會,際叔
陳廷桂,夢湖,犀林
陳廷梅,素菴
陳廷楨,萼敷
陳廷標,秋圃,秋歳
陳廷樞,葆初
陳廷泰,階平
陳廷焯,亦峰,伯與
陳廷熙,硯耕
陳廷獻,朝珍,鉎齋
陳廷玉,伯圭
陳廷璉,宗器
陳廷璠,六齋,理存
陳廷紋,朝錫
陳廷經,執夫,夢迦葉居士,小舫
陳廷綬,朝錫
陳廷綸,孚遠,誕江
陳廷臣,以忠
陳廷芝,季馨
陳廷華,少泉
陳廷藻,匈崑,江峯
陳廷言,君從
陳廷遠,詩齋
陳廷選,允充
陳廷鈞,右臣,大鴻
陳廷颺,小坡,誌如,風友
陳廸,忠烈,景道,請獻
陳建,廷肇,淸瀾
陳建侯,仲耦
陳建常,少厓,禮齋
陳式,潛聖,第二,翁然
陳式勳,佑輔,泗村
陳式金,以和,寄舫
陳弘業,陳宏業
陳弘緒,士業,石莊,陳宏緒
陳弘緖,士業,石莊
陳弘謀,汝咨
陳張元,羅池
陳彌作,季若
陳彌高,魯山
陳彜,六舟,文恪,聽軒
陳彝,六舟
陳彝鑒,德銘,鏡堂
陳彞典,元惇
陳彥,文中
陳彥信,誠叟
陳彥儉,鵬舉
陳彥博,朝英
陳彥回,士淵,惠節,禮積,穆愍,訥齋,黃禮,黃禮積
陳彥弼,敏求
陳彥恭,子願
陳彥才,用中
陳彥泳,保甫,玉田,珊山
陳彥鵬,嘯雲
陳彥默,子真,懶散
陳彩,叔亮
陳彬,謙齋
陳彬綬,吟舫,子蔚,穎帆
陳彬華,小松,符之
陳彭年,文僖,永年
陳律,正律
陳後,啟先,寓齋
陳得一,晞夫,通微處士
陳得功,立奇
陳得勝,雲亭
陳得善,一齋,三蕉,薏齋
陳得貴,善堂
陳得霖,雨林
陳得騄,陳得祿
陳從,謙夫
陳從信,思齊
陳從古,希顏,晞顏,洮湖
陳從嘉,和州,知軒
陳從易,和夫
陳從玉,竹塘
陳從道,象先
陳復,子仁,芝巖
陳復休,陳七子
陳復初,復初,忠節,性善,陳復
陳復升,以見
陳復原,李復原,陳復寮
陳復昌,遂初
陳復泰,喆堂
陳循,德遵,芳洲
陳徵,天倪,明善
陳德,如璋
陳德一,長明
陳德仁,萬涵
陳德修,勝孫,和仲,安祖,第十六
陳德元,元善
陳德卿,雪蘭
陳德咸,敏馨,毓馨,畝馨
陳德固,德固
陳德堳,秋月,秋田
陳德增,益堂
陳德奎,傑儒
陳德應,聲叔
陳德敏,靜園
陳德文,文石,瑩中
陳德梧,嶧岩,東生,桐伯
陳德榮,密山,廷彥
陳德正,葛城,醇叔
陳德永,兩峯,叔夏
陳德沂,宗魯
陳德滋,次振
陳德純,占一,粹甫,鷟峰
陳德興,敬之
陳德莊,芸閣
陳德華,月溪,雲倬
陳德薰,厚庵,揮五
陳德誠,仲德,陳德成
陳德豫,子順
陳德貞,月嬋
陳德進,安行
陳德遇,顯仲
陳德銘,盤叔,陳德明
陳德音,孟徽
陳德駒,仲夔,仲農
陳德騄,房甫
陳德鳴,雪峯,顯仁
陳徽言,炯齋,石寶子
陳心一,敬亭,春舍
陳必復,旡咎
陳必成,德予,誠齋
陳必敬,樂所
陳必達,奉真,希聖,第六二
陳志,惟學
陳志同,聖嘉
陳志喆,亦初,琳卿,西岑
陳志學,俊卿
陳志寰,所學
陳志崇,仲孚,長齋
陳志秀,九華
陳志紀,雁羣
陳志能,或容
陳志遠,毅夫
陳忠,思敬
陳忠厚,通甫
陳忠翰,思翊
陳忠遂,孝立
陳忠靖,二宜堂,念共,曉堂,爾位
陳忭,咸和
陳忱,東寧,用亶,遐心
陳念,功父
陳念如,心玉
陳念祖,少虞
陳思,再可
陳思忠,君衡
陳思文,光祖,公煥,孝先,第二十四
陳思濟,文肅,濟民,秋岡
陳思燏,子中
陳思相,詠農,陳思霖
陳思義,叔宜
陳思育,子錫
陳思謙,景讓,通敏
陳思譲,海塘
陳思讓,後己
陳思賢,貞愍
陳思道,執中
陳思霖,濟蒼,雨田
陳思齊,景賢
陳怡,子如
陳性善,復初,節愍
陳性學,六十八,寰冲,所養
陳性定,此一
陳恂,相宜,緘菴
陳恆慶,子久,芝九,蕓農
陳恕,墨波
陳恕可,如心,宛委居士,行之
陳恢,仲廣
陳恩,天賜
陳恩壽,仙波,憲博
陳恩浦,於青
陳恪,克謹,十三,矩齋,簡肅
陳恬,晏如
陳恭,令徽
陳恭尹,元孝,半峰,獨漉,獨漉堂,獨漉子,獨漉山人,羅浮,羅浮布衣
陳悅,彥安
陳悦,彦安
陳悳榮,密山,延彥,廷彥
陳悳華,月溪,葵錦堂,錦堂,陳德華,陳惪華,雲倬
陳惇臨,帶川,彥莊
陳惟剛,公執,毅老
陳惟和,伯温
陳惟德,子新
陳惟新,德懋
陳惟棠,思召
陳惟江,受之
陳惟略,勤庵,慎友
陳惟直,伯生
陳惟舉,直孚
陳惟芝,德禎
陳惟陽,乾三
陳惠,澤民
陳惠麟,心孚
陳惺馴,陳星馴
陳愈元,小韓
陳愚,元樸
陳愛穆哥,愛穆柯,穆卿,陳愛穆柯
陳愷,企元
陳愿,子愿,陳願
陳慎,懷蓋
陳慎初,峭夫
陳慕,必正,星灣先生,陳篆
陳慕陶,小蘭
陳慥,季常,方山子,龍丘居士
陳慧殊,慧姝,湘箬
陳慶,我羘
陳慶偕,古歡,季同,慈圃,陳慶階
陳慶光,仲觀
陳慶勉,志問
陳慶升,一括,來章,恬安,約亭,采章
陳慶容,心乾
陳慶年,善餘,困學主人,橫山鄉人
陳慶彬,中甫,子均
陳慶德,壯勇
陳慶松,喬先,雲畊,雲耕,青丈
陳慶桂,禺東,香輪
陳慶森,菶階,諷佳
陳慶槐,蔭山
陳慶熊,牧祥,陳熊
陳慶生,玉池
陳慶甲,穉葵,補愚
陳慶萱,仁甫,曙亭,樹庭
陳慶鏞,乾翔,笙上小,籀經堂,頌南
陳慶長,子奉
陳慶門,容駟,渭川
陳憬,蟾客,雲煓
陳憲,希原
陳憲冲,晉晉
陳憲曾,吉甫,子敏,鐵橋
陳憺,伯霆
陳應,樸菴,順元
陳應之,君咸
陳應乾,兩伊
陳應元,季仁
陳應和,達夫
陳應善,裕庵
陳應壁,全趙,如愚
陳應奎,文垣,環紫
陳應子,孝先,月觀道人
陳應慶,西餘
陳應星,拱辰
陳應春,海庚,載陽
陳應武,光烈
陳應洪,恢叟,靜山居士
陳應潤,澤雲
陳應濤,可濡,子綬
陳應熙,仲穆
陳應申,崧叟
陳應祥,知明
陳應禧,少成,心齋,星儕
陳應科,詞博
陳應聘,肇莘,覺民
陳應芬,芳圃
陳應芳,世龍
陳應薦,惟賢
陳應藩,屏侯,星槎
陳應角,軒伯
陳應詔,肅臺
陳應辰,煮泉,行義
陳應隆,定夫,陳應龍
陳應魁,孚元
陳應鶚,汝薦
陳應麟,子仁
陳應龍,德見
陳懋,裕德
陳懋侯,伯雙,知非齋
陳懋勤,敏斯,敏齋
陳懋德,季迪,艮濟
陳懋恆,子貞
陳懋揆,端夫
陳懋欽,堯俞
陳懋源,懋源
陳懋烈,灼亭
陳懋簡,養廉
陳懋興,德甫
陳懋芳,瞻石
陳懋觀,孔質
陳懋鼎,徵宇
陳懷,素貞
陳懷勷,儀岡
陳懷古,公明
陳懷淑,穆如
陳懷清,秋浦
陳懷經,時濟
陳懿,孤徽
陳懿伯,宗彝,宗懿,第四三
陳懿典,如岡,孟常
陳懿德,伯求
陳懿玉,楚珩
陳成,公美
陳成永,儀山,元期
陳成父,汝玉
陳成甫,光韶
陳戩,天祓
陳所問,爾虛,芸窻
陳所學,志寰,正甫
陳所志,遹菴
陳所敏,吾達
陳所聞,獻鼎
陳所職,爾司,覲墀
陳所見,實是,忠宇
陳扃,純中
陳扆銘,崇樸齋,我愚,揚先
陳才猷,昭然
陳才芳,春亭,梅峰
陳才輔,元佐
陳才邵,兼善
陳承楩,待融
陳承然,南厓,敬可
陳承裘,子良,孝錫
陳拙,用拙
陳括,子正
陳拯,方周
陳拱,叔向
陳持,守之
陳持之,屏山居士,立叔
陳按,朝舉
陳振,主敬,時起
陳振孫,伯玉,直齋
陳振揚,淸波
陳振瀛,紫蓬
陳振起,伯模
陳振龍,光用
陳捷,仁生
陳捷魁,桐莊,梅莊
陳掄英,逸舫
陳揆,季同
陳提魁,梅莊
陳揚善,宗舜
陳揚產,以淸
陳援,以通
陳損之,子長
陳摐,仲謙
陳摚,淑正
陳摶,圖南,希夷先生,扶搖子
陳摹,宏遠
陳撰,楞仙,楞山,淨交廬室,玉几,玉几山人,玉几山房,玉幾山人,穆陀軒,羣玉山房,鄮人
陳據,淑守
陳擬,及之
陳攄,君益
陳政,有恒
陳政揆,冕三,子端
陳效,忠甫
陳效古,武周
陳敏,允政
陳敏媛,葆文
陳敘,十六,邦禮
陳敘碩,南湖
陳敦修,伯厚
陳敦夫,中裕
陳敦德,陳郭德
陳敦蕙,仙九
陳敦詩,正雅,韻舫
陳敬,景頤,退齋
陳敬叟,炳然
陳敬娘,美中
陳敬宗,休樂老人,光世,文定,文武,澹庵,澹庵先生,澹庵居士,澹然居士,澹菴,澹菴居士
陳敬思,研農
陳敬曾,小岑
陳敬璋,半圭,奉峨,惺庵
陳敬第,叔通,雲麋
陳敬襄,婉順
陳敱永,學山
陳敳永,學山,文和,陳敱永,雍期,雝期
陳敷遠,靜齋
陳文,豫西
陳文傑,漢卿,默齋
陳文光,天章
陳文卿,功組
陳文叔,元彬
陳文台,又伯
陳文周,太湖,汝中,觀如道人
陳文圖,新政
陳文增,襲慶
陳文奐,伯美,桓墅
陳文宣,燦然
陳文弼,處仁
陳文昌,夢發
陳文星,不村,鬯亭
陳文棟,南園,鬱為
陳文楷,介亭
陳文浩,子川,孤峯
陳文濤,濤生
陳文炅,汝晦
陳文烜,書城,東壁
陳文烺,炳軒
陳文焕,童叟
陳文然,斐卿,笠生
陳文煌,霽山
陳文煒,複齋
陳文煥,汝昭,靜菴
陳文燦,含輝
陳文燧,汝相
陳文燭,五嶽山人,玉叔
陳文玉,德輝
陳文琥,星白
陳文瑛,素珍
陳文瑩,瑩中
陳文積,崇善
陳文緯,素章
陳文羆,止叔,赤甫
陳文翥,秋丞
陳文耀,陳文燿
陳文蔚,克齋,才卿
陳文藻,天目山人,愚泉,潛子,鏡池樓
陳文衡,性平
陳文試,道衡
陳文誥,兿坪
陳文謨,顯卿
陳文豫,中立
陳文贊,太祖,景皇帝
陳文輔,以道
陳文述,三十六芙蓉讀書樓,園嶠真逸,團扇詩人,妙天香室,桂華書屋,桂葉書堂,注晉書齋,玉淸散吏,碧城,碧城仙館,碧城外史,秋雪漁莊,秦亭山樵,紫玲瓏畫坊,花源草堂,茱萸館,蓮可居士,蘭臺聚齋,退庵,退庵老人,退盦,遹庵,陳團扇,陳文傑,雋甫,雲伯,頤道先生,頤道堂,頤道居士,題襟館,香禪花隱之廬
陳文銳,巽峰,瀁峰,退思
陳文錦,芷舲,芷雲,靜安
陳文鍾,景岐
陳文顯,陳龍一
陳文騄,仲英,南孫,槁叟
陳文高,士登
陳文麟,石圃,石園,石岡
陳文黻,勔庭
陳文龍,君貴,君賁,如心,志忠,忠肅,陳子龍
陳斌,白雲,陶鄰
陳斌子,全父
陳斌麟,繩武
陳斗南,子一
陳斗應,上建
陳斗輝,奎甫
陳斗龍,南仲
陳新,以新
陳新之,松崖
陳新楷,依宣
陳新槐,敬齋
陳新蓀,徵馨,紫香,荃林
陳方,正觀
陳方之,深叔
陳方亮,陳亮
陳方愷,菉嶼,蘅洲,際虞
陳於鳳,丹彩
陳旅,正初
陳旌,儀甫,瀛南
陳无咎,必復,无咎
陳日善(字),日善
陳日壽,築仁,鏡仁
陳日新,又新
陳日煃,樂道先生,端午
陳日燇,竹林大士
陳旦,夷仲,明仲,第三十一,陳焞
陳旭,雲陽伯
陳旹,仲晦
陳旺,天錄
陳昂,白雲
陳昆玉,問山,疇之
陳昆璧,玉君
陳昆生,蕊仙
陳昇,萬輝
陳昉,時望
陳昌,世五,並卿
陳昌䋲,勳臣
陳昌丑,子杳
陳昌世,澹軒
陳昌五,子青
陳昌圖,南屏,南琴,玉臺
陳昌年,菱舫
陳昌曇,仲瞿,矞堂,粒唐
陳昌朝,茂跡
陳昌期,大來
陳昌祖,世長,惟演
陳昌福,子隆
陳昌積,兩湖,子發,子虚
陳昌紋,誘君
陳昌紳,杏孫
陳昌綸,凝甫
陳昌繡,琥香,馥沅
陳昌蔭,鑒如
陳昌言,禹賡
陳昌運,元嘉
陳昌鳳,無恙
陳昌齊,啖荔居士,觀樓,賓臣,賜書堂,餐菊軒
陳明,廉夫
陳明作,用晦
陳明倫,小穆,雍伯
陳明同,師晦,第二十五
陳明善,野航
陳明志,澹如
陳明甲,夢蓮
陳明章,焕然
陳明經,則濟
陳明義,曉峯
陳明遠,哲甫,鋗翁
陳易,一元
陳易則,簡之
陳昕蘊,漢東
陳星奎,鶴亭
陳星涵,寄紅詞客,有庚
陳星煥,文泉,紫櫺
陳星耀,月卿
陳星聚,耀堂,耀庭
陳星馴,雅農
陳映,東甫
陳映進,建川
陳春,恭僖
陳春瀛,公劭,幼海
陳春生,沛秋
陳春芳,蘭若
陳春英,友茲
陳春華,金堂
陳春馥,葆堂
陳昭,十七,育民
陳昭嗣,于晉
陳昭常,簡始,闍始
陳昭度,元矩,西軒子
陳昭德,士弦
陳昭謀,劍溪,燕貽
陳昱,伯高,陶庵
陳昴,英士
陳昺,叔明
陳時,北麓,宜之
陳時中,務齋,用敏
陳時可,寂通老人,秀玉
陳時夏,崑東
陳時彥,偉卿
陳時憲,孔章
陳時懋,敬齋,真山耕者,耕原
陳時敏,復心
陳時明,際豐
陳時泰,尚於
陳時熙,平崖,松隅,舜民
陳時範,敷疇
陳時臨,二咸,責庵
陳時臬,李齋
陳時舉,舜選
陳時芳,仲新,春洲
陳時若,六徵,庸吾
陳時霖,商卿
陳晃國,子華
陳晅,用晦
陳晉,曉珊
陳晉元,半龕道人,少芳,檗生
陳晉接,進叔
陳晉賢,梅邨
陳晐,退翁
陳晞,規聖
陳晞愈,次韓
陳晟,彦昇
陳晟伯,功父,止善
陳晦,待徵
陳晨,景東
陳普,煦亭
陳景仁,殷山,靜山
陳景俊,有卿
陳景元,公亮
陳景初,二梅
陳景參,子孝
陳景周,仲思,仲恩
陳景坡,眉伯
陳景寔,夢初
陳景崧,憲廷,揆卿
陳景年,通卿
陳景彥,安惠
陳景思,思誠
陳景明,仲晦
陳景星,黃道
陳景沂,肥遯
陳景涵,鑑堂
陳景滄,少海
陳景祺,星橋
陳景程,季萬
陳景純,安卿
陳景肅,和仲,廉獻
陳景莘,潔門,澤門
陳景華,世界罪人,陸逵
陳景行,固安伯,希哲,松鶴
陳景謨,寶珊
陳景鎏,桂溪
陳景隆,如初
陳景雍,凝遠,春臺,熙堂
陳景雲,少章,文道先生
陳景鴻,公信
陳智,孟機
陳智成,智成
陳暄,體日
陳暉,晦叔
陳暘,晉之
陳暠伯,貴白
陳暨,陳塈
陳暹,德輝
陳暻,覲光
陳曄,蒙之
陳曇,仲卿
陳曦,景和
陳書,御簡,渭源
陳書勲,墨樵
陳書升,潤亭,澗亭
陳書曾,琴山
陳書翼,燕如
陳曾,守約
陳曾佑,慕杜,篤齋,蘇生
陳曾壽,仁先,復誌,耐寂
陳曾賢,希齋
陳最,季常,季長
陳朂,世勉
陳會,善同
陳有之,伯有
陳有守,達甫
陳有宗,淸叔,清叔
陳有容,仁甫
陳有年,三十七,心榖,恭介,登之
陳有桂,圭玉,昆來
陳有聲,廣宗
陳有霖,希說
陳朗,太暉
陳望曾,省三,魯村
陳朝典,徵五,溫如
陳朝凝,少皋,積臣
陳朝君,象山
陳朝斌,磐石,聖忠
陳朝書,茘圃,茘國
陳朝楨,申朝楨
陳朝玉,完璞,璞完,藎卿
陳朝紀,石亭
陳朝老,廷臣
陳朝英,槐卿
陳木,葉亭,質齋
陳本,子深
陳本先,春渠
陳本忠,伯思
陳本枝,詵玉,馨山
陳本棠,子芾,愛山
陳本欽,子安
陳本深,有源
陳本禮,嘉惠,素村
陳朴,義叟
陳朴厚,德先
陳材,俊卿
陳杞,楚材
陳束,后岡,後岡,約之
陳杰,壽夫
陳東,景暘
陳東光,叔晦
陳杲,孔英
陳杲卿,國材
陳松,子喬
陳松齢,鶴橋,鶴齋
陳松龍,三嶼,應初
陳枅,自修
陳林,健為,琢薌,竹香
陳枚,琴山,簡甫
陳果,一陽,稚碩
陳枝蓮,薌墀
陳柄,漁洲
陳柄德,伯謙,吉甫
陳柏,子堅,憲卿,蘇山,陳栢
陳某,惟鉉
陳柟,眘齋
陳柯,君則,海洲
陳柱,守玄,柱尊
陳査鵷,玉閭
陳栗,莊叔
陳栢,子秀
陳栩,天虛我生,栩園,蝶仙
陳根,克生
陳栻,榕軒
陳格,元規
陳桂,伯芳,第兆二,舜俞
陳桂林,書畫禪室,鏡墀
陳桂森,和叔,玉臺,粹菴,耕岩,耕崖,耕巖
陳桂洲,修堂,文馥
陳桂生,堅木,薌谷,雲柯
陳桂發,茂叔
陳桂芬,月亭,秋圃
陳桂芳,國華
陳桃宜,仙五
陳桐翰,君揮,桂林
陳桓,德威
陳桔,枰仙
陳桱,子經
陳桷,元承
陳梅,大庾,禹梁,鼎臣
陳梅仙,香雪
陳梅鼎,香谷
陳梓,一齋,俯恭,古銘
陳梧,膚公
陳棅,持中
陳棆英,逸舫
陳棐,伯起
陳棟,隆之
陳棟孫,壯翁
陳棠,飛熊
陳棣,鄂父
陳棨,品山
陳棨仁,戟門,鐵香
陳森,茂卿
陳森年,彧軒
陳森烺,榮年,耀庭
陳棻,春山
陳植,心槃
陳椿冠,恆軒,正甫
陳椿年,松齋,秋坪
陳楙,茂叔
陳楚春,若雷
陳楚產,五不,悅道
陳楠,彥材
陳楠老,良材
陳楧,子雋
陳楨,士周
陳楫,子濟
陳業基,師誠
陳極新,德軒
陳概,平甫
陳榕,伯茂
陳榛,君實
陳榮,仲仁
陳榮傑,慕陵,無波,遂南
陳榮古,新安
陳榮恩,雲峯
陳榮昌,困叟,小圃,文貞,筱圃,虛齋,虛齋困叟,鐵人
陳榮燮,亮士
陳榮祖,仲顯,篔坡
陳榮紹,子惠,迪吉,鏡生
陳榮袞,婦孺之僕,子褒,耐庵
陳榮輝,昆山
陳槐,半湖
陳槐卿,懷叔,拂石老人
陳槐林,位三,蔚山
陳槖,德應
陳槩,立本,第一,辛平,道生
陳槱,宜之
陳樁,子年
陳樞,仲機
陳樞材,元卿
陳模,中行,可軒,陳極
陳樵,君采,鹿皮子
陳樸,一初
陳樹,竹泉
陳樹人,安定老人,猛進
陳樹勛,屺瞻,蔗孫
陳樹基,丹奏
陳樹華,冶泉,芳林
陳樹萱,慈雲
陳樹鏞,慶笙
陳樽,俎行,酌翁
陳樾,際春
陳橐,德應
陳機,介行
陳檉,師聖,納齋
陳檢,省衷
陳櫟,壽翁
陳櫸,孟實,實齋
陳權,簫樓,顨占
陳權叔,楙直
陳次公,漢傑
陳次升,當時
陳欽,子仙
陳欽銘,壽彞,少希
陳止,對滄
陳正,端伯
陳正中,可法
陳正倫,正倫
陳正勛,書竹
陳正同,應之
陳正大,子中
陳正學,文仙,松子
陳正式,興宗
陳正烈,西峯
陳正用,疇若
陳正笏,鳳生
陳正言,鹿野
陳正試,公庵
陳正謨,宗禹
陳正頤,庚垣,粹涵
陳步墀,子丹,幼儕
陳步瀛,勤齋,晴川,晴谿,麟洲
陳步賢,勉卿,鉞齋
陳步雲,峻飛
陳武,蕃叟
陳武公,子文
陳武嬰,聞野,誌范
陳武子,日文
陳武齡,壽朋
陳殷,嘉靖
陳殿桂,岱淸,長生
陳殿梁,豫良
陳殿標,載青
陳毅,子中
陳毓光,大端,月樓,蘭蓀
陳毓升,易門,硯陶,行之
陳毓嗣,官山
陳毓崧,集三
陳毓棡,兩橋
陳毓琪,舒伯
陳毓秀,挺生
陳毓英,素芳
陳毓華,仲恂
陳毓誘,小蘭
陳毓賢,則英
陳毓麟,愚若,石笙,西浦
陳氏,陳孝婦
陳氏(趙頊皇后),欽慈
陳氏(陳仲微女),梅莊
陳氏(陳仲徵女),梅莊
陳氏(陳志女),昌福夫人
陳氏(陳龍岩女),無波居士
陳民志,允定,望白
陳民衷,允和
陳水,道一,陶怡,陶遺
陳永壽,靜山
陳永年,南壽
陳永懋,小梅
陳永皓,昭遠,海陽
陳永祚,裕公
陳永福,文水伯
陳永華,復甫,文正
陳永豫,建侯
陳永靜,閒軒
陳汀,用濟
陳求,雪磯
陳求道,得之
陳求魯,質甫
陳汝仕,信之
陳汝咸,心齋,悔廬,月湖先生,莘學,華學
陳汝器,適用
陳汝壁,立父
陳汝奭,公武
陳汝學,仲道
陳汝弼,踽菴
陳汝懋,克修,月舫
陳汝枚,紫筠
陳汝楫,濟明
陳汝樹,庭嘉,蘭崖
陳汝檝,傅巖,疎淸
陳汝欽,子敬,少方
陳汝玉,思古
陳汝璧,立父,立甫
陳汝登,山學
陳汝秩,惟寅
陳汝箴,悔廬,莘學
陳汝翊,邦輔
陳汝藩,仲衡
陳汝蘭,香亭
陳汝言,時獻,訥之
陳汝銓,秉衡,鑒堂
陳汝錡,伯容
陳汝錫,師予,師于
陳汝霖,伯雨
陳汝麟,仁夫
陳池鳳,丹山,竹食,鳴瑞
陳汲,十一,汝及
陳汶輝,八閩元士,耿光
陳汸,道濟
陳沂,唐卿,詠甫
陳沂夫,與之
陳沂震,狷亭,起雷
陳沃,德潤
陳沅,圓圓,畹芬,陳元
陳沆,太初,秋舫
陳沐,澤民
陳沖,南翼
陳沭,澤民
陳治則,簾崖
陳治安,鏡清
陳治本,簾岳
陳治滋,以樹,以澍,似樹,學圃老人,德泉
陳治策,盤谷,耘蕙
陳治筠,淇園
陳治紀,石房,道立
陳泂,陳絅
陳泌,汝泉
陳法,萃章
陳法乾,惕夫,月泉
陳法書,異莊
陳泰,吉亨,文舉,曹泰
陳泰交,曰章
陳泰來,君遇
陳泰初,見田
陳泰增,伍樵,岱雲,讓山
陳泰年,東溪
陳泰熙,梓丞
陳泰階,星叔
陳洄,竹溪逸民
陳洎,亞之
陳洙,春橋
陳津,道通
陳洪,禹範
陳洪儀,象九
陳洪向,九疇,漢鷗
陳洪濛,元卿
陳洪烈,元勛,復泉
陳洪範,北溪
陳洪綬,九品蓮臺主,九蓮臺主,借園,勿遲,寶綸堂,小淨名,弗遲,悔僧,悔公,悔老,悔遲,淸泉草堂,眉舞軒,章侯,老蓮,老遲,菜根書屋,蓮子,蓮沙彌,西爽閣,護蘭書堂,起馥樓,退居,遲老,醉花亭,陳連子,隨緣古德之館,雲門僧,靜香書屋
陳洪緒,爾安
陳洪謚,嘿庵,龍甫
陳洪謨,宗禹,高吾子
陳洪進,忠順,濟川
陳洪道,二階
陳洵,匯之
陳洸,世傑,十四
陳洽,叔遠,德遠,節愍
陳浚,宣叔
陳浤,芳洲,芳淵
陳浩,仲知
陳浩恩,與勤,雨芹
陳浩然,彥章
陳海,蛟門
陳海嵩,霍童幽史
陳海梅,香雪
陳海雍,龍潭老人
陳涇,景清
陳涣,伯益
陳淑,文淑
陳淑旃,繡莊
陳淑秀,昭陽
陳淑英,德卿
陳淑華,橡香
陳淑貞,慎儀
陳淑鍈,宜齋
陳淞,半江
陳淦,揚對,鐵岩
陳淬,君說
陳淮,豫之
陳深,承源
陳淳,復甫,白陽山人,道復
陳淳祖,唯道,道初
陳淳袓,唯道,道初
陳淵,德深
陳添,明德
陳添悳,子高
陳清,育之
陳清卿,子直
陳渙,伯益
陳渤,臣源
陳渥,叔陽,陳握
陳温卿,天利
陳渼,宛青,畹青,雪樵
陳湘,韻蘭
陳湘水,秋濤
陳湘英,花溪女史,雲仙
陳湜,舫仙
陳溉,仲博
陳溍,執園,蓻園
陳源,悟川,松連,竹堂
陳源兗,岱雲
陳源潾,梅生,麟洲
陳源燾,鄭源燾,鑑塘
陳源長,復之,復齋,陳履長
陳準,正臣,淸隱散人
陳溥,一卿
陳溫和,脩持
陳溱,濟寬
陳滂,伯達,公澤,周士,第五十二
陳滋,圃畹
陳滋曾,妙雲
陳滾,雲溪
陳演,發聖,賛皇
陳漢公,伯英,陳詠
陳漢卿,師黯
陳漢愚,子鐵
陳漢章,伯弢,倬雲
陳漢第,中恕,仲恕,伏廬
陳漸,金龜子,鴻漸
陳潁,述庵
陳潔,澣心
陳潛夫,元倩,振祖,玄倩,退士
陳潢,于商,天一,省齋
陳潤,漱芳
陳潤璨,昆石,玉光
陳潤祖,正德
陳潭,孟明
陳潮,伯時
陳澄子,景深
陳澄玘,玄寂
陳澈,陳徹
陳澍,伯雨
陳澐,北愚,大雲
陳澔,可大,雲住,雲莊
陳澗,汝新
陳澤,德潤
陳澤春,小屏,潤生
陳澤泰,茹徵,雲村
陳澤霖,歗盦,雨人
陳澧,傳鑑堂,千刃庵,崇雅樓,憶江南館,東塾,東塾先生,止齋,江南倦客,菊坡精舍,蘭浦,蘭甫,識月軒
陳澹然,劍譚,靜潭
陳濂,道源,麟崧
陳濂潔,淸溪,錦堂
陳濟,伯載,兩腳書廚,百載
陳濟清,勤勇,陳友勝
陳濟生,皇士
陳濤,巨源
陳濬,心泉,華哲
陳瀏,亮伯
陳瀚,子峻,裕楣
陳瀛,春渠
陳瀧,伯雨,碧澗翁
陳瀾,本初
陳灌,同故,子將,陳瓘
陳灝,伯景
陳灧,杏林
陳灩,杏紅
陳灼,仲實
陳灼華,春山,香山
陳炌,文晦
陳炎,東霞
陳炎子,宗合
陳炎宗,雲麓
陳炘煜,夢石,葵鄉
陳炤,光伯,肖梅
陳炫,文光
陳炳,虎文
陳炳元,元吉
陳炳奎,松圃,雲舫
陳炳德,伯謙,吉甫,漁史
陳炳昭,懷魯,葉昇
陳炳極,傑峰
陳炳琳,蓮友
陳炳雲,太書,彤山
陳為燠,哲林,相康,館裴
陳為舜,瑞霖
陳烈,思紹
陳烈新,蓴齋
陳烓,文用,蒙菴
陳烜,鑒清
陳烺,子炳,芷濱
陳焌,景川
陳焜,竹甫
陳無妄,彥實
陳焯,然團
陳焯墀,轂堂
陳焵,寅甫,月垞
陳煃,孟明
陳煇,陳輝
陳煉,道柔
陳煌,星堂
陳煌圖,乾木老人,鴻文
陳煐,陳煥
陳煒,恥菴,文曜
陳煜,明叟
陳煥,一恬,章伯
陳煥章,古春
陳煦,春甫,曉峰
陳煦榮,方甫
陳照,曉堂
陳照臺,朗三
陳照菁,春田
陳照青,存田
陳熊,祥孟
陳熙,五陵,子明
陳熙健,荔浦,體乾
陳熙愷,似秋,諸慧
陳熙敬,鴻文
陳熙昌,杲菴
陳熙春,念劬
陳熙昱,叔煇,子湘,麗蒼
陳熙晉,析木,西橋,陳津
陳熙曾,卓堂
陳熙朝,覲卿,輔民
陳熙藩,秋搓,秋槎
陳熙裕,時彥
陳熺,師晦
陳熾,剋昌,次亮
陳燁,光宇
陳燦,德潤
陳燮,理堂
陳燮銘,益齋
陳燿堂,星垣
陳爌,南輝
陳爔,春腴,暘生
陳爔唐,少和,燮卿,翕青
陳爟,世明
陳爵,良貴
陳爼,少志,西坡
陳爾善,元之
陳爾士,煒卿
陳爾弗,小嘉,小堯
陳爾振,子威
陳爾瑋,幼佩
陳爾銘,楊爾銘
陳牟少,牟少
陳牥,毅甫
陳特,淵峯,澥荃
陳猷,汝嘉
陳獻,景賢
陳獻德,敬菴,海城
陳獻琪,名圃,拙齋
陳獻章,公甫,文恭,江門,活孟子,白沙先生,石翁,石齋
陳玄德,務真
陳率祖,磨崖山人
陳玉,汝良
陳玉垂,問亭
陳玉墀,彤甫
陳玉成,陶甫
陳玉森,笏山
陳玉樹,惕庵
陳玉瑛,佩珊
陳玉璂,椒峰,賡明
陳玉祥,夢棠,花仙
陳玉秀,侶謝,德華,靈江女史
陳玉謨,笏田
陳玉銘,希贊,潼溪
陳玉鶯,暉春,鳴瑞
陳玉麒,仁趾,紱之,雲芝
陳王度,憲伯
陳王庭,惟獻,藎庵
陳王政,蒼屏
陳王猷,硯村,良可
陳王謨,平江伯,萬峯
陳王賓,延老,晞尹,祖年,第二
陳王道,子敬
陳玒,四十七,國祥,容峰
陳玘,廷瑜
陳玙,奐曾,蘭莊
陳玠,待寶
陳玢,文若,秋槎
陳玨,少夷
陳珀,珍之
陳珂,仲聲
陳珊,近衡,鳴仲
陳珍,廷貴
陳珍瑤,月史
陳珏,桂岩
陳珙,子重
陳珠,蕊珠
陳珩,君錫
陳珪,禹成
陳珮,懷玉
陳珷,德璋,德章
陳珹,虛中
陳球,淑慧
陳理,厚庵
陳理泰,韞原
陳琇瑩,澤穎,芸敏,蕓敏
陳琚,宗玉
陳琛,思獻,紫峯,紫峯先生
陳琥,少嚴,恕齋
陳琦,元璞,國偉
陳琪,其玉
陳琬,仲廉
陳琮,華國,韞山
陳琰,粲山
陳琳,寶林
陳瑀,伯玉
陳瑄,修六
陳瑄孚,驍山
陳瑊,伯瑜
陳瑑,六九學人,恬生,聘侯
陳瑒,子瑨
陳瑗,大玉,樸菴
陳瑚,双泉,東吳,汝器
陳瑛,廷王
陳瑜,瑜玉
陳瑜如,肇洗
陳瑞,五玉
陳瑞中,思正
陳瑞凝,叔媯
陳瑞玉,獻廷,韞山
陳瑞球,寶虞,韻石
陳瑞琳,九香
陳瑞輝,蒸窗
陳瑞馨,蘭露
陳瑞鳦,沅圃,諸濟
陳瑞麟,若蘭
陳瑞龍,體乾
陳瑢,瑞夫,瑞父,瑞甫,端夫
陳瑤,仲華
陳瑩,韻珊
陳瑩英,端文
陳瑫,國輝
陳瑭,子良,守謙
陳瑸,文煥,眉川
陳瑹,九石,渫庵
陳瑾,季玉
陳璆,仲溫
陳璇,陳璿
陳璉,希陽
陳璋,臨湘
陳璘,良玉
陳璚,公美
陳璜,佩之
陳璞,古樵,子瑜
陳璠,思古,汝玉
陳璡,景玉
陳璣,天器
陳璧,仲奎
陳璨,子光
陳璪,仲飾,質庵
陳璫,德彰,陳勣
陳環,子循,梓潯,疏翁
陳璲,瑞甫
陳璸,忠烈,忠貞,賓王
陳璹,國壽
陳璻,翠娜,翠樓
陳璽,震西
陳璿,嗣宗
陳瓊,昭先
陳瓊圃,閬真,閬良
陳瓊姬,芳春
陳瓊林,瑤圃
陳瓊枝,李瓊枝
陳瓊苣,芳余
陳瓊茝,芳余
陳瓔,天貺,谷口耕叟
陳瓘,了翁,了齋,了齋先生,忠肅,瑩中
陳瓚,卣臣
陳甘雨,少渠,應時
陳用,子行
陳用中,彥才
陳用儀,伯治,伯鴻
陳用光,太乙舟,字訟室,定香亭,實思,瘦石,石士,碩士,碩輔,觀弟
陳用庚,孠由,香爐峰子
陳用志,陳用之
陳用敷,正誼,體齋
陳用極,忠節,明仲
陳用賓,道亨
陳甫,惟岳
陳甯祖,志道
陳田,松山,松珊
陳田夫,耕叟
陳由正,楷卿
陳甲,會先
陳畏,直父,直甫
陳畦,子從
陳畫,惟易
陳畬,德馨,雨香
陳登,思孝
陳登峰,耕雲,行止
陳登華,堯峰,香農
陳登邦,敬三
陳登雅,秀亭
陳登雲,南濱,從龍
陳登龍,壽朋,秋坪
陳發祥,瑞岩
陳百揆,汝宅
陳百昌,汝京
陳百朋,溪居先生
陳皆,士素
陳皐謨,名世
陳皓,彥章
陳皖永,倫光,儒先,汲雲老人
陳皡,孟東,安止
陳益,啓行,行素先生
陳益新,東湖,東湖居士
陳益稷,忠懿
陳盤言,成堂
陳直,遂初
陳相,三十七,以道
陳省,孔震,幼溪,約齋
陳省華,善則
陳眞晟,剩夫,晦夫,晦德,漳南布衣
陳真孫,善甫
陳睦,和叔,子雍
陳睿,思誠
陳睿思,宜亭
陳睿謨,常采,鹿萃
陳瞻燧,枬邨
陳知儉,公廙
陳知和,德時
陳知微,希顏
陳知柔,休齋,體仁
陳知章,華叟
陳知雄,守柔
陳知默,子思
陳矩,淸忠,萬化,麟岡
陳矯,季弼
陳石,潤甫
陳石卿,大忠
陳石麟,寶摩
陳研,叔幾,季顯
陳確,乾初,確夫,非玄
陳磯,叔振
陳祁,如京,紅圃
陳祐,慶甫,陳天祐
陳祖仁,子山
陳祖向,亦韓,見復
陳祖堯,師欽
陳祖安,仲久
陳祖尹,伯任
陳祖延,子鴻
陳祖望,冀子,宰翁,拜香
陳祖武,州亭,栩亭,蘭亭
陳祖永,慶長
陳祖法,子執,湘殷
陳祖禮,元範
陳祖綬,印伯,墨農,瘦墨
陳祖范,亦韓,見復
陳祖襄,國鈞,湘亭,湘庭
陳祖言,文仲
陳祚,受臣
陳祚康,守天,福林
陳祚昌,復安
陳祚明,胤倩
陳祜,天祜,忠定,慶甫,節齋
陳祥,吉夫
陳祥熊,履堂
陳祥甫,南隱,滿塘
陳祥道,用之,祐之
陳祮,吉裘
陳祹,惟膺
陳祼,叔祼,誠將
陳祿,兩山
陳禋祉,而念
陳禎,南山,大和
陳福,宗範
陳福綬,鄴齋
陳福蔭,勉盦,晚紅老人,紹修
陳福謙,仲和,師竹
陳禪,陳禫
陳禮,正言
陳禮從,簡書,靜庵
陳禮森,守琠
陳禹叟,彦繇
陳禹謨,九山,嘉猷
陳禾,文介,秀實
陳秀實,光華,桂騰,第三十二,起宗
陳秀嵈,粹山
陳秀民,庶子
陳秀珠,宛如
陳秀生,友菊
陳秀穎,光遠
陳秀舉,慧叔,楚秀,第二十三,肅哥
陳秀芝,繩武,龍江
陳秀英,肖梅
陳秉中,宗堯
陳秉和,梅村,石卿
陳秉哲,體明
陳秉彝,憲章,星堂
陳秉彞,一初
陳秉成,平甫
陳秉浩,惟直
陳秉淑,蓉娟
陳秉灼,亮宇,明軒
陳秉鈞,庸盦,樂餘老人,蓮舫
陳秋中,仲虛,星垣
陳科捷,又繩,志道齋,瀛可,繩庵,繩皋,靜學居
陳秠,秀成
陳秩五,惇齋,敘之,月航
陳秬,成和
陳稶,仲芳
陳穀,粟餘
陳穆,舜賓
陳積中,彥載
陳穎,秀叔
陳立,務本
陳立功,樂齋,連仲
陳立禮,而泰
陳立行,晞顏
陳立魁,經圃
陳章,一夔
陳章伯,奎龍
陳章應,敏達
陳端,正之
陳端中,思正
陳端凝,淑媯,陳瑞凝
陳端友,士會
陳端孫,伯都
陳端年,居亮
陳端生,春田,雲貞
陳端甫,以莊
陳端臣,莊父
陳笏,觀堂
陳第,一齋,季立
陳第聯,藻亭
陳筆鋒,蓮石,陳學穎
陳筌,兆璜,漁湖,陳荃
陳筑,夢和
陳策,書賢
陳筞,嘉謨
陳筠湘,靈簫
陳箴,景四
陳箴言,賡卿
陳節,仲和
陳節之,尹和
陳範,九疇
陳篆,師文,師汝,楚卿,第四二,華國
陳簡,居敬
陳簡能,知柔
陳簧,鴻韶
陳簫,景徽
陳籀,滋叔
陳籍,西山,酉山
陳粟,惠民
陳粲,道光,雪谷子
陳粵桂,芸齊
陳粹,伯光
陳粹父,粹父
陳紀,神君
陳紀勛,敬夫,留夫,靖夫
陳約,一默居士,博文
陳紅壽,祝卿
陳紋,廷章
陳純,元樸
陳純士,亦亭,亦辛
陳純夫,德全
陳純德,恭節,滋園,靜生
陳素,素君
陳素安,定林,陳素
陳素素,竹西女子
陳素芬,秋卿
陳素芳,回兒,文姝
陳素蘊,坦園
陳素霞,輕煙
陳素風,楊素風
陳紫婉,桐生
陳紫芝,非園,非園先生
陳紱,若晦
陳紳,觀佩
陳紹,成甫
陳紹儒,師孔,洛南
陳紹功,及卿
陳紹南,斗南,景修,景新,第一
陳紹叔,克甫,浮丘,浮邱
陳紹商,元禮,會之,第萬四
陳紹型,守先,慎齋
陳紹大,成甫,西山先生
陳紹嬀,衣菴
陳紹廉,芝泉
陳紹棠,崇袞,樹甘,雪庭
陳紹治,樸門
陳紹熊,樸菴
陳紹瑞,菊人
陳紹登,誕先
陳紹祖,繼翁
陳紹裘,初學,第嗣一
陳紹謙,公孟
陳組綬,佩玉
陳結璘,修蘭,寶月,蘭修
陳絜,香石
陳絢,蓮蕙
陳絯,崧卿
陳絳,用揚,用言,金壘
陳絳綃,平江女史,彩霞
陳綍,煥翰
陳經,汝濟
陳經國,伯夫
陳經文,祗庵
陳經業,匏村,毓湉
陳經正,敷奎,端瀛
陳經濟,獻明
陳經禮,慶旋,檢齋,錦峰
陳經綸,汝學
陳經邦,公望,肅菴
陳綘,金壘,金壘子
陳綬,芷川
陳維,南垣
陳維勲,銘齋
陳維垣,星臺,豐之
陳維屏,劍芝,小侯,建之
陳維岳,喬宗,廉夫
陳維崧,佳山堂,其年,天藜閣,江左鳳凰,湖海樓,迦陵,陳維嵩,陳髯
陳維嵋,半雪,文鷺
陳維恭,二仲,仲來
陳維春,宇階
陳維真,陳維貞
陳維芳,惺樵,惺橋
陳維裕,春塘
陳維謙,仲容
陳維鏡,容堂,蓉堂
陳維鼎,象坦
陳綰,二十,用章
陳綱,十二,正之
陳綸,竹塘
陳綺,于章
陳緒達,素泉
陳緝文,環谷
陳緯,天襄
陳緯元,經漁,辛楣
陳緯度,陳光緯
陳縝,師文,德容
陳總龜,朝瑞
陳績,丕勛,石舫
陳繁,明仲
陳繒,煇齋
陳織仙,天孫,雲裳
陳繗,克紹
陳繢,陳績
陳繩,仲武
陳繩祖,孝祜,緪橋,緪橋居士
陳繪,輝齋
陳繫,明仲
陳繹,仲寬
陳繹曾,伯敷
陳繼,孟承
陳繼之,以行,十五,莊景,雪庵
陳繼儒,仲醇,寶顏堂,徵君,眉公,糜道人,麋公
陳繼先,仲述,陳古文
陳繼光,朗亭
陳繼周,忠節,碩卿
陳繼昌,問舟,醒翁
陳繼曾,少溪,聯峯
陳繼業,幼軒,述之
陳繼珪,國材,第三
陳繼疇,師洛
陳繼祖,孝先
陳繼義,倬田,卓田,畊餘
陳繼舜,杏驄
陳繼薰,五琴,古香,可士
陳繼袓,公綬
陳繼鎮,宛园,宛園
陳纁,紘公
陳纉,似公,嗣公
陳羍,偉節,肇方,肇芳
陳美,在中
陳美典,念對
陳美訓,獻可
陳群,人鶴
陳義,克宜,和廷
陳義夫,汝權
陳義存,與權,謹齋
陳義暉,裕菴
陳義民,季陽
陳義燦,光彥
陳義生,用質
陳義臣,茜霞
陳義高,宜父,秋巖
陳翁,仲人,陳份
陳翊,君正
陳翌,冲霄
陳習,傳正,陳東琪
陳翔,子麟
陳翠鳳,於朝
陳翡翠,碧桁
陳翥,汝翼
陳翰,翀若,適廬
陳翼,芑庭
陳翼之,和卿
陳翼飛,元明,元朋,小翮,少翮
陳耀,孔彰
陳耀庚,應劉,雲莊
陳耀文,晦伯,筆山
陳耆卿,壽老,篔牕
陳耆壽,俊卿
陳耕,莘五
陳耿,仲操
陳聖修,岸亭,念祖
陳聖傳,授一
陳聖時,師孔
陳聖河,安潤,安瀾
陳聖泰,思菴
陳聖臺,希堂,稚堂,雅堂
陳聚,敬德
陳聚仁,壽臧,秋田
陳聞炳,範亭
陳聞詩,庭訓,廷訓
陳聞遠,元舉,元譽,桂郎,第十八,興宗
陳聮芳,以成
陳聯升,斗垣
陳聯璧,孚尹,玨庵
陳聰,士達
陳聲亮,玉堂
陳聲洎,公荊
陳聲被,冀伯
陳聲遹,紫亭,績學
陳聿昌,楚穎,爾修
陳聿甫,齊吉
陳肅,伯將
陳肇,四留堂,四留山人,小瀛,履元,求謙齋,筱雲,篠瀛,青野山人
陳肇傑,景唐,警堂
陳肇慶,紫瀾
陳肇昌,南湖居士,扶昇,省齋
陳肇泉,起漓
陳肇波,紫瀾
陳肖元,履道
陳肖孫,伯巖
陳肱,叔良
陳育,材翁
陳能,大用
陳能千,勉仲
陳能輔,廷佐,廷匠
陳脩,兩江,宗道
陳腆,洪載
陳膺,登父
陳臣表,擎南
陳自中,康順
陳自仁,克廣
陳自修,德新
陳自強,勉之
陳自新,煥皋
陳自舜,同亮,小同
陳自誠,物初
陳臯謨,思贊
陳至言,山堂,青崖
陳致一,貫通
陳致虛,上陽子,觀吾
陳致遠,以寧
陳致雍,表用
陳臻源,芝泉
陳與冏,弼宸,弼臣,緘齋
陳與同,可齋,弼宸,緘齋
陳與桂,彌芳
陳與相,卜野
陳與立,元禮
陳與義,去非,簡齋
陳與行,叔達
陳與郊,廣野,玉陽仙史
陳與音,汝和
陳興,少陵
陳興言,衷丹
陳興雨,傅霖,楓江
陳興龍,雲叟
陳舉,子賢
陳舉善,千里,第五十一,能之,駒郎
陳舒,鳴遷
陳舜仁,淳甫
陳舜仝,于野
陳舜俞,令舉,白牛居士
陳舜申,休謨,宋謨,宗謨,高齋
陳舜英,佩玉
陳舜道,景宗
陳良,文貞
陳良佐,以忠
陳良喆,二吉,兩如
陳良器,彥成,盅菴
陳良孫,寢虛先生
陳良弼,公輔
陳良棟,用隆
陳良玉,德夫
陳良珍,聘之
陳良祐,天與
陳良翰,景申
陳良能,善之
陳良臣,元弼,滄洲
陳良言,勉績
陳良訓,式甫
陳良謨,忠夫,楝塘
陳良軸,鳳父
陳良驥,千里
陳艾,勿齋,虎臣
陳芑芬,文蓀
陳芝,庭秀
陳芝誥,仲鹿
陳芬,湘煙
陳芳,令儀
陳芳棠,召亭,召棠
陳芳烈,仲紀
陳芳綬,芳秀
陳芳績,亮工
陳芳胄,子仲
陳芳藻,瑞芝
陳芷馨,湘亭
陳芸,淑珍
陳芹,子野,横崖,橫厓
陳芾,墨痴,子棠,蘭槎
陳芾棠,循伯
陳苑,立大,靜明先生
陳苣,挹芳
陳若冲,德明
陳若忠,叔顯,鈍孩
陳若拙,敏之
陳若森,叔度
陳若沖,德用
陳若灡,香谷
陳若琛,筆山
陳若芳,左姑
陳若蒙,正子,第八
陳若蓮,季楞,渠淸
陳若蘭,覺生,香祖
陳若霖,宗覲,文誠,望坡,雨亭
陳英,廷賢
陳英准,景平
陳英準,景平
陳英豪,紹榮
陳茂,陝茂
陳茂松,柏亭
陳茂濂,孟溪
陳茂烈,如賓,希武,時周,梅峰
陳茂禮,履卿
陳茂經,緯山
陳茂義,時卿,海洲
陳茂英,季實,秀實
陳荀之,小英
陳莊,承肅
陳莘,希尹
陳菊貞,餐英
陳華,朝譽
陳華娵,萼仙
陳華澤,礪甫
陳華褧,子裳,賀昭
陳菼英,少山,秋谷,衣如
陳萃,仲亨
陳萇,玉文,雪川
陳萊孝,微貞,誰園
陳萍,輦真加剌思
陳萬,得一,德一
陳萬修,世德
陳萬全,梅垞,越羣
陳萬善,備我,可一
陳萬年,宗之
陳萬春,東夫
陳萬福,櫪岡
陳萬策,麟臺
陳萬言,汝嘉
陳萬里,飛九,鯤池
陳萬鈞,公茂,衡甫
陳萬青,湘南,遠山
陳萬頃,夢應
陳萼芬,子澭,瀍川,韡侯
陳葆懿,醇宜
陳葆森,馭堋,馭珊
陳葆良,覺生
陳葆貞,純卿,靜宜女史
陳著,孟明
陳葵,純甫,純莆
陳蒙,伯求
陳蒨,子華
陳蒸,子容,為海,鏡航
陳蒼舒,朋元
陳蓬,白水仙
陳蔚,豹章
陳蔚昌,亦園,子文,霞樵
陳蔚林,松岩,耐齋
陳蔭培,久橋,又橋
陳蕃,梅林
陳蕊珠,蘭谷
陳蕖,伯含,伯舍,應虹
陳蕘齢,之坪
陳蕙,邦馨
陳蕙卿,蘭壤
陳薦,君兪
陳薦夫,幼儒
陳薦子,雷仲
陳藎謨,獻可
陳藴,上行,對某
陳藺,六如
陳藻,君章
陳藻文,監堂
陳藻英,慶臣
陳蘇,東溪,眉仲
陳蘊,上行,對墀
陳蘊蓮,慕青
陳蘭君,古香,秋畹
陳蘭彬,荔秋,麗秋
陳蘭森,松山,長筠
陳蘭瑞,易庭
陳蘭疇,綺石,贊兩,贊南,贊雨
陳蘭祥,伯芝
陳蘭舒,薌墀
陳虞之,止所,雪翁,雲翁
陳虞盛,際唐
陳虯,蟄廬,蟄聲,誌三
陳蛻,叔柔,夢坡,蛻安
陳蜚聲,翼如,鶴儕
陳蝶仙,國貨之隱者,天虛我生,太常仙蝶,惜紅生,昆叔,陳壽同
陳螽,宜詵
陳蟠隠,陳磻隱
陳行健,庭竹,體乾
陳行先,敏成
陳衍,永萬
陳衍虞,伯宗,園公
陳衎,陳衍
陳衡,季平
陳衡之,深卿
陳衡恪,師曾,槐堂主人
陳衢夫,子敬
陳表,士章
陳衮臣,廷輔
陳衷一,陶菴
陳袓尹,伯任
陳袓禮,元範
陳袓言,文仲
陳袞,廷章,蘭坡
陳裕,孟寬
陳裕猷,仁山,菊岩
陳裕華,門亭
陳裴之,孟楷,小雲,少伯,朗玉,芹生
陳褘,玄奘
陳襄,古靈先生,述古
陳規,養直
陳覯,二止
陳覲,三十八,忠甫
陳覺伯,宗尹
陳覺先,次公
陳覺民,達野
陳覺舉,序賓,退謙
陳觀,尚賓
陳觀國,壽寧,惺齋
陳觀圻,起霞
陳觀聖,幼以
陳觀衡,季平
陳觀酉,二山,仲博
陳言,獻可
陳訏,宋齋,言揚
陳訓,師敬
陳訓正,屺懷,無邪,玄嬰
陳訥,升之
陳訪,熙仲
陳許國,忠卿
陳詁,天經
陳詒紱,稻孫,蟄齋
陳詔,宣卿
陳評,月卿
陳詞,子達
陳詠,永言
陳詠之,之道
陳詡,載物,陳翊
陳詢,拙齋,汝同
陳詩,芷仙
陳詩庭,妙士,畫生
陳詩汸,弇堂
陳詳,文幾
陳詵,叔大,實齋,淸恪,淸端
陳誘,循仲
陳誠,子魯
陳誠中,表之
陳誠之,文恭,景明
陳誠伯,伯著
陳誥,安亭
陳誨生,文卿
陳說,習之
陳說之,以道
陳説,和中
陳誼,子宜
陳誼臣,仲嚴
陳調一,謙善
陳調元,巽甫,鷗盟
陳諒,友仲
陳論,謝浮
陳諤,古直,埜水
陳諫,司直
陳諭,子明
陳諮,東谿,汝謀
陳諷,匡克
陳謀,深甫
陳謐,康公
陳謙,士謙,訥庵逸人
陳謙厚,叔賓
陳謙淑,梅君
陳講,中川,子學
陳謨,仲嘉
陳謹,德言,環江
陳譁,淸庵
陳譜,次文
陳讓,遜之
陳讜,介夫
陳豐,元齡
陳象明,麗南
陳象樞,復齋,馭南
陳象祖,儀父
陳豪,志興,肖隺
陳豫,立卿,莊敏,黟國公
陳豫朋,堯愷,濂村
陳豫鍾,浚儀,秋堂
陳貞,紉秋
陳貞媛,名涵,無波居土
陳貞慧,定生,秋園,雪岑
陳貞源,秀娟
陳貞筠,蘭卿
陳貫,仲通
陳貴,道充
陳貴欽,大石
陳貴興,德新
陳貴誼,文定,正甫
陳貴謙,益父
陳貺,陳況
陳貽序,叔倫,叔彝
陳貽棠,紀泉
陳貽樞,兆應,星然,翼堂
陳貽發,育利,育村
陳貽範,伯模
陳賁典,星若
陳資,陳質
陳賓,文獻
陳賓選,子岍,巽之
陳賛,宗謨
陳賜,孟嘉
陳賞,公延
陳賡,子颺,默軒
陳賢,子及
陳質,文彬
陳贄,惟成,蒙軒
陳贊,大琛,翊圖
陳赤衷,環邨,虁獻
陳起,升齋
陳起倬,漢卿
陳起先,振卿
陳起宗,興祖
陳起書,松心,通甫
陳起東,仲南,溫甫,第一
陳起淵,沂父
陳起詩,敦復,雲心
陳超曾,廷表
陳越,損之
陳趙卿,伯鼎
陳踰,際可
陳軒,廷策
陳軫,德載
陳軾,子敬,宜山
陳輅,墨香,敬輿
陳載,景厚
陳載春,子元
陳輊,弘載
陳輔,星垣
陳輔堯,九室,忠烈
陳輔性,足彝
陳輔成,小平
陳輝,文耀
陳輝宇,像亭,葆亭
陳輝甲,冠山,掄一
陳輝祖,玉亭
陳轂,推士
陳辰橿,曼秋,轂雲
陳迪,元吉
陳迪吉,曉蕓,筱雲
陳述,宗理
陳述祖,燕翼堂,秋雨夢松舫,雲門
陳述經,子郛,笈堂
陳述芹,壁海,擢軒
陳述賢,少彭
陳述齡,子壽
陳逅,良會
陳通,子泰
陳通元,啟乾
陳造,周士
陳逢,次孟
陳逢元,筠谷
陳逢午,方中,玉岩
陳逢泰,匯吉
陳逢祥,伯康
陳逢衡,履長,穆堂
陳進,蕢山
陳逵,弘道
陳逹,是正
陳遂,岑樓
陳遇,靜誠
陳遇夫,交甫,廷際,雨村
陳遇文,鳴周
陳遇明,孟宗
陳運,席門
陳運欽,丹語,丹语
陳運鎮,中緯,其山
陳過庭,忠肅,賓王,陳揚庭
陳道,覲秋
陳道一,陶怡,陶遺
陳道亨,五二,孟起,江右三清,淸襄,蠡原,蠡源
陳道元,陳道苑
陳道南,懦夫,樹之,澍之
陳道卿,沖之
陳道坦,吉人,漢皋
陳道基,以中,我渡
陳道庸,有愚
陳道敷,文思
陳道暉,景和,順天
陳道潛,四十四,孔昭,拙齋
陳道耀,星若,素安
陳道譚,始興昭烈王
陳道隆,康南,郅堂
陳達,是正
陳遘,亨伯,愍節
陳遜,古樸子,必恭
陳遠,中復
陳遠大,宏父,達大
陳適,正中,至叔
陳適正,夢良
陳適用,汝器
陳適道,彥正
陳遴瑋,劍華,玉甫
陳遵,汝循
陳遵毅,貴弘
陳遷,漢崇
陳遷鶴,介石
陳選,鼎升
陳遹聲,悔門,蓉曙,駿公
陳邃,畸亭
陳邕,叔文,和父
陳邦仁,涵甫
陳邦修,二十六,德卿,立齋
陳邦儀,開甫
陳邦弼,惟忠
陳邦彥,汝美
陳邦敷,自寬
陳邦棟,十村,廷一
陳邦榮,尚慶
陳邦獻,時擧
陳邦瑞,瑤圃
陳邦直,愚亭,方大
陳邦瞻,匡左,德遠
陳邦禎,君祥
陳邦科,俊卿,雋卿
陳邦臣,季良
陳邦衡,伯明
陳邦連,升菴
陳邦顏,獻祉
陳邰,開叔
陳郁,仲文,藏一
陳郇,邦達
陳郛,彥聖
陳醇,貞甫
陳采,十四,懋載
陳采綸,桃溪
陳采芝,雲巖
陳重,小蕃
陳重威,容民,澹齋
陳重慶,顨卿
陳金,汝礪
陳金台,延堂,燕卿
陳金城,念庭,殿臣
陳金徽,子生
陳金浩,迴聞
陳金涵,懷谷
陳金玉,陳氏七烈
陳金華,汝礪,燿卿
陳金鑒,輪香
陳釗,劍吾,厚卿
陳釗鏜,晉之
陳釴,惟鉉
陳鈇,功錫
陳鈍,魯若
陳鈞,定國
陳鉅前,小真,鏡涵
陳鉅釧,小漁
陳鉞,秉齋
陳鉦,靜漪
陳銀,一塘,令儀
陳銏,立齋,金南
陳銑,白陽,蓮汀
陳銑綬,伯欒,鸞甫
陳銓,衡菴
陳銘,自新
陳銘珪,支珊,酥醪洞主
陳銛,勝袞,聲憲
陳銳,平江伯,志堅,雲谷
陳鋐,宏猷
陳鋭,頤仲
陳鋼,堅遠
陳錄,如隱居士,憲章,靜齋
陳錕,陳昉
陳錠,敬輿
陳錡,鼎夫
陳錡卿,仲玉
陳錦,端實
陳錦榮,梅泉,韻仙
陳錦濤,瀾生
陳錫,元之,四十一
陳錫公,映槐
陳錫嘏,介眉
陳錫恩,纓順,靜齋
陳錫榮,第萬五,處久,通老,龜朋
陳錫熙,緝軒
陳錫玨,南峯,雨峯
陳錫疇,丙園,春農
陳錫端,陳若蘭,麟端
陳錫綺,菴泉,鑑泉,鑒泉
陳錫華,沐懷
陳錫鈺,雨峰
陳錫霈,根雨
陳錫麒,襄夔
陳錫麟,懿善,秉初
陳鍔,白崖,養愚
陳鍾信,子實,孟甫
陳鍾岳,蔚莊,間宣
陳鍾慶,曉石
陳鍾琛,紫岱
陳鍾琪,菊士
陳鍾琳,白酉
陳鍾盛,稚德
陳鍾祥,息帆,抑叟,趣園
陳鍾芳,冰士,萸孫
陳鍾英,懷庭,槐庭
陳鍾麟,厚甫,肇嘉
陳鎏,子兼,雨泉
陳鎔,伯聲
陳鎕,溥泉
陳鎧,子聲,學山
陳鎬,虞廣
陳鎮,靜齋
陳鎮泰,淵浦,湘浦
陳鎰,介菴,僖敏,有戒,柏軒,陳謐,鬍爺爺,黑髯慈父,黑髯翁,黑鬍爺爺
陳鏞,萬锺
陳鏡堂,一密,晉卿
陳鏸,遂安伯
陳鐸,大聲,秋碧
陳鑄,心舟
陳鑅,仙舟
陳鑑,其言,甫衣
陳鑑之,剛父
陳鑑堂,典五,興五
陳鑑明,公明
陳鑒,以三,遠村
陳鑒之,剛字
陳鑛,廣安,雲門
陳鑣,升和,鐵庵
陳鑨,世嘉
陳鑭,汝耀,淸墩
陳鑽,廷祼,廷裸,建祼,建裸,莊靖,蓮花庵,陳瓉,雨亭
陳鑾,允和
陳長墉,勤齋
陳長孺,伯章,秋谷,稚君
陳長方,唯室先生,齊之
陳長明,鏡星
陳長春,畊堂
陳長源,子淵,第八十一,翁遠,興孫,遠翁
陳長生,秋穀
陳長祚,以介
陳開,明發
陳開元,夙達
陳開基,企韓,少文
陳開材,夙達
陳開運,元登
陳閎,傅父,傳父,潼老,第慶九
陳閬,少簡,良門,鼎鏞
陳閲,秀卿
陳闡,伯通,陳方
陳阜,夢應
陳陛謨,廷颺,渟洋,雷池
陳陞,二十八,文僖,晉甫,龍白
陳陳,士鍋
陳陶,嵩伯
陳陸虯,汝翼,訥庵
陳陽,健夫,徤父
陳陽復,子初
陳陽極,子建
陳陽盈,子謙
陳陽純,子正
陳陽至,子善
陳隆之,忠安
陳階,升也,吉藪
陳階平,陳安魁,雨峯,雨峰,鹿岑
陳際唐,堯齊,堯齋,補農
陳際新,舜五
陳際昌,午橋
陳際泰,大士
陳隨襄,季堂
陳雄,強用
陳雄思,鳳山
陳雅卿,桂枝,薌荇
陳雋,炳南
陳雍,靜嫻
陳雪蘭,德卿
陳雲,起溶
陳雲桂,君芳
陳雲棲,玉賢
陳雲章,仲文
陳雲衢,邦英
陳雲飛,之山,南浦
陳雲鳳,二十,儀之
陳雲鵠,曉峯
陳雲鵬,翼之
陳雲鶚,翔之
陳雷,研香
陳霆,聲伯
陳霆發,子康
陳震,孝起
陳震之,長大
陳震午,季聞
陳震曜,星舟,煥東
陳震炎,叔達,叔遠,天祐,神護,第八八
陳震生,怙思
陳霑,汝霖
陳霖,時雨
陳霞蔚,孝敦,孝敬,季敦,質齋
陳霸先,興國
陳霽,子宇,子雨,葦川
陳霽學,欽若
陳靖,道卿
陳靜德,樸卿
陳靜淵,鳳臺
陳非熊,思齊
陳鞏,伯固
陳鞾,子華,抑齋
陳韍,湘珩,象衡
陳韓遴,瞻平
陳韞,韜光
陳韡,子華,忠肅,抑齋
陳音,也罷,也罷先生,師召,師韶,愧齋,愧齋先生
陳韶,九儀,花南
陳順,敦素
陳順報,心田,翹登
陳順彬,筠石,雅卿
陳順鑲,七雲,孫敬,贊卿
陳頊,宣帝,宣皇帝,紹世,高宗
陳頌揚,仲聲,燕山,肖堂
陳頎,永之
陳預,立凡,笠帆
陳頤,克養
陳頤正,觀甫
陳顒,孚若
陳顔,聖錡
陳願,子願
陳顥,仲明,文忠
陳顧聯,南樓,又聲,棟波,楝坡,牖聲,藕田,顧聯
陳顯,希文
陳顯仁,藏用
陳顯伯,汝仁
陳顯元,忠烈
陳顯彝,秉初
陳顯忠,若夔,赤涵
陳顯曾,景忠
陳顯際,道隆
陳養禮,筠軒,野堂
陳餘慶,昭善
陳首龍,隱翁
陳香國,桂仙
陳馨,桂山,燿宗
陳駟門,又於,可容
陳駿,子安,秋帆
陳騏,夢祥,陳打鬼
陳騤,叔晉,叔進,文簡
陳騰鸞,士遠,浴江
陳驌,季良
陳驓驤,蓮莊
陳驤,玉湖,雲逵
陳驥,德夫
陳體芳,我蘭
陳高,可中
陳高子,宗良
陳魁,梅甫
陳魁梅,占春
陳鯉,騰龍
陳鱣,仲魚,河莊,簡莊
陳鳳,鳴治
陳鳳圖,樸亭
陳鳳山,梧淇
陳鳳岐,庭安
陳鳳岡,梧生
陳鳳梧,文鳴,靜齋
陳鳳樓,吟舫,瑞五
陳鳳池,厚之,小荀,華林
陳鳳章,翼清
陳鳳翔,竹香
陳鳳翰,延平,翔千
陳鳳舉,彩宸,翔亭
陳鳳藻,孟掞,翰丹
陳鳳起,翊丹
陳鳳鳴,竹坡
陳鳴夏,恭毅
陳鳴玉,漱泉,簡卿
陳鳴秋,貽訓,韻葊
陳鳴華,章閣,誠甫
陳鳴謙,伯牧,益超
陳鴻,大亮
陳鴻作,安臣,用皆
陳鴻勲,竹史
陳鴻基,龍崖
陳鴻墀,範川
陳鴻壽,子恭,曼生
陳鴻寶,學福齋
陳鴻昌,佑弼
陳鴻漸,廷儀
陳鴻烈,儀瞻
陳鴻熙,賡載
陳鴻猷,用忠
陳鴻綬,少秋,若紆
陳鴻翊,仲鸞,子謙
陳鴻翥,拙甫
陳鴻誥,曼壽
陳鵠,鳴霄
陳鵬,圖南
陳鵬年,北溟,恪勤,滄洲,蒿廬,道榮堂
陳鵬飛,圖南
陳鶚祥,德瑞
陳鶚薦,飛仲
陳鶴,聲聞
陳鶴年,仙儕,露坪,鳴遠
陳鶴書,束麓
陳鶴林,雲卿
陳鶴汀,淞鶴
陳鶴瑞,菱齋,葵齊
陳鶴齡,鳴九
陳鶺,世敬
陳麒昌,方湖
陳麗娵,苕仙
陳麟,子祥
陳麟書,月航
陳麟瑞,若蘭
陳麟詩,穎傳
陳黃中,介巖,和叔,東莊,東莊谷叟
陳黃永,叔嗣,陟齋
陳黃鍾,潤之
陳黌,芹溪
陳黌舉,序賓,退謙
陳黯,場老,希孺,昌晦
陳黻宸,介石
陳黼,斯士,陳黻
陳鼎,克完
陳鼎元,澴溪,節九
陳鼎才,某卿
陳鼎文,小坪
陳鼎治,匡山
陳鼎銓,仲衡
陳鼎雯,子巽
陳鼐,汝和
陳齊永,勿齋,大年
陳齊襄,述符
陳龍,元亮
陳龍安,雲亭
陳龍復,本叔,淸陂,第八三,著哥
陳龍正,幾亭,惕龍,文潔,發蛟,龍致
陳龍輔,寶臣
陳龍韜,紫函
陳龜年,壽卿
陳龜朋,錫公
陳龜齡,與智
陵倜,凌倜
陵松林,曉渠
陶一貫,孔啓
陶世鳳,端一
陶之典,五徽,澹庵,石溪
陶之岳,子方
陶仕宗,逢原
陶仲文,恭誠伯,榮康惠肅,載道,陶典真
陶余,秀菘
陶作楫,夢剡
陶佳塔齊布,忠武,托爾佳塔齊布,智亭,瓜爾佳塔齊布,託爾佳塔齊布
陶保祚,薊生
陶偉,德溫
陶儒襄,師廷
陶允宜,三十一,懋中,蘭亭
陶允淳,十四,懋初
陶元基,復初
陶元憲,幼度
陶元淳,子師,紫司,紫笥,陶元湻
陶元藻,篁村,鳧亭
陶兆麟,拱之,春溪
陶先畹,香九
陶其愫,孚中,栗亭,簡夫
陶其素,簡夫
陶凱,中立,耐久,耐久道人
陶卓如,少蘭
陶及申,式南
陶叔獻,元之
陶叔量,叔元,時貞,第九一
陶品玉,朗卿
陶唐賓,瑞岳
陶善,慶餘
陶國干,芥亭
陶垕仲,垕仲,陶鑄
陶埜仙,雲卿,雲山
陶堮,小峯
陶士偰,倫宰,嵇山
陶士僙,中少,毅齋,陶士璜
陶士達,仲和
陶士銘,西巖
陶士鋐,芥舟
陶士錦,素修
陶士霖,澤卿,玉佩,陶青芝,鹿厓,鹿崖
陶壽煌,泊鷗生,荔男,麗南
陶夢桂,平塘老人,德芳
陶夢良,築卿
陶大均,杏南
陶大夏,柳泉,次韶
陶大年,十二,長卿
陶大有,子謙
陶大甄,成之
陶大章,章之
陶大臨,三十二,念齋,文僖,文懿,虞臣
陶大順,二十四,文僖,景熈,景熙,雲谷
陶天忠,舜佐
陶奭齡,公望,君奭,石梁
陶婉儀,令則
陶孚尹,籃跛,誕仙,誕先
陶季,季深,括庵,昭萬,陶介,陶澂
陶安,主敬,姑孰郡公,文憲
陶安國(字),安國
陶安生,南沙女生,竹筠
陶宏樸,愚齋
陶宗傅,夢臣
陶宗儀,九成,南村
陶宗儒,漢生
陶宗暹,文昭,晉生
陶宗輝,棣生
陶定山,安生,翊勛
陶定理,元康
陶宣炡,東籬,松存
陶家騶,海珊,靜甫
陶寅,同叔,瑀叔,第福二
陶寅保,捷三
陶寶森,少伊,鶴亭
陶尚德,祖容
陶居仁,菊存
陶履卓,岸生
陶履坦,固生,智明
陶履平,水師
陶履誠,實卿
陶岳,舜咨
陶峒,師成
陶峴,水仙
陶崇,宗山,文肅
陶崇信,景旦
陶崇道,虎溪,路升
陶希賢,書城
陶師孟,又淑
陶師尹,晴峰
陶師汲,述夫
陶幼學,子行
陶廉,敬甫
陶延中,棟生,隨庵
陶廷佑,吉夫
陶廷傑,函三,奎峯,子俊,子駿,文節,蓮生
陶廷喜,良葊
陶廷墀,玉立,約齋
陶廷威,以重
陶廷桂,秀夫
陶廷梁,然亭
陶廷璉,玉山
陶廷璣,御千
陶式玉,尚白,霍童
陶弘景,山中宰相,華陽真人,華陽真逸,華陽隱居,貞白先生,通明
陶弼,商翁
陶彬,純夫
陶待虔,俊志
陶復,克幾
陶復亨,仁叔
陶復初,介軒,明本
陶德,胡子
陶德封,雲生
陶德生,文立
陶必銓,士升,萸江
陶志梅,知餘
陶忠,舜牧
陶忠孫,祖臣
陶思勤,淑慎
陶思曾,叔惠,嘯岳
陶性堅,月舫
陶恩培,問雲,文節,益之,益芝
陶恩淵,聖水
陶惟坦,仲平
陶惟坻,小沚
陶惟煇,陶惟輝
陶慶仍,安軒,華庚
陶慶增,吟筠
陶應舜,河濱
陶應龍,文化
陶懋敬,侶南
陶懌,習之
陶懷成,芳芸
陶懷誠,芳芸
陶成,存軒
陶成章,煥卿
陶承學,子述,恭惠,泗橋
陶振庭,蘭之,闌之
陶搢綬,笏卿,聯珊
陶敦和,叔載,魯直
陶敦詩,以言
陶文彬,仲玉,月山
陶文柔,永修
陶文潞,希彥,桂門
陶文疇,中衍
陶文蒸,升庵,獻琛,薌林
陶文鼎,卿田
陶方琦,子珍,子縝,巽繘齋,湘眉,湘糜,湘糜閣,湘輶,漢孳室,潠廬,玲青館,琳淸仙館,甄奧閣,紫珍,蘭當,蘭當館,陶孝邈
陶昀,石甫,碩甫
陶明宰,裕元
陶明禮,偉西,天產
陶明通,白夫
陶易,悔軒,經初
陶春元,梅林,調之
陶景麟,趾振
陶暘,敬齋
陶曾齡,曾唯
陶朗先,開音
陶望齡,周望,文簡,石簣
陶木,仁甫
陶杏秀,斐然
陶桄,光表
陶梁,寧求,鳧薌
陶植,陶埴
陶椿卿,均壽
陶樑,鳧薌
陶模,勤肅,子方,方之
陶欽夔,伯諧,克諧,鏡峯
陶欽臯,克允,十四
陶正中,未堂,殿延,田見
陶正倫,元佐
陶正垠,觀海,觀齋
陶正祥,庭學,瑞庵
陶正靖,晚聞,晚聞堂,柱中,稚中,稚衷,穉中,穉衷,穉裘,筠衷
陶永淳,質夫
陶汝鼐,仲調,密庵,密菴,忍頭陀,燮友
陶江,海三
陶汰,則原
陶汶,南濱,察甫,柳塘
陶沅,佩芳,蘭皋
陶治安,又之
陶洪憲,守園
陶浩,巨源
陶淇,周南,辛伯,錐庵
陶淑,夢琴
陶淳,樸存
陶淳格,熙卿
陶渊明,陶潜,元亮,陶元亮,五柳先生,靖节先生
陶湘,喜詠軒,涉園,百川書屋,蘭泉,託跋廛,陶開花
陶滋,時雨
陶潛,元亮,淵明,羲皇上人,陶令,靖節
陶澍,云汀,博山園,印心石屋,子雲,子霖,文毅,於霖,桃花漁叟,犮皿山園,賜書樓,髯樵
陶澓,復之
陶澧,秀掄
陶濬宣,文冲,東湖,稷山
陶然,芑孫,藜青
陶煒,賓玉
陶煜,明元,白雲漫士,逍奧山人
陶煦,時和
陶照,一菴子,時明
陶熺,熙文
陶熾,文簡,茂叔
陶燮和,臨川
陶牧,伯蓀,小柳,病鰥
陶玉珂,子佩
陶玥,湘川
陶珍,慰香
陶珽,不退,穉圭
陶珽琡,南園,韞川
陶琛,彥行
陶琯,梅石,梅若
陶琰,別峯,圭禾犀,稚圭
陶瑢,寶如
陶璽,廷用
陶瓬,季成
陶甄,竹田
陶登,雲階
陶登瀛,心川
陶直夫,次仍,次汲
陶磐,兩峰
陶祖齡,石鏡
陶禎,啟鳳
陶福同,偉仲
陶福履,稚箕
陶福恆,子久,履安,松君
陶福祝,稚箕
陶福祥,春海
陶禹,玄成
陶秀,子實
陶秉禮,及庵,在魯
陶穀,秀實
陶窳,楚江,甄夫
陶節夫,子禮
陶純圻,珊如
陶紹景,京山
陶紹曾,仲甫
陶纘,述之
陶翰,陶大
陶而昱,幼清
陶聯琇,秀充,雲石
陶聳,奕峩
陶自悅,心兌,艾圃
陶致和,畱園
陶與齡,德望
陶英,君佐
陶薰,仲南,南仲
陶蘭卿,畹香
陶訥,世仁
陶諧,世和,十一,南川,莊敏
陶諭,素岩
陶謙,恭祖
陶謨,大顯,見湖
陶譽本,芳圃,芳園
陶譽相,薌圃,覲堯
陶象炳,蔚堂
陶貞一,改之,退庵,駿文
陶貴鑑,靜涵
陶貴鑒,靜涵,香輪
陶造園,菊隱居士
陶運亨,吉雲
陶運龡,猷薌
陶邵學,子政,希源,頤巢
陶金諧,揮五,適齋
陶釴,寶香
陶鉉,菊村
陶鉞,小泉
陶鉽,寶香
陶銓,文衡
陶銞,士龢,夢樞
陶銳,敦敏,星垣,融齋
陶錫圭,桐圃
陶鎔,十城,去非
陶鏞,序東,西圃
陶鏡瑩,益謙
陶鑄,希聲
陶阜,層山
陶雲升,可階,晴初
陶震百,振宇
陶青芝,鹿崖
陶韻梅,春卿,陶問梅
陶額,翠娟
陶馥,蘭娟
陶駿保,璞青
陶驥,良伯
陶骼,月娟
陶魯,節庵,節菴,自強,自强,襄靖
陶鴻勳,策臣
陶鴻恩,湛材
陶鴻慶,小石,臞石
陶麟,仁夫
陶黼昌,青丞
陶鼎金,調甫
陸?,文端
陸H,陸子
陸㙨,次山,鐵園,鐵野山人
陸一桂,月生
陸一鵬,六息
陸世儀,剛齋,安道先生,文潛先生,曰桴亭,望櫓子,桴亭,桴亭先生,虛齋,道威,道成,遵道先生
陸世埰,卿田,秋畦
陸世廉,晚庵,生公,起頑
陸世楷,孝山,英一
陸世潮,海峯
陸世烈,承哉
陸世鑰,兆魚,汝美
陸中善,仲善
陸之幹,確齋
陸之蕃,桓侯
陸九州,益之
陸九思,子彊
陸九成,八十二,子韶
陸九敘,子儀
陸九淵,子靜,文安,象山,象山先生,象山翁
陸九臯,子昭,庸齋先生
陸九韶,子美,梭山居士
陸九齡,子壽,復齋先生,文達
陸于嘉,伯孚
陸亘,景山
陸仁,良貴
陸仁儉,乾迪
陸仁恬,澹吾,陸仁愷
陸仁愷,必壽,澹吾
陸仁芳,靜存
陸仁虎,蔚林
陸令和,靜偕
陸以勲,東池
陸以湉,冷廬,定圃,敬安
陸以烜,孟昭,小雅
陸以耕,載莊
陸以莊,小書巢,小詩巢,履康,平泉,文恭,涖康,莅康
陸以道,士弘
陸仰賢,桂亭,讓甫
陸仲亨,吉安侯
陸伯正,景端
陸伯焜,仲輝,璞堂,重暉,重輝
陸伸,安甫
陸佃,農師,陶山
陸佐,二十八,子翼
陸佐勛,飲和
陸佩珍,雙宜
陸佩蘭,明霞
陸侃,和之
陸侗,養正
陸保靖,獻夫
陸修潔,子廉,篠坡
陸修瀛,蓬士,閬仙
陸俸,天爵,桃谷
陸偁,君美,碧洲
陸偉,仲奇,質菴
陸健,三十九,文順
陸傑,元望,石涇
陸允鈵,原夫
陸允鎮,中夫,蘭村
陸元,叔因
陸元光,蒙老
陸元吉,安仲
陸元堦,竹坡
陸元德,撝謙
陸元感,達夫
陸元方,希仲
陸元明,德明
陸元泰,長卿
陸元烺,盟鷗山館,虹江,韞山
陸元皓,陸元浩
陸元綸,績銘
陸元規,正翁
陸元輔,翼王,菊隱
陸元鋐,冠南,彡石,秋玉
陸元鏸,寸園,寸圖
陸元長,規之
陸元鼎,內省樓,子鼐,少徐,少狳,春江,青藤吟館
陸兆濂,大川,太川
陸兆鯤,東瀛,東齋
陸光之,叔泰,定光,定哥,第七十七
陸光佩,山又
陸光宗,古山
陸光曾,裕公
陸光熙,亮臣,文節,潛齋,陸惠熙
陸光祖,泰初
陸光祚,與培
陸冒,尚德
陸冕,子端
陸冰,挹泉
陸凱,敬風
陸初望,文泉
陸勒穀,有堂
陸化淳,君復,湛源
陸升之,仲高,第七十四,高僧
陸南陽,伯明,聚岡
陸厚,文載
陸厚基,守拙,安山
陸參,公佐,陸傪
陸友,友仁,硯北生
陸友仁,輔之
陸受詒,繩曾
陸叡,景思,雲西
陸可教,四十三,敬承,葵日
陸史,左臣
陸合,開叔
陸同壽,介眉,敏貽
陸名時,景雍,淞園
陸向芝,小蘭
陸向英,儷筠
陸吟,柳南,靜川
陸和鈞,和伯,掌衡,鞠生
陸咸清,庚星
陸問禮,仲謀,衷虛
陸啓禎,兆聖
陸善格,信天,寶臣
陸嗣淵,沅薌,笠亭
陸嗣齡,令齒,子年
陸嘉晉,午莊
陸嘉淑,冰修,孝可,辛齋
陸嘉穎,大田
陸嘉鴻,華甫
陸國安,君衡
陸國賓,省齋
陸國鈺,我恆
陸國銘,瑾瑜
陸在元,藕房
陸在新,圭庵,文蔚,蔚文
陸圻,景宣,講山,麗京
陸均,御珍,禦珍
陸坤,子厚
陸坦,履長,庚除
陸垕,仁重,盤隱,義齋,莊簡
陸垣之,千里
陸垹,秀卿
陸埜,從先
陸培,鯤庭
陸堅,陸友悌
陸堯松,少廬
陸堯臣,唐卿
陸塤,孟和
陸墀,蓉莊,雲驤
陸增煒,彤士,貽美
陸增祥,八瓊室,星農,百甎硯齋,紅鱗魚室,若侯,莘星,莘農,魁仲
陸壑,景思,雲西
陸士仁,承湖,文近,澄湖
陸士朴,溥夫
陸士琰,德除
陸士鰲,巨卿
陸壽名,芝庭,處實
陸壽昌,鳧岡
陸壽朋,允三
陸壽臣,廉史,蓮詩
陸夔鼎,晴簾
陸夢熊,伯祥
陸夢珠,燕燕,綠珠
陸夢發,元（术灬）,大初,太初,第三一
陸夢祖,瑞庭
陸夢良,明叔
陸夢蛟,聖時
陸夢豹,文蔚
陸夢韓,與文
陸夢麟,文瑞
陸夢龍,十八,君啟,忠烈,景鄴
陸大亨,利貞
陸大受,凝遠
陸大成,見石,集甫
陸大猷,翠巖
陸奇,仲謨
陸奎,文曜
陸奎勛,聚侯
陸奎勳,坡星,聚侯,聚緱,褧緱
陸如岡,稚山
陸如崗,純江
陸如蓉,秋裳
陸子明,東卿
陸子程,景度
陸孝貞,湘春,緗春
陸學欽,子若,敦書
陸學錦,仲章,子尚
陸宇??,周明,贛庵
陸宇火鼎,周明,節介,贛庵,贛菴
陸宇燝,披雲,春明
陸守,仲約
陸完,全卿,水村
陸宏定,紫度,綸山,蓬叟
陸宗亮,孔昭
陸宗楷,健先,建先,鑒玆堂,陳宗楷,鳧川
陸宗濰,益堂,維水,蔚庭
陸宗輿,閏生
陸宗鄭,希樵,恬伯,莆生
陸定之,仲安
陸宛欞,端毓
陸宣,廷甸,節庵
陸宰,元鈞,千巖
陸宲,元珍
陸家培,厚山
陸宸鑰,若士
陸容,式齋,文量
陸寅,冠周
陸寘,元法
陸寶,中條先生,敬身,靑霞
陸寶忠,伯葵,定生,峰石,文慎,易門,陸爾誠
陸寶樹,枝珊
陸少默,饀珠
陸尚魁,鎮堂
陸居仁,宅之,雲松野褐
陸履吉,賽標
陸履謙,道卿
陸履貞,坦園,步衢,雲間
陸岫芬,芸仙
陸峻,子高,申伯
陸崇瀛,莊生
陸崎,潛甫,陸宣
陸崑,中玉
陸崧,四園
陸嵩,如嵩
陸州,汝行
陸左銘,朱左銘
陸巽,敬堂
陸希聲,君陽遁叟
陸師,中吉,麟度
陸師古,克永,夀子,第四,陳僧
陸師道,五湖,五湖道人,元洲,子傳
陸幽光,夢珠,孟珠,紅衲道人,蛾壑
陸府,聖修
陸庠,均亭
陸庭來,肖梅
陸康,季甯
陸廙,彥恭,彥敬
陸廣,德宏
陸廣秀,元恂
陸廣霖,用賓,補山
陸廷掄,懸圃
陸廷棻,近光
陸廷楨,幹甫,溉釜,福康
陸廷楷,寶傳,澹齋
陸廷璋,坂齋,琢齋
陸廷福,景庵
陸廷黻,嶼孫,己雲,漁笙,鎮亭山房
陸建,湄君,豫亭
陸建夔,芳侯
陸建瀛,仲白,立夫
陸式龍,剛中,管式龍
陸弘定,紫度,綸山
陸弼,君弼,無從
陸彥回,彦回
陸彥章,伯達
陸彬,文英
陸律,子和
陸從大,履貞
陸從平,履素,目齋
陸從龍,子雲,復齋
陸循應,子良
陸徵,時休
陸徵祥,子欣,子興
陸德元,益孫
陸德原,靜遠
陸德方,顯叔
陸德正,適道
陸德潤,仲德
陸德輿,載之
陸徽,季嘉
陸徽之,彥猷
陸心源,儀顧堂,剛父,十萬卷樓,千甓亭,存裔,存齋,守先閣,潛園,潛園老人,皕宋樓,穰梨館,邾鍾鼎室,閒閒草堂,鬲鼎樓
陸志孝,仁卿
陸志遇,訒齋
陸志默,毋躁,訥廣
陸怡,順之
陸怡祖,蕓所
陸性源,子壽,復齋
陸恂,周仲
陸恒,衛卿
陸恢,井南舊客,廉夫,狷叟
陸恩壽,宗航
陸恭,孟莊,謹庭
陸惇宗,蒲塘
陸惇彥,德充
陸惟忠,子厚
陸惠,璞卿,陸蕙
陸愈,抑之,貞菴
陸愷,元之
陸慧,苣香
陸慶臻,笏田,薺庵,集生
陸慶衍,鄂幾
陸憲元,道祖
陸憲曾,慎齋,鯤溟
陸應宿,小雲,昆圃
陸應川,汝濟,鍾符
陸應梅,寶枝,雪香
陸應榖,抱真書屋,樹嘉,稼堂
陸應祥,景雲
陸應穀,稼堂
陸應龍,時化
陸懋修,九芝,勉旃,窳翁
陸懋勛,勉儕,勉齋,潛廬
陸懋宗,雲孫
陸懋廷,野修
陸懋龍,啟原,珍所
陸成本,書山,書邨
陸成沅,芷泉
陸我嵩,芳玖,萊莊
陸扆,祥文,陸允迪,陸十九
陸承休,慶中
陸承宗,松之
陸承憲,子永
陸承瀚,海門
陸持之,伯微
陸振基,繩岡
陸振宗,辛崖
陸振芬,令遠,敬粹,祖彬
陸損之,東蘿
陸搢,士紳
陸據,德鄰
陸敏,若士
陸敏樹,湑山,蕙晦
陸敦倫,一帆,思對
陸敦庸,寸雲,理蕃
陸敬,凌敬
陸敷樹,映萼,賁庵
陸文,含章,少游
陸文圭,子方,牆東先生
陸文巒,陸聖姬
陸文祖,義華,羲華
陸文衡,中臺,嗇庵,坦持
陸新,漱圃
陸日愛,羲叔,雪亭
陸昆,華星,萬原,雪樵
陸昌祖,柳塘,駿聲
陸明桓,簡敬
陸易遷,宮中仙史
陸春圻,杏坡
陸春官,悔庵,春生
陸昶,孟昭
陸時化,潤之,聽松
陸時望,副之
陸時棟,右筠
陸時通,行之
陸時雍,幼淳
陸晉笙,叔岳,錦燧
陸晟曾,振甫
陸景,伯通
陸景玄,子善
陸景端,子正
陸景蘭,小霞
陸景龍,德陽,湖峯
陸暢,達夫
陸曇,文廣
陸曾沂,冠春,秋心
陸曾煒,彤士,陸增煒
陸曾煜,章之
陸曾熙,雍之,雝之
陸曾蕃,用蔗,蔗村
陸有仁,樂山,靜巖
陸朝瑛,石齋,范朝瑛
陸朝集,竹圃
陸期范,任卿,鶴田
陸杏芳,春華
陸杲,元晉
陸枚,建中,立甫
陸枝,培吾
陸柬,夢洲,道函
陸桂林,蟾香
陸桂芬,小隱
陸桂馨,無萼,馥園
陸森,茂林
陸棻,義山,雅坪
陸植,伯昂
陸楏,冰庵,棲谷老人,鐵硯生
陸楚玉,雲濤
陸楠,國林
陸楣,因亭,文思
陸楫,思豫
陸楷,森如
陸榮,叔華
陸榮廷,乾卿,幹卿
陸榮登,揆哉
陸模,子范
陸模孫,亦范,遠亭
陸樹德,林樹德,與成,阜南
陸樹聲,九山山人,大歇生,平泉,平良,文定,林樹聲,無諍居士,維吉,與吉,興吉,適園主人,長水漁隱
陸樹薰,子願,自南
陸樹蘭,敏滁,薌嶼,西廨
陸檄,羽行
陸正,唐輔,率齋,率齋居士,行正
陸正鈞,杏初
陸殿鵬,劍秋
陸毅,士迪
陸氏(周某妻),湘若
陸永懷,廣齊,廣齋
陸永淇,右波,石波
陸求可,咸一,密庵,密菴,月湄
陸汝寬,厚庵,浚宣
陸汝賢,印周,笏溪
陸汝陵,翔甫,酣岡
陸汝霖,潤田
陸汝黼,濟美,鳳墀
陸汴,梁彥
陸沅,冠湘,芷江
陸治,包山,包山子,叔平
陸泌,鄴仙
陸法言,孚龍,季龍
陸泰,惟安
陸泰增,巨瞻,淡安
陸泳,伯翔
陸洪,右川,石川
陸洪濤,仙槎,鏡波
陸洸,子光
陸洽,東軒
陸洽原,嗣開,話山
陸浚,陸俊
陸涭,仲虛
陸淞,子逸,雲溪
陸深,儼山,子淵,文恭,文裕
陸淵,子澄
陸淵之,克深,東皋
陸清源,陸清原
陸渭,陸宙肩
陸游,務觀,延僧,放翁,龜堂老人
陸湘,楚青
陸湘水,秋濤
陸溥,元博,平野
陸滋,元象
陸演?,來亭,裕垂
陸漻,其淸
陸潤,昌澤
陸潤庠,固叟,文端,雲灑,鳳石
陸澄,元靜,原靜,淸伯
陸澍,甫莊
陸濬,深甫
陸瀾生,陸潤生
陸灼,見三
陸炯,晦叔,雪篷漫郎
陸炳,藜軒,赤南
陸炳埏,子才
陸炳奎,璧亭
陸炳泰,南村
陸為棟,棠溪
陸為橒,仲清
陸烜,子章,巢子,梅谷
陸煃,辰齋,雲樵
陸煐,杏莊
陸煒,文蔚
陸煥之,伯政,伯章,山堂
陸煥如,靄春
陸熊,潢溪
陸熙,枝梅,荻庸
陸燕喜,洊祉
陸燝,悳輝
陸燦,湘靈
陸燮和,梅村
陸燾,子臨
陸燿,切問齋,朗夫,朗甫,青來
陸爾昭,惕身
陸爾熙,廣旉
陸獻猷,刿亭,劌亭
陸玉書,於田,菸田
陸王任,古齋
陸玠,仲玉
陸珊,碧柯
陸珍,璧珍,碧梧
陸珣,卯君,子劭,文石
陸珩,節行
陸珪,廉叔
陸琦,公璐,文璐
陸琮,寶之
陸琰,倫琬
陸瑗,耕芳,蘧菴
陸瑛,素窗
陸瑜,康僖,廷玉
陸瑞玉,覺庵
陸瑤林,介庵,以攻,石漁
陸璉,維馨
陸璣,元恪
陸璿,緯臺
陸瓚,四十三,邦器
陸登善,仲良
陸相,十九,良弼
陸相儒,大行
陸眷西,初月
陸瞻雲,蘅磯
陸矩,仲興,仲輿
陸祁,九滋,光滋
陸祐,亦顏,支離,支離先生
陸祖修,學武
陸祖穀,仲襄,文達,稼孫
陸禹臣,服休
陸秀夫,君實,忠烈,第六二
陸秉,端夫,陸東
陸秉樞,眉生,辰伯
陸秉笏,葵霑,長卿
陸秉鑒,邠言,都亭
陸秩,抑齋,賓之
陸穩,北川,汝成
陸立,庶育,竹民
陸竑,公度
陸符,文虎
陸筠,竹雲
陸節,享甫
陸簡,冶齋,廉伯,敬行,龍臯子
陸籛,惠尊
陸粲,楚云
陸素心,蘭垞
陸素生,少白,少白山人
陸紹,承業
陸紹修,翰香
陸紹忠,壽山
陸紹琦,儆岩,儆巖,敬岩,景韓
陸經,誠菴,載道
陸經正,融如
陸綬,叔華
陸維之,子才,永仲,石室,石室先生,陸凝之
陸維新,陸艾山
陸維澣,瀛舫,鴻猷
陸綰,伯厚,權叔,陸絳
陸綴芳,紉蘭
陸綸,理之
陸縉,靜香
陸繁弨,儇湖,拒石
陸繼善,甫里道人,繼之
陸繼煇,樾士,蔚庭,蔚廷
陸繼輅,二陸,又商,商對,季木,季末,崇百藥齋,崇百藥齋主人,祁孫,祁生,脩平居士,靃莊,龍蛇影外風雨聲中之軒
陸美中,汝文
陸義賓,鴻逸
陸羽,季疵,東崗子,桑薴翁,竟陵子,陸三,陸疾,鴻漸
陸羽嬉,小雲,酌泉
陸翔華,季冲
陸翥鴻,華南,華浦,華甫
陸翰緣,韻琴
陸翹,子楚
陸翺,楚臣
陸耀遹,二陸,劭人,劭文,紹聞,阿劭,雙白燕堂
陸聖姬,文巒
陸聚,河南侯
陸聞雷,振炎
陸肇熊,尚桓
陸肯堂,淡成,邃升
陸胤蕃,武園,陸祚蕃
陸自巖,友洙
陸自新,德輝
陸致遠,以寧,秀石,緘齋
陸舜,元升,吳州
陸芝祥,子瑞,晴湖
陸芳槐,果齋
陸芸,時遙
陸若松,長青,龕山女史
陸若濟,邦美
陸荷清,玉井
陸荷青,孟貞
陸莘行,纉任
陸菘,西圖
陸華封,春蘭
陸萬垓,仲鶴,十四,天溥
陸萬言,君策,咸齋
陸萬里,君羽
陸萬鍾,元量
陸萼輝,映樓
陸葆德,亦仙,以真
陸葇,次友,義山,陸世枋,雅坪
陸蒙,景周
陸蒨,芝仙,陸倩
陸蓉,鏡齋
陸蓮,佩宜
陸蔭奎,夢湖
陸蕙,璞卿
陸藏用,陸用
陸藕,芝仙
陸藹吉,和哉,和我,和茂
陸藻,惇禮,敦禮
陸蘊,敦信
陸虬,陳虬
陸蟾賓,昌齡
陸行直,季衡
陸衍,道源
陸衍華,西嚴,西巖,西歲
陸褀老,翼翁
陸複,明本
陸襄,師卿
陸襄鉞,吾山
陸西星,方壺外史,潛虛,長庚
陸見球,夔鳴,華封
陸觀,伯昻
陸觀潛,端門
陸觀蓮,少君,雨鬘道人,雨鬟道人
陸言,心蘭,有章
陸詮,楷山
陸詵,介夫
陸誦芬,心香
陸謙光,全吉
陸象先,文貞,陸景初
陸貞,佩瓊
陸費墀,丹叔,吳涇灌叟,枝蔭閣,石堅士,頤齋
陸費思溫,玉如
陸費湘于,季斎
陸費湘於,季齋
陸費瑔,春帆,春颿,玉泉,真息齋,陸恩洪,陸恩鴻
陸費逵,伯鴻,少滄
陸費錫,大勝
陸貽典,敕先,覿庵
陸貽吉,靜茀
陸賀,道鄉
陸賓,南池
陸賜書,宣隸,愚正
陸質,伯冲,元冲(伯冲),文通先生,陸淳
陸贄,内相,敬輿,陸九,陸宣公
陸起龍,少白,震卿
陸超昇,梓皋
陸軫,齊卿
陸載錫,玉基
陸輔清,易齋,紹淵
陸輿,亦右,史陸輿
陸逢瑞,調齋
陸進,藎思
陸遐昌,松崖
陸遠,德毅
陸邁祖,星龍
陸邦傑,位三,俊廷
陸邦詹,繹亭,華峰
陸釆,天池山人,子玄
陸金,德如
陸釗,二思
陸釴,六十一,少石子,擧之,舉之
陸鈞,古修,秉齋
陸鈳,容之,石樓
陸鉞,凝菴,吳釴,靜逸,鼎儀
陸銓,石溪,選之
陸鋡,岕嵓
陸錫熊,健男,傳經書屋,寶奎堂,浴鳧池館,淞南老人,篁村,耳仙,耳山,錫榮
陸錫疇,我田,茶塢
陸錫貞,若筠
陸鍈,復齋,腹齋
陸鍵,實府
陸鍾,山甫,根六
陸鍾呂,節菴
陸鍾岱,天池
陸鍾琦,少蓮,文烈,申甫
陸鍾輝,南圻,渟川,環溪
陸鎣,勝修,藝香
陸鎮默,厚躬
陸鏜,第七二,聲父
陸鏞,時鳴
陸鐄,薲鄉,鈞璈
陸鑑,六十三,子明
陸鑒,青印
陸鑰,子開,萩存
陸長倩,子付,才仲
陸長庚,元白
陸長愈,季謙,秀謙
陸長春,曏榮,瓣香,簫士
陸長源,泳之,陸十二
陸長潔,守之
陸開榮,桂舟
陸開誠,敬一,東溪
陸闇,伯陽,友菊
陸隨,宜聲
陸隴其,三魚,三魚堂,松陽,稼書,衛濱,陸龍其
陸雲樞,辰甫
陸雲錦,文襄,耕霞
陸雲龍,崢霄館,翠娛閣,雨侯
陸霆龍,伯靈
陸震,仲子,仲遠,榕村
陸震發,德甫
陸靜之,伯山
陸靜專,敬姬
陸韶之,虞仲
陸韻梅,琇卿
陸韻珊,浣香
陸飛,筱飲,起潛
陸騰,顯聖
陸鰲,伯載
陸鱖貞,靄雲
陸鳳儀,四十,舜卿,陽山
陸鳳池,元宵,元霄,秀林山人
陸鳳詔,錫三
陸鳴梧,西岡
陸鳴珂,天慕,天藻
陸鴻儀,棣威,立盦
陸鴻基,錦堂
陸鴻慶,賓生
陸鴻飛,雲門
陸鵬南,象翁
陸鸞,離翔
陸麒,元祥
陸黃鉞,宗望,載經
陸黻恩,紫峰
陸黼恩,亞章,息盦,紫峰
陸鼎,玉調,鐵簫
陸龍,在田,研農
陸龜蒙,天隨子,江湖散人,甫里先生,魯望
陽國楨,幹堂
陽城,亢宗
陽孝本,玉巖居士,行先
陽岊,存齋
陽恪,以齋
陽成章,楊成章
陽昕,元景
陽景春,伯震,龍潭居士
陽枋,字溪,宗驥,正父,陽昌朝
陽清,景廉
陽濟,利涉,楊濟
陽雄,元略
陽顗,悔庵,翰卿
陽顯嘉,謙亨
隆文,雲章
隆昇,隆生
隆觀易,中隆,無譽,臥侯
隋世昌,忠勇
隋人鵬,扶九,芸閣,蕓閣
隋大用,利賓
隋榮祖,從仁
隋臧珠,龍淵
隋藏珠,赤亭
隋贇,從禮
随府,子修
隗希璋,次如
隗華堂,春蔭
隗辨,仲通
隗邦衡,志伊
隨承業,思顯
隨福,曉珊,納之
隱地那失理,處元
雅安,處善
雅思哈,呀思哈
雅爾圖,雅爾度
雅爾江阿,雅爾疆阿
雅琥,正卿,雅古
雍之可,子敬
雍孝聞,端行,雍廣莫
雍巘,幼山
雍恩,子西,德光,第七二,謝師
雍有容,寳寳,德裕,第萬七,陳寳
雍汜,師周,第一,雍祀
雍沿,聖淵
雍泰,永泰
雍瀾,斯道,見川
雍陶,國鈞
雒于仁,依仲,少涇
雒昂,松亭
雒獻圖,錫文
雒遵,涇坡,道行
雙喜,隻喜
雙慶,有亭
雙興,芝山
雙頂,錫爵
雙鳳鳴,維禎
雲中官,軒以
雲志達,翊章
雲書,仲森,企韓
雲生,奇峰
雲祥,紀武
雲茂琦,以卓,澹人,貝山
雲謙,伯讓
雷,閏朝
雷一龍,伯復
雷上儒,十二,季常
雷仁恂,子仁
雷仕旃,元芳
雷仕檀,季芳,房村居士
雷以仁,育卿
雷以動,煉生,靖父
雷以時,用中
雷以誠,春霆
雷以諴,春亭,春霆,昭溢,省之,藿郊,雷鳴,鶴皋
雷俊章,甸臣,菊潭,葆真
雷倬,友章
雷健兒,芳柔
雷元善,汝仁,體吾
雷兆奎,巨五
雷光定,雷光甲
雷光業,鞠思
雷光第,曜庭,紹初
雷光霆,友光,龍光,龍光先生
雷其達,穎生,頴生
雷化鱗,元乾
雷升,大亨
雷協,彥一
雷叔聞,實先
雷啓東,震之
雷嘉祥,和卿
雷在夏,酉溪,鳴叔
雷坦任,建中,遜齋
雷坦健,乾齋,履中
雷堯,中道,雷衍
雷堯弼,聖俞
雷填,二十八,原中
雷士佺,全人
雷士俊,伯籲
雷士倬,雲漢
雷士禎,國柱,士煌
雷壽南,竹虛
雷夢麟,伯仁
雷大升,允上,南山,步青
雷大壯,欽履
雷大觀,秋湖
雷大鳴,西橋,震百
雷天柱,幼堂,石臣
雷天祿,福臣
雷子質,仲華
雷孔文,質卿
雷孚,保信
雷孝先,子思
雷孝友,季仲
雷學淇,亦囂囂齋,介庵,瞻叔,竹卿
雷學謙,來石
雷安定,靜夫
雷安芝,靜夫
雷宗,希曾
雷宜中,宜叔,雷宜仲
雷宣,明之
雷崶,荻窗,蘊峰
雷度,世則
雷延壽,曼卿
雷廷珍,竹泉,聘侯
雷廷試,恕齊,恕齋
雷復,伯靜
雷德潤,志澤,逢辰
雷德驤,善行
雷思霈,何思
雷思齊,空山,齊賢
雷恆,久也
雷應乾,首山
雷應志,立甫
雷應春,春伯
雷應龍,孟升,覺軒
雷掞,林望
雷文均,仲穆,理卿
雷文枚,蓉舫
雷昇,則順
雷昭性,澤皆,讋皆,鐵崖
雷昶,旭升,次山,次川
雷時震,普奉
雷有終,道成
雷杭,彥舟
雷東郊,保篪
雷栱,君實
雷楚村,蘭樵
雷機,子樞
雷正綰,偉堂
雷氏(雷匪石女),定真
雷汪度,蓮客,饒九
雷洪亮,竹坪
雷浚,深之,甘溪
雷添祥,永祥
雷清,潔己
雷渙然,鶴峯
雷湛,潛虛
雷澤,時霖
雷瀚,時廣
雷烈,泉若,漪亭,顯武
雷煥猷,子嘉
雷燦,景星
雷燧,景暘
雷琦,韓伯
雷瑊,君彥
雷瑞光,伯壽,午橋
雷瑨,君曜
雷畹,佩香,蕙樓
雷發馨,明德,閑齋
雷益,季正
雷碩,潮清
雷祖迪,惠航,簡庭
雷祝年,崧生
雷禎,彥禎
雷禧,致福
雷禮,古和,必進
雷秀涵,寶林
雷稽古,汝徵
雷簡夫,太簡
雷紹,承可
雷維翰,西園
雷縯祚,介公
雷繩武,公報,公振
雷膺,彥正,文穆,苦齋
雷蔚瑞,玉山,輯五
雷行之,壽哥,彭老,第初一,舜舉
雷裕,順理
雷補同,譜桐
雷覺民,將道
雷詢,明遠
雷誠,誠智,雷鑑
雷諷,匡時
雷賀,少郭,時雍
雷起劔,雷起劍
雷起籠,劍秋
雷起龍,伯石
雷躍龍,伯麟,石庵
雷輪,紹堂
雷述,德紹
雷逵,時漸
雷達,時漸
雷金科,三十一,公憲
雷鋐,經笥堂,翠庭,貫一
雷鍾德,仲宣,禹門
雷鐏,宗彞
雷阿淳,妙柔
雷際泰,竹溪
雷雨潤,子久
雷雯,煥章
雷震,亨夫
雷震春,朝彥
雷震通,伯達
雷霖,弘濟
雷靖,明夫
雷順倩,靜柔
雷顒,敬之
雷飛鵬,篠秋,艾叟
雷驤,雲衢
雷鯉,半窗山人,惟化
雷鳳至,儀庭
雷鳳鼎,菊農
雷鳴,春霆
雷鳴春,肇元
雷鳴臯,雷敏臯
雷鴻,春霆
雷鶴嗚,仕亭
雷龍濟,師古,耕祿
震鈞,在庭,涉江
霍之琯,蒼碧
霍位喬,耐齊
霍來宗,瑞堂,輯五
霍備,揖軒,易書
霍元,仲達
霍冀,堯封,思齋
霍勤烈,徽堂,筱堂,筱棠
霍勤燡,竹汀,筱梅
霍子衡,覺商
霍學源,澄波
霍宗光,熾昌,紹庭
霍寬,公裕
霍巩+言,貞明
霍希夔,虞卿
霍從教,汝似
霍志真,寂然子,明道
霍恩,天錫,忠烈,愍節
霍恭,弘肅
霍振國,少良
霍方,定方
霍時雨,季安
霍暐,明甫
霍某,法思
霍榮,文華
霍樹清,松軒
霍洞,太淸,筠寮
霍為棻,苑史,蓮亭
霍焜,屺望
霍瑄,廷璧
霍端友,仁仲
霍箎,和卿
霍篪,和卿
霍維瓚,尊彞,臞仙
霍維藎,愛夫
霍翔,宣甫
霍肅,淸甫
霍與瑕,勉衷,子璧
霍萬,萬敵
霍薰,虞南
霍虎,和卿
霍處訥,敏行
霍裕銓,品泉
霍貴,廷重
霍超,叔謙
霍趾麟,峯鹿
霍适,南仲
霍達,非聞,魯齋
霍鎮東,彥蕃
霍鑑,文昭
霍雙,貞秋
霍韜,兀厓,凡崖,文敏,渭先,渭厓,渭崖,渭崖先生,渭涯
霍鵬,雲程
霸突魯,武靖
靈保,佑之
靈傑,宗室靈傑
靈桂,薌生
靑文勝,質夫
青,陟霞
青文勝,惠烈,質夫,青文盛,青紋盛
青陽夢炎,梓卿
青陽簡,希古
青陽翼,君輔
青麘,墨卿
靖厚鍼,竹泉
靖寔,茂實
靖徹,士明
靖木詡,芳萍
靖本託,吾盧
靖本詫,吾園
靖本誼,國儀,木齋
靖道謨,果園,誠合
革孚言,就三
革從時,用中
靳之亭,嵐文
靳之隆,北崖,豐齋
靳光泗,逸珊
靳克忠,唐臣
靳勗,大廉
靳和,達道
靳士達,作孚
靳如匯,竹亭
靳孟亨,嘉夫
靳學曾,子魯
靳學汶,遜泉
靳學禮,儀珊,立庭
靳學顏,兩城,子愚
靳宣,積齋,績齋,續齋
靳家麟,春圃
靳廷鈺,謙谷
靳弼,太垣
靳德進,仲和,文穆
靳志,仲雲
靳恩溥,蔗洲
靳應升,璧星,茶坡
靳懷德,靳湘
靳敏,時遜
靳文用,顯道
靳文謨,淇園
靳文遠,月川,遐光
靳文銳,敏斯
靳昺,克昌
靳更生,春伯
靳東發,茂發
靳柱,天石
靳榮,時昌
靳榮藩,价人,淥溪,綠溪,菉溪,鎮園
靳樹椿,大千
靳汝弼,舜卿
靳漢文,國石
靳濯華,仲隨
靳玉成,子珍
靳用,佑之
靳登瀛,盛塘
靳盈之,仲謙
靳睿,希顏
靳祥,安靖
靳章紳,笠山
靳端凝,石溪
靳繼善,復庵,復莭,復菴
靳義,原禮
靳聖居,淑孔,烈愍,鄞居聖,靳居聖
靳芝亭,嵐友
靳詠,少張
靳謙,益庭
靳讓,伯遜,益庵,益菴
靳貴,充道,戒菴,文僖
靳輔,文襄,紫垣
靳邵謙,受之
靳金鼎,筠齋
靳闇然,恆左
靳青,野處
靳驂之,德興
鞏乃馬歹,仲謙
鞏俊,仲申
鞏元衡,平仲
鞏內範,守規
鞏存禮,履齋
鞏峴,叔子
鞏嶸,仲同,仲問
鞏庭芝,山堂先生,德秀
鞏廷芝,德秀
鞏建豐,子文
鞏懿修,恭甫,惺齋,蘭汀
鞏敬緒,理齋
鞏永固,洪圖,貞愍
鞏維城,宗子
鞏豐,仲至,栗齋
鞠仲謀,有開
鞠伯陶,淡如,澹如
鞠光,映斗
鞠宸咨,公度
鞠巖,鞠花巖,驤父
鞠常,可久
鞠志元,希仁
鞠愷,廷合,廷和,梧浦
鞠慶蓀,寧秋
鞠懙,春園
鞠拯,道濟
鞠捷昌,子聯,少儼
鞠涵,喚醒,養源
鞠珣,觀玉
鞠真卿,顏叔
鞠祥,茂慶
鞠純德,見南
鞠詠,深寧子,詠之
鞠靜文,淨香
鞠養粹,玉田
韋不伐,次德
韋丹,文明
韋以誠,立夫
韋佩弦,玉岑
韋佩金,書成,酉山
韋俊,英彥
韋儆,德防
韋光黻,君繡,洞虛子,漣懷
韋克濟,孝丑
韋冰,祥風
韋勉,進業
韋協中,懋齊
韋厚,原載
韋叔裕,孝寛
韋叡,懷文
韋叢,茂之
韋可卿,歸郎峰
韋君載,元厚,厚元
韋商臣,南苕,希尹
韋嗣立,延構,韋二
韋坦,恬齋,竹坪
韋塤,導和
韋士逸,士逸
韋夏卿,雲客
韋奇,學易,若溪
韋孝忠,寡悔
韋孟明,孟明
韋安石,文貞
韋定言,寮尤
韋尚賢,思省,思肖,鷺沙
韋崧傑,少峴,維岳
韋嵩,宗嶽
韋希捐,又損
韋希損,又損
韋希舟,言滿
韋師哲,景章
韋幾,惠子,敬輿
韋廣,致遠
韋延秩,殿禾,淸揆,西坪
韋建,士經,正封,韋九
韋弘機,韋機
韋弘表,光遠
韋弼,國楨
韋必復,安和
韋愔,志廣
韋慎名,藏器
韋慶復,茂孫
韋慶本,泰初
韋憲英,道韞
韋應物,義博
韋成賢,問鄉亭,念莪,集生
韋承慶,延休,韋大
韋承素,受釆
韋承貽,貽之
韋挺,夢楚
韋操,元節
韋文度,詞彬
韋斌,彥質,行素
韋方,無隅
韋旻,白雲先生
韋昇,景賜
韋星鳳,文甫
韋昱,照容
韋晃,重光
韋本立,全道
韋楚老,壽朋,常楚老
韋楫,濟川
韋業祥,伯謙,北軒
韋檀特,毗耶梨
韋正貫,公理
韋氏,廣惠
韋氏(趙構母),顯仁
韋氏(韋仁慎女),淨光嚴
韋氏(韋元方女),淸虛
韋氏(韋塤女),都師
韋氏(韋安時女),圓淨
韋氏(韋袞女),契義
韋氏（中宗韋后）,韋庶人
韋氏（德宗韋妃）,韋賢妃
韋氏（穆宗宣懿皇后）,宣懿皇后
韋氏（肅宗韋妃）,韋妃
韋氏（裴倩妻）,邠國太夫人
韋氏（韋元珪女）,恵宣太子妃
韋泰真,知道
韋洄,上流
韋洸,世穆
韋淨覺,淨覺
韋渠牟,北山子,塵外,遺名子,韋二十四
韋渢,士溫
韋温,弘育
韋澳,子斐
韋焞,曉園,東府
韋煒,元峰,懋中,文榮
韋熙,德昭
韋珪,德圭
韋瑱,元璡
韋瓘,茂弘
韋瓘輿,仲堪,韋權輿
韋瓚,乂符
韋登瀛,仙洲,仙湘
韋皐,城武,忠武,韋南康
韋福,玄福
韋端,正禮
韋純,貫之
韋絢,文明
韋綬,子章
韋維,文紀
韋署,公致
韋羽,秀鸞
韋翼商,殷翰
韋胐,題遵
韋膺,韋庸
韋莊,文靖,秦婦吟秀才,端己
韋藉,幼真
韋處厚,德載,韋一,韋大,韋惇,韋淳
韋虛受,虛受
韋蟾,隠珪
韋行全,靈寶
韋行懿,景邈
韋行立,中明
韋表微,子明
韋襄,逾中
韋訊,韋訢
韋許,深道,湖陰居士,獨樂,邦任
韋詢,温巳
韋諒,長壽
韋謙恆,傳經堂,慎占,慎旃,木翁,玉山心室,瓦卮山館,約軒,藥仙,藥齋
韋識,不惑
韋豐華,劍城,耐園
韋豫,仲寧
韋豸娘,甘露延,豸娘
韋貴,崇勳
韋輍,德輿
韋辰,共之
韋通理,黃中
韋逢甲,毓春,端夫
韋運標,又盧
韋金,千金
韋鈞,季和
韋鍊,柔明
韋長卿,長卿
韋陟,殷卿
韋頊,勵己
韋餘慶,伯休
韋驤,子駿,韋讓
韋骧,子駿
韋鵬,圖南
韋,冲規,智囊
韓㴻,時仲
韓一光,季孚
韓一右,汝弼
韓一松,子貞,耐青
韓三泰,雲溪
韓丕,太簡
韓世忠,忠武,清凉居士,良臣
韓世琦,心康
韓世能,存良,敬堂
韓世良,相五
韓世襄,耻菴
韓丙,壽先
韓丙培,篤夫
韓中,子中
韓亞熊,介侯,少溪
韓仁,義和
韓仁師,子敬
韓仁楷,昭本
韓介,于石
韓令德,光容
韓以誠,千之
韓仲荊,二州,鐵懷
韓休,文忠,良士
韓伯修,子長
韓伯倫,子厚,毅菴,襄惠
韓伯熊,命九,榴園
韓位,參夫
韓作賓,儒臣,鼎臣
韓作霖,震軒
韓佩,照玉
韓佳什普欽湍多布,什普欽湍多布
韓佽,相之
韓侂胄,節夫
韓俊,林窩居士
韓俊冑,籲夫
韓保正,永吉
韓信同,中村,伯循,古遺先生
韓修,永叔,石峯
韓偉,英仲
韓偓,玉山樵人,致光,致曉
韓傑,弘感
韓儀,羽光
韓億,宗魏,忠憲,忠獻
韓允升,猷齋
韓允嘉,媧石
韓允忠,韓君雄
韓元傑,漢臣
韓元吉,南澗,旡咎
韓元善,大雅
韓元孔,爵廷
韓元象,中父,季陽
韓元龍,子雲
韓充美,在中
韓兆芳,煉菴,練菴,鎮菴
韓兆霖,應南,步春
韓兆鸞,雯青
韓光曙,明伯
韓光鼎,俊伯
韓克均,德凝,德嶷,思益山房,芸昉,芸舫,蕓舫
韓克忠,守信
韓克昌,裕伯,鷔州
韓公彥,師道
韓公義,宜之,平簡
韓公裔,子扆,恭榮
韓公麟,國瑞,雪谷
韓兼,彥和
韓冠卿,貫道
韓冲,麗宇
韓則愈,叔夜,秋岩
韓勝祿,守崖,守廉,有堂
韓勳,建侯,果壯
韓匡嗣,韓昌世
韓卓,元直
韓印,介孫
韓原善,鵬南
韓原濬,發之,發西
韓友直,伯淸
韓叔陽,健甫
韓取善,克從
韓受卿,寶臣
韓古真,月香
韓同卿,恭靖
韓君恩,元寵
韓咸,無我,青琳堂
韓哲忠,夢溪
韓哲華,曉村
韓嘉彥,端節
韓嘉業,健庵
韓囗,漢臣
韓因,可宗
韓國信,弘瑜
韓國寶,君玉
韓國棟,義山
韓國楨,柱甫,洙泉
韓國璽,鬯蘭
韓國華,光弼
韓國鈞,止叟,紫石
韓坤,上原,子厚
韓垽,仲澄,漫隱
韓培,天植
韓培乾,健生,健菴
韓培森,樾樵
韓培源,問山,開山,開生,閒生
韓堡,障父
韓境,仲容
韓士修,琢菴
韓士奇,秀夫
韓士望,有聲
韓士琦,景璲,滹源
韓士英,廷延,石溪
韓夢周,公復,理堂,見復
韓夢琦,錦堂,鑑堂
韓夢臣,希說
韓夢説,惟肖
韓夢錦,絅章
韓夢齡,錫九
韓大信,也約,亦約,鶴莊
韓大寧,仁和,孝先,季髙,第五十七
韓大章,本中
韓大能,敬南
韓大鏞,序東,次笙,遂農
韓天驥,逢伯,雲皋
韓天麟,伯昌
韓夷,伯翼,公達,詒孫
韓奕,大之
韓奭,公茂
韓好禮,彥敬
韓如海,晦軒,浩浩
韓如玉,子剛,蒼愚
韓如璋,德用,萊山,萊山先生
韓如秀,起巖
韓威,德隅,漁洲
韓孔當,仁父
韓孝仲,景張,石灘
韓孝基,祖昭
韓孝恭,行先
韓孝純,勉叔,月灘
韓季壬,子獻
韓學信,復之,淳寰
韓守益,仲修,樗壽
韓守英,德華
韓宗厚,敦夫
韓宗師,傳道
韓宗彥,欽聖
韓宗恕,求仁
韓宗愈,師古,復齋,文節
韓宗穗,秀之
韓宗道,持正
韓定,世安,靜菴
韓定仁,礫村,靜立
韓定國,靖叔
韓宛,湘煙
韓宜可,五雲,伯時
韓宣,裕齋
韓宰,子衡
韓容,可受
韓寂,無鏵
韓寶球,少鶴,貢先
韓寶鈿,德香,淑畹
韓寶鍔,久山
韓寶鴻,少文
韓尚敬,信齋,叔敬,敬仲,文簡
韓尚質,仲質,文烈,竹所
韓居仁,從義
韓屏,良翰,良輔
韓履龍,芸園
韓岊,知剛
韓岳,鎮伯,魯淙
韓崇,元芝,履卿
韓崇業,繼源
韓崇樸,佚園,韓山
韓崇訓,知禮
韓崧,峻維,聽秋
韓崶,小寒碧齋,旭亭,桂舲,禹三,種梅老人,還讀書齋,還讀齋
韓嶠,士昻,東潭
韓川,元伯
韓巫雲,幻雲
韓庚寅,成山
韓度,百洪,蕺山先生
韓庭,鳳集
韓庭巳,燕翼
韓庭芑,燕翼
韓康,文惠
韓廉,十四,守淸
韓廣,道洪
韓廣業,子有,桃平
韓延徽,韓藏明
韓廷對,現五
韓廷振,松亭
韓廷秀,介堂,紹真
韓建,季温
韓張,靜庵
韓弼,藎臣
韓弼元,叔起,艮叟
韓彥,俊升
韓彥古,子師
韓彥曾,瀝芳
韓彥直,子溫,旃郎,檀僧,第一,莊敏
韓彥質,敏達
韓從周,懷西
韓從愿,茂卿
韓從益,文肅,雲卿
韓復,重構
韓復之,道亭
韓循仁,進之
韓德,文感
韓德冲,韓德崇
韓德文,聖哉
韓德昌,韓克柔
韓德玉,浣雲,選綠齋主人
韓德讓,耶律隆運
韓德遠,毅伯,江岩
韓德銘,虔谷
韓德顒,耶律道寧,耶律隆祐,韓德凝
韓必遠,道川,遠而
韓必顯,用晦
韓志,英氣
韓志正,元方,燕石,石隱
韓志道,汝立
韓忠,恕卿,文貞,松齋
韓忠彥,師樸
韓忼,義行
韓怘,子淳
韓思,思盛
韓思彥,英遠
韓思復,紹出
韓思恭,德用,用軒
韓性,可善,明善,莊節
韓恆,正則
韓恩慶,錫元
韓恩承,紫楓
韓恩處,錫元
韓恬,安之
韓恭,克讓
韓悅曾,以安,寒松稚子,翼雲
韓惟論,仲言
韓愈,退之,韓十八,韓吏部,韓文公,韓昌黎
韓愨,長孺
韓愷,和仲
韓慈,胡子
韓慶午,伯南
韓應元,雲卿
韓應寅,忠靖,春卿,柳村,百拙齋
韓應嵩,中甫,太室山人
韓應庚,希白
韓應聖,景期,龜窩
韓應陛,對虞,綠卿,鳴唐
韓應龍,五十,汝化
韓懋林,竹田
韓懷,善才
韓懿章,瑞甫,聰甫,聽甫
韓成,高陽忠壯侯
韓成章,景達
韓戭,凱叔
韓承,行慈
韓承宣,啟宇
韓承源,露泉
韓拙,全翁,純全
韓振强,養和
韓掄衡,湘帆
韓擇,從善
韓擢,叔捷,雲陸
韓政,賓王
韓效元,元之,梧溪,章成
韓敏道,仲逵
韓敬,止修,求仲,簡與
韓文,原質,彬菴
韓文善,風子
韓文璵,與玉
韓文綺,三橋,山橋,恭壽堂,玉雨堂,蔚林
韓文舉,孔庵,樹園
韓文鈞,子衡
韓文銓,韓文鉉
韓斌,廷臣,翠峰,雲峯
韓方,中直,鶴仙
韓日起,碧滄
韓昂,孔儀
韓昌,吉父
韓昌期,贊明
韓昌穀,韓昌國
韓明,惟遠
韓明勖,勗哉,栗軒
韓明溍,襄悼
韓明澮,四友堂,子濬,忠成,狎鷗亭
韓春,時元
韓春立,汝景
韓昭,德華
韓昭裔,韓昭胤
韓是升,旭亭,東生,樂餘
韓昱,太行山人
韓昶,存之,文公,曰符
韓晉卿,伯修
韓普,文博
韓景琛,仲獻
韓景璋,伯崑
韓景融,晦之
韓景韶,鐵障
韓景鱗,仲振
韓智,愚夫
韓智源,士達,靑蓮
韓智玥,潔存
韓暉,明遠
韓曠,攝生
韓書,河圖
韓朂,德懋,槐軒
韓望,儼然
韓朝宗,韓宗
韓朝江,順甫
韓朝衡,開雲
韓本晉,望川,柳邨,桐翳
韓杜,紹甫
韓杲,汝素
韓林兒,小明王,李林兒
韓某,智門
韓某（韓通子）,七哥
韓桐,景華
韓桷,廷碩
韓椿,樹年,海濤
韓楓,湛江
韓楫,伯通,元川
韓楯,士閑,毅壯
韓極,中民
韓楷,以正,夏浦
韓榮光,珠船,祥河
韓樞,應之
韓模,子修
韓樹猷,維楨,裕亭
韓權,公衡
韓欽,敬伯
韓正彥,師德,思德
韓正翔,晚峯,曉峯
韓殷,阜民
韓殿元,捷三
韓殿榮,輔廷,輔拜
韓殿珍,席卿
韓殿甲,賡颺
韓氏(神懿王后),神懿王后,節妃
韓氏(趙擴皇后),恭淑
韓氏(韓志清女),超寂
韓氏(韓秀榮女),曇簡,韓氏
韓永,貞甫
韓永禧,希仲,遯齋
韓汝楫,濟川
韓汝溭,仲安,十洲
韓汝為,少常
韓沛,誌東
韓治,君理
韓泗,杏溪
韓泰,紹周
韓泰東,是窩,魯瞻
韓泰華,小亭,無事為福齋,玉雨堂,金石錄十卷人家
韓泳,恕齋,文潛
韓洄,幼來(幼深)
韓洽,君望,羊山畸人
韓浚謙,文翼,柳川,益之
韓海,偉五,東皋,東皋草堂,橋村,橋邨,緯五
韓涪,海門
韓淑珍,宛玉
韓淦,新水
韓淲,仲止,澗泉,韓滮
韓渙,叔亨
韓渥,思肅
韓湘,北渚,淸夫,韓湘子
韓湯衡,聘之
韓源,逢之
韓準,二鶴
韓溥,近世肉譜
韓溥城,錫伯
韓滉,太冲,忠肅,韓晉公
韓漸,正翁
韓潤,澤生
韓潭,仲孚
韓潮,秋帆
韓澍,巨川
韓澤,孔仁
韓濟,克濟
韓濤,錦瀾,鎬澗
韓濩,景洪,淸沙,石峯
韓濬,筠農
韓灝,源源
韓炳,子山,岳郎,第初二,道山
韓炳仁,耐菴
韓為霖,雨亭
韓煇,虛舟
韓煦,友林,子和
韓熙載,叔言,文靖
韓燕,翼庭
韓燝,鄒燝
韓燮,仲和
韓燾,宗仁
韓爌,象雲
韓玄,君素
韓玉,玉汝
韓玉父,韓玉真
韓珙,筠亭
韓珪,恭武
韓珫,叔寶
韓球,伯玉
韓理,長公
韓琚,子溫
韓琦,璧如
韓琬,伯玉
韓琮,代封,成封
韓瑄,仲瑜
韓瑛,熙彥
韓瑜,玉採
韓瑞東,紫珊
韓瑨,公表,君表
韓璋,奉侯
韓璜,瑞華,瘦山
韓璧,元璧
韓璩,子徽
韓璵,廷玉
韓璹,君玉
韓瓘,德全
韓用章,俊民
韓甲,聖可
韓畕,石耕,經正
韓當,仁父,韓孔當
韓疁,子耕,蕭聞
韓登科,帝詔,雲岩
韓百謙,久菴,鳴吉
韓皙華,曉村
韓監吾,鏡軒
韓盤,沐菴
韓直彥,師黯
韓相,廷臣
韓省銘,芸四,芸西
韓瞻斗,星范,箇園
韓碩興,處定
韓確,子柔,簡易齋,襄節
韓祐,天錫
韓祖翼,故臣
韓祜,天錫
韓神,文英
韓祥,履善
韓祺,汝徵
韓禎,惟祥
韓福,德夫
韓禹臣,夏卿,靜安堂
韓禾,叔穎
韓秀實,孟堅
韓程愈,幼平,智度,柏潭
韓稱順,敬義
韓稷,致靜
韓章,可貞,桐庵
韓端卿,伯正
韓竹,飛雲
韓策,對廷,獻之
韓筠,仲禮
韓粹彥,師美,文康
韓約,博文
韓約素,鈿閣
韓純彥,師質
韓純玉,子蘧,蘧廬
韓紘,君冕
韓素,義貞
韓紹,光祖,懷愚
韓紹宗,蓮峰,裕俊,裕後
韓紹惇,樸臣
韓紹曄,子華
韓紹芳,紫蘭
韓紹雲,日初
韓統,儀家
韓絳,子華,獻肅
韓絳玉,月亭
韓經畬,乃榖,文田,稻村
韓綜,仲文
韓綬,子飾
韓綬昌,漱泉,紫卿,鶴庭
韓維,持國
韓維墉,勤齋
韓綸,緡之,雪莊
韓縉,隴西韓夫子
韓縝,有嚴,玉汝,莊敏
韓繹,仲連
韓繼禧,子順,文靖
韓繼純,粹翁,襄平
韓繼美,公甫,文襄
韓纘男,景緖
韓義,義甫
韓羹卿,二橋
韓翃,君平,韓翊
韓翼甫,恂齋
韓耀光,仲弢
韓聖佑,汝尹
韓聖輔,汝碩,理隱亭
韓肖胄,似夫,元穆
韓脩,孟雲,文敬,柳巷
韓致亨,質景,通之
韓致仁,恭安
韓致禮,子節,莊簡
韓致義,章悼,誼之
韓興一,振甫,柳示,靖溫
韓舜繼,仁淑
韓良卿,勤毅,省月
韓良輔,翼公
韓若愚,希賢,貞肅
韓范,孟小
韓荊,廷芳
韓菁,小英
韓菼,元少,寒碧齋,慕廬,文懿,有懷堂,槧迷,歸愚,瀛洲亭,病坊,直廬,葭人,蹢蠋,陳咸,陳成
韓萃善,克一
韓萬清,方侯
韓萬言,企蘇
韓萬鍾,令立
韓葆忠,蘊園
韓葆謙,平山
韓蔭棻,寬蓀,鎮蓀,鏡孫,鏡蓀
韓蔭華,耦白,菉生,鹿笙
韓蕃,蔚原
韓蘊,錦中
韓蘭英,韓公
韓衍,蓍伯
韓衍楷,龍門
韓衍浦,南庵
韓補,復善
韓襄,克賛
韓襲祥,中行
韓觀,彥賓
韓觀國,用賓
韓訓,學古,郡事
韓詠,永言
韓詢,子虛
韓詩,聖秋
韓諤,五雲生,致用
韓諫,自行
韓謙,希益
韓謹,去華
韓識,荆州
韓護,國翰
韓豫,如石
韓貞,乾貞
韓貴,道充
韓貽豐,燕公
韓賜麟,玉符
韓贄,獻臣
韓超,南溪,寓仲,果靖
韓跂,至之
韓載陽,揚生
韓輔忠,弼臣
韓迪均,惺余
韓述,子善,陶谷
韓退,安逸處士,知止
韓通,仲達
韓逢,文遠
韓逢吉,旋元
韓道昌,蔚霞
韓遠舉,陟明
韓遷,道約
韓邈,子及
韓邏,長安
韓邦俊,少敏
韓邦問,大經,宜菴,莊僖
韓邦域,仕廣
韓邦奇,恭簡,汝節,苑洛,苑洛先生
韓邦彥,汝哲
韓邦慶,太仙,子雲
韓邦憲,子成,湖南
韓邦靖,五泉,五泉子,汝度,汝慶
韓郁,子文
韓郎,德信
韓配夏,夏卿,芝谷
韓重,拙齋,淳夫
韓金,翠峯
韓鈐,玉圃
韓鉉,佩芳
韓銑,曰章
韓鋐,佩芳
韓錦城,華亭,雅齋
韓錦濤,伯川,伯申
韓錦雲,曉昕,紫東
韓錫胙,介圭,湘岩
韓錫鏞,雪樵
韓鎧,德威
韓鎬,民瞻
韓鎮周,定九,藩卿
韓鏞,文亮
韓鑅,東垿,東序,蘭亭
韓開景,聖泉
韓陽,伯陽
韓雄胤,念予
韓雋,小韓
韓雍,永熙,襄毅
韓雲卿,子房
韓霖,寓庵,州乘樓,湯姆士,雨公
韓頎,蟹川
韓駒,子蒼,牟陽,陵陽先生
韓騏,其武,補瓢
韓騰,龍超
韓魏,晉勳,見雲
韓鳳修,仙甫,補亭
韓鳳儀,隱雯
韓鳳翔,儀廷,東園
韓鸞,應和
韓鸞儀,隱霄
韓黃,友石,坤廬
韓黯,少汲
韓鼎,國器
韓鼎晉,峙霍,樹屏
韓鼎盛,公燮
韓鼐,國器
韓龔祥,次山
韓𢘅,飛霞道人
韞德,峻生,玉臣
韩愈,韩退之,退之,昌黎,韩昌黎,韩文公,昌黎先生
音德訥,伯起,詩甫
項一溶,鑑亭
項一經,韋菴
項世霖,雨亭
項九皋,世珍,真一
項亨明,崇哲
項倬,所洪
項傳霖,叔雨,幾山
項元汴,墨林居士,墨林山人,子京
項元淇,子瞻,少嶽
項充,德英
項兆麟,昭亭
項兆龍,莳岑
項公澤,德潤
項冠,儀甫
項匡,直卿
項占龍,雲海
項名達,梅侶,步萊,項萬準
項和鈴,豫堂
項喬,甌東,遷之
項嘉,顧高嘉
項嘉謨,向彤,君禹,祖洲,節愍,項定謨
項國輝,慎初
項壘,彥高
項士鋐,愨庵,欽武
項壽春,熙臺
項夢授,聖與
項夢開,啓叔
項大德,立上
項天瑞,友清
項天覺,希聖,玉林
項如珪,德潤
項始震,方中
項守禮,伯進,進伯
項安世,平庵,平父,平甫,項世安
項家達,仲兼,豫齋
項容孫,仲履
項寅賓,彥周
項對廷,爾度
項嶷,伯高
項廷吉,天佑,漁浦
項廷標,健南
項廷紀,子彥,憶雲,蓮生
項得琦,廷玉
項得瑛,而育
項復,吉甫,耕樂
項復弘,惟重
項徵謨,爾休
項德新,復初
項德禎,廷堅,玄池
項志寧,文烈
項忠,藎臣,襄毅
項思教,敬敷
項思默,德成
項愫,思誠
項慎梅,寬夫
項憲,景原
項應祥,汝和
項應蓮,西清
項承暉,永暉
項承爵,從之
項承芳,達甫
項承醇,泗舸
項拔英,可泉
項振祹,彬如,誠夫
項文曜,應昌
項文泰,應奎
項斯,子遷
項旻,崇仁
項昕,彥昌,彥章,抱一翁
項映薇,朱樹
項晉蕃,書巢
項景襄,去浮
項朝槐,聲之
項林皋,世遠,赤心
項桂芳,楚東
項棣孫,子華
項樟,景貽,芝亭
項模,子範
項永忠,有聲
項汝弼,唐卿
項治元,熈仲
項淳,任田,芸堂
項清藩,律和
項湘藻,苕夫
項溶,霜田
項澄,秉泓
項瀛,仙舟
項灴,作豐
項炯,可立
項熊,月舟
項熙,朝載
項牧,伯謙
項理孝,百原
項琳,人玉
項瑱,若眉
項璁,彥輝
項璣,仁卿
項璧,文光
項秀,三峰
項紃,屏山,絸卿
項紉,絍章
項絪,書存
項繭章,屏山,繭卿
項繼發,之和
項翽,西喈
項聖謨,子毗,孔彰,存存居士,心泉上人,易庵,易菴,松濤散仙,煙雨樓邊釣鼇客,胥山樵,蓮塘居士
項肆,處約
項舉之,妙通法師
項良材,公望
項英忠,襄毅
項蕙,臨漪
項蕙卿,秋如
項蘅,香芷
項蘭貞,孟琬
項虎特,子文
項觀古,正己
項詵老,桂山翁,聞人
項賦棣,項棣
項起漢,中伭,視庵,項睿
項邦,景亮
項邦枚,文圃
項采,文卿,竹坡
項釧,繭章
項鈳,秉容
項錫,秉仁
項錫綬,儷章
項鏞,大聲
項陸勲,元圃
項霽,叔明,雁湖
項駕,叔馭
項駿馨,昌期
項驤,偉臣,微塵
項鴻祚,蓮生,項廷紀,項繼章
項鼎,用文
順境,履常
須之彥,君美
須有文,南津
須洲,韋紳,鳳羽,鳳苞
須用賓,國卿
頓文,少文
頓福之,子元,祉緣,祗園
頓莫賀,武義成功可汗
頗永剛,健壇
頡彭飛,海天
頡鵬,冲霄
額勒德特壁昌,勤襄,星泉,東垣,璧昌
額勒德特恆福,恆福,恭勤,月川
額勒精額,玉如
額勒金布,額勒精布
額哲忒栢貴,柏貴,雨田
額哲特庫克吉泰,仁龕,勤毅
額哲特托雲保,剛恪
額圖洪額,石卿
額扎特巴清德,果毅
額洛圖,額爾圖
額爾圖特七克唐阿,齊克唐阿
額爾奇木巴雅爾,額勒奇木巴雅爾,額爾齊木巴雅爾
額爾德特花連布,壯節,花老虎
額爾德特錫珍,仲儒,席卿
額爾格圖,勤恪
額琳沁烏魯斯,仲弘
額蘇哩蘇勒芳阿,壯敏
額蘇里固慶,蓮溪
額蘇里薩秉阿,果恪
額騰伊,額滕伊
額黑里,額赫里
顏之美,宗德
顏人,婆仁
顏仁郁,文傑
顏伯燾,小岱,載凡,魯與,魯輿
顏伯珣,季玉,相叔,石珍
顏伯璟,士瑩,子瑩
顏伯錄,梅野,疇叔
顏佐,一齋
顏俊彥,雪臞
顏備,尙徳
顏允南,去惑
顏允紹,胤紹,賡明,顏孕紹,顏引紹
顏元,半聾居士,純生
顏元孫,聿修
顏元炤,惠行
顏元貞,玢玉
顏光,學山
顏光敏,修來,東圃,樂圃,遜甫
顏光敩,學山
顏光斅,學山
顏光旿,光旰
顏光炯,敬亭
顏光照,監堂,鑑堂
顏光猷,澹園,秩宗
顏公衮,鼎卿
顏公起,伯掖
顏則孔,泗源,節愍
顏卓之,立如,鶴皋
顏博文,持約
顏叔平,景晏
顏叔淵,養原
顏叔玠,景珪
顏叔瑶,粹中
顏叔璵,器之
顏叔開,景容
顏唐,廣成
顏善膺,一初
顏嗣徽,望眉山人,義宣
顏嘉會,子亨
顏嚴,顔儼
顏培瑚,夏廷,稼珊
顏士正,君信
顏士璋,信庵,玉章,聘卿
顏壽之,香陔
顏夔,士奇
顏天選,擇之
顏太來,復古,致子,顔泰來
顏太初,醇之,鳬繹處士
顏奎,吟竹先生,吟竹翁,子俞,子瑜
顏如霖,濟之
顏婉思,宛在
顏子恪,宗敬
顏孚,端中
顏季康,茂安
顏安時,當可
顏宗儀,雪廬
顏容暄,太屏,孚儒,孚孺
顏容舒,日莊,鴻磐
顏岐,夷仲
顏崇善,樂堂
顏崇政,正也,遠邨
顏崇槻,心齋,運生
顏崇毅,用冠
顏崇湘,荔村,蘭洲
顏崇潙,東虞
顏崇谷,用冠
顏希深,宜居,希聖,若愚,西野,靜山
顏師古,師古,顏籀
顏師魯,定肅,幾聖
顏幼明,少儒
顏度,魯子
顏廷傑,俊臣
顏得遇,達峰
顏復,長道
顏復之,子升
顏惟直,伯温
顏惟臣,欽若
顏慶忠,性年,藹堂,魯堂
顏應焱,正伯
顏應祐,孝先
顏懋价,五梧居士,介子,慕如
顏懋企,幼民,庶華
顏懋倫,樂淸,淸谷
顏懋僑,幼客,癡仲
顏成子,成身
顏扎安達里,安達理,忠介,忠貞
顏扎景廉,儉卿,季泉,樸孫,秋坪,隅齋
顏扎申保,顏札申保
顏敏,乃來,澹叟
顏敏德,克和
顏文選,巽之,疊陽
顏於鎬,作周,念劬,芑生
顏旒,景義
顏日愉,忠烈,華陽
顏昌嶢,息庵
顏明復,十九,學夫
顏會,禮卿
顏有光,心齋
顏木,惟喬,淮漢先生
顏札治麟,安甫,舜臣
顏札華山泰,壯恪,花山太,花山泰,華山太,西岩,顏扎華山泰
顏札賴圖庫,賴達庫
顏格,宗正
顏棫,叔堅
顏植,中立,竹軒
顏楷,拔室,雙表
顏榮階,三芝,貢琳
顏檢,岱雲,惺甫,耘圃,衍慶堂
顏正,廷表
顏正色,於廷
顏氏(殷履直妻),真定
顏汝霖,濟之
顏泉,如淵
顏洪範,中起
顏涇,澄之
顏溥,本貞
顏燧,明卿
顏爲,仲謙
顏瑄,寶之
顏瑜,德潤
顏璹,顏燽
顏瓌,弘憲
顏發,休文
顏直之,方叔,樂閒居士
顏相,仁肅
顏真卿,文忠,淸臣,顏十三,顏魯公
顏知天,參原
顏紉蘭,正芳,畹君
顏素,質卿
顏繡琴,清音
顏耆仲,景英
顏肇維,次雷,漫翁,肅之
顏肇雍,次雷,漫翁,紅亭老人,肅之,顏肇維
顏胤紹,賡明,顏尹紹
顏色燦,廷重
顏茂猷,完璧居士,衷白
顏萬石,子輿
顏萱,弘至
顏衎,祖德
顏褒,唯菴
顏襄,公甫
顏襄子,智周
顏謀道,宗玄
顏謹,恪亭
顏象龍,問王
顏豫春,建侯,荊河,蒙泉
顏輝,秋月
顏鈞,子和
顏錫名,子嘉,艮亭
顏鍾驥,筱夏
顏鏞,季文
顏鑰,子啓
顏頤仲,員嶠,景正
顏頤壽,天和,梅田
顏馴,仁卿
顏鯨,冲宇,應雷
顏鳳儀,丹山
顏鳴皐,丹崖,顏鳴皋,顏鳴臯
顏龍彩,德菴
顔四長,九如
顔國芳,君瑞
顔岐,夷仲
顔復,長道
顔日愉,忠烈,華陽,顔洪節
顔澤,佛子,澤民
顔繼祖,繩其
顔頤壽,天和,梅田
顧?,横涇,英玉
顧㶌,又聲,棟波,陳顧㶌
顧一本,飲和
顧一鳴,石蘅,純和
顧世綸,薇史,詞潤,鏘珮
顧中孚,伯貞,豫齋
顧中立,伯從,左山
顧乃賡,三坻,韻祖
顧之俊,虛谷
顧之珽,搢玉,月田,荼園
顧之瓊,玉蕊
顧之逵,抱冲
顧九思,與睿,韋所
顧九苞,文子
顧予咸,小阮,松交,雅園
顧亨,汝豪
顧亨榮,盤幅
顧亮,寅仲
顧人龍,泖峰,雲馭
顧仔,子肩
顧仕隆,仲勳,士隆,榮靖,葵齋,鎮遠侯
顧以山,安道
顧仲安,欽之,箎廷
顧佐,翼之
顧作昆,佩環女史
顧佩芳,紉蘭
顧佩英,湘蘼
顧信,耀先
顧信芳,湘英,生香
顧倩肅,茂儀
顧偉權,吳權
顧偉烈,雲点,雲點
顧儒基,卜訓,聘耆
顧儼,廷望
顧允傑,懋俊
顧允元,懋善,鳳山
顧允成,季時,涇凡
顧允揚,十八,懋稱
顧允默,我緘,玄卿
顧元亨,乾甫
顧元凱,杏樓
顧元愷,佐虞,杏樓
顧元慶,大有,大石先生,夷白
顧元揆,端卿
顧元昌,冰谷,竹盦
顧元熙,耕石
顧元禮,進道
顧元臣,國衡
顧光,彥青,涑園
顧光旭,晴沙,華暘,華陽,華陽山人,響泉
顧光祿,淸昕
顧光遠,文煜
顧公燮,丹午,淡湖
顧其國,在一
顧其志,冲吾,太冲,委宛山人
顧其愷,子元
顧其行,孝先,蘭陔
顧冶,世叔
顧列星,樊桐,樊渠,退飛
顧初娥,媼麓
顧初嬋,菱湖
顧初孅,碧岑
顧勲,碩功
顧印愚,印伯,所持,蔗孫
顧厚焜,以崇,少逸,敦庵
顧參,奉三
顧叔康,世符
顧受勳,華亭
顧可久,洞陽,與新
顧可學,榮僖,與成
顧可貞,含章
顧同吉,仲逢
顧同應,仲從,賓瑤
顧同根,友訓
顧名世,莘夫
顧含春,雪香
顧周卿,成子
顧咸和,公節
顧咸建,如心,漢石
顧咸正,端木,觙菴
顧咸泰,思庵,斌素
顧品珍,小齋
顧問,子承
顧啟坤,順貞
顧嗚鵉,淇園,琪圃,琪園
顧嗣協,依園,迂客
顧嗣璟,璞齋
顧嗣立,俠君,閭丘
顧嘉蘅,湘波
顧四秀,秀鸞
顧四科,六泉,齊賢
顧國寶,元善,珠巖
顧國詔,雲芝
顧國誥,紫封,紫村
顧國輔,惟德,毅菴,維德
顧園,仲園,雲屋
顧圖河,書宣
顧埴,徐赤
顧培,起元
顧堃,堯峻,思亭
顧堅,元貞
顧堤,天孫
顧堯峯,桐江
顧堯章,桐江
顧塤,後同,復固,復圃,復園
顧增光,凌雲,竹坡
顧士傑,文英
顧士則,孝仲
顧士榮,文寧,甘樵
顧士璉,樊村,殷重
顧壽椿,少舫,芝眉
顧壽楨,伯子,伯蒼,祖香
顧夐,顧太尉
顧夔,卿裳,荃士
顧夢圭,武祥,雍里
顧夢游,孟游,綠茂軒,與治
顧夢羽,寅齋,舜祥
顧夢鯉,仲龍
顧夢麟,中庵,織簾先生,麟士
顧大典,衡寓,道行
顧大文,炳齋
顧大猷,南湘外史,所建
顧大申,堪齋,見山,震雉,顧鏞,鶴巢
顧大章,伯欽,裕愍
顧大觀,君達
顧大韶,仲恭
顧天埈,升伯,開雍,鴻菴
顧天寵,元錫
顧天彜,伯常,省齋
顧天朗,開一,雪嵋
顧天逵,大鴻
顧天遴,仲熊
顧天錫,重光
顧奎,顧山
顧奎光,星五,雙溪
顧如華,西巘,質夫
顧姒,啟姬
顧媚,智珠,橫波,眉生,顧眉
顧存仁,伯剛,伯岡,子奇,懷東,東白
顧孟喬,仁春
顧學周,臥盧逸老,開勳
顧學海,強叔,強權
顧孺履,君謀
顧守元,明善
顧守壬,千一
顧安,定之
顧宗,學淵,學源
顧宗孟,吳中三孟,巖叟
顧宗文,麟伯
顧宗泰,昆橋,星橋,景岳
顧宗灼,俊三
顧定芳,世安,東川
顧家枋,舵舫
顧家樹,介卿
顧家相,季敦,輔卿
顧宸,修遠,荃宜
顧寅,友靈,叔明
顧寅清,秩卿,香華
顧寬,叔度,碩甫,裕齋
顧寰,君錫,平溪,榮僖,鎮遠侯
顧寶承,翰煇,翰輝
顧少連,夷仲
顧崇某,元緒
顧嶸,漢游,蓮陂
顧巖壽,子靜
顧巽,與惓
顧師曾,唯甫,思蘭
顧師軾,景和,衲雲,雪堂
顧師閔,囗囗
顧幼恩,萟亭
顧廉,惟簡
顧廣圻,一雲山人,千里,思適居士,澗薲,澗蘋,無悶子,鑒平
顧廣譽,悔過齋,惟康,慎子,維康,訪溪,豫康
顧廷對,子俞,直齋
顧廷璠,若玉
顧廷綸,鄭鄉,鳳書
顧廷翰,墨卿
顧建元,振川
顧弘潞,劍湖,敬文
顧彤光,蕙繰
顧彥,侍梅,士美,鴻宇
顧彥夫,承美
顧彥成,子美
顧彧,孔文
顧彩,天石,湘槎,補齋
顧彬,南華,訥齋
顧從義,汝和,硯山
顧復初,子遠,幼耕,道穆
顧復幾,彌先
顧德,慎儀
顧德恆,樂珍,紫珍
顧德慶,厚載,厚齋,筠岩,雲巖
顧德昌,咸九
顧德潤,九山,君澤
顧德玉,潤之
顧德華,鬘雲
顧德貞,吳江女史,玉賓
顧德輝,仲瑛,金粟道人
顧德龍,劍坡,我笑,臥子
顧志,雉城女史,鶴園
顧忠宣,句侯,梅村
顧思姜,靜媛
顧思虞,孚中,竹友老人
顧思賢,竹城
顧恂,桂軒,維誠
顧恩詔,雲芝
顧恩隆,鎮河
顧悅履,丹宸
顧惠,愛廬,邦式
顧愚,原魯
顧慈,昭德
顧慥,顧造
顧慶遠,涵南
顧憲之,士思
顧憲成,三君,叔子,叔時,景逸先生,東林先生,東林八君子,涇陽,涇陽先生,端文,端父
顧應文,石泉
顧應昌,五痴,桐井,殿舍
顧應春,南岡,晴崗
顧應祥,惟賢,箬溪
顧應龍,汝翼
顧懷壬,寅仲,象三
顧懿德,原之
顧成,夏國公,景昭,景韶,武毅,鎮遠侯
顧成天,小崖,良哉
顧成志,心勿,治齋
顧我愚,伯虯
顧我鈞,發千,陶元
顧我錡,帆川,浣松軒,湘南
顧承,承之,顧廷烈
顧承光,仰葵,思謙,鎮遠侯
顧承學,思敏
顧承芳,子譽
顧振,健菴
顧揚憲,傳爰
顧敏恆,立方,笠舫
顧敦和,樂齋
顧敩愉,學和
顧敬,思恭,灌園翁
顧敬恂,斐瞻,筤園
顧文亨,石父
顧文基,禹功,雨公
顧文彬,子山,蔚如,長庵
顧文煜,庭有
顧文琛,伯玉,淵伯
顧文美,至善
顧斌,彥才
顧斗光,曜七,諤齋
顧新,純甫
顧方,正夫
顧日壆,日塋,目壆,顧壆
顧日新,劍峰
顧旦,君輝,節愍
顧旭明,坤承
顧昉之,彥初
顧昌,培山,文饒
顧昌祚,忍園
顧昌述,湘菴,湘麓,湘麗
顧昌運,奎五
顧映玉,紉佩
顧春,太淸,子春,梅仙,西林覺羅春
顧春芳,伴梅,半楳
顧昺,仲光
顧時,時擧,時舉,滕國公,濟寧侯,襄靖
顧時化,盟菴,雨之
顧時大,致堯
顧晉階,懋堂
顧晞元,子雨
顧景文,匏園,景行
顧景星,赤方,黃公
顧景濂,少銀,少錫
顧景祥,瑞卿
顧景錫,介俶
顧暄,春暉,霽岩
顧書紳,翼亭
顧曾,少卿
顧曾唯,一貫
顧曾沐,滌香,述銘
顧曾烜,夝谷,方宧,晴谷
顧替,襄臣
顧有孝,寧選堂,抱甕丈人,茂倫,雪灘釣叟,雪灘頭陀
顧有容,香圃
顧朝泰,喆園
顧朱,白公
顧松,以青,貫齋
顧林,瞻時,若舟,西翰
顧柄,文謙
顧某,克謙
顧柔謙,伐檀,剛中,耕石,逋翁,顧隱
顧栻,景堂
顧梁材,弘任
顧棟高,左畬,復初,復祁,震滄
顧棠,良愛
顧棡,小痴,嵩喬,鑒沙
顧森,廷培,錦柏,雲庵
顧森書,寶渠,綸卿,麟卿
顧植,建叔,直木
顧椿,春木,藹庭
顧楗,肇聲
顧楨,子乾,貞木
顧楷仁,晉裴,見南
顧榮達,上元,孝仲
顧樞,庸庵,所止
顧樵,樵水,若邪居士
顧樹屏,翰臣
顧樹芬,春榮
顧櫰三,秋碧
顧權,伯衡,用衡,靖夷先生
顧正,尚誠
顧正誼,亭林,仲方
顧步,顧絮愁
顧毓奇,秀甫
顧永年,九怛,桐村
顧永慶,子高
顧汝修,味竹軒,密齋,息存,旭存
顧汝壽,彥和
顧汝學,思益
顧汝敬,蔚雲,配京
顧汝紳,如野
顧汧,伊在
顧沄,濬川,若波,雲壺
顧沔,世遠
顧況,華陽山人,逋翁,顧十二
顧洪善,柏亭,達大,達夫
顧洪泰,來白
顧淙,宗府
顧淳,子還,枕漁,震盂
顧淳慶,古生,鶴樵
顧清,士廉,文僖,東江
顧湄,伊人
顧源,左泉
顧溥,宗泰,襄恪,鎮遠侯
顧溱,梁卿
顧潛,孔昭,桴齋,西巖
顧潾,夢唐
顧澈,伯澄
顧澍,伴檠
顧澡,孔修
顧澣,元潔,第三十三,詠之,顯童
顧濟,作舟,竹杌
顧濟乾,諸和,載坤
顧濤,學山,寶田
顧瀚,巨源
顧瀛,雨青
顧炎,邁儀
顧炎武,亭林,亭林先生,圭年,寧人,忠淸,繼紳,蔣山,蔣山傭,顧絳,顧繼紳
顧炳,兆龍,菊舫
顧無咎,崧臣,悼秋,靈雲
顧焯,闇公
顧然,雍叔
顧煜,銘柏,雙丸
顧熙,春臺,玉田
顧燁,耀卿
顧燕貽,安彥
顧燮光,夢碧簃,石言,示崇堪,示崇癯,遁世無悶樓,金佳石好樓,非儒非俠齋,鼎梅
顧燮臣,華川
顧爾康,漁溪
顧爾梅,小孟,復生
顧爾極,南叟,席叟
顧爾行,儆韋,孟先,慎卿
顧牧,謙之
顧玉成,少庚
顧玉柱,一江,邦石
顧玉梀,雲浦
顧玉棟,雲國,雲浦
顧玉琳,淑瓊,玉墀
顧玉英,琴仙
顧王家,翊明
顧王霖,顧玉霖
顧玢,玉盤
顧珀,新山,載祥
顧珣,文之
顧琅,石臣
顧琇,季栗
顧琇瑩,蓮卿
顧琛,宏緯
顧琮,用方
顧琳,雲屋
顧瑄,玉卿
顧瑗,亞蘧
顧瑛,煥齋
顧瑞清,河之
顧瑤華,畹芬
顧瑩,素先,素光,青湄女子
顧瑮,英玉
顧瑾,季琮
顧璘,東橋,東橋居士,華玉
顧璜,漁溪
顧璲,圓玉
顧瓚,秬芬
顧生,雲卿
顧用霖,岩卜,雨若
顧皋,墨竹詩齋,晴芬,歅齋,緘石
顧盟,仲贄
顧瞻洙,慎齋
顧知,爾昭,野漁
顧磐,子安
顧祖彭,壽人,夢鏗
顧祖慶,繩武,蔭孫
顧祖禹,宛溪,復初,景範,景范,端五
顧祖辰,子武
顧祖鎮,景范
顧祿,天祿,謹中
顧福,天錫,雲厓
顧禧,景繁,癡絕叟
顧禮,元禮
顧禮琥,莪庭,西金
顧秉謙,益庵
顧稷,從能
顧穎吉,松圃
顧穗林,耕安
顧立,成大
顧竑,惟遠
顧章志,子行,行之,觀海
顧端,昭華
顧端禮,顧天均
顧符稹,小痴,松巢,瑟如
顧紆,子嚴
顧純,以正
顧紳,初臨,知非
顧紹成,仲蘇,頌素
顧紹芳,學海,實甫
顧紹芾,夢庵,德甫,蠡源
顧綬,子印
顧維翰,棠材,棠村
顧維鼎,象垣
顧綸,朝章
顧緗,遐篆
顧纘,子叟
顧義先,忠卿
顧翀,于漸,曰翔,遠齋
顧翃,蘭岩,駿孫
顧翎,羽素
顧翰,維周,雪坡道人,雪庵中人
顧翼之,聖扶,雲門
顧耀祖,茂芳
顧耿臣,奕聞
顧聖之,季狂,聖少
顧聘璜,伯圭,渭臣
顧聞,彦和
顧聲,硯海,硯濱
顧聲雷,晉莊,震蒼
顧肇域,桂生
顧肇墉,文梅
顧肇新,康民,鼎卿
顧肇熙,皞民,緝庭
顧胤光,寄園,暗生
顧能,宜用
顧能遠,蜚九
顧臧,君用
顧臨,子敦
顧自植,含素
顧興祖,世延,鎮遠侯
顧良璧,六瑄
顧良輝,德光
顧芝,謝庭
顧芝桂,仙圃
顧芳,沙香,泮香
顧苓,濁齋,雲美
顧若璞,和知
顧若群,超士
顧英,丹九
顧荃,青岩
顧葵,景園
顧蒓,南雅,吳羹,希翰,思無邪堂,息廬,愈愚齋,文壇耆宿,益尊,香案小吏
顧蓮,藕芬
顧蓴,南雅,吳羹,希翰
顧蕙,又蘇
顧蕙生,竹畦
顧藻,懿樸
顧蘊,昭輝
顧蘊吾,蕙卿
顧蘊玉,絳霞
顧蘩,季蘩
顧蘭,清芬
顧蘭佩,珩香
顧蘭英,茂春
顧蘷,虞一
顧虁,虞一
顧虬,許虬
顧虯,青庵
顧衍高,仙梯,仙樣,汕樣
顧裕,古亭,吉亭
顧褒,十九,惟忠
顧襄,公甫
顧見龍,雲程,雲臣
顧視高,仰山,漁隱
顧覬之,偉人,偉仁
顧觀,利賓
顧觀光,尚之,賓王,顧覲光
顧言,中瑜
顧詒祿,祿百,緩堂,花橋
顧詒綬,顧誥綬
顧詔,螺峰
顧詳,文約
顧誕蓉,蓉裳
顧誕藤,于湘
顧誕藻,次湘
顧諒,季友
顧諟,在瞻
顧謙,仲謙
顧謨,拜亭
顧譿,汝理
顧象泰,靜和
顧豹文,且庵
顧貞立,碧汾,避秦人,顧文婉
顧貞觀,梁汾,華封
顧貽綬,紫岩,薇庭
顧贄,倩來
顧起佐,省溪
顧起元,太初,文莊,鄰初
顧起淹,師范
顧起鳳,羽王,醒石
顧超,子超
顧趙炳,博陽,訒庵
顧輝,守齋,德潤
顧近仁,力行,江南先生
顧迪光,華伯
顧逄,君際,梅山樵叟
顧逖,思邈
顧逢,君際
顧連璧,曰温
顧逵,周道
顧遂,德伸,秋山
顧道喜,靜簾
顧達,存遺
顧邦瑞,亮臣,瘦農
顧郢,楚望,雪客
顧酉書,蕓谷
顧金標,京詹,韻芳
顧鈐,朝肅,靑嶼
顧鈞,著陸
顧鈺,式度
顧錫爵,延卿
顧錫疇,九疇,瑞屏
顧錫祉,竹樓
顧鎮,佩九,備九,古湫,虞東
顧鏊,恆惺,雋生
顧鏞,勉齋,孟常
顧鏡,自昭
顧鐒,墨卿
顧鐔,栗岩,詩城
顧鐸,孔振
顧鑑,東田
顧長任,重楣,霞笈仙姝
顧長卿,子元
顧長紱,修浦
顧開雍,偉南
顧闕,子良
顧陳垿,玉停,賓陽子
顧陳燦,鳳篆
顧陽和,志仁
顧雄,時俊
顧雍,元歎
顧雲,垂象,士龍
顧雲程,務遠
顧雲翼,景沖
顧雲臣,味蔬草堂,子淸,子清,子青,抱拙齋,持白,蒼波
顧雲鳳,伯翔,瑞菴
顧震,鳴夏
顧震宇,宇淸
顧震濤,景瀾,默庵
顧霑,少雨
顧靜婉,長卿
顧靜英,愛香
顧韞玉,絳霞
顧韡,河瀆漁人,開林
顧韶,螺峰
顧顗遇,未穆
顧顯仁,元伯
顧飛,默飛
顧養謙,冲菴,益卿,襄敏
顧餘慶,崇善
顧馨,椒其
顧驄,雲車
顧高嘉,靜昭
顧鳳仞,曉亭,翊周
顧鳳律,質園,鳴六
顧鳳毛,小謝,超宗
顧鳴鳳,意城,訥盦
顧鳴鶴,琪園
顧鵬,翎先
顧鶴慶,子餘,弢庵
顧麗璟,璞齋
顧麟士,西津,鶴逸
顧麟趾,恕齋
顧鼎臣,九和,文康,未齋,顧仝,顧同
顧龍旂,雲峯
顧龍禎,翼卿,驤宇
顧𣉒,明德
顾况,逋翁
颙琰,仁宗,受天興運敷化綏猷崇文經武光裕孝恭勤儉端敏英哲睿皇帝
餘國燦,天中
餘成,官臣
餘當,難當
饒世則,子言
饒世榘,子方
饒世賢,寶卿,昆圃
饒中,性甫
饒之麟,褆欽
饒仁侃,近剛
饒介,介之,華蓋山樵
饒伸,廷抑,抑之
饒位,廷立,立之
饒佩勛,光策,枚訪,梅舫
饒來中,厥修
饒偘,仲恭
饒允服,楊允服
饒元珙,仲璨
饒元瑄,彥昭
饒元英,子俊
饒兆熊,翼宸
饒克明(字),克明
饒可久,甌寧
饒向榮,綺峰,繡圃
饒咨疇,長垣
饒嘉元,仁倩,鈍庵
饒嘉繩,木倩
饒嘉軌,叔度
饒士端,楨庭,直方
饒士騰,從五,碧柯
饒夢銘,藍津
饒天民,明先
饒娥,瓊真
饒子儀,元禮
饒學曙,霽南
饒學曦,場穀,暘谷,陽谷
饒學義,瀛川
饒學詩,言卿
饒宇栻,型萬
饒安,用中
饒宗魯,六有,心道
饒富,弘濟
饒寶球,二如居士,次雲
饒崙,廷宗
饒幹,廷老
饒延年,伯永,止翁
饒廷年,復庵,紫章
饒廷璽,朝瑞
饒廷直,朝弼
饒廷訒,陶南
饒廷選,壯果,枚臣,果壯,莊勇
饒廷錫,文命
饒建邦,廷鑑,禮齋
饒彝,儆軒,砥修
饒思聰,子聞
饒思鄒,克紹
饒恆,倚樓
饒慎,叔娟
饒慶捷,曼唐,曼塘
饒應坤,復甫,桂槐
饒應子,定夫
饒應擧,國華
饒應祺,子維
饒應龍,瑤山,翔夫
饒拜颺,雲卿
饒探春,小坡
饒敏學,文饒
饒敷善,七杉
饒文光,素川
饒文漪,鑑湖
饒文濮,鑑湖
饒日廷,永安
饒昌麟,穉珊
饒昌齡,彭年
饒景擢,崑國
饒景暉,三饒,仲奎,廷奎
饒景暐,三饒,叔淨
饒景暘,三饒,廷升,廷陞
饒景曜,廷獻
饒有枚,禹謙
饒桂豐,子馨,小山,筱珊
饒棣,培養
饒榆齡,星帆
饒榶,文中
饒欽,克恭
饒氏(陳忠弟婦),陳氏七烈
饒泗,正繹
饒泰來,大可
饒漢祥,宓僧,珀玕,羼提
饒炎,竹坡
饒烈,丕承,巣雲
饒焌,既右
饒玉成,新泉
饒琳,月樵
饒瑄,文璧,行齋
饒用文,澹樂
饒相,志尹
饒禮,景節
饒秀,仲實,東津
饒秉鑑,憲章,雯峰
饒竦,異林
饒節,倚松道人,如璧,德操,饒如璧
饒約,敬仲
饒絢春,曉升
饒繼惠,繼惠
饒育齡,鶴泉
饒芝,商山,四皓
饒芝祥,九芝,占齋,符九,紱九
饒虎臣,宗召
饒虞廷,肖巖
饒裕,仁作,饒餘
饒裳,世垂
饒覲光,夢石
饒觀化,子恂
饒謙,益齋
饒豐,小魯,芑坪
饒軒,小甫,輏史
饒軫,輔星,韻琴
饒錫光,東樵
饒鍔,純鈎,蓴園居士,鈍安
饒陞,雲將
饒雲鵬,列辰,少嶽
饒魯,仲元,伯輿,師魯,文元,雙峰
饒鳳儀,應禎
饒鳳詔,應宣
馨德,子銘,香樹
馬?,季騫,琴航
馬䋲武,松圃
馬一德,元襄,白巖
馬一龍,四十一,應圖,負圖
馬三俊,命之,强齋,融齋
馬三才,思參
馬三樂,克性
馬上襄,宛來
馬丕瑤,玉山,珠溪,香谷
馬世俊,章民
馬世傑,欿齋,萬長
馬世塔,馬什塔
馬世奇,君常,文忠,素修,素修先生
馬世德,元臣
馬世濟,元愷
馬世燾,魯平
馬世璜,渭川,磻石,黼丞
馬世芳,慎庵,秋佩
馬世莊,敬旃,昭亭
馬世龍,蒼元
馬丙昭,晴岩,曉初,鶴年
馬丙炎,夑廷
馬中錫,天祿,東田,添祿
馬中騏,瑞堂
馬中驥,惟德,頤菴
馬中驦,禦風
馬中魁,榮玉
馬丹桂,瑞芬
馬之先,勤僖
馬之瑛,倩若,正誼
馬之純,希文,澹居
馬之美,徽中
馬之馬臾,遹聞
馬之馴,君習,習仲
馬之駿,仲良,康莊,時良,馬之騏
馬之騪,遹聞
馬之驦,君健,景徠
馬之鵬,文淵
馬之龍,子雲,雪樓
馬九如,士楨,漁邨,葆青
馬九德,子懋
馬也如,一斯道者
馬亨,大用
馬京,子高,文簡
馬亮,招遠伯,榮毅
馬人龍,友夔
馬令琮,令威,馬令威
馬仲甫,子山
馬仲舒,漢臣
馬伋,汝賢
馬伯繩,正則
馬伯麟,（糸叐）庭,紱庭,綏庭
馬伸,時中,時仲,時舉,東平先生
馬佑龍,翼廷
馬佩,鳴晨
馬佩瑤,香谷
馬佳和起,武烈
馬佳和隆武,壯毅
馬佳圖海,文襄,麟洲
馬佳寶珣,味經書屋,東山
馬佳廉敬,聚之,質夫
馬佳恆文,恆文,烏佳恆文
馬佳恆興,恆興,詩館
馬佳恭袞,龔袞
馬佳拉篤渾,拉篤琿
馬佳昇寅,勤直,晉齋,賓旭,賓谷
馬佳景善,子慕,茀亭
馬佳紹祺,子壽,秋皋
馬佳紹英,越千
馬佳紹諴,十研齋,十硯齋,芙蓉溪館,葛民,雲龍,雲龍舊衲
馬佳興廉,石海
馬佳雅希禪,敏果
馬侃,仲陶,筱舲,蘭泉
馬俊,雪邨
馬俊德,厚齋
馬信卿,伸符
馬修輔,必達
馬俶,元儀,臥龍老人
馬傳業,慧軒
馬傳煦,春暘
馬儆,伯起
馬允登,叔先,瀛許
馬元,壯勤
馬元位,泰其,素其
馬元忠,北海
馬元方,景山
馬元椿,景莊
馬元瑞,兆祥,符齋,雲占
馬元鑲,五堂,玉堂
馬元馭,元馭,天虞山人,扶曦,扶羲,栖霞,棲霞,馬扶羲
馬充實,士輝
馬兆椿,秋巖
馬兆科,經臣
馬兆良,公媚,蓼庵
馬先登,伯岸,告存漫叟
馬先覺,少伊,得閒居士
馬光,耿伯
馬光國,元賓,光叔
馬光瀾,厚菴,厚葊
馬光祖,實夫,莊敏,華父,裕齋
馬光菻,筠圃
馬光袓,華父,裕齋
馬光裕,玉筍
馬光裘,少波
馬光輝,忠靖
馬光遠,月生
馬克修,靜逢
馬克惇,雲伯
馬克敏,銳齋
馬克謙,受祉,受禮
馬全,具堂,壯節,純齋,馬瑔
馬公,徐王,未詳
馬其昶,抱潤,抱潤先生,抱潤翁,抱潤軒,通伯,通百
馬冕,文中
馬冠三,恕堂
馬凌虛,馬氏
馬凝雲,永瑞
馬出圖,羲祥
馬初,太初,正君,正居,第萬一
馬利文,郁齋
馬剛,裕三
馬剛中,九如,仰伯
馬加謨,伯駒
馬勛,子策,蕓汀
馬勲,希周
馬化龍,雲從
馬千乘,國良
馬升階,汝弼
馬占奎,星垣
馬卿,敬臣,柳泉
馬及,至之
馬及時,馬必時
馬友直,伯忠
馬友筠,林風
馬受昌,毓泉
馬可慕,仲善
馬司鐸(Lazare-MariusDumazel),杜司鐸,金司鐸
馬合謨沙,文顯
馬合馬沙,忠靖
馬合麻,致遠
馬吉樟,吉升,子誠,積生
馬君實,馬振憲
馬君武,厚山
馬呈圖,時瑞
馬呈德,君馭,景伯
馬呈祥,應圖
馬周,賓王
馬周籙,永圖
馬和,君武,貴公
馬哈謀沙,端甫
馬唐古德,九霄,立夫
馬啟易,含中
馬啟鵬,萬里
馬嗣援,雲波
馬嘉楨,仲周,幹生
馬固,固孫
馬國棠,不語,紀南
馬國珍,靜逸居士,靜逸處士
馬國翰,可問軒,得修綆齋,玉函山房,種玉山房,竹吾,紅藕花軒,詞溪
馬國誠,信臣
馬圖昭,啟文
馬圭,君璋
馬均,平甫
馬坤,南渚,順卿
馬垸,伯圃
馬堯相,伯粦
馬塏,爽軒
馬士傑,馬世傑
馬士儀,竹庭
馬士棟,柱峯
馬士浚,養泉
馬士琪,韞雪,馬士騏
馬士英,瑤草
馬士陞,晉菴
馬壬仲,次辛
馬壬玉,彥豐
馬壽,長壽
馬壽金,介樵,馬鑄
馬夔陞,安圃
馬夢桂,靜庵
馬大同,會叔,鶴山先生
馬大壯,仲復
馬大年,大年,永卿,馬永卿
馬大文,亦良
馬大用,慎士冗殳心
馬天昭,師易老人,雲翰
馬天牧,忠靖
馬天選,磊齋
馬天騮,良卿
馬天驥,彥良
馬奎,斗占,斗古
馬如佩,玉珊
馬如玉,楚嶼
馬如璋,欽若
馬如蛟,何如蛟,訥齋,騰仲
馬如龍,馬現
馬子嚴,古洲居士,莊父
馬子聰,舜達
馬孔惠,孝卿
馬孔懷,豹佩
馬存,子才
馬存亮,季明
馬存樸,棫才,璞臣
馬孝祖,德源
馬孟禎,六初,泰符
馬季良,元之
馬學易,可大,吉人
馬宇,盧符,靈符,馬孺子
馬守,馮守
馬守愚,古虛,谷虛
馬守真,月嬌,湘蘭
馬守訓,箴甯
馬守貞,月嬌,湘蘭,湘蘭子
馬宏琦,景韓
馬宗傳,馬京溥
馬宗槤,器之,崇政堂,崇禮堂,校經堂,馬宗璉,魯陳
馬宗璉,器之,魯陳
馬宗諒,支諒,馬支諒
馬宗閔,淳甫,訚如
馬定國,子卿
馬定鼒,德仁
馬宣,季青
馬家芝,逸琴
馬宿,列南
馬富,渭軒,潤軒
馬寧祖,奉先
馬寶山,懷寧,懷甯
馬寶某,孝先
馬尊德,九峯
馬尋,子正
馬尚禹,時菴
馬尼,瑪呢,瑪尼,馬呢
馬履泰,叔安,定民,特健藥齋,秋葯,秋藥,秋藥庵,秋藥老人,菽庵
馬岱,伯瞻
馬崇謙,子益
馬嵩魁,瑤光,瑤堂
馬嶸,伯起,榮祖,第四一
馬巒,子端,立齋
馬希孟,彥醇,晞孟,馬晞孟
馬希爵,古修
馬希納,嘉謨
馬師,元方
馬師孟,誦光
馬師曾,得之
馬師班,誦昭
馬常,仲良
馬庚生,秋濤,秋齋
馬庸,坦道
馬廉,隅卿平妖堂主人
馬延承,榜山,重光
馬廷棟,子楨
馬廷燮,彥堂,理齋,虹嵐
馬廷瓚,大還
馬廷用,紫厓,良佐
馬廷鸞,玩芳病叟,碧梧,翔仲
馬建勳,秋槎
馬建常,相伯
馬建忠,欽良,眉叔
馬弘基,廣趾
馬彜,秉彝
馬彥彪,虎文
馬彥恂,伯誠
馬彥森,既閒,晉珊,蔚林
馬彥淸,天澤
馬彩,錦亭
馬彪,勤襄
馬得功,襄武
馬從先,子野
馬從聘,介敏,起莘
馬從謙,益之,竹湖
馬從龍,見素
馬復震,心楷,星平,莪園
馬徵麐,淡園居士,素臣,鍾山
馬德,任田
馬德元,宏仁
馬德昭,名園,明軒,覲揚
馬德滋,竹亭
馬德音,三泉,二泉
馬志仁,子尚
馬志希,君瑞,天麟
馬志暟,松年
馬志燮,慎庵,漢標
馬志道,淳一
馬忠,德信
馬忠信,順卿
馬快,汝勵
馬思恭,君篤,玄默
馬思理,達生,還初
馬思聰,懋聞,翠峯
馬思贊,仲安,南樓,寒中,漁村,衎齋
馬性魯,璧泉,進之
馬恆,北峯
馬恩培,植軒
馬恩溥,慎怡堂,慎餘堂,慎餘書屋,芝楣,錫三,雨農
馬恬,退叔,退權,選叔
馬惟廉,介泉
馬惟敏,半處士,超驤
馬惠,南仁,秋水
馬惲,海通
馬愈,柳之
馬愉,性和,惟和,淡軒,襄敏
馬愚,柳溪,桃溪
馬慎,自脩
馬慤,慎卿
馬慥,顧甫
馬慧裕,朗山,朝羲,淸恪
馬慶,善徵
馬慶琛,南金
馬慶長,恆占
馬應午,柳南,麗中
馬應圖,廓庵,心易
馬應夢,仕徵
馬應宿,拱扎
馬應祥,公順,欹湖山人
馬應貞,元符
馬應雷,震之
馬應魁,芝簏
馬應龍,北溟
馬懋,昭德
馬懷德,得之
馬懷素,惟白,貞規
馬戴,虞臣
馬承學,弘道
馬承業,述齋,遠齋
馬拯,吉甫
馬振,廷舉
馬振仲,禦張,經畬
馬振垣,心城,石墅,金城
馬振裕,惇園
馬挺,馬九,馬侹
馬援,忠成侯,文淵
馬擴,子充,馬廣
馬攸,化居
馬政,公敏
馬敏,才子
馬敏秀,少常
馬教思,嚴中,臨公
馬敦詩,肄三,肆三
馬敭,抑之,檢菴
馬文,質夫
馬文兆,河生
馬文升,三峯居士,古槐,端肅,負圖
馬文問,鑑亭
馬文夢,小雲,少漁
馬文學,行先
馬文徤,體乾
馬文植,培之,退叟
馬文海,匯可
馬文煒,仲韜,定宇
馬文煜,馬文熤
馬文盛,郁卿
馬文苑,藕香,蘭臺
馬文華,瀛仙,煥卿,蔚廷
馬文賢,仲儒
馬斯和,繼竹
馬斯臧,遠謨
馬新貽,尚卿居,榖山,燕方,燕門,端愍,端敏,谷山,鐵舫
馬方鈺,其相,式之
馬旋圖,南原
馬日琯,七峰草亭,南齋,叢書樓,小玲瓏山館,嶰谷,梅寮,沙河逸老,淸響閣,畬經堂,看山樓,石屋,秋玉,藤花書屋,行庵,街南書屋,街南老屋,透風透月兩明軒,馬曰琯
馬旭,處晦
馬昂,伯顒,恭襄,景高
馬昆,克昌
馬昊,宗大,東溪居士,鄒昊
馬昌安,敦春
馬明衡,子莘,子萃,師山
馬明謨,君獻
馬星曙,仲榆
馬星黼,仙家,仙梓,仙槎
馬時暘,暄以
馬時芳,平泉,淡翁,誠之
馬晉,白峯
馬晉允,晝初,謙箴
馬晉錫,予蕃
馬晞驥,千里
馬晟,景良,西屏
馬景昌,廷言
馬暶,德明
馬曰楚,開熊
馬曰琯,嶰谷,秋玉
馬曰璐,佩兮,半查
馬書林,子約
馬書欣,導和,小眉
馬會,元明
馬會伯,樂聞
馬月合乃,忠懿,正卿
馬有章,倬亭
馬有紱,來庵
馬朝卿,忠夫
馬朝襄,鄰哉,魯岩
馬朝錫,晉卿
馬朝陽,桐生,順生
馬果,濟和
馬柏年,鶴巖
馬栻,敬孚
馬桂芳,月笙,香五
馬桂遜,茂卿
馬桓,文威
馬森,報功,孔養,恭敏,鍾陽
馬植,存之,馬埴
馬楨,幹臣
馬榮,壯武,景城伯
馬榮祖,力本,石蓮
馬樸,敦若
馬樸臣,春遲,漁山,相如
馬樹章,幼白
馬樹芬,夢松,瀾浦,蘭圃
馬樹華,公實,筱湄
馬權,春愉,春榆,立衡
馬權奇,巽倩,馬權
馬正信,季友
馬正品,金臺
馬步元,梅生
馬步瀛,海峰,紅溪
馬步蟾,廣周,桂甫,漁山,籋雲
馬步鑾,菊人,金坡
馬殿元,廷倫,廷掄
馬毅,武仲
馬毓芝,瑞六,蘆邨
馬毓華,菉斐,華斐
馬氏,孝愍溫貞哲睿肅烈襄天弼聖讓皇后
馬氏(劉莊妻),明德馬皇后
馬氏(朱元璋妻),孝慈昭憲至仁文德承天順聖高皇后,孝慈皇后,孝慈貞化哲順仁徽成天育聖至德高皇后
馬氏(范立羣妻),馬大姑
馬氏(馬令藻女),惠空
馬氏（資教大師）,資教大師,體訓
馬永,天錫,恆齊
馬永卿,大年,永卿,馬大年
馬永忠,永思,馬永思
馬永譽,德相
馬永高,仰園,邱園
馬汝基,恭庵
馬汝彰,存美,璞岡
馬汝松,節甫
馬汝為,宣臣
馬汝舟,春帆,濟川
馬汝鄴,書城
馬汝驍,天行
馬汝驥,德甫
馬沅,湘帆,韋伯
馬治,孝常
馬泰榮,秋潯,錫之
馬洛,呈書
馬津,問菴,宗孔
馬洪,容堂
馬洪政,直菴
馬洲,佑周,少蘭
馬浩,靈長
馬海,馮海
馬海曙,漁珊
馬涓,巨濟
馬淑址,生生子,靜因
馬淑昌,雪峯和尚,雪峰
馬淑祉,生生子,靜因
馬淑禧,元華子
馬淞,理問
馬淮,景波
馬清亮,南軒
馬湘,自然
馬滮,北池
馬潤,季荀
馬濂,濬卿
馬濟勝,昭式
馬濟川,雲崖
馬濟美,襄愍
馬炫,抱元
馬炳,中秋,千里,南仲,第三
馬炳榮,春圃
馬炳然,思進,毅愍
馬為瑗,慕遠
馬為瓏,玲仙
馬煥章,鬱齋
馬煦,觀復道人
馬照,容光,露堂
馬熒,用昭
馬熙,明初
馬熙年,豫章
馬燁曾,覲揚,馬紹曾
馬燧,洵美,莊武,馬鄭州
馬燮,敬叔
馬爾拜,瑪爾拜
馬爾泰,大來
馬爾漢,恭勤
馬爾賽,忠敏,瑪勒賽
馬爾齊哈,馬爾赤哈
馬猶龍,長平
馬玄謙,天撝
馬玉,君輝
馬玉圖,震峯
馬玉崑,忠武,景山
馬玉昆,景三,景山,珊園
馬玉麟,德徵
馬玢,金相
馬珂,鳴珮
馬珪,文玉
馬班,漢雙
馬珮,服玉
馬珹,中玉
馬理,伯循,忠勤,谿田
馬琇,天須
馬琬,德卿
馬琴,廷宣
馬琾,仙庵,奉璋
馬瑊,中玉,忠玉
馬瑒,公寶
馬瑜,壯勤
馬瑞,元恆,大林,爾採
馬瑞辰,元伯,獻生,種松書屋,馬元瑞,馬瑞宸
馬瑩,仲珍
馬璘,文玉
馬璠,廷璽
馬璧,藍田
馬璨,雲題
馬甫,才卿
馬當,仁庵,大任
馬疏,南園,經帷
馬登第,步雲
馬皇后,孝慈
馬益臧,梅坡,魯卿
馬盛治,仲平,武烈
馬相如,曼卿
馬知節,介卿
馬磐,子漸
馬祖常,伯庸,文貞
馬祖憲,元章
馬祖謙,元德
馬祥,文瑞
馬福娥,蘭齋
馬福祥,雲亭
馬福齡,伯膺
馬禮善,馬理善,馬里善
馬秀儒,升俊,淑淸,藝林
馬秉鏞,仲言
馬秋琴,化外居士
馬稱德,致遠
馬稷,擧舜,舜舉,醉狂
馬積聲,香浦
馬章,倫先
馬竣,上襄,申伯遺民
馬端臨,竹洲,貴與
馬節,信卿
馬範,器之
馬紀,直卿
馬紀勳,錫九
馬紓,無畏
馬純,文叔,景純,毅父,馬景純
馬純仁,樸公
馬純熙,績堂
馬素貞,波仙
馬紹,子卿,性齋
馬紹光,晴川
馬紹援,松雲
馬紹榮,宗勉,景范
馬紹聞,衣庭
馬紹訓,小酉
馬絅章,彬史
馬經,用常
馬經德,道夫
馬經綸,主一,聞道先生
馬維嶽,仲山
馬維翰,安世
馬維藩,伯元,秋耘
馬維銘,新甫
馬維陛,芝蹻
馬維駰,碓原
馬維騏,加博多歡巴魯圖勇
馬綸,大綸
馬緝熙,惺五,穆堂
馬練,元素,十四
馬總,會元,馬十二,馬摠
馬繼祖,崇功
馬義,馬乂
馬羲慶,仲積,竹溪
馬羽輝,鴻儀
馬翀,蝶園,雲翎
馬翠燕,添香女史
馬翮飛,一齋,震卿
馬翰如,紓之
馬翼贊,叔靜,寒將
馬考顏,考顏
馬聰,體哲
馬肅,彥敬
馬自履,後山
馬自強,體乾
馬自强,乾菴,文莊,骨本乾,體乾
馬自然,思勉
馬自進,思中
馬致遠,子猷,平山
馬臻,志道,虛中
馬興淇,筠友,籙洲
馬良,季常
馬良玉,德純
馬芝,紫崖
馬芳,德馨
馬芳田,子腴,春農,東林
馬若熊,渭飛
馬菼,揭初
馬萬慶,吉亭
馬葉曾,覲揚,覲陽,馬燁曾,馬紹曾
馬葒,漪雪
馬蔭榮,樾庵,稚青
馬薆,印香
馬薖,允寬
馬薛超吾,九臯,昂夫
馬蘊愷,松軒
馬蘊瑾,栗軒,粟軒
馬虞,唐臣
馬蟠龍,松谷
馬裔孫,慶先,馬胤孫
馬見伯,衡文
馬覿伯,廣文
馬誠,純夫
馬誥,仲謀
馬諒,子諒
馬謙,受益
馬謹,守禮
馬識遠,彥遠
馬護才,仲諧
馬象乾,體良
馬象奎,燦五
馬豫,觀我
馬豸,虎臣
馬豹文,蔚章,蘭章
馬負圖,一庵,伯河,肇易
馬負書,昭毅
馬貫,道卿
馬貴,尚賓,靖川
馬賡良,幼眉,鷗堂
馬起升,慎庵,慎甫,趣園
馬越凡,卓倫
馬軾,敬瞻
馬載,性厚
馬輿,良載
馬辨,求復
馬近奎,文徵
馬通,文達
馬速忽,子英
馬逢亨,菊初,長治
馬逢皇,鑑堂
馬逢知,馬進寶
馬進,惟學
馬進修,子勤
馬進良,棟宇,襄毅
馬逸姿,紫巖,雋伯
馬遇春,東如,東郊
馬道亨,健堂,子駿
馬道周,杖生,枚生
馬道貫,一得叟,德珍
馬達,智遠
馬達玠,介石
馬遙衢,瀘泉
馬遠,欽山
馬遵,仲塗
馬邦良,君遂,象湖
馬郁,馬彧
馬重績,洞微
馬金,汝礪
馬金元,捷三
馬金敘,麗生
馬金鎔,範成
馬金門,二竹,倩仙,綏堂,緩堂
馬釗,燕郊,遠林
馬鈂,利公,慎齋
馬鈇,肅容
馬鈺,念祖
馬鈿,田然
馬鉉,孔任
馬鉦,芷杉
馬鉽,式如
馬銑,曉山
馬銓,渠衡,秉衡
馬銘,芝生
馬錄,君卿
馬錦,古蕓,笙谷,謙甫
馬錦春,貢芳
馬錫,伯厚
馬錫齡,夢徵,紹初
馬鍾彥,雨華
馬鍾祺,味蓴,維春
馬鍾英,君儲,馮鍾英
馬鎔,順安
馬鎮,少白,濟於
馬鎮山,峙方
馬鎮桐,璽卿
馬鏞,迪堅
馬鏡荷,香田
馬鐸,彥聲
馬鑑,文煥
馬鑒,保三,幼山
馬長春,三如
馬長海,匯川,淸痴
馬長齡,小晉
馬閒卿,芷居
馬間卿,芷居
馬陞泰,吉堂
馬陟,文明
馬隆,世昌
馬際伯,襄毅,逸聞
馬際泰,小林,少村,少林
馬隨,持正
馬雄鎮,坦公,擊笏樓,文毅,錫蕃
馬雪妹,梅雪
馬雲昭,慰霖,韶卿
馬雲逵,漸九,鴻洲
馬電,符赤
馬震,啓東
馬震章,國華
馬青,太青
馬順,馬馴
馬頊,士欽
馬頎,人表,頎公
馬頴姿,孟敏
馬顧澤,晬卿
馬顯,文明
馬颷,雪山
馬馭,世維
馬馴,至善
馬駉,德淳
馬駧,德淳
馬駿,從傑,道琳,馬氏
馬駿南,有聲
馬騏,德駿
馬騤,世用,梅軒
馬騰霄,漢冲
馬驄,最白,節愍
馬驊,南章
馬驌,宛斯,文介,馬三代,驄御
馬驤,致遠
馬骊,桐溪逸叟
馬體乾,自強
馬體仁,瑤庵
馬體元,以乾
馬魁元,善庭
馬魯卿,道傳
馬鳴世,岫旭,聲希
馬鳴佩,潤甫
馬鳴寰,逢伯
馬鳴玉,寅旭,聞德
馬鳴珮,潤甫,鳴佩
馬鳴秋,駿聲
馬鳴起,伯龍,劬思,忠簡
馬鳴鑾,殿聞
馬鳴鵉,東江
馬鴻飛,賓秋
馬鵬,九萬
馬麐,公振
馬麗文,鬱齋
馬麟,子振
馬默,處厚
馬鼇,駕六
馬鼎梅,東圃
馬龍,虞臣
馮㴶,塞馬,馬二子,馬翁
馮㻾,敬南,竹窗
馮一德,貫道
馮一梅,夢香
馮一第,椳公,龍喜
馮一經,楚瀛,羽明
馮三元,泃水
馮世寧,恭節,靜之
馮世瀛,壺川,雪樵
馮世煥,麗亭
馮世熙,見虞
馮世雍,三石,子和
馮世鞏,殿公
馮久照,明遠
馮之圖,密庵,書先
馮五瑞,球玉
馮亞,希顏
馮亨,不花
馮京,文簡,當世
馮亮,二十六,執夫,貞齋
馮仙湜,沚鑑
馮仝,茶人
馮以昌,吟秋,魏藩
馮仲侯,德儒,曉滄,筿塘
馮仲夷,馮仲彝
馮伉,仲咸
馮伸己,齊賢
馮佐熙,馮佐怯
馮佑,景和
馮佩實,持菴,時菴
馮佩芝,禪仙
馮佶,味辛
馮侁,先之
馮俊,士彥
馮俊焯,吉哉,心賢
馮保,永亭,雙林
馮信可,損之
馮借蓮,蓮蹊
馮倫,寰周
馮偉,仲廉,偉人
馮偉壽,文子,雲月
馮健,子毅,松齋
馮傑,孟英
馮僕,譙國夫人
馮允中,信道
馮允實,信卿
馮元,大本
馮元仲,次牧,爾禮
馮元吉,景梅
馮元欽,南陔,載睿,載賡
馮元補,長卿
馮元邁,石渠
馮元錫,伯純,夢山,紫屏,組文
馮元颺,爾賡,留仙
馮元飂,眉壽
馮元飇,爾山弓,爾弢,鄴仙,馮元飆,馮元飈
馮元鼎,次臺
馮兆峋,湘巖
馮兆觀,鏡堂
馮光勛,伯紳
馮光熊,太占,泰古,稻薌,魯岩
馮光燕,詒堂
馮光祚,還生
馮光裕,叔益,損庵,損菴,柴門老樹村,老樹
馮光遹,仲梓,幼耕
馮克勛,一齋,子能
馮克敏,彥達
馮全琮,于堅,子堅
馮全瑛,少梧
馮公亮,司明,第八,興老,起孫
馮其世,際生
馮其昌,曉生
馮其柘,啓文
馮典,盛甫
馮制,公初
馮勉,彥思
馮勝,國勝,宋國公,宗異,武壯,馮國勝,馮宗異
馮勸,硎發
馮協一,躬暨,退庵,退菴
馮南斌,果勇
馮厚敦,培卿
馮原,澄齋
馮去疾,可久
馮去非,可遷,深居
馮友,兌泉先生
馮叔吉,汝迪
馮取洽,熙之,雙溪翁
馮召棠,秀森,香森
馮可賓,楨卿,石蒲齋
馮可鏞,佐君,舸月
馮右京,左之,左知,桓山
馮吉,惟一,馮少吉
馮名,孝德,貞妻
馮君衡,正平
馮和根,厚之
馮啟泰,晉次
馮啟蓁,晉魚,繡谷
馮善,可欲
馮善主,君協
馮善徵,子久,達廬
馮嘉會,履亨,忠襄,文亨
馮國恩,芝軒
馮國璋,華甫,華符
馮國用,郢國公
馮國鑫,一范,靈南
馮圻,叔京
馮坦,伯田,然明,秀石
馮城,方山
馮培,仁寓,易翁,玉圃
馮培元,因伯,小亭,文介
馮堯夫,貫道
馮堯庭,馮堯廷
馮士元,廷對
馮士升,進卿
馮士豫,處謙
馮士頤,正卿
馮壯,駿發
馮壽春,松山
馮壽榕,仲翔
馮夔,廷伯
馮多福,季求
馮夢周,士可
馮夢弼,士啟
馮夢得,初心,景說
馮夢桂,丹芬,若木
馮夢熊,師之,杜陵居士,非熊
馮夢祖,召繫,紹思,蒼源逸士
馮夢禎,快雪,開之
馮夢龍,姑蘇詞奴,猶龍,翔甫,耳猶
馮夢龜,仲疇,仲錫,抱甕
馮大中,受生
馮大受,咸甫
馮大山,岳維
馮大有,怡齋
馮天培,默佑
馮天瑞,通甫
馮天錫,性中
馮天馭,伯良,午山,應房
馮奉初,恕行,默齋
馮如京,二知園,修武,修隱,柴乙,秋水,紫乙
馮如愚,真道
馮如晦,叔明
馮如璋,秋君,襄哉
馮如麟,澍之
馮婉琳,佩耘
馮嫺,又令,馮嫻
馮嫻,又令
馮子京,仲元
馮子咸,受甫,望山,本軒,貞靜先生,馮子盛
馮子履,仰芹,禮甫
馮子振,怪怪道人,海粟
馮子材,勇毅,南乾,南幹,淵亭,翠亭,萃亭
馮孜,師虞
馮守,仁仲
馮守信,中孚,勤威
馮安,汝止
馮安上,康國
馮安國,彥修
馮安常,敦五,樸園
馮宗誠,鎬東
馮官,建菴
馮定,仲歷
馮定國,康哉
馮宬,勖齋,百史
馮家楨,馮家禎
馮宿,拱之,馮十七
馮寅,賓之
馮寅起,少淸,登文,登父,祖澄,第五
馮寧,靖之
馮審中,堯夫,馮氏
馮小青,馮玄玄
馮履,叔常
馮履和,小艭
馮履晉,述菴,進菴
馮履瑩,守樸,守璞
馮履端,正則
馮履謙,令聞,鶴庵
馮山,允南,馮獻能,鴻碩先生
馮岳,望之,貞所
馮岵,壽卿,雪崖
馮崋,君重
馮崧生,聽濤,蕖孫,陶盧
馮師孔,忠節,景魯
馮幵,君木
馮庭堅,舜舉
馮康國,元通,馮轓
馮廓,師壽
馮廣,存遠
馮廣清,元濟
馮延巳,忠肅,正中,馮延嗣,馮延己
馮延齡,大年,如南
馮廷丞,均弼,康齋
馮廷極,左辰
馮廷櫆,大木
馮廷瑞,國器
馮廷賓,於王,虞牧
馮廷鋆,勻莊,召和
馮彬,桐岡,用先
馮從吾,仲好,少墟先生,少虛,恭定
馮復,振文
馮復京,嗣宗
馮德峋,如堂
馮德暹,昇菴
馮德濬,馮德潛
馮德煌,星垣
馮德珍,子儒
馮德英(字),德英
馮德馨,東魯,桂山
馮志,行甫
馮志亨,伯通,寂照
馮志沂,述仲,魯川
馮忠,存誠
馮忠嘉,獻道,第三十九,蔡師,閏漢
馮忠恕,貫道
馮思慧,睿之,駱思慧
馮思溫,東麓
馮思澄,曉江,蓮舫
馮思順,思順
馮思齊,仲賢
馮恕己,寬仁
馮恩,南江,四鐵御史,子仁
馮恩崐,伯巖
馮恩龢,季安
馮情,西庚
馮惟健,冶泉,汝強,汝强,長子,陂門
馮惟敏,三子,汝行,海浮
馮惟訥,四子,少洲,汝言
馮惟説,起巖
馮惟重,次子,汝威,芹泉
馮惠,天祐
馮愛珠,掌珍
馮愷炯,拙庵,文遠
馮慶,貞菘
馮慶熙,春人
馮慶祥,壽之
馮慶長,培之,篤庵
馮憲,遵古
馮應京,伯子,可大,恭節,慕岡
馮應元,槐陂,體乾
馮應圖,嘯瀛,小尹,瑞生
馮應壽,介眉,靜山
馮應奎,景祥
馮應榮,小治,春坡,錦江
馮應榴,貽曾
馮應求,起潛
馮應漢,秋塔,秋槎
馮應鳳,竹睿,竹齋
馮應麟,德及
馮懷樸,淳夫,畹廬
馮成修,潛齋,達天,達夫,遜求,馮承修
馮成能,子經,緯川
馮承輝,伯承,少眉
馮承鈞,子衡
馮拯,文懿,道濟
馮挹芳,琴仙
馮撙,茂恭
馮攀桂,月汀
馮敏,智安,欽訓
馮敏功,元卿,小山
馮敏昌,伯子,伯朮,伯求,小羅浮草堂,崇雅齋,嶺南三子,憤畫齋,癖好堂,羅浮草堂,魚山,魚山先生
馮敬,子欽
馮文彪,炳齋
馮文昌,硯祥
馮文洵,問田
馮文盛,士蒙
馮文蔚,修庵,修盦,聯棠,蓮塘
馮文載,渭老
馮文顯,晦之
馮斌,小菴
馮斐,五鳩
馮斗祥,南俊,百四,第三
馮方,元仲
馮方鄴,半芉
馮施叔,孟博
馮日照,丙壇
馮日高,孟客,瞻堂
馮昆,栩瞻
馮昌奕,君昶
馮昌紳,仕佩
馮昌言,颺墀
馮昌道,明吾
馮明,知隱
馮映,東初
馮春暉,旭林,麗天
馮春瀛,聞卿,閬卿
馮春灑,問卿
馮昭泰,遇聖
馮昱,景陽
馮時,世隆
馮時可,元成,敏卿,文所,次子
馮時泰,德交
馮時行,當可,縉雲
馮時雨,慰民
馮晉昌,子康,樹卿
馮晉祚,介亭
馮晟,光山,春皋,蒼雨
馮晦,文顯
馮景,少渠,山公,文介先生,長明
馮景夏,伯陽,拊臣,樹臣
馮景琦,惺甫
馮景隆,叔熙
馮智懋,明揚,春圃
馮更,景新,第一
馮書香,石渠
馮有年,鶴橋
馮朝安,平山,昆炎
馮朝楨,椿年
馮本明,介菴
馮柯,貞白高士
馮栻,亦軒,曉滄
馮桂芬,十五焦書館,憬叟,懁叟,懷叟,敬亭,景亭,林一,校邠,校邠廬,獧甫,獨善兼善之室,鄧尉山人,顯志堂
馮森,峙楨,西崖
馮椅,儀之,厚齋,奇之
馮植仁,韶笙
馮椿,庭幹
馮概,五牛,季子,振之
馮榕,順安
馮榮萱,家儒,幼村,茂溪
馮槩,五牛,季子,振之,第五
馮標,右文
馮樞,星環
馮檝,不動居士,濟川
馮欽,襲仲
馮正子,子敬
馮正符,信道
馮步瀛,海峯
馮武,竇伯,簡緣
馮毓孽,嗣香,汲蒙
馮氏(拓跋濬妻),文明
馮氏(酈浹妻),馮寶娘
馮氏(馮紹烈女),得一,馮氏
馮永圖,儉修,品甡,戩鏗
馮永明,清原
馮汝京,宋繹,少伯
馮汝弼,惟良,祐山
馮汝桓,果卿
馮汝棻,孝則
馮汝琪,侗齋,花隱,蘊珊
馮汝霆,廷雨,耳堂
馮汝霖,樹之,淑之,澍之
馮汝騏,仁卿
馮汝騤,忠愍,星岩,星巖,薾雲
馮江,星吉
馮沉,榮端,馮沈
馮沛,雲生
馮治,子修,第茂五
馮洤,古泉,星海,達夫
馮洽,秋鶴,虞伯
馮浩,孟亭,養吾
馮涇,伯淸
馮涓,信之
馮涣,深道
馮淑,芸畦
馮淑安,靜君
馮淦,星海
馮清,汝揚
馮清聘,應三,菊人
馮渠,仲達,汝達,謙川,達甫
馮渭,淸父
馮湘,靜容
馮湛,瑩中
馮溎,竹莊
馮源,昆泉
馮源濟,胎仙
馮溥,佳山堂,孔伯,孔博,文毅,易齋,萬柳堂
馮溶,瑞芝,碧桃女史
馮漢煒,曙雲,素園
馮澄,來淸,澄翁
馮澐,石洲
馮澤棠,少雲
馮澥,長源
馮濂,荷浦,雪堂
馮濟厚,度航
馮濬,以默,彈鋏生
馮瀾,小峯
馮炫,體謙
馮炳時,標宇,默齋
馮烜,馮坦
馮烶,景貞
馮焌光,竹儒
馮焕,著明
馮焴,贊明
馮煌,菊人
馮煥,養晦
馮煦,夢華
馮照洲,燦英
馮熊,伯祥,四十五
馮熙載,彥為,文節
馮爾昌,仲山,友文,玉雯
馮特詔,金門
馮玄,如晦
馮玄鑑,三峩,鑑之？
馮玉祥,煥章
馮玉衡,尹平
馮玘,良玉
馮玠,君貺
馮珊,仲鳴
馮班,二癡,定遠,海虞二馮,葫蘆,鈍吟,鈍吟居士,鈍吟老人,雙玉生
馮珵,允莊
馮理,東臯居士,聖先
馮琦,北海,文敏,琢吾,琢菴,用韞
馮琨,君夫
馮琯,建庵
馮瑄,景薛,鶴渠
馮瑋,蘧海
馮瑞,繁陽
馮瑞景,紹先
馮瑞錦,功甫,梅農
馮瑢,時鳴
馮璋,六十七,如之
馮璽,恕堂
馮瓊,才幹
馮瓚,禮臣
馮生虞,德卿
馮甦,再來,蒿庵
馮用休,慶孫,懿郎,申之,第九十二
馮田,宗易
馮畹,我素
馮登府,一勺園,一味禪,三益友齋,不自暇齋,云伯,八專瓦五硯齋,冷齋,勺園,勺園主人,十四經詁室,四明窗,天風硯主,學易庵,小謫仙館,小長蘆舊史氏,拜竹,拜竹詩龕,拜竹龕,柳東,柳東先生,楊柳官,歌羅庵主,由拳舊史,石經閣,祥金室,種芝仙館,見山樓,酌史巖,雲伯
馮登瀛,上仙
馮皋彊,立中
馮盛宗,時翰
馮祖京,遂亭
馮祖悅,敬齋
馮祖憲,白洋山人,耕餘樓,聊自娛齋,聊自娛齋主人,辨齋
馮祥,世禎
馮禋,明卿
馮福可,景仲
馮禾,穎長
馮秀瑩,子哲,根桐居士,蕙襟
馮秉仁,靜山,體元
馮秉彝,德嘉,慎齋
馮秉忠,春田
馮秉鈞,宇望
馮章,蘭坨
馮端,子莊,石溪
馮端人,卓三
馮端本,子立
馮端栱,亦呂,貞復
馮端榮,景莊
馮笏,正伯
馮符,信伯
馮紉蘭,畹香
馮紹志,培達
馮經,時濟
馮綬,以著
馮維,文綱
馮綱,邦振
馮緄,鴻卿
馮繼業,嗣宗
馮繼炤,秋橋,秘橋
馮繼祖,白石,白石洞中人
馮續,承宗
馮美玉,玉蕤
馮義,宜之
馮翊漢,雲亭
馮習仁,靜山
馮翔,丹谷
馮翱,時擧,雷厓
馮翼,君輔
馮翼翁,子羽,敬修
馮耔,與忠
馮耿光,幼偉
馮聖世,葵旭,道昌
馮聖兆,魯望
馮肇杞,幼將
馮肇楠,書岩
馮臯謨,明卿,禹卿,豐陽先生,養白,馮皐謨
馮興宗,振甫
馮舒,己蒼,默庵
馮舜漁,澤山,澤甫
馮舜田,歷夫
馮舜臣,五餘
馮良知,養吾
馮良輔,熙之
馮良鋆,芝卿
馮芝,吾園,牾園
馮芳澤,馮誦淸
馮芳緝,升芷,熙臣
馮若水,濟卿
馮若舒,漢醇
馮英,德華
馮葉,二十四,子奕
馮著,馮十七,馮渚
馮蕙,雲莊
馮薦,伯受
馮蘭,仲襄
馮蘭因,玉芬
馮蘭如,友仙
馮蘭貞,馨畦
馮行,人也,恥齋
馮行可,勅齋,勑齋,見卿,道卿
馮行己,肅之
馮行貞,服之,服恭,白庵,白葊
馮術,冥寞君,晏然
馮衡,平叔
馮袞,馮三
馮裕,伯順,閭山
馮覲,晉叔
馮詔,曉漁
馮詠,永言
馮詠僧,秀如
馮詢,子良
馮誠,志誠
馮誠之,復庵,明仲
馮謐,叔文,馮延魯
馮謙,履吉
馮譽驥,仲良,卓如,展雲
馮貞,明達
馮貞吉,馮吉貞
馮貫,大用
馮貴,孟叔,孟敬
馮貴吉,含章
馮賡颺,子皋,誌孚
馮贊勳,愚皆,愚階,襄甫
馮躍龍,鐵香
馮轍,時憲
馮運昌,開父
馮道,可道,文懿,長樂老
馮道之,馮用之
馮達,貴達
馮達文,天岩,學海
馮遜,安仁,安孫,第一,靜卿
馮遵,宗轍
馮遷,羽化
馮邦棟,傑卿
馮邵,茂許
馮郟,乾卿,定九
馮鄄,翼縯
馮金伯,冶亭,南岑,墨香
馮金錫,珍南
馮金鑑,心蘭
馮金顯,松山
馮鈐,咸六
馮鈺,二槐,松溪
馮銀,汝白
馮銓,馮詮
馮鋐,員嶠,金聲
馮鋻,半塘
馮錤,時用
馮錫仁,莘垞
馮錫綸,仲虞,次瓊
馮錫鏞,侶笙,鳴虞
馮鍾岱,申甫,習生
馮鎛,子真
馮鎬,大京
馮鎮巒,遠村
馮鏞,鶴亭
馮鏡泉,江心,法仁
馮鑒,半塘
馮集梧,軒圃
馮雲濠,五橋
馮雲程,子曲,子相
馮雲路,馮路
馮雲驌,懿生
馮雲驤,訥生
馮雲鵬,九扶,晏海,紅雪詞人
馮雲鵷,儀叔,葆芝,集軒
馮霄,汝翀
馮震祥,巽軒,瘦生,蒼符
馮霖,甘浦
馮露,瑞化
馮靖,寓安
馮韺,惟和
馮頎,子長
馮預,子容
馮顒,有孚
馮願,侗若
馮養志,可庭,若曾
馮餋灝,德雲
馮香,靜容
馮騰茂,周老,實夫,渭夫,第千二
馮驥,致遠
馮體乾,念純
馮體婧,青姝
馮魁,梅村
馮魯,希元
馮鳴盛,上鳴,筤園
馮鴻薰,蓮青
馮鸞,子雝
馮麒,德良
馮麗楷,次珊
馮鼎位,素人
駱?,櫧山,汝良
駱中渠,心則
駱兆綸,文卿
駱光裕,小圃,小園
駱利鋒,試之,鈍甫
駱問禮,五十九,子本,纘亭
駱國忠,永肅
駱士宏,子發,駱躍
駱士英,景南
駱天驤,藏齋,飛卿
駱奎祺,聚斯,蓮橋
駱季友,觀國
駱峻,肅之
駱崇周,望如
駱從宇,乾沙,宇咸
駱復旦,叔夜
駱思白,緇守
駱恩光,心陶
駱成驤,公驌
駱敏,士聰
駱敏修,鈍甫
駱文牙,旗門
駱文盛,兩溪,質甫
駱文蔚,豹占,越樵
駱昭勳,熙臣,鼎臣
駱晉祺,溪上居士,筠溪
駱景宙,介福,仰山,勉齋
駱朝貴,田朝貴
駱氏(尼上信),靜慧
駱潛,大費,晦中
駱玄休,肅之,駱峻,駱浚
駱瓏,蘊良
駱用卿,兩山,原忠
駱秀麟,振公
駱秉章,儒齋,文忠,文石,籥門,籲門,駱俊
駱章澐,步峯
駱紹基,步青
駱綺蘭,佩香,秋亭
駱良弼,少卿
駱象賢,則民
駱賓王,觀光,駱四,駱臨海
駱鍾麟,挺生,漣浦,蓮浦
駱鑄,希顏
駱養正,賡蒙
駱騰鳳,春池,鳴岡
駱驤,子龍
騫如珪,淸越
騫思哲,知人
騫思泰,有道
騫紹業,承宗
马一浮,马浮,一浮,湛翁,蠲叟,蠲戏老人
高?,叔宗
高㫜,旭卿
高一登,汝薦
高一鳴,伯震
高一麟,玉書,矩庵
高不騫,小湖,槎客
高世則,仲貽,忠節
高世吏,無隱
高世寧,季遠
高世彥,仲修,白坪
高世栻,士宗
高世泰,匯旃,石屋遺氓
高世清,穆如
高世芳,德芳,蘭峯
高世觀,園照,觀民
高世雨,元化,高世兩
高世顯,伯英
高世魁,紹甫
高丹桂,念劬
高乃炘,竹筠
高之問,德文
高之騱,仲治
高九思,誠齋
高亨,嘉甫
高亮,尚明
高人鑑,螺舟
高人龍,惕菴
高仁,壽之
高仁傑,高人傑
高介卿,元節
高仕坊,味言,筱岩
高仝誼,行卿
高以寬,民望
高以廉,心泉,鳳樵
高以永,子修
高以莊,秀東
高仲福,壽卿
高任隆,伯武
高伯壎,汝諧
高伯揚,松亭
高伯温,仲良
高伯齢,錫九
高似孫,疎寮,續古
高作桂,榮溪,榮癸
高佩珩,瑞卿
高佩華,素香
高佳廣興,賡虞
高佳書麟,文勤,紱齋
高佳高恆,立齋
高佳高斌,右文,固哉草堂,文定,東軒
高佳高晉,文端,昭德
高俊,子佩
高俌,叔容
高保勗,省躬
高保寅,齊巽
高保融,德長,正懿
高修枚,丙曦
高修黃,中和,濟和
高倬,枝樓
高偉曾,雋生
高偘,威公
高健,文剛
高傅,起巖
高傅川,君涉,月峯
高傑,四鎮,翻山鷂,興平伯,英吾
高儀,南宇,子象,文端
高儀鳳,秀芝
高儉,士廉,文獻
高儒,子醇,百川子
高儼,望公
高儼仁,儼仁
高允煥,瓶城
高元,敏求
高元之,叔端,端叔,萬竹先生
高元亨,彥德
高元侃,公義
高元常,復明
高元表,升邈
高元裕,師潤
高兆祥,松泉
高兆麟,蕙生
高光,子謙
高光啟,曙初
高光國,媿賓
高光夔,念似
高光大,月亭
高光煦,子容
高光照,月洲
高光銳,鏡秋
高克從,師儉
高克恭,彥敬,文簡
高克正,瑞宇
高克禮,敬臣,秋泉
高克臨,古處,敬可
高克謙,二十五,廷益
高全智,樂齋,燦齋
高公亮,和叔
高公巘,君贄
高公瓛,君贄
高公紀,君正,懷僖
高公韶,三峯,三峰,十一,大和
高其位,宜之,宜園,文恪,蘊園,韞園
高其佩,且園,東方,韋之
高其倬,元良,味和堂,文良,種筠,章之,芙沼,鍾筠
高其勳,懋功,節愍
高其品,立吾
高其鏞,甫帆
高冏,孝明
高冕,服周
高凌岳,千仞
高凌漢,雲逵
高凌雲,尺木
高凌霄,鵬翼
高凌霨,澤畬,蒼檜
高凝,道凝
高凝祐,喜文,高凝佑
高出,孩之
高則巽,汝命
高則益,汝謙
高力士,馮元一,高二
高勣,無功,節愍
高化,仲熙
高化鵬,南霄,畫橋
高升,德進
高卿培,滋園
高去奢,爾遜
高友,三益
高友璣,南屏,肅政,襄簡
高叔嗣,子業,蘇門
高可庸,敬齋,用之
高同善,與人
高名世,典之
高名衡,仲平,鷺磯
高向瀛,穎生
高啟,徳甫
高啟元,辛仲
高啟愚,敏甫
高善安,元殖
高善觀,止於,鏡汀
高嗣榮,顯之
高嘉猷,庭後,庭徵,廷徽
高嚞,嚞文,潛父
高因厚,善健,毅烈,鶴峯
高國楹,襄臣
高國煦,淑宜
高均儒,伯平,可亭,孝靖先生,鄭齋
高坦,履道
高埰,琴泉,雨公
高培谷,怡樓
高堂瑋,就鄉
高堮,鎮山
高增高,厚甫
高壇,用明
高士,淳甫
高士培,立天
高士奇,信天巢,抱瓮翁,文恪,文敏,朗潤堂,松亭,正公,江村,江村抱甕翁,江村草堂,江邨,淡人,淸吟堂,澹人,瓶廬,竹牕,竹窓,竹窗,竹窻,簡靜齋,花源艸堂,菊澗,蔬香,蕭兀齋,藏用老人,靜寄山房,靜寄齋
高士慶,慶之
高士文,建平伯,高仕文
高士昇,子雲
高士智,明軒
高士林,才卿
高士濂,玉山
高士熙,密齋,敬輿
高士英,熊吾
高士鐄,玉和
高士魁,映斗,紫峰
高壽名,德徵
高壽田,葆吾
高壽祺,幼漁
高夔,舜臣
高夢月,惟明
高夢說,易庵,易菴
高夢麟,石卿
高大中,正道
高大亨,通叟
高大傑,千之
高大化,少賢
高大奎,從淸,桂坡
高大成,時菴
高大經,以仁
高天喜,果義
高天寵,異之,藝芝
高天賜,與之
高天錫,莊懿
高天鳳,梧莊,舒亭
高奇,可久
高奎,文叔
高奣映,元廓,問米居士,雪君
高子昇,子雲
高子溶,慶遠
高子潤,畢老
高子莫,執中
高子鳳,儀甫,澹庵
高存誠,明初
高孝本,大立,崋青,戴笠
高孝璹,公純
高孟英,英之,霞川
高學易,師九
高學歐,荻傳
高學沅,伯蓀,小垞
高學治,宰平
高學濂,孔受,希之
高學陶,幼眉
高宅暘,味蓼,麗中
高宇,宏望
高宇泰,元發,宮山,斗樞子,蘗菴,虞尊,鄞縣子,隱學
高守禮,德之
高安,子寧
高宗元,伯陽,愚亭
高宗商,應朝
高宗弼,昭可
高宗彝,表正
高宗本,茂卿
高宗浙,叔胥
高定子,忠襄,悅親堂,敬身堂,瞻叔,著齋,詹叔
高宣,簡僖
高家駿,未堂
高宸,北侍,子房
高容聲,佩蒼,又榑
高寅生,亮臣,春圃
高察,惟哲
高審釗,伯通
高寶慎,澄川
高寶鑾,佩瑲
高封揚,印午
高尚志,以達
高尚忠,藎卿,訥軒
高尚文,從周
高尚賢,大賓
高居益,仲謙
高居簡,仲路
高層雲,二鮑,太常三絕,改蟲齋,稷園,稷苑,菰村,菰邨,謖園,謖苑
高履,德基
高履新,筱漁
高履福,子雲
高山,居東,峙江,魯瞻
高岑,柳奴
高岡,鳴鳳
高岱,魯瞻
高岱宗,亮工,磐石
高岳,仲山
高岳崧,峻峰
高岳松,峻生,幼潭
高峻,恆安,行安
高崇,惟志
高崇基,仲巒,子峰,紫封,紫峰
高崇文,威武,崇文
高崇熙,文明
高崇瑚,器之,菊裳
高崇蘭,楚芳,芳所
高崧,鍾秀
高崧生,遐九
高崶,仲龍
高崿,雲谷
高嵀,象姚
高嵡,奇峰
高嵣,梅亭
高嵩,鎮莊
高嶐,象郝
高嶨,季宗,雲萍
高嶷,士美
高嶸,若山
高嶼,子洲
高巍,泰峯
高巖,仁峯,魯瞻
高巨,雲相
高布,宣之
高希賢,勉齋,聖階,蓮峰
高師仁,師仁
高師文,周佐
高常,可久,履常
高幽貞,樸香
高庭蓮,秋舫
高廉,淸臣
高廩,居豐
高延祉,受民,筠坡
高延祜,亦仙,星峴,秩斯
高延第,子上,槐西居士
高廷梅,山亭,曉翠,鼎臣
高廷棟,毓才,雲叔
高廷楨,幹臣
高廷樞,響山
高廷瑤,雪廬,青書
高建勲,星槎
高建瓴,漢屋
高弁,公儀
高式恭,子謙
高式檉,鼎珊
高弘圖,子猶,硏文,硜齋,高宏圖
高弘諒,內撫
高弘達,竹湖,達夫
高弼,良佐
高彝,伯元
高彤勛,晉侯
高彥,徵君,懷彥
高彥休,參寥子
高彥竹,野泉
高彬,昭文
高得全,仲遠
高得善,南星,秬薌,蘭馨
高得宗,子傅,文忠,靈谷
高得賚,殷甫
高從厚,孝烈,道冲,隼峰
高從禮,質甫,靑厓,青厓
高從誨,季昌
高復亨,本中
高復禮,仁卿
高德,護師
高德基,元禮
高德明,子昭
高德暘,孟升,節菴
高德泰,子安
高徽翰,式南,艾坡,逸存
高心夔,伯足,碧湄,陶堂
高必弘,高必宏
高志寧,宗儒
高志紳,儆齋,鞠存
高志道,元樸
高思忠,孝移
高思敬,慎功
高思永,延之
高思溫,知柔
高思澄,吟川
高怡,仲友
高恂,士信
高恕,如心
高恩湛,書空
高恭,子儀
高惟日,仲陽
高惟月,明之
高愈,紫芝,紫超
高愉,孚吉
高慈,智捷,貞良
高慎,謹齋
高慶辰,漢卿
高憲,志平
高應元,心裁,星齋,辛才
高應冕,文忠,頴湖
高應松,篔畝,簣畝
高應禎,貞甫
高應聘,志尹
高應芳,惟實
高應述,誠文
高應陟,叔明,杜谷,翠屛
高懋,惟德
高懌,民悅
高懲,志肅
高懷德,武穆,藏用
高懷祺,介亭,謙六
高懷諲,愛之
高成齡,古愚,澄懷堂,笙三
高承元,新翊
高承爵,一庵,子懋
高承祚,岳峯
高承金,承金
高承鈺,式之
高拱,中玄,文襄,肅卿
高拱乾,九臨,洪喜
高振洪,潤竹
高振聲,協華,文明
高振邦,盤石,磐石
高振霄,蕓鹿,雲麓
高捧,文穎
高捷,漸卿
高捷達,博香,搏霄,梅香,浦霄
高掄印,菊香
高擢,士元,渠門
高擧,東溟,鵬程
高攀龍,存之,存文,忠憲,景逸,景逸先生,雲從,高顧
高敏學,希曾,省亭
高敏良,心泉
高敞,德廣
高敬吾,汝一
高敬命,忠烈,而順,苔軒,霽峰
高敬燨,雲飛
高文中,景通
高文傑,德芝
高文度,惟正
高文洙,魯川
高文炳,象南
高文煜,子詧,小岩,慰慈
高文照,東井山人,潤中
高文薦,伯簡
高文虎,炳儒,炳如
高文豸,廷直
高文達,思德,頤齋
高文銘,仲新,筠初
高文鑒,靜庵
高斐,文著
高斗南,拱極
高斗垣,節愍
高斗杓,運元
高斗樞,元若,玄若,象先
高斗階,中朗
高斗魁,彭峰,旦中,鼓峯
高斯得,不妄,高斯信
高斯謀,高斯立
高斯道,不器,所齋
高於嵋,抑公
高日臨,二陽,儼若
高旦,子明
高旭,時旭
高旮霄,恨翁,漫村
高昂,尊卿
高昇,明遠
高昉,文貞,顯卿
高明,則誠
高明峻,爾極
高明遠,光南
高昭,文昱
高昱,曲江
高時,師孔
高時升,志行
高晉年,韻君,鶴君
高晞遠,照庵
高景,似斗
高景德,新民
高景芳,遠芬
高景蕃,崧占
高景藩,崧瞻,怡園
高智耀,文忠,顯達
高曇,景雲
高曜,遠修
高曦,潛起
高曰聰,作謀
高書勛,石堂,蕓功
高書勳,石堂,繼亭,芸功,高恪
高朗,子亮
高望曾,成父,穉顏,茶庵
高本,孟端
高本仁,鑒山,靜夫
高本忠,念齋
高本恕,心如
高本祖,本祖,本齋
高材,國任
高松,南崖子,守之,我山
高松年,勞汀,萼汀,萼江
高枏,借禪室,城南,澂蘭,高枬
高枚,小樓
高枬,澂蘭
高柄,廷禮,彥恢,漫士
高某,高氏
高根,良友
高桂,崇芳
高桂秀,蓮峯,遠峯
高梅,汝調
高棅,廷禮,彥恢,漫士
高棟,滏生,隆吉
高植,元德
高楨,貞甫,飲江
高楷,拙凡,竹園,綽然
高榖,世用,克用,文毅,文義,育齋
高槃,紉蘭
高標,月柳
高樞,俊之
高模,彥範
高模翰,高松,高謨翰(謨翰,牟翰)
高樹,江陽山人,蔚然
高樹勳,南渠,建庵,鏡霞
高樹新,青雨
高樹榮,桂生
高樹生,文穆皇帝
高樹穎,實庵,苕發
高橙,彥村
高欽中,恆溪,敬直
高欽德,應休
高歡,神武皇帝,高祖
高步瀛,朗仙,閬仙
高殷,鳳卿
高殿臣,藎卿,黼堂
高毓岱,叔詹,魯峰
高毓沄,淑泉
高毓浵,潛子
高毓龍,紫長
高毛,貞簡
高氏(趙曙妻),宣仁聖烈
高氏(高世達女),惠通
高永亨,無悔
高永年,忠愍
高永能,君舉
高汝堂,掞庭
高江,一龍
高沛,隱喦
高沛霖,雨村
高洋,文宣皇帝,顯祖
高洙,師魯
高洪,東之
高洪宗,晞魯
高浣花,潛雪
高浩孫,商叟,方山
高涵,沛蒼,浦蒼,涵倉
高涵和,藹臣,詩澤
高涼,紈潔
高淑曾,椅園,魯如
高淓,十二,潁之,穎之
高淩霨,澤畬,高凌霨
高深,得遠
高淵,巨川
高淺,升之
高湘,甫溪,雨溪
高湛,世祖,武成皇帝
高湜,澄之
高源,仲淵
高溥,仲將,城南
高溪,伯遠
高演,孝昭皇帝,肅宗
高漸,善時
高潤,雨停
高澄,世宗,文襄皇帝
高澍然,抑快軒,雨農
高澐,伯遠
高澤,雲卿
高濂,深甫,瑞南
高濟,楫之
高濲,宗呂,時庵,種蘭道人,霞居子,髼仙子
高瀔,宗呂,石門子,霞居子,髯仙子
高瀚,子至
高瀛洲,縣圃,翰起,願圃
高瀹,十八,新之
高炤,惠遠
高炳麔,我盦居士,昭伯,高炳麟
高炳麟,昭伯
高烈,和父
高焕章,平叔
高煌,望之,潛廬
高煜,朗庭,朗廷
高煥,含貞,晚香
高煥文,黼堂
高煥然,昕齋,星齋
高煥章,平叔
高照,雪崖
高熊夢,季璋,續占
高熊徵,渭南
高熏業,又阜
高熙喆,亦愚,令甫,仲瑊
高燮曾,澴溪,理臣
高燾,庭壁
高燿,子潛,熙齋
高爾修,止菴
高爾儼,中孚,岱輿,文端,鉢庵
高爾公,嵩侶
高特用,賓亭
高玄,貴王
高玉林,岳文
高玉森,少谷
高玢,芸軒,芸齋,荊襄,蕓軒
高珍,行仁
高珩,念東,棲雲閣,紫霞道人,葱佩,蔥佩
高理亨,湘舟
高琬,仰峯,劉淮,德資
高琮,休玉
高琯,西白,高一琯
高琳,季珉
高瑆,石房
高瑋,握之,繩東
高瑑,介如,逸叟
高瑗,玉亭
高瑛,廷璧
高瑜,質庵,質菴
高瑤,庭堅
高璁,潤之
高璜,渭師
高璣,齊之
高璧,國寶
高璩,瑩之
高璪,四留,霞山樵者
高環,冀泉,循卿
高瓊,寶臣,烈武
高用厚,善行,晴沙
高甲,一卿
高甲三,霽堂
高申甫,宣卿
高癸,舜功
高登,來逺
高登先,子岸
高登奎,復齋,文伯
高登明,東始
高登雲,丹壑
高百年,樂陵王
高目得,道三
高睿,貞簡
高知止,明甫
高知行,慎非
高石,趙臣
高碩麐,子彥
高祁,于溪,於溪
高祐,子集
高祚,子長
高祚昌,錫之,養純
高祥,織雲
高祥勝,子雲
高禋,惟寅
高福,延福
高福滂,育亭
高禹,同宇
高禾,穎叔
高秉鈞,心得,錦庭
高稼,南叔,絜矩堂,縮齋
高積健,毅庵,體乾
高第,登之
高箕承,堅溪,竹漵,良孺
高箴,松居
高節,爾瞻
高篃,湘筠
高簡,公敬
高簷,湘筠
高紀,惕臣,誌五
高約,之守
高純彥,韓孺
高純約,純一,謙孺
高純魯,參孺
高素仙,雲香
高紹曾,莘農
高紹興,子舟
高絇,元履
高維岳,峙五,燮堂
高維崧,山甫
高維敬,誠齊
高維新,雨嵐
高維獄,燮臣
高綱,薑田
高綸,廷章
高綽,仁通
高緝睿,堯臣,愚谷,鏡庭
高縏,紉蘭
高繁,亞蘭
高繼光,瓞園,緜之
高繼冲,贊平
高繼勳,穆武,紹先
高繼宣,舜舉
高繼志,玉藻
高繼昌,詹五
高繼珩,寄泉
高纕元,佩蘭
高纘,崇業
高美,文中
高義忠,義忠
高翀,允升
高翃,仲安
高翔,犀堂,西堂,鳳岡
高翔麟,文瑞,芾堂
高翥,伯舉,進齋
高翰閣,墨林,西林
高翱,高翔
高翼,君佐
高而謙,子益
高耕,又逸,天逸,志伊
高聞禮,子儀
高聯,愷惕
高聯璧,東斗
高胤先,世德
高臨,潛智
高自新,本澄
高自昇,彥陵
高自治,思勉
高自通,振遠
高致中,南洲
高臺,十二,居賢
高興,功起,武定
高舉,凌漢
高良弼,輔之
高良惠,康靖
高芳,孟遠
高芷生,楚培
高芷香,素心
高若安,子易,益生
高若弼,忠齋
高若拙,千壽,智叔,椿卿,椿鄉,第六二
高若穀,善齋
高若虚,仲實
高若虛,仲實
高若訥,敏之,文莊
高若霖,南卿
高若鳳,在翁,灞雪
高茂華,居實,秀實
高茹,子柔
高荊山,威烈,靜叔
高荷,子勉,還還先生
高菊窗,夢秋女史
高華,子庶
高萃,升伯
高萬鵬,搏九
高葆貞,子淑
高蔚光,壽農
高蔚霞,赤臣
高蔭林,高蔭柡
高蔭爵,子和
高薦,應詔
高蘊穀,怡樓
高蘩,亞蘭
高蘭曾,芝亭
高虞文,半典
高融,光中,光仲
高行暉,行暉
高衡,南岫,枝山
高衡夫,正叔
高裔,素侯
高裕春,笑山
高覲昌,省盦,紹芬,葵北
高覿,會之
高觀,元晦
高觀國,賓王
高觀海,又東,秋厓
高觿,失剌,彥解,莊僖,貞肅
高詠,懷遠,遺山,阮懷
高誠,則明
高談,景遂
高諒,貞信
高謙,益亭
高譫,玉衡
高讓,士謙
高谷聲,佩蒼
高貞,高景瓚
高貞娥,婉姬
高貢齡,次封
高貫,恕齋,曾唯
高貴,文卿
高賓,舜穆
高賜禮,子與
高賡恩,熙廷
高賦,正臣
高質慎,澄川,遂川
高質禮,仲和
高起龍,雲從,霖蒼
高超,廷華
高越,仲遠,冲遠
高趩,宛翠
高足酉,足酉
高躍,文化
高軒,文載
高載,東叔
高輔辰,欽亮
高辛傳,弗若,效元
高辛胤,肅若
高辰,元白,景衡,白雲
高迎祥,闖王
高述,季明
高述明,東瞻
高退之,遵聖
高逢源,小渠,資庵
高連升,勇烈,果臣,高連陞
高進,維藎
高進孝,可愚,遂忠
高遐昌,振聲,菉園
高道充,與可,高仲任
高道寬,裕之
高道生,立齋
高達,上達
高遜志,北郭十友,十才子,嗇菴,士敏,文忠,高巽志
高適,達夫,高三十五,高常侍
高遵惠,子育
高遵裕,公綽
高遷,大用
高選,朝用
高遹,觀成
高邈,行淹
高邕,李盦,邕之
高邦佐,三忠,以道,忠節
高郢,公楚
高重光,秀恆
高金,孟門,汝良
高金鰲,蓬仙
高釗中,勉之
高釴,翹之
高鈞,二洪,明經
高鈺,其相
高鉁,步莊
高銓,宗選,平山,貽安老人,遺安老人
高銖,權仲
高銜,培園
高錀,秀山
高錦江,實巿,實市,實甫,贊甫
高錫,永之
高錫康,稚梅,雅梅
高錫恩,簡臣
高錫華,子春,紫蓴
高錫麟,文圃
高鍇,弱金
高鍾奇,靜菴
高鎔,悅雲,聲玉,騎牛翁
高鎛,時可,時和
高鎮位,秦槃
高鎮峯,陳鎮峯
高鏊,企之,徐鏊
高鏞,景甫
高鏡,晴峯
高鏡澄,十洲,虛齋
高鐸,天木
高鑄,仲器
高鑅泉,拙叟,松濤,蓮仙
高鑑,克明,鐵溪先生
高鑒,孔明,種蘭道人
高閌,息齋,憲敏,抑崇
高閏,居正
高闊闊出,彥平
高防,修己
高陛,高坒
高陞,進之
高陽,秋甫
高陽祖,明叟
高際盛,淳亭,淳齋
高雲,從龍,靜斎
高雲翼,鵬舉
高霆,聞季
高霞,敬亭
高霞寓,霞寓
高靜,尊誼,慎葊
高韞珍,淡仙
高順貞,德華
高預,覺先
高頔,子奇
高頤,子和
高顯,武肅,汝陰侯
高顯貴,蘊山
高飛聲,克正
高首卿,景端
高馮,季輔
高駢,千里,落鵰御史
高騫,處厚
高騰,九皋,海樵,鶴年
高騰雲,臨涇
高驤,馴良
高驤雲,式如,逸凡
高體醇,選甫
高鳳嗚,階甫
高鳳墀,志仁,芝檢
高鳳岐,嘯桐,媿室
高鳳樓,五雲,澹宜老人
高鳳翥,千越
高鳳翰,丁巳殘人,南村,南阜,南阜山人,尚左生,松嫩道人,歸雲老人,石之農,石頑老子,西園
高鳳臺,月垞
高鳳謙,夢旦
高鳳閣,佩文,友蘭
高鳳陽,階甫
高鳴,文獻,雄飛
高鴻,翰生
高鴻裁,翰生,翰聲
高鴻飛,伯鸞,南卿
高鵬,汝南
高鵬飛,南仲
高鶚,夢覺主人,月小山房,研香,秋甫,紅樓外史,蘭史,蘭墅,雲士
高鶴,望梅,若齡
高鸞,應治
高麟祥,素徵
高鼎,拙吾,象一
高鼎汾,上池,韻瑽
高鼐,石菴
高龍光,紫虬,紫虹
高龍普,透滿迭兒,高龍卜,高龍鳳
髠殘,一個閑人天地間,介丘,介邱,大杲,天壤殘者,好夢,忍辱仙人,曳壤,曳壤石道人,殘道人,殘道者,白禿,白秃,石溪,石溪書屋,石谿,石谿和尚,石道人,秃殘,菴住行人,遣困,釋髡殘者,髡殘,髡殘道人
鬍子材,杏堂
鬫宗寬,敷在
鬱廷鈞,聖調
鬱相,羹臣
鬱秉樞,拱宸,拱辰
魁元,文農
魁瀛,梅樵
魁齡,華峰
魏㦽,匏公,鐵三,鐵衫
魏䎖,羽曾,蔗園,鐵曾
魏一德,任軒,在軒
魏一恭,立峰,道宗,道莊
魏一鰲,蓮陸,雷亭
魏丕,齊物
魏世傑,興士
魏世傚,忍軒,昭士,耕廡
魏世儼,敬士,為谷
魏丙,才仲,材仲
魏中立,伯時
魏之克,和叔
魏之琳,燮堂
魏之璜,考叔
魏了翁,師立齋,文靖,白鶴山人,自菴,華父,願豐亭,鶴山
魏京,尹宏,松岑
魏仁浦,宣懿,道濟
魏仕賢,用可
魏仙洲,鵬程
魏令憲,弘毅,敏齋,顯道
魏令望,于野,忠烈
魏仲,仲寧
魏仲恭,端禮
魏仲翁,純甫
魏任,亨老
魏作霖,兩山,雨山
魏來驥,雲泉,震泉
魏信,誠之
魏傳熙,子純,敬五
魏儔,肩禹
魏允中,懋權
魏允升,吉庵
魏允孚,懋成,懋誠,雲門
魏允文,海樓
魏允札,州來,東老,東齋居士
魏允柟,交讓
魏允貞,介肅,懋忠,懋明,見泉
魏元,景善
魏元吉,敬之,蓮州
魏元曠,斯逸,蕉庵
魏元樞,聯輝,臞庵
魏元烺,勤恪,麗泉
魏元煜,升之,愛軒
魏元祿,德川
魏元禮,廷訓
魏兆鳳,天民,徵君,聖期
魏光國,合虛,士為
魏光燾,午莊
魏克愚,明己,靖齋,靜齋
魏公濟,宗召,蒼厓
魏冒,重光
魏冕,毅直
魏初,太初,忠肅
魏勝,彥威,忠壯
魏勰,衷豫
魏勲,世卿
魏友恭,顧貞
魏叔介,端直
魏叔元,趙六
魏可式,子瑞,樹亭
魏右曾,怡亭,頤亭
魏呈潤,中嚴,倩石
魏和,元真
魏和中,悅彞
魏和孫,伯同,明孫,魏和叔,魏明孫
魏咸信,國寶
魏嘉琬,篁中
魏嘉瑛,蒼水
魏四端,剋正
魏國正,舜夫,衡如
魏國選,蘭渚
魏坤,水村,禹平
魏城,蓉堂,蓉塘
魏堂,汝高
魏墀,屺瞻
魏士修,小英
魏士傑,昭士,梓室
魏士前,定如,華山
魏士沖,四印
魏士蘭,念在
魏壽延,仲遠
魏夢賢,良輔
魏夢龍,臥厓
魏大中,孔時,廓園,忠節
魏大名,國賓
魏天應,梅野
魏天祐,德先
魏天賞,崍菴
魏奉古,聰明尉
魏子嵩,健庵,雪亭
魏子平,仲均
魏孝伯,應仲
魏孝友,移可
魏孝壽,魏孝疇
魏孝本,永錫
魏孝璹,公純,高孝璹
魏季偉,碩卿
魏季藩,清野
魏學恆,五銘,玉銘,王銘
魏學曾,惟貫,確菴
魏學洙,子聞
魏學洢,子敬,孝烈先生,長子
魏學渠,子存
魏學濂,內齋,子一
魏學禮,季朗
魏學誠,無偽,齋禮
魏守曾,省圃
魏守誠,山朴,山林
魏安石,介然
魏安行,彥成
魏宏,損之
魏宗訥,景仁
魏定國,慎齋,步于,步於,涉于
魏家驊,員辰,梅蓀
魏容,寬大
魏富,仲禮,重禮
魏實秀,穎超
魏尊德,馨五,馨吾,馨石
魏少翁,儀甫
魏尚志,高斯如
魏尚純,叔誠,嵩麓
魏尚綸,仲一,兩峰,孝恪,東麓
魏屏山,民望
魏巖,嵩禮
魏希佐,以道
魏希徵,子相
魏希文,訓尊
魏希明,誠甫
魏希相,漢卿
魏師遜,必大,成郎,第一百二十五,良翰
魏幾,天隨
魏庠,子秀,李庠
魏庭玉,句濱
魏廣微,外魏公,顯伯
魏廣齡,漢思
魏延祚,綿斯,西源
魏延齡,紹庭,致堂
魏廷勳,可謙,聽禽,顔巷
魏廷博,伯敦
魏廷夔,韶亭
魏廷式,君憲
魏廷掄,殿中
魏廷會,堡堵
魏廷梁,伴山,燕楣
魏廷楫,廷涵
魏廷榮,鉛夫,錦夫
魏廷珍,君弼,君璧,文簡
魏廷瑞,祥卿
魏廷萱,子宜,新川
魏式,大中
魏弘章,廣文
魏弘簡,裕之
魏弜,仲剛
魏弼文,匡甫,霞山
魏彥寶,士君
魏得祥,瑞巷,瑞菴
魏復亨,景陽
魏徴,文貞,玄成,魏鄭公
魏德,開仁
魏德謙,魏悳翁
魏志,幾道
魏志棟,華之,華亭
魏志良,亮採,弼臣
魏忠賢,九千歲,李進忠,魏璫,魏進忠
魏愨,處實
魏慶之,菊莊,醇甫
魏慶雲,非煙,飛公
魏憲,元老,昭度,第景一
魏應昇,石庵
魏應科,贍石
魏懋,覺民
魏懸書,雲榜
魏成德,魏餘慶
魏成憲,寶傳
魏成漢,雲倬
魏扶,相之
魏承柷,季犀,將侯,黃生
魏承班,王承班
魏掞之,元履,子實,艮齋先生,魏挺之
魏搢儒,芷汀
魏攀龍,松濤
魏政,以德
魏敏,健庵,獨善學人
魏敬中,魏建中
魏敬益,士友
魏文傑,近吾
魏文彝,秉中
魏文德,道宗
魏文瀛,荇汀
魏文焲,南台,德章
魏文碧,菊水,遙天
魏文翁,嘉父,果齋先生
魏文翰,春塘,綸閣
魏文魁,玉山布衣
魏新之,德夫,石川
魏方振,宜爾
魏方泰,日乾,魯峯,魯峰
魏昭亮,克明
魏昴,魏昂
魏時亮,上甫,工甫,敬吾,舜卿,莊靖
魏時光,節愍
魏時鉅,子題,石軒
魏晉封,延賞
魏晉臣,子遠
魏晉錫,夢溪,澤漪
魏景,同叟
魏景仁,元德
魏景桐,蔭伯
魏景翁,淸甫,魏累長
魏景釗,大用
魏曰祁,文京
魏曰郁,中峰
魏月如,西園女史
魏有本,伯深,十四,曰深,淺齋
魏有翼,鵬擧
魏有聲,欲甫
魏有齡,孟久
魏朝瑞,延傑,廷傑
魏本唐,又瓶,富春,燮馨
魏杞,南夫,文節,碧溪先生
魏林芳,午楫
魏校,子才,子材,恭簡,李校,莊渠,莊渠先生
魏栩,韓木
魏桐蔭,晉符
魏棟,召亭
魏棨,喬儀,狷齋
魏椿,元壽
魏楚翹,及亭,松芸
魏榮淵,豐溪
魏標,古愚,書青
魏樞,又弼,慎齋
魏樸如,文可
魏次翁,魏及翁
魏正鈺,滙古,琢夫
魏氏(曾布妻),魏玩,魏芷
魏氏(費文妻),正明
魏汝翼,子行
魏河,平軒,本澄
魏泉生,鏡清
魏泰,道輔
魏洵,子美
魏浣初,仲雪
魏涿,燕夫
魏清,友置
魏清之,得一
魏湘,季方
魏源,文淵
魏源溥,仲廓,樂天
魏溥,天如
魏漢津,冲顯處士,嘉晟
魏潼,天樞,虔威,遵令
魏澤,潤德
魏澤潤,露亭
魏澤霖,鶴山
魏澧,汝衡
魏濟民,子仁
魏濤,信卿
魏濬,象涵
魏瀚,九淵,魏翰
魏炳,嘵珊,曉珊
魏炳蔚,文卿,文甫
魏焜棟,荔生
魏煥,原德
魏照乘,仲玖,瑤海
魏熙元,玉岩,玉玲瓏館主人,蘆舫
魏燮,彥密
魏燮均,公隱,子亨,芷庭
魏牧,舜咨
魏玄同,和初,魏元同
魏玉洪,子鈞
魏王官,龍溪
魏玒,秉德
魏玠,德潤
魏珩如,白叔
魏珽,直甫
魏琮,廷玉
魏琯,昭華
魏琰,子浩
魏璋,西圃,西浦
魏璞,不琢,魏樸,魏處士
魏璠,玉峯,邦彥,靖肅
魏璧文,子穀,藍田
魏璽,朝章
魏瓊,予石,磻湖
魏瓘,用之
魏男,虞州
魏留先,漢司,漢良
魏盈,謙谷
魏相,弱翁
魏真宰,魏元忠
魏睦庭,諧堂
魏矞,貫通,貫道
魏矼,邦達
魏祥,伯子,善伯,魏際瑞
魏祥珍,湘紋,玉芝
魏禧,允禧,冰叔,冰叔先生,凝叔,勺庭,勺庭先生,叔子,叔子先生,擁曝軒,易堂,芍庭,裕齋,魏益禧,魏際昌
魏禮,吾廬,和公,季子
魏秀仁,子安,子敦,眠鶴山人
魏秀琦,挺生,茗笙
魏秉,執中
魏秉銓,垌白
魏立,又痴,禮庭
魏篤,厚菴
魏純臣,篤棐
魏紳,廷佩
魏紹,承之
魏紹源,星來
魏經國,僖恪
魏綰,帝臣,犀文
魏綸,時濟
魏緗,翰青,蕓軒
魏繼宗,大壑,子亢
魏繼相,半芉
魏羅渾,威洛洪
魏羽,垂天
魏耕,楚白,白衣,野夫
魏聯奎,文垣,星五
魏良勛,麗亭
魏良器,師顏,藥湖,藥湖先生
魏良弼,師說,忠簡,思說,水洲
魏良政,師伊
魏良知,師堯
魏良臣,以忠,小恪
魏良貴,及齋,師孟
魏良輔,師召,次子,此齋
魏英,士華,赧古
魏茂,彥明
魏茂林,笛生,蘭懷老人,賓門
魏范,希文
魏菁,明之
魏華存,南嶽魏夫人,賢安
魏蕙畹,筱蘭
魏藻德,思令,淸躬
魏蘭汀,夢香,應蘭
魏處厚,匡時
魏處恭,嘉甫
魏行可,當時
魏衛,廓功
魏裔介,兼濟堂,崑林,嶼舫,文毅,昆林,槐嶺山人,樗林,石生,素心居,蝶庵,蝶庵山人,貞安,貞庵,貞白,貞菴,鑑湖草堂
魏裳,潤甫,蘭川子,順甫
魏襄,曾頌,贊卿
魏覃,懷人
魏觀,已孫,木巳山,杞山,起山,魏巳孫
魏訥,尚默
魏說,肖生
魏誼,義甫
魏諤,冲寰,直卿
魏謙光,益之
魏謙升,无无居士,滋伯,雨人
魏謙吉,子惠,槐川
魏謩,申之
魏象乾,六一,子健
魏象先,太易
魏象彩,樸齋
魏象樞,寒松堂,寒松老人,崑林,庸齋,敏果,環極,環溪
魏象胤,亢宗,明陽
魏貞,正己
魏起,啟潛
魏起鵬,少程,理城
魏越翁,純甫
魏近思,己齋,求己
魏迺勷,吟舫,次皋
魏通,擇之
魏連旋,北垣
魏運開,二華,啟元
魏邈,仲方
魏邦彥,載田
魏邦達,壽明,實甫
魏郁,周文
魏郎仁,希義
魏都,虞城
魏野,仲先,草堂居士
魏銀河,星槎,秋浦
魏銑,澤菴
魏銘,日新
魏錢年,雲坡
魏錫曾,稼孫
魏錫經,牧廳
魏鎮瀚,小山
魏閑,淸逸處士,雲夫
魏閥,明閱
魏際瑞,伯子,善伯,四此堂,東房,魏祥
魏雙鳳,雝伯
魏雲,雲從
魏雲中,定遠
魏雲桂,屏山,香嵒
魏雲瑞,祥卿
魏雲霄,子冲
魏雷,子鳴
魏需,加舉,君舉
魏靖,昭緒
魏革,魏苹,魏華
魏頊,遵聖
魏顥,魏炎,魏萬
魏養蒙,以貞,惺吾
魏駿猷,佩蘅,敬輿
魏驥,仲房,仲芳,南齋,文靖
魏體明,瀛江,用晦
魏鳳儀,秋江
魏鶴齡,雲卿
魏麐徵,蒼石
魏默,本純
魏齡,香士
魚世恭,子敬,襄肅
魚世謙,子益,文貞,西川
魚侃,包老,希直
魚元傅,東川,虞岩,虞巖
魚又玄,虞有賢
魚周詢,裕之
魚孝瞻,文孝,萬從,龜川
魚季瑄,瑄之
魚崇諒,仲益,魚崇遠
魚得江,子游,子舜,渾沌山人,灌圃堂
魚承瞌,魚瞌
魚文陞,魁三
魚有沼,子游,貞莊
魚有鳳,杞園,舜瑞
魚有龍,景雨,靖憲
魚有龜,兢齋,翼獻,聖則
魚泳濬,彦深
魚潛,德昭
魚玄機,幼微,蕙蘭,魚元機
魚翼,振南,樗叟,烏目山樵
魚變甲,子先,綿谷
魚雲海,景遊,荷潭
魚震翼,翼之,謙齋
魚鸞翔,僊騶,聞齋
魯一同,白耷山人,蘭岑,通父,通甫
魯世任,媿尹,忠節
魯之璵,瑟若
魯之茂,雪村
魯之裕,亮儕,偉堂
魯九皋,九皐,山木,山木居士,挈非,棲靈山房,樂廬,絜非,翠巖,魯仕驥
魯交,叔達
魯仁圻,元長
魯仕能,時舉
魯修,志敏
魯傑,卓泉
魯元寵,青海
魯元華,西擎
魯元錫,晋侯
魯克恭,伯敬
魯可幾(字),可幾
魯唯,聲傅
魯啓聖,公望
魯嗣光,習之,韓門
魯嘉,亨卿
魯器,容可
魯國賢,賓臣
魯垂紳,佩書,服齋
魯士俊,灼三
魯士瀛,六舟
魯壽寧,景修,景脩
魯壽松,念峩
魯如崗,竹齊,竹齋
魯孔孫,千巖,得之,魯山
魯學瀚,匯川,敬亭
魯安仁,榮陞
魯宗渠,壽湖
魯宗禮,秉笙
魯宗藻,壽湖
魯宗道,剛簡,肅簡,貫之
魯宗顏,潛甫
魯崇吉,長子,養性學者
魯崇志,崇志,懋功,次子
魯布哩孫達哩,果壯
魯廷臣,贊元
魯廷芝,瑤池
魯弼,曾弼
魯彭,商年
魯得之,千巖,孔孫,得之,魯山
魯德升,敬侯
魯憲學,爾章
魯應龍,子謙
魯懋,虞懋
魯成龍,在田,雲崖
魯承齡,子久
魯敬復,子嚴
魯文,文明
魯昂,廷瞻
魯晉,仲珊,子厚
魯曰都,仲賡
魯曾煜,啟人,朱曾煜,秋塍
魯有恆,守迂
魯有開,元翰,魯名開
魯期昌,人啟
魯栗,季栗,韋庵
魯模,介庵,樹生
魯氏,堅行
魯永清,端本
魯治,岐雲
魯治亢,用謙
魯淵,道源
魯湘,蘭舟
魯湘芝,慕班
魯潢,守原,渭川,緯躔
魯潤章,澤之,麗川
魯灝,景梁
魯炳枚,廷卜,霽堂
魯玕,魯幵
魯琪光,芝友
魯瑗,廷玉
魯璠,璵公
魯用,若用
魯百能,魯伯能
魯穆,希文,端毅,魯鐵面
魯竇,允冻
魯綸,孔言
魯繽,賓之,靜生
魯美,里仁
魯習之,心齊,心齋
魯能,千之
魯膺泰,佩蘭,福亭
魯英,教齋
魯華祝,劭侖
魯蕡,仲實,太瘦生
魯藩,達生
魯蘭仙,靈香
魯蘭枝,南畹,德馨
魯衛,一莊,石朋
魯觀國,秋圃,秋浦
魯訓,述之
魯訔,冷齋,季卿,季欽
魯詧,如晦
魯詹,巨山
魯誠,文明
魯論,孔璧
魯譪吉,依庭,儀庭
魯貞,起元
魯贊元,魯治亢
魯超,文遠,謙庵,謙菴
魯越凡,錫廷
魯逢其,大源
魯連城,聯卿
魯逵,香蕖
魯遇恩,近宸
魯邦彥,朝選
魯錦,文叔
魯錫恩,曾錫恩
魯鍾英,冠千
魯鐸,振之,文恪,甦橘山人
魯鑄,宗洙
魯鑑,文瑞
魯集,仲集
魯震,夢霆
魯鳳輝,瑞峯
魯鴻,汝信
魯鵬,幼峰,翥亭
魯鵬翮,梧齋
魯點,子與,樂同
魯鼎,懷之
鮑上傳,幼宣
鮑上宗,仲銘,樗癭叟
鮑上觀,棣庵,鏡堂
鮑之芬,佩芳,浣雲,藥繽
鮑之芳,蘭生
鮑之蕙,仲姒,姬香,茝香
鮑之蘭,畹芬,畹芳
鮑之鍾,禮鳧,雅堂
鮑亮宣,春圃
鮑介然,全叔
鮑份,叔冶
鮑佩珍,文玉,澄碧軒主人
鮑俊德,日新,明叔
鮑倚雲,薇省,蘇亭,退餘
鮑元康,仲安
鮑元臣,文瑞
鮑兆瑞,次玉
鮑兆秀,俊民
鮑光猷,立勳
鮑光甸,治南
鮑光祖,克紹
鮑克寬,栗之
鮑凝,廷謐,謐齋
鮑勖,伯荀,松園
鮑勳,凱臣
鮑升之,國瑞
鮑印,尊古
鮑友智,臨川,蘭舟
鮑台,石芝
鮑同仁,國良
鮑同孫,子遠,第重二
鮑君徽,文姫
鮑君福,慶臣
鮑吳條,挴天,梅田
鮑周,景文
鮑啟洤,逢原
鮑善基,悔初居士,東莊,致高
鮑喬,九萬,仲遷,第十一,雲翼
鮑嘉孚,子信
鮑嘉翕,習滋
鮑國探,卜臣
鮑國琛,卜臣
鮑垿,迪堂
鮑壄,份甫,鮑楙
鮑士貞,固叔
鮑壽孫,子壽,雲松
鮑夔生,子韶,鐏齋
鮑天祐,吉甫
鮑奇謨,赤城
鮑存曉,寅初
鮑存軾,青娥
鮑孟英,惟醇,瞻魯
鮑安國,彥時
鮑安行,景華,棣郎,第十三,聖時
鮑完澤,信卿
鮑宗巖,傅叔
鮑宗師,從聖
鮑宗沂,志同
鮑尚伊,子任
鮑居坥,怡齊
鮑居垣,怡齋
鮑居恆,怡齋
鮑峻,清譽
鮑崇洛,心潭
鮑希顏,聞道
鮑庭桂,仲華
鮑廷博,世傳陳編之家,以文,困學齋,寶繪堂,得閒居士,援鶉居士,淥飲,知不足齋,綠飲,花韻軒,賜書堂,通介叟,通介居士,青柯亭,鮑夕陽
鮑彪,文虎
鮑復泰,修來,匯亭
鮑德成,文化
鮑德麟,祥士
鮑心培,養庭
鮑心增,潤漪
鮑志周,景濂
鮑志道,肯園,誠一
鮑恂,中孚,仲孚,西溪先生
鮑恩暄,春卿,煦齋
鮑恩祺,雲友
鮑恩綏,印亭
鮑恩綬,印亭,少蘭
鮑惟幾,與權
鮑惟時,少明
鮑慎履,信正,洗孫,眾仲,第五
鮑應豐,麗中
鮑應霖,雲門
鮑應鰲,中素,山甫
鮑應鳴,子琴
鮑懷禮,章甫
鮑成龍,禹門
鮑承燾,朗如
鮑承蔭,子傳
鮑振飛,鷺江
鮑敘廉,汝介
鮑敬,原禮
鮑文弘,士可
鮑文淳,粹然,馨山,鮑廷淳,鮑文湻
鮑文芸,伴香
鮑文逵,野雲,鴻起
鮑昌,禹聞
鮑昭,明遠,鮑照
鮑昱,季明
鮑時基,徵敘,敘眉
鮑晟,竺生
鮑松,懋承,鈍菴
鮑桂星,琴舫,覺生,雙五,雙湖
鮑梓,敬亭
鮑椿,壽夫
鮑楙,份甫,鮑壄
鮑步墀,聯甫,蓬船
鮑永,心齋
鮑汝漳,子浩
鮑淑媚,詠洲
鮑淑湄,詠洲
鮑深,伯原
鮑湧泉,澤川
鮑源深,澹庵,穆堂,花潭,華潭,補竹軒,邃川,釀齋
鮑溶,德源,楚客
鮑漱芳,席芬
鮑潚,淸卿,清卿
鮑澧,又東
鮑濬,少封
鮑為霖,奏雲,聽樵
鮑照,明遠
鮑熲,尚絅
鮑燦,時明
鮑王輦,重器
鮑珊,滄碧,鐵帆
鮑琚,德彰
鮑琪豹,惠人
鮑瑚,崑琳
鮑瑞駿,桐舟
鮑璋,二十,德卿
鮑由,欽止,鮑慎由
鮑當,平子,鮑詩人
鮑皋,步江,海門
鮑祖幹,洗桐
鮑祖彪,曼殊
鮑祖文,獻夫
鮑祖武,承夫
鮑祖雋,雲林
鮑立然,亭表
鮑粹然,醇父
鮑維翰,畢林
鮑繼培,善之
鮑翰卿,小階,建屏,挺齋
鮑臨,敦夫,敦甫
鮑興,雄飛
鮑芳倩,蘭畹
鮑芳蒨,蘭畹
鮑若雨,商霖,敬亭先生
鮑英,育之
鮑葉,君茂
鮑蕃,公衍
鮑蕊珠,瑞香
鮑薦,釜源
鮑蘋香,幼蓉
鮑袓文,獻夫
鮑觀,以仁
鮑觀堂,近光
鮑詩,令暉
鮑誠堉,亦仙,亦汕
鮑謙,益甫
鮑象賢,復之,思菴,鮑象贒
鮑貴卿,廷九
鮑起正,丹忱
鮑超,忠壯,春亭,春霆
鮑輗,以行
鮑輝,淑大,溫之
鮑逢乙,丙先
鮑逢仁,聖若
鮑逢千,萬先
鮑道明,三峰,行之
鮑釗,載康
鮑鉁,亞谷,俊逸亭,冠亭,夢崦居士,寧圃,小簇園,待翁,西岡,辛圃,辛浦,道腴堂,雙溪
鮑錫年,介堂,兆豐
鮑鍾銓,心受
鮑鎣,筱盦
鮑鎮,靖之
鮑開茂,夏生,素垣
鮑防,子慎
鮑雲龍,景翔,魯齋
鮑青,青子
鮑青躬,永厚
鮑靚,太玄
鮑魁,翰宣
鮑魯卿,景曾
鮑鳯,鳴岐
鮑鳳仞,子千,鐵岩
鮑麒,仲瑞
鮑麟徵,定周
鮑龍,時化
鮮于侁,子駿
鮮于去矜,必仁,苦齋
鮮于向,仲通
鮮于廉,庭誨
鮮于廣,大任
鮮于樞,困學民,西溪子
鮮于正俗,鮮于匡俗
鮮于浹,仲潤,文簡,遯菴
鮮于端,文肅
鮮于綽,大受
鮮于群,無黨
鮮于薰,鑑齋
鮮于鳳,僧鸞
鮮俊英,華甫
鮮冕,文卿
鮮卑仲吉,慶仲
鮮景韓,仲愈
鮮榮,居仁
鮮騰,頑之
鲁迅,周树人,周豫才,豫才,豫山,庚辰,自树,唐俟,巴人,何家干,乐雯,洛文,游光,葛何德,封余,俟堂
鲍旍,表之
鲍綸,鲍倫
鲍說,希傅
鳯梨酥,蘭芳
鳳全,威愍,茀堂,輔堂
鳳英,彥臣
鳳覲宸,秋白,竹塘,退盦
鳳觀宸,竹塘
鳳錫綸,天石,芝函
鳳韶,德隆
鴻鈺,松溪
鶴年,芝仙
鹿丕宗,壯節,炢人,瑞芝樓,簡堂
鹿久徵,子誠
鹿伯虎,文卿
鹿何,伯可
鹿傅洵,又泉
鹿傳霖,文端,滋軒,芝軒,迂叟
鹿化麟,仁卿
鹿善繼,乾獄,伯順,忠節
鹿嘉孫,亨卿
鹿學良,子明,穗儕,遂儕,遂齋
鹿宗文,陝西
鹿昌運,會之
鹿汝弼,國器
鹿汝明,國器,國強
鹿澤長,春如
鹿瀛理,喬笙,安仲
鹿祐,有上,蘭皋
鹿維基,定宇,篔谷
鹿維寧,懷岑
鹿若瀛,一峯
鹿荃,馥園
鹿虔扆,祿虔扆
鹿賓,鳴嘉
鹿邁祖,南皋,紹文,紹聞
鹿開,必先
鹿驄豫,介石
麋師旦,周卿,猪哥,第百八,辛兒
麋弇,仲昭,省齋
麋溧,子長
麋登,伯升
麋鍇,公範,知止居士
麒慶,玉符
麒麟寶,麒麟保
麗貴娘,咒子
麟光,石蓮,筆春
麟吉,天石,子鶴
麟書,芝葊
麟桂,月舫
麟魁,梅谷
麥又桂,獨醒老人,芳蘭
麥子淳,寧州,寧洲
麥孟華,孺博,蟠庵,駕孟
麥寶常,慎先,蘊碩
麥文貴,敬存
麥春芳,元實
麥澂,元濬
麥烈芳,耕餘
麥祥,天吉,蘭村
麥福,升菴,天錫
麥而炫,章闇
麥芬,勉亭
麥錫良,其弼,雨岩
麥霖,德沛
麥鴻鈞,惠農
麯昭,麯昭袓
麴信,多信
麴祥,元貴,景得,景德,景福,麯祥
麴詳,元貴,景德
麹昭祖,麹昭
麹舉,峻之,忠公
麻僖,立軒
麻允寶,公秀
麻勒吉,馬中驥
麻學謙,靜庵
麻察,桓武
麻承勛,麻承勳
麻承宗,烈愍
麻昭伯,天一
麻某,老麻
麻永吉,伯眞,伯貞,慶川
麻溶,明之
麻漳,汝淸
麻濟邦,子忠
麻瀛,登之
麻維紀,卓盦
麻維綱,立齋
麻革,信之,貽溪
黃㦿,子由,漫浪
黃㽦,子耕,復齋
黃一夏,子羽
黃一清,清夫,秋江
黃一皓,忠烈,翼就,芝所
黃一道,唯夫
黃一鐸,公路
黃一震,聲道
黃一騰,仲昇,問瞿,鳳衢
黃一鳳,時鳴,聲元
黃一鶚,公升
黃一龍,雲卿
黃三略,介岡
黃三益,宗友
黃三讓,子謙
黃不欺,英甫
黃丕基,瞻弼,肯堂
黃丕烈,一陽更生,佞宋主人,佞宋居士,儀宋堂,冬蕙山房,半恕道人,員嶠主人,士禮居,太白堂,太白樓,學圃堂,學山海居,學耕堂,宋廛一翁,小千頃堂,小茭蘆館,廿止醒人,復初氏,復翁,復見心翁,復齋,懸橋小隱,抱守老人,昭武,民山山民,求古居,求古居士,獨樹逸翁,癸未人,百宋一廛,知非子,石泉古舍,碧雲羣玉之居,秋淸居士,秋淸逸叟,秋淸逸士,紅椒山館,紹武,紹甫,老蕘
黃世仲,小配,棣蓀,禺山世次郎
黃世俊,艾邨
黃世周,鬱文
黃世喆,曉谷,玉江
黃世楨,周卿,霽谷
黃世榮,蝯叟,闇伯,雲華
黃世法,尚典,恂齋
黃世清,澄海
黃世瀛,蓬洲
黃世煦,杏樵
黃世熺,止峰,江村,爾功
黃世發,成憲
黃世礽,浚初,雲孫
黃世科,子登
黃世經,時濟
黃世銘,瀛帆,賓實
黃丙炎,文炳,純宗
黃中,文卿
黃中傑,俊民,嵰芝,秉芝,謙之
黃中堅,授孫,蓄齋,震孫
黃中庸,長行
黃中德,觀成
黃中模,範亭,習之
黃中澹,元常
黃中理,逢泰
黃中琦,奇玉
黃中瓚,瑟菴,黃晉洺
黃中立,少度,無立
黃中美,文昭
黃中色,元采
黃中輔,槐卿,細高居士
黃丹垣,潤亭
黃丹書,廷受,廷授,聽雨樓,胡桃齋,虛舟,鴻雪齋
黃之俊,君籲,端峰
黃之望,子萬
黃之柔,玉琴,靜宜
黃之樑,子範
黃之模,子範
黃之淑,耕畹,蘭娵老人
黃之澍,雨春,雨香
黃之瀾,春江
黃之璧,白仲
黃之純,不己
黃之雋,之隽,右牧,石牧,石翁,老牧,若木,詩境齋,黃兆森
黃乘龍,在田
黃乙生,小仲
黃九成,子韶
黃九皐,十一,汝鳴
黃九衢,伯路
黃乾亨,汝亨,汝夏
黃乾瑋,兢生
黃乾行,叔陽
黃于郊,君麟,復初
黃于麻,概鼗,用草
黃亞仲,幾叟
黃亢,淸臣
黃京,華叔,葉叔
黃亮,功甫
黃亮可,翁期
黃人,慕庵,慕韓,摩西
黃人傑,叔萬
黃仁,研北,硯北
黃仁儉,約之
黃仁勇,智皆
黃仁山,元靜
黃仁惠,廷敷,黃仁蕙
黃仁桂,夢元
黃仁榮,堅叟,釋之
黃仁菼,公勇,漱蘭
黃仁靜,仲山
黃介,幾復
黃仍玉,拜石道人,隱齋,雲沼
黃仕儁,廷臣
黃仙根,亞圩,芥圃
黃仙浩,聞遠
黃以周,儆孚,儆季,元同,哉生,女興藝室,經纂,黃元同
黃以寧,宗一
黃以巽,人農,儆仲
黃以忱,伯欽
黃以恭,質庭
黃以斌,履之,簧之,覆之
黃以旂,蛟門
黃以正,緗成
黃以牧,黃牧
黃以祚,若周
黃以翼,宗臺
黃仲元,善甫,四如,天叟
黃仲堪,覺民
黃仲容,雪蕉
黃仲庸,允中
黃仲本,復齋
黃仲炎,若晦
黃仲熊,非熊
黃仲瑛,韻香
黃仲芳,時茂
黃仲通,黃正
黃仲騏,正夫
黃任,于莘,十研先生,十硯先生,十硯老人,於莘,莘田,萃田
黃任榮,擇之
黃任萬,敬亭
黃企昭,文超
黃休泰,啟大
黃伯和,中立
黃伯固,德常
黃伯垓,鵬遠
黃伯思,長睿,雲林子
黃伯恩,紫綬
黃伯荄,秀發
黃伸,彦發
黃似瑤,三峿,三晤
黃佐,才伯,文裕,材伯,泰泉,泰泉先生
黃佐之,繼周
黃佑,啟彬,素堂
黃何,景蕭
黃佛頤,慈博,慈溪
黃作孚,汝從
黃作霖,甫泉,雨亭,雨泉
黃佳杭愛,勤襄,章佳杭愛
黃侃,季剛,量守居士
黃俊熙,籲門,績卿
黃俊良,仲擧,錦溪
黃俌,汝脩
黃保全,平齋
黃保大,和卿
黃俞,堯咨
黃信,子厚
黃信龜,錫汝
黃修,之遠
黃修中,懋德
黃修娟,媚淸
黃修溥,伊在
黃倫,念蔚
黃倬,介園,恕皆,恕階
黃倬雲,少伯
黃偉,時俊
黃傅,夢弼,黃傳,黃溥
黃傅康,夢得
黃傅紳,搢掑,搢撕,搢祺
黃傑,士英
黃備,仲該
黃傳琢,瓊嫫,聲之
黃傳祁,仲蘇,子莊,少溪
黃傳禮,笠蕓,鏡昭
黃儀,象卿
黃儀鳳,梧岡
黃儒荃,古漁
黃儔,書田
黃允中,執齋,宗鐸
黃允升,晉之
黃允吉,友松堂,吉哉
黃允恭,敬翁
黃允芪,秀圃
黃允謙,汝益
黃元,亮采,梅岑
黃元之,子新
黃元俊,黃士俊
黃元勛,宗甫,明宇
黃元吉,伯裳
黃元善,讓卿
黃元培,載園
黃元實,廷美
黃元寬,栗夫
黃元弼,靖國
黃元御,坤載
黃元恭,十三,資禮
黃元成,梅塘
黃元承,子厚
黃元文,蓉卿,裳吉
黃元春,太族,太簇
黃元會,經甫,陽平
黃元植,因培,葆山
黃元淳,朴齋
黃元淵,君翊
黃元炳,星若
黃元白,少岷,用章
黃元芝,商齡,沅芷
黃元衡,姜元衡,玉璿
黃元鐸,儆菴,振鷺,覺山
黃元驥,天馭,德臣
黃兆奎,星五
黃兆岷,慎修,藝山
黃兆昇,宗華
黃兆槐,植之,靜軒
黃兆檉,子盾
黃兆臺,柱坪
黃兆藻,慨予
黃兆隆,懋德
黃兆麟,子郊,黻卿
黃兆鼎,維九,維方,雒九
黃先瑜,瑩庵,璞山,韞之
黃先鐸,竟夫,覺大,覺天,覺夫
黃光宗,黃元宗
黃光庭,庭烈
黃光弼,元翰,黃士傑
黃光彬,允中
黃光昇,恭肅,明擧,明舉,葵峯
黃光業,序其,雲庵
黃光焯,槐江
黃光試,斗淵
黃克仁,己任
黃克守,守正
黃克念,希倩
黃克晦,吾野,孔昭
黃克纘,紹夫
黃克顯,去非,夫非
黃兑,説道
黃全初,性甫
黃公俊,子彥
黃公器,安仁
黃公定,春卿
黃公度,師憲,知稼翁
黃公廙,恭臣
黃公望,一峯,大癡,子久
黃公概,平世
黃公槐,仲炎
黃公立,子卓
黃公紹,直翁
黃公舉,保之
黃公虞,仁仲
黃公謹,欽之
黃公輔,振璽,春溥
黃六鴻,子止
黃其林,仰岑
黃其表,正邦,雲峰
黃冔,殷士
黃冕,服周
黃冲,季中
黃凌雲,飛翰
黃凝道,懋德
黃凱,半凡,南軒
黃凱鈞,南薰,退庵
黃初,明復
黃利中,義先
黃利觀,實甫,竹人
黃利通,懷亭,曉夫,梧岡
黃則,宗德
黃則忠,孝仲
黃力敘,梅堂
黃勛,有功
黃勤瑾,瑜友
黃勳,守勳,龍山
黃匀,鈞可
黃匪躬,昌朝
黃匯,元澤
黃千能,必強
黃千里,及之
黃升,孚庵
黃午,子華
黃卓,先之,德美
黃卓元,吉裳,立齋
黃卓羣,子柳
黃協塤,夢畹,式權
黃南叔,叔桑
黃占奎,甫軒,靜軒
黃卬,爻資,迥谷,堯咨
黃印,廷章
黃卷,雙川
黃卺,承烈
黃卿,時庸,海亭
黃卿夔,堯卿
黃原隆,雲卿
黃去(圭丙),安若
黃去咎,無過
黃去圭,安若
黃友,龍友
黃友召,兩堂
黃友壬,千一,謙益
黃友濤,霄齋
黃友琴,美心
黃友誼,思正,翰卿
黃叔夏,嗣功
黃叔敖,嗣深,嗣源
黃叔燦,牧村,金臺
黃叔獻,天民
黃叔琪,果齋
黃叔琬,玉圃
黃叔琳,北平先生,北平黃先生,宏獻,崑圃,弘獻,研北,萬卷樓,養素堂
黃叔璥,玉圃,篤齋
黃叔美,河淸
黃叔英,彥貫,彦貫
黃叔豐,元吉
黃叔達,知命
黃叔雅,仲正
黃古心,魯子
黃可,不可
黃可久,出塵道人,柳溪
黃可大,士弘
黃吉,子修
黃同,學古
黃向,未庵,疇九
黃向堅,端木
黃君俞,庭僉
黃君鉅,丹崖,仲尊
黃呂,鳳六山人
黃呈蘭,秋畹
黃周,仲文
黃周星,九煙,景虞
黃咸寶,稼軒,緣軒
黃哲,庸之,雪蓬,雪蓬先生
黃唐,信厚,雍父
黃唐佐,堯臣
黃唐俊,堯章
黃唐傳,堯翁
黃商衡,景淑
黃問,伯素
黃啓,宇大,德玉
黃啓宗,肇之
黃啓沃,傳翰,草谷
黃啟,宇大,德玉,第萬四四,黃啓
黃啟宗,子城
黃啟甲,甘林,辛也
黃啟興,石香
黃善,子韶
黃善身,士修
黃喜,厖村,懼夫,翼成
黃喬桂,廷黼,香岩
黃喬翼,善甫
黃嗣廉,景第,景美
黃嗣徽,琴友
黃嗣東,小魯
黃嗣翊,心畬
黃嘉,季雅
黃嘉善,惟尚
黃嘉會,伯通
黃嘉楙,向榮
黃嘉爾,叔希,鑒德
黃嘉猷,端蕃
黃嘉瑞,耦梅
黃嘉穀,福出,福田
黃嘉端,擷蘅
黃嘉縉,季振,樂元
黃嘉賓,子揚
黃因璉,東秀
黃囦,伯定,城定
黃國信,道元
黃國光,尚賓
黃國卿,十五,君任,董國卿
黃國均,潤之
黃國堯,聰軒
黃國樑,髻峯
黃國泰,陛交
黃國琦,五湖,石公
黃國瑄,凝齋,秦生
黃國瑾,公瑕,再同,再桐,訓真書屋
黃國用,良弼
黃國相,輔之
黃國聖,宣遠
黃國華,良實
黃國銓,慧青
黃國鼎,九石,敦柱
黃圖南,滄秋
黃圖成,伯西
黃圖昇,孟起
黃圖昌,慎庵
黃圖泌,焦憲
黃圖珌,容之,蕉窗居士
黃在中,溯從
黃在瓚,瑟玉
黃在郊,東泉
黃圭,唐佐
黃圻,朝寰
黃均,穀原,香疇
黃均隆,冊庵,策庵
黃坤剛,金科
黃坦,明寬
黃垍,子厚,澂庵
黃垓,十經,節庵
黃垣,治平
黃埏,丹心,東谷
黃域,益之
黃執矩,才用
黃培,叔通
黃培基,小山
黃培岑,小山
黃培棻,馨水
黃培榮,桂普
黃培燦,桂普
黃培爃,桂普
黃培芳,子實,香石
黃基,兼定,紹堂
黃堂,紀南
黃堅,如余
黃堯彩,嗣眉
黃報廷,祉安,退庵
黃塏,顯翁
黃塤,叔和
黃塨,肅倩
黃墉,庸之
黃增福,厚葊
黃墱,元登
黃壔,黃君澤
黃士俊,光奎,子乂
黃士傑,子長
黃士吉,岷嶽
黃士塏,甘泉
黃士塤,伯和,瀛山
黃士壎,伯和,瀛山
黃士奕,汝能
黃士宏,時用
黃士度,維則
黃士廉,光榮,子淸
黃士毅,壼山,子洪
黃士清,仲通
黃士瀛,仙嶠
黃士特,仲誼
黃士珍,素立
黃士珣,扣翁,薌泉
黃士瑍,秩玉
黃士祐,國輔,慵軒
黃士章,從伯
黃士良,子善
黃士藻,玉菴
黃士觀,國光
黃士謹,惺然
黃士貴,璧仲
黃士達,可軒
黃士錦,文濬
黃士陵,倦叟,枚父,牧甫,穆甫
黃士麒,天呈
黃士龍,天偉
黃壽垚,景唐
黃壽曾,念耘,硯雲
黃壽生,行中
黃壽英,菊秋
黃壽袞,小冲,補臣
黃壽鳳,同叔,桐叔
黃壽齡,挺山
黃夏卿,揚錫
黃夔,靜樂
黃夢冠,君冕,黃夢魁
黃夢履,信甫,元禮,誠叔
黃夢庚,希白
黃夢應,汝大
黃夢攸,伯荀
黃夢松,仲植
黃夢榦,祖勉
黃夢炎,子陽
黃夢穎,秀實
黃夢薦,子雲,興哥
黃夢起,子龍
黃夢鑑,景文
黃夢雷,震夫
黃夢高,崇甫
黃夢麟,硯芝
黃夢龍,順卿
黃大中,應之
黃大任,子曾
黃大受,毅愍,汝粹
黃大名,榮閣
黃大坤,松圃
黃大塊,燦岩
黃大壎,棣齋
黃大年,華川,象椿
黃大廉,潔甫
黃大德,剋成,梅峰
黃大明,東之
黃大楨,子堅
黃大源,與潔
黃大琨,信孚,子靖
黃大節,庭翠,思立,斯立
黃大經,道卿
黃大聲,特才
黃大臨,元明,寅菴
黃大華,伯子,紅豆夢中人,鞠友
黃大蘇,亦眉
黃大輿,載萬
黃大鎮,岳五
黃大鵬,文若
黃大鶴,子皋,芝山
黃天保,受祿
黃天廕,袛承
黃天澤,德潤
黃天相,星垣,漢昭,質夫
黃天麟,厚翁,愚泉
黃太榮,子華,目華,自華
黃夷簡,明舉
黃奇孫,竹素,行素
黃奇豐額,容雅堂,麗川
黃奎,省齋
黃奎光,黃山
黃奕,子山
黃奕瑞,仰岱,圭峰,輯甸
黃奭,君畏,鷺汀
黃好信,任道
黃好謙,幾道
黃如愚,秋卿
黃如文,元振
黃如桂,德馨
黃如瑾,劬雲,昆瞻,聿修
黃如金,孝武,希武
黃姫水,淳父
黃婉琳,潤儀
黃婉璚,婉瓊,葆儀
黃媛介,皆令
黃媛宜,素安
黃媛貞,皆德
黃嫻,叔娟
黃子善,元夫
黃子張,調叔
黃子椿,仲莊
黃子游,叔偃
黃子澄,子澄,湜以,節愍
黃子稜,元威
黃子美,尚含
黃子行,蓬甕
黃子諒,彦質
黃子野,仲侯
黃子鈞,和叟
黃子錫,復仲,麗農
黃子雲,士龍,野鴻
黃子高,叔立,知稼軒,石溪,石谿
黃子麟,麒卿
黃孔光,晦叔
黃孔昭,世顯
黃字鴻,孝昭夫人,鴻耀,黃鴻
黃孚,文中
黃孝先,子思
黃孝則,誠夫
黃孝恭,子温
黃孝源,子永,少原,襄平
黃孝獻,叔貢,愼齋,玄翁,蓄翁
黃孝綽,公裕,潛山叟
黃孟永,升父,景芳
黃孟獻,昭養,月軒,魯卿
黃季倫,季倫,淳齋
黃季瑞,宗和
黃季長,季長
黃孫懋,忝齋,訓昭
黃孫茂,雲來
黃學久,心泉
黃學海,宗于
黃學皋,習之
黃學行,上父
黃學詩,起我
黃學顏,子愚
黃孽,希舜
黃宅中,惺齋,治宇,遠村
黃守,問之
黃守訓,黃守信
黃守謙,君有
黃守身,懦夫,烈成,秀孝
黃安之,仁甫
黃安淳,樸亭
黃安濤,凝輿,霽青
黃安瀾,亦香
黃安綬,蒨園
黃宋昌,成之
黃宋祥,恭叔,黃宋彊
黃宋翰,元侯
黃宋英,子有
黃宋隆,國卿
黃宏,達之
黃宏子,碩甫,良甫
黃宏宇,震祥
黃宗,廷禮
黃宗仁,中齋,榮甫
黃宗器,板橋
黃宗度,矩齋
黃宗庭,學仁
黃宗彥,菊人
黃宗憲,叔美
黃宗旦,叔才
黃宗昌,長倩
黃宗明,致齋,薛宗明,誠甫
黃宗晦,克復
黃宗會,之者,澤望,石田先生,縮齋
黃宗槩,時節
黃宗海,大進,朽淺
黃宗漢,坡友,壽臣,季雲,恕堂
黃宗炎,二晦,二晦山棲,晦木,晦本,立溪,立谿,立谿先生,養晦,鷓鴣,鷓鴣先生
黃宗羲,南雷,南雷先生,古藏室史臣,太冲,德冰,文孝,文孝先生,梨洲,梨洲先生,石庫,續鈔堂,證人堂長,雙瀑院住持,黎洲
黃宗諒,仲友
黃宗起,懶霞,韓欽
黃宗載,黃垕
黃宙,由仲
黃定,泰之
黃定常,品山
黃定文,仲友,東井
黃定蘭,楚生,紉佩
黃定豐,相齋
黃定齊,克家,蒙莊
黃宜,誼甫
黃宜之,子君,義門
黃宜泰,蘭岩
黃宣,仲卿
黃宮柱,擎菴
黃家岱,鎮青
黃家棟,國隆
黃家聲,振夫,筿原
黃家舒,漢臣
黃家駒,筱原
黃家鳳,九簫,澹園
黃家麟,哲生,寶田
黃家鼎,俊生,駿孫
黃宸,景州,長嘯生
黃容,周蔭,國佐,聲叔
黃寅,仙村,虎臣
黃富民,小田,萍軒
黃寔,右之
黃實,公是,師是
黃寬,汝栗
黃寯,世用
黃寳,仲瑤,隆谿
黃寶,廷用
黃封,伯勳
黃尊古,曠亭
黃尊素,忠端,白安,眞長
黃對揚,賡堂
黃小琴,梅仙
黃尚質,宗商,龍岡
黃居中,明立,海鶴,立父
黃居寀,伯鸞
黃居德,惿齋
黃居慶,慶遠,石庭散人
黃居正,直翁
黃居石,圮仙
黃履,安中
黃履信,信叔
黃履初,杍輿,毓辰
黃履旋,性之
黃履翁,吉甫,西峰
黃山,允高
黃山壽,勖初,旭初,麗生
黃山雲,澤蒼
黃岡竹,慶來,潔齋
黃岦,季立
黃岱,駿東
黃岳,鎮之
黃岳牧,瑞伯,認齋
黃峕,景仁
黃峘,小山
黃崇,允惠
黃崇健,竺蓀
黃崇惺,次惺,次蓀,麟士,黃崇姓
黃崇正,諤軒
黃崇義,澗西
黃崇蘭,學存,寧存
黃崇行,錦堂
黃崋,梓谷,秀卿
黃崗,竹樓
黃崗竹,華國
黃嵋,雨峯,雨降
黃巒,山甫
黃巖孫,景傅
黃巢,皇帝,衝天大將軍,黃六
黃巳,景陽
黃巽,啟亨
黃希,夢得,師心
黃希周,宗魯
黃希尚,望之
黃希憲,千頃
黃希文,夢章
黃希旦,姬仲,支離子,黃晞
黃希英,如英
黃師,玄綺
黃師南,鯁卿
黃師參,子魯,魯庵
黃師尹,瞻叔,黃師君
黃師憲,仲賢
黃師文,繼周
黃師瓊,位思,願弘
黃師範,任箕,梧岡
黃師誾,小琴,牧謙,訚如
黃師軻,子醇
黃師雍,子敬
黃師顏,有發
黃常祖,邦經
黃幹,各一,直卿
黃幼可,宗大
黃幼藻,漢薦
黃幼蘩,漢宮
黃序,子中
黃庚,子西
黃府,黃俯
黃庠,彦國
黃度,文叔
黃庭,守中
黃庭堅,八桂老人,太史,山谷,文節先生,涪翁,繩權,魯直
黃庭桂,丹崖,文襄
黃庭淑,玉蘭
黃庭秀,北峯
黃庭芝,瀛橋
黃庶,亞夫
黃康國,必濟
黃康民,琰平
黃庸,功父
黃庾,德量
黃廉,夷仲
黃廣,炳文
黃廣昇,茂園
黃廱,富善,黃雍
黃廷乾,貞庵
黃廷傑,偉齋,士豪
黃廷元,奏郎,泰凱
黃廷向,子山,文楷,端友
黃廷寶,三十一,善卿
黃廷彧,文貞,景文,芝川
黃廷桂,丹崖,文襄
黃廷棟,秋平
黃廷煜,致堂
黃廷珍,席聘
黃廷球,鄴仙
黃廷瑞,舜軒
黃廷瓚,士岱,麓溪
黃廷用,四素居士,少村,慎卿,汝行
黃廷甲,鼎三
黃廷紱,曙樓
黃廷翰,殿元,綬元
黃廷聘,道行
黃廷金,品珊,蘊卿
黃廷鑒,拙經逸叟,琴六
黃建中,懋德
黃建極,永錫,自表
黃建笎,花農
黃式三,儆居,晚儆居,求是室,畏軒,知非子,薇香
黃式度,若波,蘭丞
黃式穎,歸禾,穞生
黃弘修,式序
黃弘綱,正之,洛村先生
黃弼,直卿
黃彝,子舟
黃彝年,梅岑
黃彥,修中
黃彥士,抑美,武皋
黃彥正,子龍
黃彥清,節愍
黃彥節,妙德,節夫
黃彥臣,叔粲
黃彥輔,伯强
黃彥輝,如晦
黃彥遠,思邈
黃彧,文伯
黃彬,彦畸
黃彬榮,梧山
黃彬琳,玉儒,玉蜍
黃彭年,六幢亭,古石軒,子壽,學古堂,小酉山房,更生,琴鄔先生,萬卷樓,遯庵,陶廬,陶樓
黃待顯,君俊
黃得一,仲淸,壼隱
黃得功,四鎮,忠桓,滸山,王得功,虎山,靖南伯
黃得溫,伯理,十二
黃得禮,執中
黃從,景占
黃從龍,伯雲
黃復,乾叟
黃復之,晉昭
黃復古,希文
黃復圭,君瑞
黃復祖,仲箎
黃徵,大痴,應三
黃徵乂,仲治,平黼
黃德,同谷,養德
黃德中,懋廬,懋應
黃德基,岐周
黃德屏,恭齋
黃德峻,景崧,琴山
黃德明,月樓
黃德榮,心田
黃德洋,以達
黃德洪,公大
黃德清,盧浦,虛浦
黃德溫,伯理
黃德潤,端玉
黃德濂,惺溪,邵懷,邵溪
黃德濓,惺溪
黃德祖,國干
黃德章,滋萱
黃德符,信伯
黃德純,亦齋,敬脩
黃德華,印川,和和
黃德裕,仲益
黃德貞,月輝
黃徹,常明
黃必大,方仲,澄子
黃必昌,景文,景父
黃必達,子榮,皆山
黃志明,以度,鷺峯
黃志煥,玉齋
黃志遴,銓士,鷗湄
黃忠浩,澤生
黃忠立,殿臣
黃忽都,朝顯
黃思,益民
黃思孔,願所
黃思敬,公儼
黃思永,慎之
黃思藻,壁齋,璧齋
黃思衍,仲淵,少陔,淵父
黃思誠,黃思承
黃思近,與仁
黃性震,元起,起元,靜庵,靜菴
黃恂,慄菴,標菴
黃恆松,古存,覲冬
黃恆濟,巨川
黃恩,汝錫
黃恩彤,憩亭,知止堂,石琴,秀野亭生,綺江,黃丕範
黃恩澤,惠臣
黃恩錫,素庵
黃恭軾,西芝
黃惇典,小舟
黃惟孝,公友
黃惟弘,士能
黃惟深,仲默
黃惟清,黃維清
黃惟直,德申
黃惠,迪成
黃愷,長民
黃愼,思叔,文敏,秋浦
黃慎,恭壽,恭懋,癭瓢子
黃慎忠,上瑜,恕齋
黃慧,志高
黃慧端,婉嫻
黃慶同,六舟,黃彝,黃慶昌
黃慶曾,燕孫,篤友
黃慶珍,子瑜,雲谷
黃慶臨,荔莊,雲鵠
黃憲,彦規
黃憲卿,容齋,弘度
黃應中,子孚,屏溪
黃應乾,元公,元甫
黃應剛,一亭
黃應坤,健所,惟簡,毅齋
黃應培,竹安
黃應夑,心梅
黃應文,靜齊,靜齋
黃應春,西軒
黃應甲,汝第
黃應登,徵甫
黃應策,君用
黃應纘,溫簡
黃應聘,三甫
黃應超,詠雩
黃應辰,應之
黃應雷,叔震
黃應龢,鐵崖,鐵巖
黃懋,德敏
黃懋官,君辨,君辯,森原
黃懋載,時山
黃懷孝,存齋,武香
黃懷琦,朗山
黃戊,稼田
黃成,君美
黃成允,元功
黃成采,振齋,載之
黃所志,志尹
黃扆,文斷
黃才敏,心齋,爾懋
黃扶義,初子
黃承勛,樸存
黃承吉,春谷,謙牧
黃承圣,奉倩
黃承熾,兼昌
黃承玄,履常,與參
黃承瓚,相孫
黃承祖,繩武
黃承祜,懷谷
黃承緒,安喜
黃承讚,相孫
黃承道,魯堂
黃承霖,舫甫,雨舫
黃拱,少章
黃拱辰,良輔
黃振,瘦石,舒安
黃振國,子興
黃振槐,雲櫵
黃振淮,月卿,月淸
黃振龍,仲玉
黃挺,公操
黃捷三,庸齋
黃捷山,仰甫,庸齋
黃掄,公擇
黃掞,子餘
黃揆,彝甫,端甫
黃揚,東白
黃揚鑣,秉淵,素峰
黃損,益之
黃搢雍,笏山,茘山
黃摶扶,祝堂,逋材
黃攀龍,魁父
黃敏,黃敏求
黃敏德,存菴
黃敏才,有功
黃敏求,叔敏
黃教鎔,于治,子治
黃敦書,元度
黃敬,克恭
黃敬修,東亭
黃敬熙,曙巖
黃敬璣,在之
黃文光,應奎
黃文度,小園,萬頃
黃文彪,弸中,炳仲
黃文德,尚文子
黃文新,翰笙
黃文旦,敬渝,虛雪
黃文昌,世永
黃文明,景昭
黃文星,子威
黃文晟,世成,壼隱先生
黃文暘,時若,煥亭,秋平
黃文涵,子湘,自香居士
黃文澍,谷亭,雨田
黃文濤,幼亭,語松
黃文瀚,師竹,瘦竹
黃文炳,啸邨,嘯邨,肅邨
黃文煐,十藪,幼明
黃文煒,飛赤
黃文煥,坤五,坤武,惟章
黃文玉,道瑩,鏡石
黃文理,倫齋
黃文琛,慵叟,醒狂,雲門
黃文琰,宗器
黃文琳,潤玉
黃文璧,子穀,蔚林
黃文若,元質
黃文蓮,庭芳,星槎,聽雨樓,芳亭
黃文豪,國英
黃文達,石瓢,笠漁,笠雨
黃文遠,毅峰,邇先
黃文鎮,東伯,東壁
黃文鏜,畏三
黃文陞,霞州
黃文雷,希聲,看雲
黃斌,雲谷
黃斌卿,明輔,節愍,虎癡
黃斐,菉園
黃斗南,陶仲
黃方子,潛剛
黃方慶,珏成
黃方開,必先
黃施鍔,悔齋,虞封
黃旂,顯文
黃无咎,觀道
黃日新,齊賢
黃日祚,彤沐
黃旦,升之
黃旭,東隖
黃旹,景仁
黃昇,叔暘,玉林,花菴詞客
黃昉,明仲
黃昌,建之
黃昌元,子仁
黃昌年,耔輿
黃昌衢,康謠
黃昌褆,桐亭
黃昌輔,虎卿
黃昌辰,明時
黃明,天章
黃明德,止善
黃明懿,秉直
黃明邦,君亮,義烈先生
黃易,伯貞,六十四
黃易瑜,仲厚
黃映奎,日坡
黃映秋,淡山
黃昭,明甫
黃昭時,利揚,念圃
黃昭道,文顯
黃昭靈,德貞
黃昶,達葊
黃時,景仁
黃時中,可翁
黃時濟,仲惠
黃時發,清操
黃時雨,化之
黃晉良,朗伯,東叟,處安
黃晞,景微,聱隅子
黃晟,子六
黃景,文昭
黃景亮,通父
黃景仁,仲則,兩當軒,印傳書屋,山谷詩孫,悔存,悔存齋,漢鏞,竹眠,高生,鹿菲子
黃景周,錦丹
黃景夑,任玆,任茲,潤之
黃景師,兩山,自得
黃景昉,太穉,東厓
黃景昌,明遠,淸遠,田居子
黃景星,德瑞
黃景珪,叔寶
黃景申,嵩老
黃景略,抑齋,月亭,柳齋
黃景胤,黃景孕
黃景蘭,紉馨
黃景說,巖老,白石
黃景説,巖老,白石
黃景隆,升叔
黃晸,寅谷,少覺,補齋
黃智孫,常甫,草窗,草窗先生
黃暄,春庭
黃暉,有容,有融
黃暐,日升,日昇,東樓
黃曇生,黃日曇
黃曉,朝陽
黃曜,世顯,孔昭,定軒,廷軒,文毅,洞山遷叟,黃孔昭
黃曦,耀南
黃曰中,鯤溟
黃曰文,翼亭
黃曰謹,元祇
黃曼仙,蘭卿
黃曾慰,溯安,素庵
黃曾源,槐癭,石孫,立午
黃曾葵,甌碧
黃曾賢,魯齋
黃會,吉劭
黃會昌,時浦,時清
黃會鍪,用菴
黃有,志學
黃有恆,久堂
黃有才,恪慎
黃有源,條庵,條菴,滌菴
黃有翼,俊甫
黃有華,仲實,實夫
黃有覲,光復,豫溪
黃朋,無黨
黃朋舉,無黨
黃朏,前川,文輝
黃朝棟,在堂
黃朝聘,希尹
黃朝鼐,豐齋,鼎倩,鼎儕,鼎齋
黃本,喬嶽
黃本仁,廷任
黃本敬,丹吉,靜葊
黃本訥,漢型
黃本騏,伯良,廣文,花耘
黃本驥,仲良,虎痴,虎癡
黃札,季子
黃朴,成父,誠甫
黃杭,子通
黃東,仁卿
黃東山,世瞻
黃杲,升卿
黃松年,封五,華容,蒼岩
黃林發,藻卿
黃林聳,文叔
黃某(吳鳳夫),韋齋
黃柟,達材
黃株,應沙
黃栻,敬軒
黃桂,漢柱
黃桂昌,仙柯
黃桂林,晉堂
黃桂森,秀山
黃桂清,伯香,黃桂鋆
黃桂芬,蘇仙
黃桂芳,蘇仙
黃桐孫,支山,穉木
黃桷,景成
黃梁,廷鎭
黃梅瑞,古林
黃梓,子直
黃梓庠,杞良,澹庵
黃梧,君宜,君宣,忠恪
黃棆,公擇
黃棐,彥文
黃棟,隆高
黃棣,思燕
黃棨,肅甫
黃森,敬蕃
黃植,立之
黃植基,麗甫
黃椿,茂齡
黃楫,汝濟
黃極,建可
黃楷,秋岩,端木
黃楷盛,正甫
黃概,平甫
黃榘,體方
黃榛,德秀
黃榜書,夢岩,少瀛,少英
黃榦,勉齋,文肅,直卿
黃榮,儼仁
黃榮康,凹園,祝蕖,蕨庵
黃槐,公應
黃槐森,作鑾,植亭,植庭
黃樂之,仲考,愛廬
黃標,殿豪
黃樞,知遇
黃樞臣,紫迥
黃樵仲,敬齋,道夫
黃樸,文卿
黃樹勛,厚田,植元,紀堂
黃樹本,卓然
黃樹穀,松石
黃樹谷,香涇
黃橒,公材
黃機,文僖,次辰,浥露堂,雪臺
黃檥,濟川
黃櫄,實夫
黃櫸,三十七,思直
黃次山,季岑,次山
黃次淵,次淵
黃欽,敬之
黃正孫,長孺
黃正己,建侯,聖與,黃千乘
黃正權,可亭,可園
黃正維,萊堂
黃正色,端甫
黃步雲,騰圃
黃武,維周
黃毅,德雋
黃毅中,吉哉
黃毓恩,介生,澤臣
黃毓昊,平三
黃毓棠,召甘,綽南
黃毓森,子駿,秀杉,芷靜
黃毓泉,平三
黃毓祺,介子
黃氏(潘用中妻),杏春
黃民表,儀可
黃永,艾庵,雲孫
黃永存,堅叟
黃永年,嵩甫,靜山
黃汝一,會元,梅月軒,海月軒
黃汝亨,寓庸,寓庸居士,貞父
黃汝德,心一,直齋
黃汝成,庸玉,潛夫
黃汝揖,虞汝揖
黃汝源,觀瀾
黃汝濟,巨卿
黃汝獻,柳村,獻之
黃汝翼,子筠,習夫,輔虞
黃汝耉,仁老
黃汝良,寓庸,明起,毅菴
黃汝蕙,仙佩,蘭舟
黃汝霖,研農
黃汝香,孝卿,曉琴
黃沅,沅浦,質誠
黃沇,鹿谿生
黃沐之,士澄,澤民
黃沔,朝宗
黃河,汝淸
黃河明,應期,黃河清
黃河水,德水,淸父
黃河清,叔美
黃河湛,聖瑞
黃注,夢升
黃泮,魯在
黃泰,茹之
黃泰亨,亨叔
黃泳,宗永,永平
黃洙,魯叔
黃洤,倉川,會川
黃洧,淸臣
黃洪憲,懋中,懋忠,葵陽
黃洪毗,協恭,黃洪昆
黃洪輝,岳青
黃洽,德潤
黃洽中,伯禮
黃流璸,仁堂
黃浚,公亞,黃茂實
黃浣香,浣霞
黃浩,宗盛
黃浹,平之,茂逸
黃涇,叔清
黃涣,子逵
黃淑,致柔
黃淑德,柔卿
黃淑畹,紉佩
黃淑窕,姒洲
黃淑素,佛子
黃淑華,婉梨
黃淑貞,三四
黃淮,若韓
黃深,舜功
黃淳,元之,黃茂倫
黃淳熙,公昌,子春,寅窗,忠壯,湻熙
黃淳耀,忠節,松厓,水鏡居士,蘊生,貞文,貞文先生,金耀,陶庵,陶菴,黃金耀
黃淵,義夫
黃淵耀,偉恭,貞文
黃淶,叔達
黃淼,水心
黃清,用澄
黃清憲,德卿
黃清老,子肅,樵水
黃渙,巽翁
黃渤海,志先
黃渭,子元
黃湈,黃淇
黃湘,芷香
黃湘南,一吾,石櫓,石魯
黃湛昌,恩繹,筱涵
黃湜,正論,黃茂詢
黃溍,文獻,晉卿
黃溥,韓城
黃滔,文江
黃滸,濟卿
黃潛,孔昭,浩之
黃潛善,茂和
黃潤,以成
黃潤玉,南山先生,孟淸,時淸
黃潯,世清
黃澄,夫和
黃澍,樵雲
黃澍棻,黃樹棻
黃澍綸,黃綸
黃澤,可夫
黃濟,子川,子恆
黃濟之,世羙
黃濟川,子澂,梅契
黃濤,源長,退之
黃濬,哲維,秋岳
黃瀛,步洲
黃瀛元,汝調
黃瀠之,仲辛,杭蓀,航西
黃瀾,壺陰,源續
黃灝,訒菴
黃灼,問渠
黃炅,水若
黃炎,晦叔,良臣
黃炎午,信可,應先
黃炯,文實
黃炳,本陽
黃炳元,伯霞,香孫
黃炳垕,了翁,留書種閣,蔚亭,蔚庭,蔚廷,蘭廷,誦芬
黃炳堃,笛樓
黃炳奎,星聚,月波
黃為兆,安和
黃烈,祐人
黃焕國,章卿
黃焜望,耀寰
黃無悔,觀復
黃焯,秋厓,秋崖
黃焱,黃炳
黃煃,桐江,耀南
黃煇齡,星樞,炳騫
黃煒,昭質
黃煒章,彤甫
黃煥彰,桃洲,槐洲
黃煦,霽亭
黃照,晦甫,黃昭
黃照臨,夢范山館,東啟,碧川
黃熒,敦實,易齋
黃熔,宏因
黃熖,明寰
黃熙,汝明
黃熙胤,黃熙孕
黃燦,煇卿
黃燦章,光甫,凌雲,剋成
黃燮,亞善,林燮
黃燮清,兩園主人,韻珊,韻甫
黃燾,黃壽
黃爵滋,仙屏書屋,德成,樹齋
黃爾悟,因之,穎之
黃爾漚,聯趨,蓮初,鼎禮
黃爾章,子聚
黃牧,景淵
黃牧之,穉節
黃犖,子邁
黃猷吉,仕禎,仕貞
黃獻可,尭俞,野塘
黃玄,玄之
黃玄齡,崇壽
黃玉堂,仙裴,仙陪
黃玉忠,治臣,省軒
黃玉柱,笏山
黃玉潤,連城
黃玉璜,聖傳,聖博
黃玉登,瑞亭
黃玉蘊,素芳
黃玉衡,伯璣
黃玉鉉,榖詒
黃玉階,季升,蓉石
黃玠,宜父
黃玨,佩珩
黃玹,敬潤
黃珂,簡肅,鳴玉,黃琦
黃珍,懷季
黃珏,玉合,菊東
黃珙,德溫
黃珣,廷璽,文僖
黃珪,元功
黃珮,如芳
黃珵,廷璧,蒙菴
黃珽玉,方亭
黃理,艮南,艮男
黃琛,廷獻
黃琢,玉潤
黃琥,瑩之
黃琪,文瑞
黃琬璃,葆儀
黃琮,元質
黃琰,笏磷
黃琳,平莊,汝溫,謙齋
黃瑀,德操
黃瑄,太璞
黃瑊,公度
黃瑋,蕙芬
黃瑗,純玉
黃瑚,夏孫,大夏
黃瑞,天璞
黃瑞圖,蔚如,雲卿
黃瑞節,觀樂
黃瑞芳,小琴
黃瑞蓮,嘯白,少白
黃瑞麒,笥腴
黃瑞鼎,景韓
黃瑢,周蔭,第千一,聲叔
黃瑮,玉輝
黃瑾,子周
黃璉,汝器
黃璋,德成
黃璘,邦美
黃璞,德溫,紹山,霧居子
黃璟,小宋
黃璡,景美,西潭
黃璣,敦政,葆真子
黃璧,廷玉
黃璨,汝光
黃璫,定功,黃勣
黃璽,小雷,廷璽
黃璿,韻桐
黃瓊蘭,天香
黃瓌,少蘇,繼蘇
黃瓚,時貴
黃瓛,二十六,朝用
黃甄,器之
黃生,扶孟,白山,黃琯,黃起溟
黃用賓,宗孟
黃由,子由,盤野居士
黃由魯,文聖
黃甲,仁叔
黃申,酉卿
黃異,民同,節菴
黃疇若,伯庸
黃痩,幼芳,筱雲
黃登,南溪,瀛父
黃登甲,錫三
黃登豰,获村
黃登賢,忍廬,恭愨,筠盟,雲門
黃百家,不失,主一
黃皡,時雍,櫟坡
黃盅,子中
黃益傑,子山,紫珊
黃盛修,永思,竹雲
黃直,全直
黃相,周士
黃省曾,五嶽,勉之
黃真仲,牧石,誠父
黃真元,黃友仁
黃真卿,元吉
黃睍,東輝
黃知彰,秋圃,裏芬
黃知微,明道,養正先生
黃矩,憲則
黃石,圯老
黃石奇,恭喜
黃石孫,宗略
黃石翁,可玉,松瀑,狷叟
黃石麟,元胎
黃碏,心石
黃碩,修可,若沖
黃確,少明
黃礽緒,成伯
黃祁,季友
黃祈,黃沂
黃祐,啟彬,寧拙,素堂
黃祐尊,崇彥,松溪
黃祖企,書村
黃祖堯,宗道
黃祖翰,建屏,文溪
黃祖舜,繼道
黃祖顓,瑣傳
黃祥,甫山
黃祺,惟德
黃禎,膺祉
黃福,子謙
黃福楙,松泉,豫齋
黃福祥,雲屏
黃禦袍,晚香
黃禧,恩綿,緝甫
黃禧相,修餘
黃禧祖,修餘,凝道
黃禮,子敬
黃秀,實庵
黃秉中,惟一
黃秉哲,愚莊
黃秉彝,君美
黃秉湘,楚枏,郢蓀
黃秠,伯瑞
黃秩林,子乾
黃秩蘅,壽鹹,文宮
黃移忠,孝可
黃稹,幾叔
黃穆,子敬
黃穎,士奇
黃究,先致
黃立,愚園
黃立中,靄堂
黃立極,中五
黃立漋,宂之
黃立猷,毅侯
黃立誠,庚垣
黃立隆,定之
黃章,元吉
黃童,士季
黃端伯,元之,元公,元功,忠節,海岸,海岸道人,烈愍,瑤光閣,迎祥
黃端方,詠歸
黃端書,符揆
黃符,信叔
黃符綵,望屺
黃筌,要叔
黃筏,可堂
黃策,子虚
黃箎,子文
黃箴,鬉因
黃節,順中
黃篤瓉,俯山
黃簡,應中,應某
黃簾珠,一花,沅芳
黃紀,二十,子陳
黃紀賢,常甫
黃約雲,淡如
黃純,偉然
黃純德,和卿
黃紱,用章
黃紳,存道
黃紹,述堂
黃紹勲,翰屏
黃紹垚,崚封,藕船
黃紹宗,慶長
黃紹憲,垣基,季度
黃紹昌,屺鄉,屺香,芑香
黃紹曾,伯英,稼仙,稼軒
黃紹烈,石泉
黃紹第,叔庸
黃紹箕,仲弢,仲韜,漫庵,穆琴,紹基,蓼綏閣,蔘綏閣,路舸,鮮庵
黃紹著,艾齋
黃紹薪,子樵,承徽
黃紹謀,丕承,省初
黃絅,季侯
黃統,伯垂
黃綏誥,曰三,東園
黃綏諭,東澍
黃經,緯齋,郝存
黃綖,園淦,淦園
黃綬,文璽
黃維,叔經
黃維之,竹坡居士,維之,黃偉
黃維則,定國,黃惟則
黃維同,黃維周
黃維寧,聲岐
黃維幹,儀甫,槐生
黃維森,衡蒼
黃維炘,甘泉
黃維烈,在畬,載餘
黃維煊,子穆
黃維申,復唐,笏堂
黃維祺,洸州
黃維翰,申甫,稼溪
黃綰,公綬,子賢
黃綵曾,介石
黃緒祖,子綸,澹岩,綿齋
黃緯,續軒
黃縉,紹榮
黃縝,德玉
黃縱,循聖
黃績,德遠
黃繡,文卿
黃繩先,嗣音,墨舫,正木
黃繼善,成性
黃繼曾,公續
黃缶,子大
黃羅漢,道亮
黃美,石龍
黃群,文中
黃群傑,秀生
黃義剛,毅然
黃義勇,去私
黃義明,儆齋,景亮
黃義榘,方塘
黃義貞,孟廉
黃羲世,懷郅
黃翊,九霄
黃翔,而軒
黃翰,可憲
黃翼,子羽
黃翼之,廷相
黃翼升,昌岐,武靖,鄧翼升
黃翼為,景弼,谷臣
黃翼聖,子羽,蓮蕊居士,連蕊樓
黃耀奎,星翹,琴滄,聚五
黃耆老,孤山,梅鶴亭,鮐叟
黃耕,黃畊
黃耳鼎,淡崖
黃聖期,濟石,逢一
黃聖美,楠仁,輔仁
黃聚,朝會
黃聞,必明
黃聲諧,宮暢
黃肅,敬夫
黃肇宏,復淸,遠程,雲卿
黃肇敏,克成
黃肇熙,敬可
黃肇隆,五亭
黃肩,君倚
黃肯播,允蓺
黃育,懋達
黃育梗,土谷
黃胤宗,胤宗
黃胤後,希迪,月渚
黃臣,伯鄰,安厓
黃自信,華叟
黃自元,儀孟園,善長,堇腴,敬與,敬輿,董虞,覲虞
黃自在,覲虞
黃自然,符輔
黃自誠,孚叟
黃自起,樵雲
黃至忠,治臣,省軒
黃至筠,個園
黃至規,澹軒
黃致,黃紋
黃致一,昭甫,通甫
黃致敬,夢竹,而直
黃與堅,庭表,廷表,忍庵,忍菴
黃興,與之
黃興仁,元長,藹堂
黃興孫,祖烈
黃興梧,屏山,鳳來
黃舉,子高
黃舒昺,曉澄,曙軒
黃舜卿,醇翁
黃良孫,世弼
黃良棟,睪函
黃良楷,立山
黃良箕,學之
黃良翰,西園
黃色中,根心
黃艾,伯耆
黃芙,瘦蓉
黃芝,子皓,瑞谷
黃芳,蘭芬
黃芳世,周士,忠襄
黃芳度,壽巖,忠勇
黃芳泰,和士,襄愍
黃芸,斯馨
黃芸馨,順卿
黃芻,季野
黃若,若芝
黃若訥,敏仲
黃若鳳,仲父
黃英玉,紉蘭
黃英采,榘亭,黼廷
黃茂,叔才
黃茂宗,昌裔
黃茂梧,東生
黃茂榛,黃茂臻
黃荃,逸佩
黃莒,景齋
黃莘,任道
黃菊瑞,秋徵
黃華,實夫
黃華璧,履厚,浴青
黃華藩,澗採,芳洲
黃華鎬,叔簡,景周
黃萇,楚材
黃萬,成夫
黃萬祜,黃萬戸
黃萬鍹,清野
黃萬鵬,摶九
黃萼,國英
黃葆光,元暉,元輝
黃葆年,希平,錫朋,隰朋
黃葆素,季真
黃著,誠夫
黃葵,景陽
黃蒙,養正
黃蕡,仲實
黃薊,毅元,菊軒,逸庵
黃薦可,宗翰
黃藻修,蘅卿
黃蘭芳,器之,綺石
黃蘭谷,郁江
黃虎,子文
黃虎文,嘯巖
黃虒,文郁
黃虞,民尚
黃虞世,則先
黃虞再,泰升
黃虞稷,俞邰,千頃堂,愈邰,我富軒,我貴軒,朝爽閣,楮園,楷園,蟬窠
黃虞臣,稷卿
黃虨,彪父
黃虯引,月天,龍士
黃蛟起,孝存,曉岑
黃蛻,新之
黃蜕,新之,警齋
黃蜚,文麓,涂蜚
黃蟾,月卿,玉淸
黃行可,兆見,葵山
黃衍,昌宗,長原
黃衍慶,餘圖
黃衡,任帆,蘅臯
黃表,汝明
黃衷,子和
黃袓堯,宗道
黃袞,補甫
黃裕,問之,樂全
黃補,吾軒,季全,彦博
黃裳,丹霞,塵外道人
黃裳吉,立庵
黃裳榮,季儒
黃裳華,吉禮,坤五
黃襄,國著,龍源
黃襄丞,際明
黃襲明,原善
黃見三,即宅,心垣,景知
黃覺,民先
黃覿,德純
黃觀,國賓
黃觀海,澗菴
黃解,黃獬
黃訓,學古
黃訓德,峻齋
黃許,南岫,與可
黃誠,循道
黃誠沅,芷坪,雲生
黃誥,汝綸
黃説,仲宜
黃談,子默,澗壑
黃諒,一貞
黃諫,廷臣
黃謀烈,佑堂,祉文
黃謐,子靖
黃謙,亨夫
黃謨,仲言
黃謹,廷儀
黃謹中,一之,月潭
黃謹容,望之
黃譽,廷永
黃讓,用遜
黃豐,文中
黃象雍,靜涵
黃貞麟,振侯,方振,石步
黃貢珍,榮甫
黃貽楫,濟川
黃賡唐,韻士
黃賢寶,介卿,心泉,遯園
黃質,中益,群之
黃贇,子敬
黃贊湯,徵三,繩其武齋,莘農
黃赫,晦之,獨石
黃起,亦少
黃起元,卣臣,卯橋,誠甫
黃起叔,明叟
黃起宗,升之
黃起渭,濱叔
黃起碩,膚叔
黃起龍,應興,雨石
黃超叔,穎叟
黃超然,壽雲,康敏,立道
黃越,際飛
黃趙音,秩齋,翰恩
黃軒,日駕
黃軒齡,孝怡,石曾,頤舫
黃輅,子威
黃載,文傳,文博
黃載嶠,丹崖,晉軍
黃載華,砥南,鹿亭
黃輔之,成德
黃輔國,應圖
黃輔庭,石香
黃輔政,顯忠
黃輔清,子黻,小谷,臺吉
黃輔相,斗南
黃輔辰,星北,琴五,琴塢,琴隖
黃輝,平倩,慎軒,昭素
黃輻楙,松泉
黃轍,遵晦
黃辰顯,遇卿
黃農,古處
黃迪,夢授
黃通,介夫
黃逢元,少雲,木父
黃逢原,逢原
黃逢時,公節
黃連璧,瑛存,璞存
黃進,明甫,武愍
黃進德,晉之
黃逵,儀甫,玉壺山人
黃逸塵,雪蘭
黃遂,善夫
黃遇隆,介三
黃運啟,景升
黃運春,六蓀,戒甫,橘園
黃道俊,彥俊
黃道原,道原
黃道周,九半閣,十朋軒,參玄,又螭,大滌,幼元,幼平,幼玄,忠烈,忠端,石齋,石齋先生,細尊,細遵,螭若,鄴園
黃道嘉,賡三
黃道年,延卿
黃道恩,藏皋
黃道昶,樸吾
黃道月,德卿,旨玄
黃道淵,孤山
黃道瞻,臨汝
黃道茆,潔西
黃道讓,岐農,思安
黃道賢,君典
黃道開,圮書
黃達,上之,海槎,風儔
黃達才(字),達才
黃遠,明仲
黃遠庸,遠生
黃適中,德正
黃遵,循中
黃遵憲,人境廬,人境廬主人,公度,外史氏,布袋和尚,東海公,東海黃公,水蒼雁紅館主人,法時尚任齋主,法時尚任齋主人,蕭然鷗夢散人,風波民任齋主人
黃遹,景聲
黃邦俊,宋英
黃邦光,宋卿,宋煦
黃邦寧,二如堂
黃邦達,兼善
黃配元,位兩
黃醇熙,子春
黃釆,以載
黃采璣,璇卿
黃里,德鄰,德隣
黃重,孟剛
黃重光,秋舫
黃金,廷貴
黃金得,少襄
黃金志,麗以
黃金聲,訒齋
黃金臺,鶴樓
黃金色,鍊之
黃金貴,雙南,黃希憲
黃金鉞,佐周,節侯
黃金銜,鹿湖
黃金韶,印山,子鈞
黃釧,珍夫,珎夫,黃馴
黃鈊,嶽生
黃鈞,叔秉
黃鈞宰,仲衡,天河,宰平
黃鈺,玉合,菊東
黃鉀,文宗
黃鉅,大任
黃鉞,元受
黃鉦,克靜
黃銑,松坪
黃銓,侍衡,特衡
黃銖,子厚,榖城
黃銘,于鼎
黃銘先,守旃
黃鋐,仲西,子仁,樗父老人
黃鋒,一齋,揆也
黃錀,世美
黃錝,崇文,邃泉
黃錦,尚絅,龍山
黃錫孫,禹疇
黃錫彤,子受,曉岱,芝霞莊,黃兆白
黃錫恩,黃恩錫
黃錫慶,子余,小園,鐵庵
黃錫朋,楨伯,珍百
黃錫深,蓉門
黃錫燾,瀚仙
黃錫申,黃鍚申
黃錫祐,惺園
黃錫祓,定軒
黃錫祖,香甫
黃錫祚,惺園,維會
黃錫禐,定軒
黃錫蕃,晉康,椒升
黃錫褑,定軒
黃録,聲父
黃鍇,文石
黃鍰,用和
黃鍾,伯魁
黃鍾清,東池
黃鍾諧,黃鐘諧
黃鍾音,子聲,毅甫
黃鎔,又軍
黃鎡,文叔
黃鎬,叔享
黃鎮成,元鎮,存齋
黃鎰,子受
黃鏌,元威
黃鏜,德鳴
黃鏞,希聲
黃鏞章,蔭軒
黃鏡渠,寄盦,濬之,濬侯
黃鐎,世淸,雲海
黃鐘,器之
黃鐸,季揚
黃鑄,十二,國範
黃鑅,于宣
黃鑑,德昭
黃鑫,堃墀
黃長元,子仁
黃長森,曼庵,樹夫,襄男
黃長齡,薪菴
黃門,道登
黃開,必先,浣溪
黃開元,春山
黃開先,竹坪
黃開基,夢曇,根石,魯山
黃開榜,剛愍
黃開運,天文
黃閌,叔高
黃閏,期餘
黃閱,定翁
黃閱古,時準
黃降,仲光,光中,從善,黃隱
黃陞,進仲
黃隆,南谷,自立
黃際清,秋河
黃隣,元輔
黃隱,仲光,從善,黃降
黃雍,子邵
黃雙蕙,柔嘉
黃雲,叔卿
黃雲企,丹鍾,予望
黃雲史,長茀
黃雲師,雷岸
黃雲從,亨甫
黃雲湘,蘅卿
黃雲進,禮廷
黃雲鵠,祥人,翔雲
黃雲鶴,石樓
黃雲龍,逢元
黃雷利,一正,季實
黃震,子聞
黃霖,甫蒼,雨蒼
黃靖,勻軒,竹軒
黃静,至一
黃靜,至一
黃靜娟,珮珊
黃靜臨,叔月
黃非熊,南溪處士
黃鞏,仲固,伯固,天佐,後峰,忠裕,石峰,編固
黃韶,九成,十一
黃韶音,寬畬
黃韺,聲叔
黃順之,佑甫
黃順卿,大遇
黃順翁,濟川
黃預,幾先
黃頗,無頗
黃頡,升中
黃頤,敬之
黃頭,世雄
黃顉,孟安
黃顏,擇中
黃顏榮,全仁
黃顒,伯望,易菴
黃願,修可
黃願益,君達
黃願素,若鏡
黃顧言,宋臣
黃顯,景儒
黃顯子,敬之
黃顯瓚,玉初,石仙
黃飛,彦翔
黃養蒙,存一
黃馥,幼芳,筱雲
黃駿,友常
黃駿昌,雪溪
黃騮,午塘
黃騰春,序賓
黃騰達,雲駒
黃驤雲,定杰
黃驥,德良
黃驥子,寶僧,寶賢,賢可
黃體乾,行健
黃體仁,景從
黃體德,芝亭
黃體正,直其,雲湄
黃體立,卣卿,淳鬯,薏雲
黃體端,硯楷
黃體芳,崇素堂,憨山老人,東甌憨山老人,漱蘭,潄蘭,瘦楠,蓴隱
黃體行,于道
黃魯曾,中南先生,得之
黃魯溪,杏山,杏川,杳山,杳川
黃鮪,獻可
黃鯉,雲龍
黃鰲,時鎮
黃鱉,立齋
黃鳳,文儀,義翁
黃鳳上,丹圃
黃鳳岐,方舟
黃鳳洲,竹庵,竹菴
黃鳳翔,儀庭,儀廷,文簡,鳴周
黃鳴傑,冠英,季侯
黃鳴岐,桐崑,桐崗
黃鴻,鴻耀,黃字鴻
黃鴻中,仲宣
黃鴻緒,澹霞
黃鴻舫,伊莘
黃鵬,南滇,搏之
黃鵬霄,蓮槎
黃鵬飛,博久,博九,摟九,榜九
黃鶚,子薦
黃鶴,肅功
黃鶴仙,友松,煉庵
黃鶴儀,可康,羽仙
黃鶴岐,桐崑
黃鶴鳴,臯聞
黃鷟來,叔威
黃麟,文祥
黃默,黃嘿
黃黼,元章
黃鼎,彝封
黃鼎元,臚先
黃鼎楫,巨公
黃鼎瑞,盛徵,菊襟
黃鼐,幼則
黃齊,思賢
黃齊賢,仕思
黃龍光,二爲
黃龍眉,公翔
黃龍祥,雲起
黃龍驤,友鵬
黃龜年,德邵
黃龜河,聖徵
黃龜鼎,壽卿
黄兴,黄克强,克强,黄轸,庆午,堇午
黎世序,孚惠黎河神,景和,湛溪,湛谿,襄勤,黎承惠
黎中輔,廉薌,廉鄉
黎仲吉,漢儒
黎伯登,德升
黎侍舜,南圃
黎保泰,健菴
黎元,叔期
黎元寬,博庵,左嚴,左岩,褐博
黎元洪,黎宋卿,宋卿
黎兆勛,伯庸,樹軒
黎兆棠,召民,蘭仲,鐵盦
黎兆祺,介亭,叔吉
黎光,仲輝
黎光曙,月橋,雲徵,黛方
黎公弁,之冕
黎公輔,之及
黎公頴,之秀
黎卓仁,性齋
黎原超,小韓,碧山
黎受田,義齊,羲齋
黎吉雲,岱方山莊,月喬,樾喬,雲徵,黎光曙,黛方,黛方山莊
黎向曙,東墅
黎君弼,槐門
黎商老,任道,第七八,華起,貴兒
黎嘉會,山雁,美夏
黎嘉蘭,子俊
黎嘉騏,子釗
黎國琛,棠邨
黎培敬,文肅,簡堂,開周,開固
黎堯勳,子欽
黎堯卿,廷表
黎士弘,媿曾,黎士宏
黎夢星,念齋
黎大柄,兼葊,謙葊
黎大畹,芝田
黎大鈞,玉屏
黎奭,師召
黎如瑋,方流
黎季成,黎季忱
黎學安,靜先
黎安理,履泰,靜圃
黎宗幹,佑人,芑孫,詒谷
黎尹融,祝衡,鉐生
黎屾,山山,菊逸
黎峻,樵莊
黎崇,好禮
黎崱,景高,東山
黎幹,貞固
黎庶昌,夷牢亭,拙尊園,純齋,蓴齋,麓農山人
黎庶法,立夫
黎庶燾,筱庭,魯新
黎庶蕃,晉甫,椒園
黎庶麟,舒及
黎庸,通理
黎廷瑞,仲祥,祥仲,芳洲
黎弘業,孟擴,弘基,行俟,黎宏慧,黎宏業
黎彌振,彦發
黎復性,初炳
黎復登,繼之
黎循典,兩峰
黎德充,十二,本虛,黎德克
黎恂,拙叟,雪樓
黎恬,潛輝,熙熙齋
黎愷,石頭山人,雨耕
黎愼,充輝
黎憲臣,本初
黎應南,斗一,見山
黎應昌,兆永
黎應物,伯讓
黎承禮,薇孫,鳧衣
黎擴,大量,雅齋
黎攀鏐,伯慈,半樵,詒蔭堂,黎攀鑾
黎敬芷,沅芳
黎新德,賜三
黎昌韓,冰次,鐵船
黎明,才翁
黎春林,雲菴
黎春熙,文綺
黎晨,光啟
黎景曉,曙亭,連霞
黎景義,剋和
黎材,用卿
黎桂,克芳
黎梓,德稱,材仲,第五十二,驥子
黎楨,黎正
黎榮翰,寶琛,璧侯
黎樹三,觀廷
黎樹培,定叔,定菽
黎民安,九華
黎民懷,懷仁,白康
黎民牧,本恕
黎民表,石洲
黎民衷,惟和,雲野
黎永明,先亨,光亨
黎汝謙,受生
黎淞慶,含川,宴卿
黎淳,僕菴,僕菴先生,大僕,大樸,太僕,太樸,文僖,樸菴,樸菴先生
黎湛枝,贊興,露苑
黎澄,忠池,本靜
黎炳湘,曉山
黎燧,炎明
黎燭,幾明
黎獻,子文,拙翁
黎珠,延光,是光
黎琬,器之
黎璞,竹田
黎確,介然
黎祖功,耆爾
黎祖壽,收溢
黎福,天與,天興
黎福昌,尔民
黎福疇,壽民
黎秀,日三
黎立信,存英,英山
黎立武,以常,寄翁,所寄先生
黎簡,二樵,二樵山人,五百四峯堂,五百四峯草堂,五百四峯長,未裁,未道人,樵夫,狂簡,百花村,百花村夫子,百花村莊,百花村長,石陽道人,石鼎,石鼎居士,竹平安館,簡民,芙蓉亭,薌國老農,藥煙閣,衆香亭,香國花農
黎經,允正
黎經誥,山壽堂,耕雅堂,覺人,覺翁
黎翰翔,應文
黎能,黎良能
黎臣,希虁
黎自昭,晉甫
黎致遠,寧先,抑堂,黎志遠
黎良,性之
黎良德,懷古,質存,逢艇客
黎芳,懋德
黎藝,鳩柴
黎謙益,伯諒
黎貞,彥晦,陶生
黎貫,一卿,韶山
黎貴臣,昭文
黎載,仲基
黎近,之大,未齋
黎遂球,忠愍,美周
黎道炤,明中,歲寒三友
黎道華,師侯,頤菴
黎遜,希讓
黎遵三,松門
黎遵訓,九岡,孝若,漢門
黎邦琰,君華
黎金炬,少蘇,蓮九,賜卿
黎錞,希聲
黎錦裳,袖雲
黎靜卿,綠眉
黎鳳,乾兆,楚蒙
黎鳳翔,應瑞
黎鳳誥,鐵愚
黎鼎,汝重
黎龍光,清川
黏本盛,質公
黑光,實夫
黑寶全,子善
黑思,仲義
黑黑,國寶
黑齒常之,恆元
黨修觀,敬亭
黨兀班,忠烈
黨慶奎,丹樵,月樵,月雅
黨新授,振甲
黨昌齡,濬川
黨浙,子清
黨淅,子清
黨濤,小平
黨肇觀,少盧
黯窗,鸚仙
鼇潔,紫庭
鼐滿達,仲山,梅村,調溪
齊?,齊珝,齊翔
齊一經,汝訓,維齋,訓汝
齊世澄,介平
齊世臣,惟良,豫沙
齊之禮,亨仲,裕夫
齊之鸞,徐之鸞,瑞卿,蓉川
齊他拉哈勒吉那,哈拉吉勒,哈拉吉那
齊令辰,子谷,禊亭
齊伯顏,士元
齊佳士,天池
齊傑,士庸
齊傳鍈,翊煌
齊元輔,佐九
齊光祖,起宗
齊光義,是光乂,齊光乂
齊克慎,燕侯,獨坐軒
齊克諫,能靖
齊勒克忒,七勒克忒,齊哩克忒依,齊哩克特,齊哩克齊,齊里克忒,齊里克特
齊召南,一乾,息園,次風,瓊台,瓊臺
齊君望,鏡空,鑒空
齊周姒,若任
齊周紉,芳蘭
齊周華,含元子,巨山,忍辱居士,懵懂進士,漆若,華陽子,蝸居,跛仙
齊唐,祖之
齊嘉紹,衣聞
齊國儒,愛道
齊在鎔,錦齋
齊培元,東野,養和
齊場,兩河
齊塔喇伊琫額,伊綳額,伊繃額
齊士雉,潛夫
齊夢龍,應祥,節初,覺翁
齊大勇,養浩,鳳山品,鳳巖
齊大同,周卿
齊天覺,莘夫
齊孝明,孝明
齊學彬,道安
齊學裘,子冶,玉溪,蕉窗
齊宗道,叔魯
齊履謙,伯恆,文懿
齊庚,兼三
齊康,太和
齊廓,公闢
齊廷珪,朝重
齊建中,懋先
齊弼,蘭皋
齊彥槐,壽鼎齋,夢樹,彥拊,梅麓,罨畫溪漁,罨畫谿漁,蔭三,雙溪草堂
齊志英,弘敷
齊志萼,茂之
齊忠甲,中甲,迪生
齊恢,熙業
齊慎,勇毅,禮堂
齊慶冑,子餘
齊承厚,小颿
齊承彥,小筠,恭勤
齊承榮,木欣,水欣
齊抗,遐舉
齊振楠,忻珊,馨山
齊政,用衡
齊整,文肅
齊文,應奎
齊普綽特武隆額,威毅
齊柯,恆省,文則
齊榮顯,仁卿
齊櫺暙,齊櫺曜
齊櫺曜,璠圃
齊正訓,竹溪,鯁言
齊汪,源澄
齊法尚,北海
齊泰,節愍,齊太,齊德
齊洪勛,銘鍾
齊淑芳,愛春,瑞春
齊準,平甫
齊澤,少春,尺生,竹溪
齊瀚,洗心
齊琥,毅夫
齊琦,仲圭,易巖
齊琦名,群玉,越石
齊琮,渔汀,漁汀,漁江
齊璜,白石
齊磻,公望
齊祥慶,少北
齊秉節,子度
齊秉震,東生,雨辰
齊章,愼軒,應璧
齊紳甲,祝喬,竹樵
齊翀,羽峰,雨峰
齊耀珊,徐二先生,照岩
齊耀琳,徐仁山,鎮岩,雲巖,震岩
齊聞韶,鳳儀
齊興隆,昕翁
齊興龍,昕翁
齊芬,畹仙
齊蘭,子佩
齊諶,子朝
齊譽,定溪,文實
齊讓,守禮
齊遇,士賓
齊邦直,古愚
齊體物,誠菴
齊魯瞻,興龍
齊龍高,彦登
齊𤇸,充甫
齡椿,友山
龍之章,繪堂
龍之虬,伯子
龍井心,無瀾
龍仁夫,觀復,麟洲
龍伯,廷魁
龍儀,希文
龍元任,莘田
龍元侃,璧齋
龍元僖,仰為,蘭簃
龍元儼,望如
龍元齡,久卿
龍光,沖虛
龍光日?,龍光顯
龍光甸,見田
龍克家,子構,箕傳
龍其襄,思堂
龍卜花,巨川
龍叡,思叡
龍可,伯康
龍啟瑞,翰臣,輯五
龍士通,允升
龍壽,孝德
龍壽長,匯川,柏嵐,海岳
龍夔,舜卿
龍大有,道亨
龍學泰,子恕,體銘
龍宗武,君揚,澄源,身之
龍崇,升之,邦之
龍康基,龍基
龍廷槐,植庭
龍建章,伯揚
龍德,中亭,玉峰,龍山
龍德孚,伯貞,嬾龍生,渠陽,玄扈
龍德正,夑臣,燮臣
龍應奎,少璧
龍承恩,春田
龍敏,玄達
龍文,彥祥
龍文光,忠節
龍文彬,擷青,筠圃
龍文玉,人如,星瀼
龍昌期,起之
龍晉,遵敘
龍殿揚,覲宸
龍求真,龍真
龍汝言,子嘉,錦珊
龍汝霖,潤生
龍湛霖,芝生
龍潤,恆伽
龍澄,太淵
龍濟光,子誠,紫丞
龍為紀,在羲
龍為霖,雨蒼,鶴坪
龍燦岷,南浦
龍燮,理侯,石樓,雷岸
龍琰,廷重
龍瑄,克溫,半閒居士
龍瑛,伯華
龍璋,潛叟,研仙
龍璿,文璣
龍用升,舜舉
龍秉衡,簡亭
龍章,天章
龍繼桓,又少
龍繼棟,松岑,松琴,槐廬
龍義,懷亮
龍翔,雲嵐,風翥
龍翔霄,潛之,秦渠
龍膺,君善,君御,朱陵
龍致初,星衢
龍舜耕,禮堂
龍襄,君超
龍見,在田
龍觀鵬,雲樓
龍賡言,蛻庵,贊淸
龍起弘,龍起宏
龍起潛,象周
龍起濤,仿山,禹門
龍越,德宣
龍載恬,熙民,雨舲
龍輔,佐君
龍遂,南岡,良卿
龍遇奇,紫海
龍錢潔,全潔,瑜素,錢潔
龍錫恩,子莊
龍錫慶,仁荄
龍鐔,德剛
龍鐸,雨樵,震升
龍雲,伯卿,紫樵
龍雲從,子高
龍需,邦舉
龍霓,致仁
龍霖,用謨
龍革,取新
龍駒,次昂,裏千
龍騰霄,時夫
龍驤,叔昻
龍髫揚,際雲
龍髻揚,際雲
龍鬊揚,隊雲
龍鳳梧,梅蓀
龍鳳誥,廉村,旌臣
龍鳳鑣,伯鸞
龍鴻運,南渚
龎大堃,厚甫,子方,琴韻軒
龎森,茂卿
龎謙,居仁
龐三升,允之,錦榮
龐世飇,聞起
龐俊,十一,孟章
龐元澄,靜齋
龐元濟,萊臣,虛齋
龐元英,懋賢
龐元魯,之道
龐公照,子臨
龐六兒,元暉,匡時,或為郭,智雲,空寂
龐其昌,璞翁
龐勝,復理
龐友蘭,古愚,眉翁,馨吾
龐塏,牧翁,雪厓,雪崖,霽公
龐士冠,一桂
龐大堃,厚甫,子方
龐大奎,星齋
龐天錫,翼驂,陳天錫
龐守,岩哥,岩郎,徳操,德操,第七四
龐安仁,宅道
龐安時,安常
龐尚鵬,少南,惠敏
龐崇穆,季和,寄和
龐嵩,弼唐先生,振卿
龐嶼,石洲,頗亭
龐常,秉彜
龐建本,星垣
龐忠弼,翼亭
龐恭孫,德孺
龐愈,大倪,師韓,第念二,道哥
龐慶麟,吐玉,小雅
龐掌運,果亭,治堂,阜卿
龐敬,仁敬
龐敬熙,藕香
龐時雍,丹徒,堯封,景和
龐景華,宇春,松雲
龐朋,君錫,百朋
龐桂庭,慕鈞,竇五
龐榕,恭茂,月村
龐樹典,芝符,鮦隱
龐樹柏,檗子,芑庵
龐樹璉,夏重
龐永乾,犬一
龐泓,復初,玉泉
龐泮,元化,原化,芹齋
龐洵,信也
龐浩,孟山,師孟
龐淑順,孟宜
龐淳,宗厚
龐澤榮,敬齋
龐澤鑾,芝閣,薛齋
龐瀾,觀吾
龐煥若,樸庵
龐琛,至山
龐琦,伯大,希韓,第五,鳴祖
龐瑄,廷玉
龐瑜,堅白
龐瑤珍,亞玉,韞華
龐璁,潤夫
龐璽,次符
龐畹,蕙壤
龐益公,廉泉
龐立忠,貫源,魯山
龐籍,莊敏,醇之
龐純熙,用和,鶴帆
龐紹統,復庵,朗峰
龐蕙纕,小宛,小畹,紉芳,龐畹,龐蕙孃
龐蘊,道玄,龐居士
龐謙孺,白蘋老人,祐甫
龐載熙,子敬
龐遠,惟明
龐鍾瑚,雲槎
龐鍾璐,寶生,文恪,蘊山,讀韻軒,龐文龍
龐鐘璐,寶生
龐際雲,十五芝山房,省三,省山,致福
龐雲士,位一
龐霖,子芳
龐霦,玉筍
龐鴻文,伯絅,在山小草堂,絅堂,闇谷
龐鴻書,仲劬,仲叩,劬庵,叩庵,渠庵,渠盦,酈亭,銅鼓軒
龔,叔言
龔㴻吉,靄生
龔一明,仲和,日池
龔一清,仲和
龔一發,厚齋,天蟠
龔三益,仲友,蘭谷
龔世增,世成,省三
龔世益,舊隱
龔乃保,艾堂
龔之伊,圓甫,查先,茹溪
龔之遂,易齋
龔九震,文起
龔亨,有孚
龔仕璋,民望
龔以正,德禎
龔仲安,惟靜,散木,能者,靜亭
龔仲慶,惟長
龔仲敏,吉亭,夾山,惟學
龔伯安,梅巖
龔佐龍,九峯
龔佳育,介岑,祖錫,龔佳允
龔偉,季大
龔健颺,丙三
龔傳黻,雲舫
龔元凱,君黼,蛻龕,黼屏
龔元玠,畏齋,鳴玉
龔元理,慧田
龔元祥,子楨,子禎
龔先第,滌泉
龔先耀,盡臣,蓋臣
龔全安,希寧
龔其藻,光瑞,蓮舫
龔其裕,容溪
龔凝祚,素山
龔勉,子勤,毅所
龔勛,茗溪
龔化龍,海門,祥雲
龔原,深之
龔友福,伯達
龔名安,俊卿
龔啟芝,秋皋,鶴田
龔善思,子順,意舲
龔嘉儁,幼菴
龔嘉儒,幼安,幼宏
龔嘉雋,幼安
龔國榜,金題
龔國用,勖堂
龔坦,謙甫
龔培序,念倫,竹梧主人,虛白
龔基先,平叔
龔堂,嘉升,濟修
龔堪,少任
龔士煃,德煌,燮堂
龔士燕,武任
龔士薦,彥吉,復園
龔夢良,應奴,第三十五,肖之,近禮,龔愛良
龔大器,容卿,春所,龔佛
龔大明,冲妙大師,山隱,若晦
龔大有,士謙,澗松
龔大稔,士登
龔大萬,懷青
龔天瑞,國祥
龔夫,德莊,達齋
龔夬,彥和,節肅
龔奏績,源峰
龔如垣,近辰
龔子與,景房
龔孟夔,楚淸,楚清先生,龍友
龔學海,務來,義溪,醇齋
龔守愚,師顏
龔守正,季思,文恭,詒正,豔雪軒,象曾,闇齋
龔宗元,會之
龔宜生,芳亭
龔家同,燕臚
龔家棟,茗士,茗子
龔寶蓮,靜軒
龔寶銓,味蓀,未生,薇生
龔尚升,公起,公超
龔尹,正子,第三十四,黃壽,鼎臣
龔履中,禹疇
龔履正,菊人
龔嶒,龔曾
龔嶸,岱生
龔席珍,冬生,時甫,第仲九
龔延春,德徵,衡庵
龔廷歷,震西
龔廷獻,鑑惺
龔廷璧,建齋,若純
龔廷祥,伯興,佩潛
龔廷賓,可賢
龔廷颺,庶咸
龔式穀,幼海
龔弘,元之,蒲川
龔復崑,龔廷祥
龔德渤,海颿
龔心釗,懷西
龔心銘,景張,渠生
龔心鑒,仲方,仲藻,衡堂
龔志遂,毓憲
龔情,善甫,方山
龔惺,伯靜,心逸
龔愷,筠友
龔慎儀,世則
龔慶祥,衍庭
龔慶驥,暗坡,炳謙
龔應之,處善
龔懋,益孫
龔懋賢,晉甫
龔承鈞,春庭,湘浦,秉國
龔振麟,士振
龔挺,古民,拙庵,無競
龔敬身,匏伯,屺懷
龔斅,文達
龔文淵,墨巢
龔文炳,仲彪,晴潤
龔文煥,霞城
龔文貴,翰臣
龔文選,時舉,相寧
龔文齡,昌齡,蔗汀,西園
龔文齢,西問,西園
龔斗南,小梁
龔新,在民,節愍
龔日升,子輝
龔日孜,子修
龔日新,中孚
龔日昇,作卿,竹薌
龔旭,東生
龔明之,五休居士,希仲,熙仲
龔易圖,含晶,含真,少文,武夷園,淨名庵,烏石山房主人,環碧池館,環碧軒,芙蓉別島,藹仁,谷盈子,雙驂園,靄人,靉道人,餐霞仙館
龔昭琪,藍生
龔昱,丘道,立道,邱道
龔時可,大成,硯農
龔晟,德輝
龔景沆,鉄夫
龔景瀚,惟廣,海峯,海峰,澹景齋,澹靜齋,節儉正直齋,維廣
龔景瑜,海峯
龔景翰,海峯
龔晸,仲暘
龔曰昇,子輝
龔書宸,紫峯,雲來
龔書田,玉圃
龔有成,子完
龔本泉,嬾仙
龔松年,心房
龔果,譲湖,讓湖
龔柏,百子,餘庵
龔某某,和中
龔桓,夢香,雲階
龔梅卿,逢辰
龔棨,執信,杏村
龔棻,建木
龔楫,濟道
龔樂,春林
龔橙,公襄,孝拱,昌匏
龔正謙,退山,選山
龔永吉,天民
龔沅,孔殷
龔況,濬之,起隱子
龔泰,岱瞻
龔泰崶,堯甫,蕘甫
龔洪元,稚朴
龔浩,子正
龔海,日廣
龔淑英,淑貞
龔淪,易槃,長蘅
龔淳孚,葛初
龔渤,學耕,遂可
龔湜,少東,茂揚
龔滂,文弟,淸夫,清夫,第十七,貴郎
龔潗,深文
龔潤森,木民
龔澄元,深源
龔澤,時濟
龔灝,文炳
龔炳,君章,嘯岩,虎臣
龔炳銓,新溪,炘溪
龔烈,仲揚,楚香
龔煒,巢林,巢林散人,蓼懷閣,際熙老民
龔煥,幼文,泉峯
龔照琪,藍生
龔照瑗,仰蘧
龔燧,龔彥昇
龔獻謨,可亭
龔玉展,羽卿
龔玉晨,羽卿,雨卿
龔珠,貢淮
龔理,彥文,淸惠
龔琚,彥中,竹莊先生
龔琦,介卿
龔琰,華塍
龔琴,書舫
龔瑞英,芝仙
龔瑾,敬臣
龔璁,玉亭
龔璛,子敏,子敬
龔璪,仲冕
龔用卿,雲岡,鳴治
龔用圓,智淵
龔用廣,儉化
龔百藥,介眉
龔相,聖任
龔福燾,枚長
龔禔身,吟臞,深甫
龔秉德,性之
龔程,信民,有腳書廚
龔稚,壽秋,幼徐
龔穎,同秀
龔章,含五
龔端,德莊
龔端禮,仁夫
龔節亨,彥承
龔素英,佩芬
龔紱,子來,方來,鳳泉居士
龔紹仁,九曾
龔紹箕,樹勛,蔭軒
龔紹陵,湘川,湘用
龔經墀,丹廷,小雲
龔經安,仲來,靜岩
龔經正,蓉淑
龔經遠,靜巖
龔綬,寶章,若卿,若士
龔維三,位中,昔莪,衡湘
龔維佶,健庵
龔維林,春溪
龔維琳,承研,春溪
龔維翰,星五
龔縉熙,又村,純甫
龔縉燾,社卿
龔縑緗,星槎
龔總,玉亭
龔繩正,琴淑,蓉叔,蓉淑,蓉馭
龔繩玉,蓉淑
龔繼正,蓉淑
龔翊,舜咨
龔翔麟,天石,浙西六家,玉玲瓏閣,田居,田居士,稼村,紅藕山莊,紅藕莊,蘅圃,龔祥麟
龔耕廬,賡虞
龔聘英,莘甫
龔聞道,信夫
龔聯元,捷三
龔聯輝,星垣,耐亭
龔肇宗,兩華道人,少栩
龔膺,維善
龔自旋,小海
龔自樹,秋田
龔自珍,定盦,爾玉,璱人,羽琌山民,龔易簡,龔鞏祚
龔自聞,月槎
龔自閎,叔雨,應皋,盟鷗舫,節蘭,雨叔
龔自閬,一山,月槎
龔自闓,仲庸,養和
龔臺,南閣
龔芝,應生
龔茂宗,國英
龔茂良,實之,莊敏
龔莊,笏山
龔萬祿,烈愍
龔蓀,定庵
龔蓋卿,夢錫,龔益卿
龔藻,潔之,雪舲
龔衍淮,桐山
龔裕,寬甫,惇夫,月舫
龔詒安,梅巖
龔詡,大章,安節先生,文節,純菴,鈍庵,龔翊
龔詧,叔言
龔謙,益齊,益齋
龔識,默甫
龔豐穀,小峰
龔豫,月舫
龔賢,半千,半畝,柴丈,柴丈人,豈賢,野遺,龔豈賢
龔起鳳,周江,瑞周
龔輝,實卿,笑齋
龔轍,行可
龔逢烈,無競
龔逢祥,孝緒,安治
龔進,思忠
龔遂,少卿
龔道源,士原
龔道立,修吾,應身
龔道耕,君迪,曏農,蛛隱
龔達,孟相
龔遜志,絜堂
龔郯,南峰居士,曇伯,龔剡
龔鈞澤,潯溪釣隱,老樗
龔鉁,聘之,葆岩
龔鉽,漚舸,甌可,適甫
龔錡,台鼎,臺鼎,蒙齋
龔錫圭,成卿,競立,笑狂
龔錫樞,惟三,薇珊
龔錫爵,汝脩
龔錫瑞,簪岩
龔鎮湘,省吾
龔鏜,屏侯,聲父,聲甫
龔鏡,潁江
龔鐩,子諫
龔鐸,于路
龔鑑,明水,碩果,齡上
龔鑾,鏘鏘
龔開,翠巖,聖予,龜城叟
龔陳錫,令周
龔際美,稼堂
龔雍,行簡
龔雲從,時際
龔雲致,迪潤
龔雲鳳,修梅
龔霆松,艮所
龔震,凝度,繡山
龔震英,孟男,龔振英
龔霖雨,沛蒼
龔靜儀,蕖仙
龔靜照,永愁人,鵑紅
龔鞏祚,定庵
龔韻珊,瑤因
龔頤正,敦頤,養正,龔敦頤
龔顯曾,毓沂,薇農,詠樵
龔顯祖,孝申,曉升
龔顯章,倬漢,雲浦
龔驂文,熙上,簡庵
龔鯤,扶萬
龔麗正,闇齋
龔鼎,大器
龔鼎孳,三十二芙蓉齋,孝升,定山堂,尊拙,尊拙齋,疏香閣,端毅,芝麓,被九堂,露澣園,香巖,香巖齋
龔鼎臣,東原,輔之
金亨進,漸叔,石泉
金仁男,士元
金佐龍,雲卿
金俊元,英伯
金俊孫,子彦
金信,文孝,柏軒,而立
金兊,九潭,士說
金克亨,沙川,泰叔
金冲漢,樹隱,通卿
金匡復,克正
金友伋,士益,秋潭
金台佐,伯燮,蒼罔
金增,栢村,聖一
金壽春,景仁
金大器,晩德,玉成
金孝韓,而卿
金守玄,福村,重默
金富弼,彦遇,後凋堂,文純
金尙德,仕隠,友古
金希參,七峯,士魯
金弘徽,昌遂,省克
金彦琚,季珍,風詠亭
金德濂,廉水,洛村,義烈
金德秀,景眞,頤眞
金德誠,忠貞,景華,醒翁
金德謹,伯幾
金忠烈,玉壺
金慶祖,孝吉
金憲,希度
金應壽,承門
金應瑞,聖甫,襄毅
金成發,景施
金承業,凝遠
金揚善,成伯
金斗南,一叔,巴陵
金昌祖,孝彦
金槼,士正,豆溪
金欽,居敬
金永幹,南岡,挺之
金汝水,水哉
金洛,仲深
金漸,義村,胡剛
金用石,潭菴,鍊叔
金益熞,文季
金礸,叔珍,訥巷
金神童,聖而
金祺,子綏
金禧年,景老
金穎男,仲悟,埽雲翁
金節,忠壯,月谷,正叔
金範,後溪,德容
金繼燾,順元
金聲,始叔,川觀
金聲桭,而遠,醉睡堂
金致賢,賁園
金臺,登可,盤谷
金謹恭,惕若齋,惕菴,敬叔
金鈛,君擧
金鐸,時振
金震羽,威卿,竹隐堂
金韞,君玉
金顒,大而,猥齋,艮齋
金駿孫,伯雲,東窓
金麟祥,祥之
沈之㴠,子養,默齋
沈惕連,惕若
沈熙世,德輝
沈長世,德祖
李晄,平甫,明照,睿宗,襄悼
李珒,臨海君,貞愍
李琈,元宗,恭良
李瑔,永豊君,貞烈
